﻿,star,review,reviewImage,customerId,reviewDate
0,5,월요일에 배송받았어요. 원목이 두꺼워서 안정감있고 헤드쪽이 정말 이뻐요. 조명도 은은하게 조정할수있어서 맘에들어요. 메트리스깔고 어제 처음 잤는데 삐꺽 거리믄 소리없이 좋았어요. 매트리스 높이 300 인데 헤드길이 여유있어요,https://phinf.pstatic.net/image.nmv/shopnbuyer_2021_03_18_0/f50e1490-8786-11eb-8379-a0369ff968b0_03.jpg?type=ffn300_300,sunm****,21.03.26.
1,5,"침대 고르는 조건이 딱 세가지였어요.
1. 커버 교체가 쉽게 평상형일것
2. 로봇청소기로 청소할수 있게 바닥이 뚫려있을것
3. 최대한 심플한 디자인에 헤드높이가 조금 있는것(매트리스 높이가 약간 높아서)

딱 저 조건에 부합하는 침대였고 받아보니 색상도 예쁘고(원목중에 붉은기가 많은건 안예뻐보였는데 이제품은 약간 톤다운되어서 딱 좋아요!) 엄청 튼튼하고, 매트리스도 밀리지 않고 다 좋아요.
나중에 슈퍼싱글을 하나 더 구입해서 안방에 함께 둬도 좋겠어요~♡

배송기사님도 미리 여러번 전화로 시간체크 해주시고 엄청 친절하셨어요^^",https://phinf.pstatic.net/checkout.phinf/20210319_127/1616082656061z2b4a_JPEG/review-attachment-91c42776-47b4-4418-a2fa-5df698fa7f7d.jpeg?type=f300_300,heyg****,20.11.24.
2,5,"가족침대이지만 디자인이 너무 예뻐서 선택했는데
사진 그대로 느낌입니다
질리지않는 원목이고 원목 특유의 따뜻한 느낌이 집안 분위기를 포근하게 만들어주네요
매트리스는 프리미엄으로 했는데 반의반도 안되는 가격에 안방에 시몬스와 큰차이없이 편안하고 아이들도 첫날부터 꿀잠 자 주었어요
거실에 놀이방 매트 깔고 생활 할때는 자다 깨는 등 잠을 설치곤 했는데 
신기할 정도로 푹 자주어서 고민한 몇 달이 아까워요
진작 살껄~~~
프레임도 너무 견고하고
올라가서 쿵쿵 뛰어도 
삐그덕 소리도 없이 튼튼해요
기사님도 친절하셨고
아무튼 대만족입니다
좋은제품 합리적인 가격에 팔아주셔서 감사합니다
앞으로 더욱 번창하시길^^",https://phinf.pstatic.net/checkout.phinf/20210320_176/16162120200768ETu1_JPEG/review-attachment-38c9ab3a-b47a-460a-85e9-62063a5f1014.jpeg?type=f300_300,ddoy****,20.10.22.
3,4,고무나무치고 고급진 색깔이에요 원목가구는 mdf 같은것과 비교불과지요 가성비좋고 단단해보여 좋아요,https://phinf.pstatic.net/checkout.phinf/20210308_119/1615210890678mSYoz_JPEG/review-attachment-a0c913aa-bdd5-4704-979e-249a57d5220b.jpeg?type=f300_300,mili****,20.11.05.
4,5,"퀸이랑 붙여서 패밀리로 사용해요
나중에 뚝 떼서 아이방 꾸미기도 좋을정도로 예쁘고 따뜻한느낌의 원목입니다
너무너무 튼튼하고 헤드부분이 넓찍하게 물건을 올려 둘 수 있는 공간이 있다보니 생각했던것 보다 더 컸어요^^",https://phinf.pstatic.net/checkout.phinf/20210310_60/16153745594077WgYV_JPEG/review-attachment-4d080459-586f-4cf7-bbe4-f535cb9bba5f.jpeg?type=f300_300,ddoy****,20.10.22.
5,4,"군더더기 없는 심플한 디자인과
자연스런 나무 느낌이 좋아요~",https://phinf.pstatic.net/image.nmv/shopnbuyer_2021_02_08_0/96e26fb1-69ae-11eb-8a7c-505dac8c3607_03.jpg?type=ffn300_300,psyi****,20.10.26.
6,5,"아주 미세하게 흠집이 있어요
AS도 잘 해주셨지만 애초에 흠집이 없었으면
더 좋았겠죠",https://phinf.pstatic.net/checkout.phinf/20210325_220/16166257479352Juln_JPEG/review-attachment-c22096ea-e33f-4a2f-90b0-e4247159e593.jpeg?type=f300_300,luxe****,20.09.29.
7,5,생각과 비슷하고 전체적으로 만족합니다 보이는 부분의 나무 무늬와 톤이 부드럽지 못한부분이 아쉬움이 좀 있습니다,https://phinf.pstatic.net/checkout.phinf/20210327_92/1616803493042Fjhti_JPEG/review-attachment-e85d7ba4-0757-4a3a-8472-5cad0f651168.jpeg?type=f300_300,mili****,20.08.26.
8,5,"7월2일에 주문해서 17일에 받았어요. 중간중간 전화주셔서 언제쯤 배송할 건지 알려주셨어요.  배송 기사님 정확한 시간에 배송해주시고 친절하셨어요.   
침대는 튼튼하고 사진보다 더 마음에 듭니다.  평상형 침대가 삐걱거린다고 해서 고민하다가 주문했는데  그런 소음 전혀 없고 마음에 들어요!",https://phinf.pstatic.net/checkout.phinf/20210107_104/1610015800326SV0DV_JPEG/review-attachment-0641e67a-a200-444b-b05c-4abb1fbe33ab.jpeg?type=f300_300,ekfr****,20.07.26.
9,4,"침대는 매장에서 가서 직접 보고 주문했어요. 아주 매우 만족합니다. 특히 헤드가 넓어서 휴대폰을 올려놓고 잘 수 있어요. 배송도 약속한 시간에 오셔서 설치해주셨어요. 그런데.... 옻칠냄새 같은 냄새가 너무나 독하네요..첫날은 머리가 지끈지끈해서 방 창문을 계속 열어놨는데, 지금도 안방엔 침대만 덩그러니 있어요. 천연이라고 해도 너무 독합니다. 제 코가 아플 정도인데 아이랑 들어가서 자기는 좀 그래서 작은방에 매트리스 넣어놓고 셋이서 5일째 잡니다. 비염쟁이 남편은 냄새가 안난다네요. 사람마다 다른가본데, 냄새를 잘 맡는 전 이 향이 매우 불쾌하네요. 검색해본 결과 한달은 냄새가 갈 거라는데... 매장에 들어갔을 때 이런 냄새를 못 맡았단 걸 기억해 보면 언젠가는 없어질텐데... 이걸 쓰는 지금도 안방 입구에 앉아서 냄새를 맡으며 쓰고 있어요. 아... 미세먼지가 심하지  않아서 다행입니다. 내일부터 안방에 들어가서 자려고 하는데 아직도 안방 들어가면 코가 아프네요. ㅠㅠ 수건에 물 뭍여서 몇번이나 닦았는데 내일 또 닦아보고 선풍기 틀어놓으려고 합니다. ㅠㅠ",https://phinf.pstatic.net/checkout.phinf/20210320_196/1616206336693TnGGb_JPEG/review-attachment-6f96c771-e825-4084-a3c7-b68ac03f2da7.jpeg?type=f300_300,ikin****,20.05.30.
10,5,"튼튼하고
설치하시는 분께서 더운날씨에 잘설치해주셔서
너무 감사드립니다",https://phinf.pstatic.net/checkout.phinf/20210221_195/1613906687119H30Rs_JPEG/review-attachment-88d851ad-289c-44ae-9713-647970bd446f.jpeg?type=f300_300,nare****,20.08.16.
11,5,사진보다 색상은 좀 어두웠지만 오히려 그래서 더 맘에 들었습니다. 그리고 완전 튼튼해요,https://phinf.pstatic.net/checkout.phinf/20210326_233/1616733550718xm6ES_JPEG/review-attachment-82ce0c68-4eea-44ca-8516-25b8964bed1e.jpeg?type=f300_300,1229****,20.07.16.
12,4,"진짜 너무너무 마음에 들어요 가격대비 만족스럽습니다.
엘베없는 5층인데 더운날 기사님 너무 고생하셨어요
너무 감사드려요~",https://phinf.pstatic.net/checkout.phinf/20210302_38/1614669677617STteg_JPEG/review-attachment-fe7d1778-e849-43bf-9c69-25c387d92967.jpeg?type=f300_300,gldu****,20.06.17.
13,4,"다들 그렇겠지만 참  많이 고민하고 
고르고 골라 들였네요 ^^;
아이방 꾸며주면서 원목제품으로 알아보던중 우연히 우드올렌스를 알게되서 눈이 빠지도록 보고 또 본것 같아요
우드올렌스 보고 나니 다른건 눈에 안보였 .,,,, 
처음엔 수납형으로 주문했다가 평상형으로 다시 주문했어요 
디자인은 고르고 고른만큼 말할것도 없이 만족스러웠구요 배송기사님도 친절하고 좋으셨어요 
처음에 온제품이 나무가 갈라져있어서 교환요청드렸더니 신속하게 처리해 주셨어요
별 5개 드립니다^^
다음번이사할때 책장 구매하러 오겠습니당^^",https://phinf.pstatic.net/checkout.phinf/20210324_14/1616592268376oVcrO_JPEG/review-attachment-6944ab6a-f4c1-4229-913f-2d91456cb49f.jpeg?type=f300_300,arie****,20.05.20.
14,4,정말 마음에 들어요. 이사 앞두고 침대를 엄청 검색하고 골랐는데 우드올렌스 평상침대를 고민하다가 지인의 브랜드 추천에 선택하게 되었는데 탁월한 선택이었어요. 이삿날 일정도 딱 맞춰 보내주고 설치도 금방 해주시네요. 친절하게 사용법도 알려주셔서 감사해요. 튼튼하고 나무색도 적당히 어두워 더 맘에 들어요~,https://phinf.pstatic.net/image.nmv/shopnbuyer_2021_03_06_0/25e12ea8-7e50-11eb-a12c-a0369ff963bc_03.jpg?type=ffn300_300,andi****,20.05.20.
15,4,배송하고 몇일은 냄새 많이 났는데 원목이라 좋은냄새거니 생각했구요. 그 이후 냄새안나요. 3개월정도 매트리스 없이 사용중인데 높이가 낮아 아기가 자다가 혼자 뒤로 돌아 내려올수 있어서 좋아요. 싱글 2개 붙인건데 가운데 부분 딛으면 약간 삐그덕 소리 나는거 빼고 만족해요,https://phinf.pstatic.net/checkout.phinf/20210320_105/1616223781647oNk9X_JPEG/review-attachment-8c22d43d-4e43-4bfc-828c-acfb5e3189e2.jpeg?type=f300_300,bora****,20.04.27.
16,5,화면에서 본것보다 더예쁘고 튼튼해보여요 리뷰에 냄새난다해서 걱정했는데 냄새하나도않나보 배송해주시는분도 친절히잘해주셨네요 완전잘산것같아요^^,https://phinf.pstatic.net/checkout.phinf/20210321_1/1616337351998rIa4D_JPEG/review-attachment-44706da5-1e53-42f3-ac4e-b7c0cdb6e05f.jpeg?type=f300_300,areu****,20.05.08.
17,5,냄새만 빼면 만족합니다.,https://phinf.pstatic.net/checkout.phinf/20210316_94/1615821425969YKvG1_JPEG/review-attachment-5556215d-7f39-4994-b933-a57ce876e651.jpeg?type=f300_300,ikin****,20.05.30.
18,5,"마음에 드는 침대가 없어서 엄청 고민하다가 이 침대 보자마자 바로 이거다 싶었어요~온라인으로 주문하는거라 혹시라도 하자가 있을까싶어 걱정했는데 괜한 걱정이였네요 너무 튼튼하고 예쁘고 맘에들어요~
어른들께 잘샀다고 칭찬받았네요^^
단 한가지 아쉬운건 3주정도 지났는데도 냄새가 아직 남아있다는..뭐 언젠가는 빠지겠죠~",https://phinf.pstatic.net/checkout.phinf/20210328_213/1616917248379WGf6I_JPEG/review-attachment-e67750eb-0f79-4fdc-80c5-da6556e56e68.jpeg?type=f300_300,cbls****,20.04.20.
19,5,완전마음에들어요 배송날짜도 최대한빠르게해주시고 색상도 은은하니 예뻐요,https://phinf.pstatic.net/checkout.phinf/20210327_89/1616811986472Qd3M2_JPEG/review-attachment-958007b3-d281-4d72-849b-038d15241e08.jpeg?type=f300_300,areu****,20.05.08.
20,5,"침대 매트리스 없이 얇은 토퍼만 올려 쓰고있어요 패밀리침대로 사용중이라 아기 눕힐려고 위에 올라가서 가운데부분 딛으면 삐그덕 하는 소리가 들려요. 
그 점 빼고는 만족하며 사용중이에요.",https://phinf.pstatic.net/image.nmv/shopnbuyer_2021_03_18_0/f50e1490-8786-11eb-8379-a0369ff968b0_03.jpg?type=ffn300_300,bora****,20.04.27.
21,5,"예전에 갈빗살 형태 상판의 침대를 구입했다가 조금만 뒤척여도 삐걱거리는 소리가 너무 나서 반품했던 경험이 있어 이번에 침대를 구입할 때 갈빗살 상판 침대는 배제하고 찾았습니다. 

이건 상판까지 전체 원목에다 갈빗살 상판이 아니라는 점이 좋았지만 상판이 아래 위 두 부분으로 나뉘어 있어 혹시나 소리가 나지 않을까 걱정했는데, 침대에 누우려고 가장자리 부분에 앉을 때 뿌직 소리가 나긴 하지만 누워서 이리저리 뒤척일 때는 다행히 소리가 나지 않습니다. 

디자인, 색은 모두 화면에서 보는 것과 같고 매우 예뻐요. 헤드가 생각보다 높은 느낌이 있긴 하지만 계속 쓰다 보니 적응이 됐습니다. 그리고 방 안에서 위치를 조금 옮기기에도 쉽지 않을 정도로 매우 무겁고 견고해서 나중에 이사라도 간다면 짐 옮기시는 분들 힘드셔서 어쩌나 하는 걱정이 벌써 드네요.ㅎㅎ 

그런데 상판 연결부분이 일자로 되지 않고 사진처럼 줄이 안 맞게 되었어요. 설치 당시에는 미처 몰랐던 부분이라 그냥 쓰고는 있지만 살짝 아쉬움이 남습니다. 

덩치 큰 침대를 사진과 후기만 보고 구입하려다 보니 걱정이 많았는데 한 달 사용하면서 디자인, 견고함 등등 전반적으로 매우 만족합니다. ^^",https://phinf.pstatic.net/checkout.phinf/20210319_127/1616082656061z2b4a_JPEG/review-attachment-91c42776-47b4-4418-a2fa-5df698fa7f7d.jpeg?type=f300_300,yasa****,20.01.30.
22,5,"배송은 10일 정도 걸린것같아요.
구입하기전에 리뷰도 많이 읽고 사진도 보고 또보고했는데 디자인은 같으나 막상 받아보니 마감이 많이 아쉽습니다.그리고 냄새가 너무 심하게 나서 식구들 모두 고생했어요.작은방에 배치했는데 거실과 안방까지 역한 나무냄새와 본드냄새가 진동해서 며칠 계속 환기했더니 지금은 많이 나아졌네요.
그래도 견고해보이긴 한데 좀더 사용해봐야 알것같아요.매트리스가 킹사이즈라 옆에 공간없이 딱 들어 맞아서 좋네요.",https://phinf.pstatic.net/checkout.phinf/20210320_176/16162120200768ETu1_JPEG/review-attachment-38c9ab3a-b47a-460a-85e9-62063a5f1014.jpeg?type=f300_300,best****,20.03.12.
23,4,디자인 깔끔. 색상 밝지 않아 때 안타고 질리지 않을거 같음. 견고하며 배송기사님 통한 설치도 간단해보였고 옮기고 조립하는데까지 10분 정도 소요 됨. 만족함.,https://phinf.pstatic.net/checkout.phinf/20210308_119/1615210890678mSYoz_JPEG/review-attachment-a0c913aa-bdd5-4704-979e-249a57d5220b.jpeg?type=f300_300,sung****,20.03.19.
24,5,"아이랑 같이 쓸수있게 주문했는데 잘한거 같아요
냄새가 좀 오래가요
기사분도 설명 자세히 해주시고 가셨어요",https://phinf.pstatic.net/checkout.phinf/20210310_60/16153745594077WgYV_JPEG/review-attachment-4d080459-586f-4cf7-bbe4-f535cb9bba5f.jpeg?type=f300_300,choi****,20.03.27.
25,4,보이는것만큼 깔끔하고 뒤틀림없이 오래 쓸수 있을거같아요,https://phinf.pstatic.net/image.nmv/shopnbuyer_2021_02_08_0/96e26fb1-69ae-11eb-8a7c-505dac8c3607_03.jpg?type=ffn300_300,choi****,20.03.27.
26,4,첨에 나무냄새가 나서 좀 그랬는데 1주일 지나니 다 빠졌어요 . 침대가 넘 튼튼해서 제품이름처럼 평생 쓸듯해요 ㅎㅎㅎ,https://phinf.pstatic.net/checkout.phinf/20210325_220/16166257479352Juln_JPEG/review-attachment-c22096ea-e33f-4a2f-90b0-e4247159e593.jpeg?type=f300_300,snai****,20.03.02.
27,5,"패밀리침대로 사용하려고 구입했어요
튼튼하고 디자인도 만족해요",https://phinf.pstatic.net/checkout.phinf/20210327_92/1616803493042Fjhti_JPEG/review-attachment-e85d7ba4-0757-4a3a-8472-5cad0f651168.jpeg?type=f300_300,pdr3****,20.03.04.
28,4,"디자인도 깔끔하고 통판이라 튼튼해요
냄새도 거의 안나요",https://phinf.pstatic.net/checkout.phinf/20210107_104/1610015800326SV0DV_JPEG/review-attachment-0641e67a-a200-444b-b05c-4abb1fbe33ab.jpeg?type=f300_300,pdr3****,20.03.04.
29,5,재구매 입니다..좋아요.나무에 천연 오일이라 냄새도 없고 좋아요.기존 퀸얖에 나란히 놓았습니다,https://phinf.pstatic.net/checkout.phinf/20210320_196/1616206336693TnGGb_JPEG/review-attachment-6f96c771-e825-4084-a3c7-b68ac03f2da7.jpeg?type=f300_300,ofee****,20.02.22.
30,4,"배송전  본사에서 여러번 전화주시고 
배송기사님두  설치잘해주시고 친절하셨어요  원목침대두 튼튼합니다 헤드위두 생각보다 넓어요~~",https://phinf.pstatic.net/checkout.phinf/20210221_195/1613906687119H30Rs_JPEG/review-attachment-88d851ad-289c-44ae-9713-647970bd446f.jpeg?type=f300_300,appl****,20.02.16.
31,4,가격대비 짱이네요 디자인도 너무이쁘네요,https://phinf.pstatic.net/checkout.phinf/20210326_233/1616733550718xm6ES_JPEG/review-attachment-82ce0c68-4eea-44ca-8516-25b8964bed1e.jpeg?type=f300_300,khs2****,20.03.12.
32,4,두말이 필요없습니다,https://phinf.pstatic.net/checkout.phinf/20210302_38/1614669677617STteg_JPEG/review-attachment-fe7d1778-e849-43bf-9c69-25c387d92967.jpeg?type=f300_300,khs2****,20.03.12.
33,5,배송문제 때문에 하나 뺐어요. 배송 기사님 처음 전화 오신분은 정말 욕나올 정도로 불친절 하셨어요. 주말에는 뭐 배송을 안한다느니. 그건 본사가그렇다느니. 어쨌든 저쨌든 저도 빡빡 우겨서 배송일 지정일 날짜에 맞춰 받기는 했지만 유쾌한 배송은 아니었던 것 같아요! 하지만 침대는 애뻐요-,https://phinf.pstatic.net/checkout.phinf/20210324_14/1616592268376oVcrO_JPEG/review-attachment-6944ab6a-f4c1-4229-913f-2d91456cb49f.jpeg?type=f300_300,tkdc****,20.02.10.
34,5,한달 넘게 사용하고 있으나 아무 문제 없고 보면 볼수록 이쁘네요,https://phinf.pstatic.net/image.nmv/shopnbuyer_2021_03_06_0/25e12ea8-7e50-11eb-a12c-a0369ff963bc_03.jpg?type=ffn300_300,jack****,20.02.27.
35,5,기대하는 원목 그대로의 느낌입니다,https://phinf.pstatic.net/checkout.phinf/20210320_105/1616223781647oNk9X_JPEG/review-attachment-8c22d43d-4e43-4bfc-828c-acfb5e3189e2.jpeg?type=f300_300,gyu1****,20.01.21.
36,5,"친환경원목침대로 검색하다가 찾았는데  가업으로 이어가는 전통있는  기업이라는 느낌도 좋았고 소재며 디자인, 게다가 할인중이라 가격까지 너무 마음에 들어요 가구라는게 단기간 쓰고 바꾸는건 아니지만 다음에도 기회가 있다면 우드올렌스에서 바꾸고 싶어요",https://phinf.pstatic.net/checkout.phinf/20210321_1/1616337351998rIa4D_JPEG/review-attachment-44706da5-1e53-42f3-ac4e-b7c0cdb6e05f.jpeg?type=f300_300,ennx****,19.12.18.
37,5,사용중이지만 나무 색상 등 너무 맘에 드네요 많이 파세요!!,https://phinf.pstatic.net/checkout.phinf/20210316_94/1615821425969YKvG1_JPEG/review-attachment-5556215d-7f39-4994-b933-a57ce876e651.jpeg?type=f300_300,jack****,20.01.09.
38,5,"문제가 있어 재방문하셨지만
제품은 마음에들어용
사진이랑 비슷합니당~~",https://phinf.pstatic.net/checkout.phinf/20210328_213/1616917248379WGf6I_JPEG/review-attachment-e67750eb-0f79-4fdc-80c5-da6556e56e68.jpeg?type=f300_300,dpfh****,19.12.22.
39,4,원목 프레임을 찾다가 색상이 너무 따뜻해보여서 구매했어요 사진과 같고 튼튼해 보이네용 ㅎㅎ 배송문제로 문의 했을 때 너무너무 친절하게 응대해주셔서 좋았어요,https://phinf.pstatic.net/checkout.phinf/20210327_89/1616811986472Qd3M2_JPEG/review-attachment-958007b3-d281-4d72-849b-038d15241e08.jpeg?type=f300_300,jieu****,19.12.04.
40,5,"음 일단 침대는 사진과 같아 마음에 들고~ 프레임쪽이 두꺼워서 좀 두께가 잇네요~~!! 그리고 뒤에는 다른분들이 쓰신것처럼 막혀있는 나무가 아니고 안에가 비어있습니다~~~!

전 별도로 매트밀림방지 요청했는데 잘못박아 주셔서 다시 재방문하셨네요 좀 아쉽지만 ㅎㅎ 잘쓸께요~~",https://phinf.pstatic.net/image.nmv/shopnbuyer_2021_03_18_0/f50e1490-8786-11eb-8379-a0369ff968b0_03.jpg?type=ffn300_300,dpfh****,19.11.28.
41,5,제날짜에 딱 배송해주셨고 기사님 친절하시고 침대도 대만족입니다. 감사드리고 다른 제품도 둘러보고있습니다. 많이파세용,https://phinf.pstatic.net/checkout.phinf/20210319_127/1616082656061z2b4a_JPEG/review-attachment-91c42776-47b4-4418-a2fa-5df698fa7f7d.jpeg?type=f300_300,jack****,19.12.10.
42,5,"기대하던 침대 잘받았습니다
튼튼하고 침대 너무 이쁩니다!
주변에 추천 많이 해줘야겠습니다",https://phinf.pstatic.net/checkout.phinf/20210320_176/16162120200768ETu1_JPEG/review-attachment-38c9ab3a-b47a-460a-85e9-62063a5f1014.jpeg?type=f300_300,jds9****,19.11.06.
43,4,제품 배송 친철 모두 만족입니다,https://phinf.pstatic.net/checkout.phinf/20210308_119/1615210890678mSYoz_JPEG/review-attachment-a0c913aa-bdd5-4704-979e-249a57d5220b.jpeg?type=f300_300,jack****,19.12.10.
44,5,"배송은 많이  느렸지만 약속한날 배송 되었고
고민끝에 주문했는데 배송받고 너무 맘에 들었어요.
너무 만족합니다.",https://phinf.pstatic.net/checkout.phinf/20210310_60/16153745594077WgYV_JPEG/review-attachment-4d080459-586f-4cf7-bbe4-f535cb9bba5f.jpeg?type=f300_300,kyou****,19.10.17.
45,4,아주 예쁩니다~~~^^,https://phinf.pstatic.net/image.nmv/shopnbuyer_2021_02_08_0/96e26fb1-69ae-11eb-8a7c-505dac8c3607_03.jpg?type=ffn300_300,shin****,19.11.11.
46,4,"매트리스가 킹 사이즈라서 고민힜는데
다행히도 프레임에 딱 맞아요
디자인은 제가 예전부터 사고싶던거라서
디자인 포기 못해서 매트리스 사이즈를 줄여서 결국 샀어요 통판이라 튼튼하고
일단 원목 색상이 가장~!! 마음에 듭니다!",https://phinf.pstatic.net/checkout.phinf/20210325_220/16166257479352Juln_JPEG/review-attachment-c22096ea-e33f-4a2f-90b0-e4247159e593.jpeg?type=f300_300,invu****,19.09.10.
47,5,냄새도 안나고 잘 쓰고 있습니다~,https://phinf.pstatic.net/checkout.phinf/20210327_92/1616803493042Fjhti_JPEG/review-attachment-e85d7ba4-0757-4a3a-8472-5cad0f651168.jpeg?type=f300_300,hhy6****,19.10.01.
48,5,"원목이 굉장히 부드러운 분위기를 내주고, 프레임이 단단하네요. 
침대 설치하고 나서 고양이랑 놀아준다고 침대 위를 뛰어다녔는데 흔들리거나, 소리가 나는일도 없었어요. 평상형 프레임이라 그런지 정말 튼튼합니다. 
헤드가 너무 높아보여서 너무 과해보이면 어쩌나 고민했는데 침구 올러놓으니 편안해보이는 정도예요. 헤드 없는걸로 할까 했었는데 역시 헤드가 있는게 여러모로 편해요. 기대거나, 폰 올려두기도 하구요. 
더운날 배송도 고생하시며, 친절히 해주셔서 정말 감사드립니다.",https://phinf.pstatic.net/checkout.phinf/20210107_104/1610015800326SV0DV_JPEG/review-attachment-0641e67a-a200-444b-b05c-4abb1fbe33ab.jpeg?type=f300_300,mono****,19.07.29.
49,5,"친정 부모님 좁은방에 들였는데 높이도 적당해서 청소도 편하고
하단프레임  다리가 충분히 많이 있어서 뭔가 튼튼해보여요. 누워있으면 나무향이 은은하게나서 좋다고하셨어요. 역시 우드가 최고인것같아요. 많이고민하고 구매했는데 만족스럽네요. 여기저기 사진올렸더니 문의많이들 해주시네요😄😄 추천합니다.",https://phinf.pstatic.net/checkout.phinf/20210320_196/1616206336693TnGGb_JPEG/review-attachment-6f96c771-e825-4084-a3c7-b68ac03f2da7.jpeg?type=f300_300,kyun****,19.07.29.
50,5,"냄새 걱정 안해도 됩니다 견고합니다 
만족해요~~~",https://phinf.pstatic.net/checkout.phinf/20210221_195/1613906687119H30Rs_JPEG/review-attachment-88d851ad-289c-44ae-9713-647970bd446f.jpeg?type=f300_300,team****,19.08.31.
51,5,"프레임 주문하면서 매트리스도 같이 주문했어요.
매트리스 추가 주문할 때 단단한거, 푹신한거 중 선택할 수 있었으면 좋겠어요. 배송된 매트리스도 좋은데 저는 완전 푹신한걸 좋아해서요ㅎㅎㅎ  부모님은 보고 딱 좋다고 하시는데, 탄탄한걸 좋아하시면 만족하실것 같아요.",https://phinf.pstatic.net/checkout.phinf/20210326_233/1616733550718xm6ES_JPEG/review-attachment-82ce0c68-4eea-44ca-8516-25b8964bed1e.jpeg?type=f300_300,mono****,19.07.29.
52,5,원목침대를 갖고 싶었는데 만족하며 사용하고 있습니다.,https://phinf.pstatic.net/checkout.phinf/20210302_38/1614669677617STteg_JPEG/review-attachment-fe7d1778-e849-43bf-9c69-25c387d92967.jpeg?type=f300_300,joob****,19.07.30.
53,4,사진과 같고 원목에 견고함이 맘에 들어요.,https://phinf.pstatic.net/checkout.phinf/20210324_14/1616592268376oVcrO_JPEG/review-attachment-6944ab6a-f4c1-4229-913f-2d91456cb49f.jpeg?type=f300_300,hhy6****,19.08.04.
54,5,"색상 사진이랑같구 정말 평생침대가 될듯 튼튼하구 디자인두 맘에듭니다
또 배송 기사님두 친절하구 좋았습니다
미리 전화주시구 최대한 시간 맞쳐주시는 배려 감사합니다",https://phinf.pstatic.net/image.nmv/shopnbuyer_2021_03_06_0/25e12ea8-7e50-11eb-a12c-a0369ff963bc_03.jpg?type=ffn300_300,hera****,19.07.14.
55,5,지퍼형 방수커버만 씌워두었지만 침대 디자인은 너무 깔끔해서 마음에 쏙 듭니다,https://phinf.pstatic.net/checkout.phinf/20210320_105/1616223781647oNk9X_JPEG/review-attachment-8c22d43d-4e43-4bfc-828c-acfb5e3189e2.jpeg?type=f300_300,dawn****,19.07.17.
56,4,묵직한 원목가구지만 디자인이 깔끔해서 좋습니다,https://phinf.pstatic.net/checkout.phinf/20210321_1/1616337351998rIa4D_JPEG/review-attachment-44706da5-1e53-42f3-ac4e-b7c0cdb6e05f.jpeg?type=f300_300,dawn****,19.07.17.
57,4,매트리스두 좋아요 믿구 구매하셔두 될듯합니다,https://phinf.pstatic.net/checkout.phinf/20210316_94/1615821425969YKvG1_JPEG/review-attachment-5556215d-7f39-4994-b933-a57ce876e651.jpeg?type=f300_300,hera****,19.07.14.
58,4,원목침대가 갖고 싶었는데 만족하며 사용중 입니다.,https://phinf.pstatic.net/checkout.phinf/20210328_213/1616917248379WGf6I_JPEG/review-attachment-e67750eb-0f79-4fdc-80c5-da6556e56e68.jpeg?type=f300_300,joob****,19.07.30.
59,5,원목이 주는 갬성.  아주 좋습니다 :-) 일단 너무 튼튼해보이고 단단한 느낌의 침대라 변형없이 오래 사용할 수 있고 침대 헤드에 책도 올려놓고 핸드폰도 올려 놓을 수 있어서 아주 만족합니다! 사장님 번창하세요!!,https://phinf.pstatic.net/checkout.phinf/20210327_89/1616811986472Qd3M2_JPEG/review-attachment-958007b3-d281-4d72-849b-038d15241e08.jpeg?type=f300_300,sons****,19.06.10.
60,5,"2.10  주문, 2.19 수령했어요 빠른배송은 아니었지만 배송담당자님과 계속 조율했던부분이라 괜찮았구요, 빌라3층인데 사다리도 애매하다고 고생하신 배송팀장님 넘 고맙습니다. 상품도 맘에들지만 눈오는날 진짜 힘들어서 울 것 같으면서도 만삭인 구매자 불편할까봐 웃으며 고생해주셔서 감사인사 꼭 전하고싶어요!    상품은 사진과같아요 실물도 예쁘네요. 친정근처에 매장생겨서 친정이사하면서 얼마전에 몇개 구매했었는데, 저도 우연히 홈페이지보다가 침대산거거든요. 기회제품은 좀 딸리기? 마련이었는데 이제품은 기획보단 스페셜 느낌이 더 많아요. 저상형으로 사용하길 원했으나 함께 판매하고있는 매트리스를 올렸더니 네살 딸이 침대서 못자요 떨어질까봐^^;;  싱글하나 더 사서 붙여쓰고싶네요^^  냄새가  많이나는데 본드냄새같은거아니구 나무도마샀을때 냄새라 문열고 공청기 돌리며 이틀 지냈구요 다른분들 처럼 곧 빠지겠죠 머~  제품 맘에들어서 서랍장 하나 같이사려구요 이번엔 저녁에 남편있을때 와주세요 같이들게요^^  공식홈페이지보다 네이버페이가 쬐금더비쌌는데 적립금 등등하면 비슷해서 저는 네이버에서 샀어요~  구매하실분들 비교해보세요^^  이제 우드올렌스에서 꿀잠할께요!",https://phinf.pstatic.net/image.nmv/shopnbuyer_2021_03_18_0/f50e1490-8786-11eb-8379-a0369ff968b0_03.jpg?type=ffn300_300,gy66****,19.02.21.
61,5,침대너무이쁘고 바닥청소하기쉽구요 저상형이라 아이있는집에 좋고 싱글하나 더사서 붙여놓고 아기랑 셋이자고싶지만 이사하다가 망가질까봐 아직안사요ㅎ,https://phinf.pstatic.net/checkout.phinf/20210319_127/1616082656061z2b4a_JPEG/review-attachment-91c42776-47b4-4418-a2fa-5df698fa7f7d.jpeg?type=f300_300,gy66****,19.04.08.
62,5,"2.10  주문, 2.19 수령했어요 빠른배송은 아니었지만 배송담당자님과 계속 조율했던부분이라 괜찮았구요, 빌라3층인데 사다리도 애매하다고 고생하신 배송팀장님 넘 고맙습니다. 상품도 맘에들지만 눈오는날 진짜 힘들어서 울 것 같으면서도 만삭인 구매자 불편할까봐 웃으며 고생해주셔서 감사인사 꼭 전하고싶어요!    상품은 사진과같아요 실물도 예쁘네요. 친정근처에 매장생겨서 친정이사하면서 얼마전에 몇개 구매했었는데, 저도 우연히 홈페이지보다가 침대산거거든요. 기회제품은 좀 딸리기? 마련이었는데 이제품은 기획보단 스페셜 느낌이 더 많아요. 저상형으로 사용하길 원했으나 함께 판매하고있는 매트리스를 올렸더니 네살 딸이 침대서 못자요 떨어질까봐^^;;  싱글하나 더 사서 붙여쓰고싶네요^^  냄새가  많이나는데 본드냄새같은거아니구 나무도마샀을때 냄새라 문열고 공청기 돌리며 이틀 지냈구요 다른분들 처럼 곧 빠지겠죠 머~  제품 맘에들어서 서랍장 하나 같이사려구요 이번엔 저녁에 남편있을때 와주세요 같이들게요^^  공식홈페이지보다 네이버페이가 쬐금더비쌌는데 적립금 등등하면 비슷해서 저는 네이버에서 샀어요~  구매하실분들 비교해보세요^^  이제 우드올렌스에서 꿀잠할께요!",https://phinf.pstatic.net/checkout.phinf/20210320_176/16162120200768ETu1_JPEG/review-attachment-38c9ab3a-b47a-460a-85e9-62063a5f1014.jpeg?type=f300_300,gy66****,19.02.21.
63,4,매트리스 자체는 맘에들어요 냄새는 아직도 조금 나지만.. 만약 다시주문한다면 매트리스는 조금 낮은걸쓰고싶어요 제가자긴 편하지만 아이가있어서요^^ 떨어질까봐 늘 바닥에 이불배게 내려놔요ㅎ,https://phinf.pstatic.net/checkout.phinf/20210308_119/1615210890678mSYoz_JPEG/review-attachment-a0c913aa-bdd5-4704-979e-249a57d5220b.jpeg?type=f300_300,gy66****,19.04.08.
64,5,냄새도 없고 튼튼하고  원목이라 묵직하니 좋아요^^,https://phinf.pstatic.net/checkout.phinf/20210310_60/16153745594077WgYV_JPEG/review-attachment-4d080459-586f-4cf7-bbe4-f535cb9bba5f.jpeg?type=f300_300,dbwn****,19.03.27.
65,4,"침대, 협탁 너무 마음에 들어요~",https://phinf.pstatic.net/image.nmv/shopnbuyer_2021_02_08_0/96e26fb1-69ae-11eb-8a7c-505dac8c3607_03.jpg?type=ffn300_300,powe****,19.04.25.
66,5,원목냄새 빠지는데 시간이 걸리고 배송도 좀 걸렸지만 기다린만큼 만족합니다 패밀리 침대로 사용중인데 아이가 좋아합니다,https://phinf.pstatic.net/checkout.phinf/20210325_220/16166257479352Juln_JPEG/review-attachment-c22096ea-e33f-4a2f-90b0-e4247159e593.jpeg?type=f300_300,pand****,19.04.11.
67,5,패밀리침대로 구입했는데 아이가 좋아합니다,https://phinf.pstatic.net/checkout.phinf/20210327_92/1616803493042Fjhti_JPEG/review-attachment-e85d7ba4-0757-4a3a-8472-5cad0f651168.jpeg?type=f300_300,pand****,19.04.11.
68,5,"어제 받고 사용중이에여  약간 냄새는 나는데 원목이라 나쁜건아닐거라믿구여^^
튼튼해보이네요 아이들 아토*걱정에 원목으로 구입햇어요 만족합니다^^^",https://phinf.pstatic.net/checkout.phinf/20210107_104/1610015800326SV0DV_JPEG/review-attachment-0641e67a-a200-444b-b05c-4abb1fbe33ab.jpeg?type=f300_300,dbwn****,19.02.20.
69,4,안정감이 있고 튼튼해보이네요.,https://phinf.pstatic.net/checkout.phinf/20210320_196/1616206336693TnGGb_JPEG/review-attachment-6f96c771-e825-4084-a3c7-b68ac03f2da7.jpeg?type=f300_300,pkjn****,19.03.07.
