﻿,star,review,reviewImage,customerId,reviewDate
0,5,"작년에 어릴 때부터 쓰던 침대와 매트리스를 버리고 방을 싹 바꿨어요. 접이식 매트리스와 매트리스 깔판을 두고 사용했는데 번거로운 건 둘째치고 수면의 질이 너무 떨어지더라구요... 
수납 공간도 부족해서 가뜩이나 좁은 방이 더 좁아져서 불편했구요. 결국 일년을 못 버티고 수납침대로 바꿔야겠다는 생각을 했습니다 ㅠㅠ 친구 집에서 원목 수납침대를 써보니 좋더라구요!

제가 가장 중요하게 생각했던 건 침대의 크기였어요! 방이 좁기 때문에 헤드가 있는 침대는 못 들어올 것 같더라구요. 그래서 무헤드 수납침대를 알아봤습니다.
그리고 다음으로 중요하게 생각했던 건 원목이어야 한다는 점이었어요. 친구 집에서 원목 침대를 써보니 100% 원목이 아니더라도 mdf 만 사용된 침대랑은 차원이 다르게 견고하더라구요! 
그래서 원목으로 된 무헤드 수납침대를 찾다가 핀란디아갤러리 침대를 발견하게 되었어요. 보자마자 이거다!! 싶었고 딱 봐도 튼튼한 침대라는 게 느껴졌어요.

처음 침대를 봤을 때는 가격이 30만원대였는데, 대학생인 저에게는 살짝 부담스러운 금액이어서 며칠 시간을 두고 고민을 했어요.
그런데!! 며칠 뒤에 다시 와서 보니까 가격이 60만원대로 오른 거예요 ㅠㅠ 사진 상으로도 너무 튼튼하고 예쁘고 좋은 침대여서 '그래 어쩐지 너무 가격이 괜찮다 싶었어...' 생각이 들었지만 속상하더라구요 흑흑
지푸라기라도 잡는 심정으로 혹시 1월 11일에 할인을 하는지 문의글까지 남겼다니까요 ㅋㅋ 그만큼 사고싶었어요 하루빨리 집에 있는 매트리스 버리고 싶어서 ㅋㅠㅠ

다행히~ 1월 11일에 할인 된 가격으로 오픈 된다는 친절한 답변을 받았고 저는 의도치 않게 1월 11일 생일날에 생일 선물로 침대를 받게 되었습니다~ ㅎㅎ
다른 분들 후기를 읽어 보고 매트리스도 함께 구입했어요!

침대는 원하는 배송 날짜에 정확히 왔어요! 하루 전에 전화를 주신다고 해서 기다렸는데 당일날에 전화를 주셨어요. 아마 날씨가 별로 안 좋아서 당일에 연락을 주신 거 같아요.
배송 해주시는 기사님도 조립 꼼꼼하게 해주시고 친절하셨어요. 맞춤제작한 것처럼 제 방에 딱 맞았습니다 ㅎㅎ

수납 공간 진짜 미쳤구요 ㅠㅠ 그 전에는 방에 리빙박스 2개랑 작은 4단 서랍장, 2단 행거가 있었는데요 넓은 수납 공간에 리빙박스 안에 있는 물건도 다 들어갔고 여름 시즌 옷들, 잡동사니 다 들어갔어요
앞쪽에 서랍장에 양말, 속옷, 티셔츠 바지까지 다 들어갔구요 진짜 대박입니다... 행거도 위쪽에 1단만 사용해도 충분할 정도로 짐이 줄었어요.
그리고 사진하고 똑같이 너무너무 튼튼하고 견고해요. 색깔도 딱 편안한 나무 색~ 

그동안은 자기 전에 잘 준비 하는 시간도 오래 걸렸고 옷 하나 새로 사도 넣을 공간도 없고, 방도 좁고 번잡해서 괴로웠는데 이렇게 좋은 걸 왜 진작 안 샀는지 모르겠어요 ㅠ_ㅠ
방이 좁아서 헤드까지 달린 침대는 부담스러우신 분들, 방은 좁은데 짐은 많은 분들, 원목 수납침대 사는 분들 무조건 핀란디아갤러리 침대 강강추입니다! 

혹시 고민하고 계신 분들이 있다면 지금 이 가격일 때, 하루라도 빨리 구매하세요! 후회 안 하실 거예요 :D",https://phinf.pstatic.net/image.nmv/shopnbuyer_2021_03_18_0/f50e1490-8786-11eb-8379-a0369ff968b0_03.jpg?type=ffn300_300,or_d****,21.02.24.
1,4,서랍이 꽤 커서 수납이 쓸만하고  자리는 차지하지만 뒤척일때도 안정감이 있네요,https://phinf.pstatic.net/checkout.phinf/20210319_127/1616082656061z2b4a_JPEG/review-attachment-91c42776-47b4-4418-a2fa-5df698fa7f7d.jpeg?type=f300_300,tngu****,21.03.13.
2,5,"다른곳에서 침대프레임 주문했다가 상품불량으로 취소하고 핀란디아로 다시 주문했는데
너무 마음에 들어요
원목 자체가 더 두껍고 견고한게 한눈에 보입니다
배송 기사님이 무게 자체가 다르다 하셨는데 왜 그렇게 말씀하셨는지 알겠어요
서랍도 튼튼하고 마감처리도 깔끔합니다
좋은제품 감사합니다~",https://phinf.pstatic.net/checkout.phinf/20210320_176/16162120200768ETu1_JPEG/review-attachment-38c9ab3a-b47a-460a-85e9-62063a5f1014.jpeg?type=f300_300,gggg****,21.03.23.
3,5,기대 이상으로 견고하고 마감과 색감 모두 좋습니다! 서랍이 굉장히 깊고 레일도 하루 채 안 되어서 쓰기 좋게 부드러워졌습니다 아주 마음에 들어요!!!,https://phinf.pstatic.net/checkout.phinf/20210308_119/1615210890678mSYoz_JPEG/review-attachment-a0c913aa-bdd5-4704-979e-249a57d5220b.jpeg?type=f300_300,levi****,21.03.01.
4,5,화면이랑 똑같아요. 마음에 들어요:),https://phinf.pstatic.net/checkout.phinf/20210310_60/16153745594077WgYV_JPEG/review-attachment-4d080459-586f-4cf7-bbe4-f535cb9bba5f.jpeg?type=f300_300,tkdg****,21.03.18.
5,5,"제품은 괜찮은데 배송예정일에도 연락한통 없었고, 내가 전화를 하니까 그제서야 배송이 그 다음주에 될거라고. 지키지도 않을 배송예정일은 왜 적어놓는건지?",https://phinf.pstatic.net/image.nmv/shopnbuyer_2021_02_08_0/96e26fb1-69ae-11eb-8a7c-505dac8c3607_03.jpg?type=ffn300_300,neve****,21.03.09.
6,5,수납장도있고 튼튼하고 좋아요~,https://phinf.pstatic.net/checkout.phinf/20210325_220/16166257479352Juln_JPEG/review-attachment-c22096ea-e33f-4a2f-90b0-e4247159e593.jpeg?type=f300_300,gye4****,21.03.24.
7,4,약속한날에 배송도 잘 되었고요. 친절하게 잘 설치해 주셨습니다. 만족합니다.,https://phinf.pstatic.net/checkout.phinf/20210327_92/1616803493042Fjhti_JPEG/review-attachment-e85d7ba4-0757-4a3a-8472-5cad0f651168.jpeg?type=f300_300,pws5****,21.03.15.
8,5,친척들이나 친구들이 수납침대인데 크고 잘샀다고 부러워했어요:) 옷이 좀 많은 편인데도 수납 엄청 넉넉해서 좋아요~!,https://phinf.pstatic.net/checkout.phinf/20210107_104/1610015800326SV0DV_JPEG/review-attachment-0641e67a-a200-444b-b05c-4abb1fbe33ab.jpeg?type=f300_300,hyj2****,21.03.24.
9,5,튼튼하고 수납도 많이 됨...메트리스 대신 몽젤깔고 쓰는데 삐걱거림 없이 편해요,https://phinf.pstatic.net/checkout.phinf/20210320_196/1616206336693TnGGb_JPEG/review-attachment-6f96c771-e825-4084-a3c7-b68ac03f2da7.jpeg?type=f300_300,sys7****,21.03.28.
10,5,"좁은 아이방에 공감을 효율적으로 이용할 수 있어 좋아요.
침대 서랍이 있어 수납에 용이하고 침대가 견고하여 안정감 있습니다.
침대가 다른 서랍형침대보다 서랍 높이가 높아 캐리어도 들어갑니다. 짱!!!
전체적으로 만족도 높은 침대입니다.",https://phinf.pstatic.net/checkout.phinf/20210221_195/1613906687119H30Rs_JPEG/review-attachment-88d851ad-289c-44ae-9713-647970bd446f.jpeg?type=f300_300,skwj****,21.02.16.
11,4,진짜 튼튼한 것 같아서 오래오래 쓸 수 있을 것같아요. 수납도 넉넉해요. 잘 산 것 같아요!,https://phinf.pstatic.net/checkout.phinf/20210326_233/1616733550718xm6ES_JPEG/review-attachment-82ce0c68-4eea-44ca-8516-25b8964bed1e.jpeg?type=f300_300,hihe****,21.03.02.
12,5,"침대 프레임과 매트리스(일반 SS) 구입. 

배송
- 지정 배송일 수령
배송일은 네이버 쇼핑몰에서 몇 주 이후로 설정하게 되어 있습니다. 배송일 전날 핀란디아 설치 기사님이 전화를 걸어 방문 시간을 알려주셨습니다. 
- 부품 누락
핀란디아 침대 프레임의 헤드가 한쪽에만 있었습니다. 기사님이 출발 전에 긴 시간 헤드를 찾아봤자만 없었다며 원래 이런 제품이냐고 하시기에, 저도 상품 사진을 다시 찾아봤고 월요일에 고객 센터에 전화를 해보니 부품 누락으로 사흘 후 재설치를 해주겠다는 답변을 받았습니다. 

제품 상태
- 프레임
흔들림이 없고 견고합니다. 모서리가 둥글게 처리 되어 있고 마감 상태가 좋습니다. 프레임 상세 사이즈를 참고하면 높이가 다른 침대에 비해 좀 높다는 것을 알 수 있습니다. 프레임의 색은 노란빛이 도는 원목의 색입니다. 
* 부분 원목입니다. (침대 상판, 서랍장 반대편은 MDF)
- 서랍장 
옆면 서랍장은 손잡이가 오목하고 매끄럽게 파여 있고, 부드럽게 열립니다. 프레임 높이가 높은 만큼 수납 공간이 큽니다. 매트리스 아래의 서랍도 뚜껑이 튼튼하고 잘 열렸습니다. 손을 놓쳐도 쾅 닫히지 않도록 부품이 별도로 설치되어 있습니다. 
- 매트리스(일반 SS, 15만원)
에이스 침대 매트리스를 썼었는데 그에 비해서는 흔들림이 약간 있습니다. 좀 더 하드한 매트리스를 고르려면 다른 옵션을 알아보고 선택하시기 바랍니다. 

반품 요청 및 반품 취소
높은 프레임을 처음 써 봐서 좀 어지러웠던 점, 
제품의 원목 색상에 생각보다 노란빛이 돌았던 점, 부품 누락, 그 후 사과를 듣지는 못했던 점 등으로 월요일에 반품을 요청했습니다. 
매트리스는 포장을 뜯으면 당연히 제가 사야한다고 생각했기에 프레임 반품만 요청했고 반품비 99,900원을 핀란디아에 별도로 입금했습니다. 
2주 반이 지나도록 회수 일정이 나오지 않았고, 별도로 연락도 없어 지친 마음으로 반품을 취소하고 그냥 사용하기로 했습니다. 
반품을 취소하고 사나흘만에 당초 누락되었던 풋패드를 설치 받았습니다. 

상담
전화 연결이 잘 되는 편이었습니다. 풋패드를 누락했을 때와 단순 변심으로 반품 요청을 드렸을 때, 판매자님의 응대가 사뭇 다르셨습니다. 
불친절한 정도는 아니셨습니다. 다만 풋패드 누락 시 사과의 말 한 마디 해주셨다면, 그리고 반품비까지 지불하고 반품을 요청드리는 상황에서 빠른 피드백과 일관된 태도를 보여주셨다면 아주 좋았을 것 같습니다.",https://phinf.pstatic.net/checkout.phinf/20210302_38/1614669677617STteg_JPEG/review-attachment-fe7d1778-e849-43bf-9c69-25c387d92967.jpeg?type=f300_300,dmsw****,20.11.01.
13,5,색상이 화면보다 설치하니 더 예쁘네요. 서럽장도 깊고 넓커요. 아주만족합니다.,https://phinf.pstatic.net/checkout.phinf/20210324_14/1616592268376oVcrO_JPEG/review-attachment-6944ab6a-f4c1-4229-913f-2d91456cb49f.jpeg?type=f300_300,ojss****,21.03.13.
14,5,"잘받았습니다. 설치기사님오셔서 원하는곳에 설치잘해주셨고
침대가 높은데 매트리스말고 
위에 요깔아서 딱맞아요.
오히려 서랍이 높아서 
수납공간이 넓으니 더마음에 들어요.
마감이 매끈하고 서랍이 튼튼합니다.",https://phinf.pstatic.net/image.nmv/shopnbuyer_2021_03_06_0/25e12ea8-7e50-11eb-a12c-a0369ff963bc_03.jpg?type=ffn300_300,kdy0****,21.01.13.
15,5,"너무 너무 마음에 들어요 
좋은 제품 감사합니다.",https://phinf.pstatic.net/checkout.phinf/20210320_105/1616223781647oNk9X_JPEG/review-attachment-8c22d43d-4e43-4bfc-828c-acfb5e3189e2.jpeg?type=f300_300,bej9****,21.03.18.
16,5,배송은늦었지만...수납은좋은듯,https://phinf.pstatic.net/checkout.phinf/20210321_1/1616337351998rIa4D_JPEG/review-attachment-44706da5-1e53-42f3-ac4e-b7c0cdb6e05f.jpeg?type=f300_300,peen****,21.03.18.
17,5,수납장 공간이 생각보다 많이 커요..매트리스는 구매하지 않고 기존거 쓰는데..정말 만족합니다.,https://phinf.pstatic.net/checkout.phinf/20210316_94/1615821425969YKvG1_JPEG/review-attachment-5556215d-7f39-4994-b933-a57ce876e651.jpeg?type=f300_300,desi****,21.03.08.
18,4,설치기사님이 친절하셨어요 견고하고 좋네요,https://phinf.pstatic.net/checkout.phinf/20210328_213/1616917248379WGf6I_JPEG/review-attachment-e67750eb-0f79-4fdc-80c5-da6556e56e68.jpeg?type=f300_300,kumo****,21.02.26.
19,5,견고하니 마음에 듭니다,https://phinf.pstatic.net/checkout.phinf/20210327_89/1616811986472Qd3M2_JPEG/review-attachment-958007b3-d281-4d72-849b-038d15241e08.jpeg?type=f300_300,ador****,21.03.21.
20,5,잘 받았어요.견고해보여요,https://phinf.pstatic.net/image.nmv/shopnbuyer_2021_03_18_0/f50e1490-8786-11eb-8379-a0369ff968b0_03.jpg?type=ffn300_300,hsy8****,21.02.25.
21,4,수납공간이 넉넉해서 좋아요.,https://phinf.pstatic.net/checkout.phinf/20210319_127/1616082656061z2b4a_JPEG/review-attachment-91c42776-47b4-4418-a2fa-5df698fa7f7d.jpeg?type=f300_300,dhrt****,21.02.23.
22,5,침대가 엄청 튼튼하고 서랍이 커서 좋아요. 아직 새 가구 냄새가 나지만 나머지는 다 만족스러워요.,https://phinf.pstatic.net/checkout.phinf/20210320_176/16162120200768ETu1_JPEG/review-attachment-38c9ab3a-b47a-460a-85e9-62063a5f1014.jpeg?type=f300_300,woow****,21.02.23.
23,5,주문하고 지방이라서 오래 기다려야 될거라 생각했는데 엄청 빠른 배송에 놀랐어요~침대 깔끔하고 견고하니 아이도 맘에 들어하고 가격도 저렴해서 대단히 만족합니다~~^^,https://phinf.pstatic.net/checkout.phinf/20210308_119/1615210890678mSYoz_JPEG/review-attachment-a0c913aa-bdd5-4704-979e-249a57d5220b.jpeg?type=f300_300,mini****,21.01.21.
24,5,튼튼하고 수납 좋아요,https://phinf.pstatic.net/checkout.phinf/20210310_60/16153745594077WgYV_JPEG/review-attachment-4d080459-586f-4cf7-bbe4-f535cb9bba5f.jpeg?type=f300_300,lcw0****,21.03.08.
25,5,튼튼하고 수납 좋아요,https://phinf.pstatic.net/image.nmv/shopnbuyer_2021_02_08_0/96e26fb1-69ae-11eb-8a7c-505dac8c3607_03.jpg?type=ffn300_300,lcw0****,21.03.08.
26,4,수납목적에 좀 높아도 괜찮으시면 강추에요,https://phinf.pstatic.net/checkout.phinf/20210325_220/16166257479352Juln_JPEG/review-attachment-c22096ea-e33f-4a2f-90b0-e4247159e593.jpeg?type=f300_300,tlsd****,21.02.12.
27,5,"서랍도 크고 튼튼하고 좋습니다.
다만 나무색이 브라운톤 보다는 노란색톤이 좀더 강해서 그점이 아쉽지만 아이들이 좋아해요.",https://phinf.pstatic.net/checkout.phinf/20210327_92/1616803493042Fjhti_JPEG/review-attachment-e85d7ba4-0757-4a3a-8472-5cad0f651168.jpeg?type=f300_300,nami****,21.02.16.
28,5,배송기사님도 친절하시고 침대고 수납도 크고 튼튼해요~ 서랍장 모서리가 뾰족하지않고 마감이 잘 되있어서 좋네요:),https://phinf.pstatic.net/checkout.phinf/20210107_104/1610015800326SV0DV_JPEG/review-attachment-0641e67a-a200-444b-b05c-4abb1fbe33ab.jpeg?type=f300_300,hyj2****,21.01.05.
29,5,튼튼하네요 공간에 딱맞아 좋습니다 ㅎ 수납도짱이고..단 노란빛을 내는 원목이니 참고하시길..,https://phinf.pstatic.net/checkout.phinf/20210320_196/1616206336693TnGGb_JPEG/review-attachment-6f96c771-e825-4084-a3c7-b68ac03f2da7.jpeg?type=f300_300,wjh6****,21.01.05.
30,5,"약속한 시간에 기사님 오셔서 설치하고 위치까지 잡아주고 가셨네요
수납을 목적으로 한거라 캐리어부터 넣어봤는데 25인치 들어가고도 자리가 남아 더 넣을 수 있을 정도예요
수납형에 원목이라 무게가 많이 나가다보니 종종 가구배치를 바꾸기는 쉽지 않을듯한게 아쉽네요",https://phinf.pstatic.net/checkout.phinf/20210221_195/1613906687119H30Rs_JPEG/review-attachment-88d851ad-289c-44ae-9713-647970bd446f.jpeg?type=f300_300,koko****,20.11.30.
31,5,견고한 점이 제일 좋습니다. 삐걱거리는 소리나 흔들림 없이 사용중입니다.,https://phinf.pstatic.net/checkout.phinf/20210326_233/1616733550718xm6ES_JPEG/review-attachment-82ce0c68-4eea-44ca-8516-25b8964bed1e.jpeg?type=f300_300,dmsw****,20.11.17.
32,5,침대 프레임이 튼튼하고 수납도 많이됩니다~,https://phinf.pstatic.net/checkout.phinf/20210302_38/1614669677617STteg_JPEG/review-attachment-fe7d1778-e849-43bf-9c69-25c387d92967.jpeg?type=f300_300,seon****,20.12.07.
33,5,"수납도 많이되고 좋아요~ 
거실 쇼파대신 사용합니다ㅎㅎ",https://phinf.pstatic.net/checkout.phinf/20210324_14/1616592268376oVcrO_JPEG/review-attachment-6944ab6a-f4c1-4229-913f-2d91456cb49f.jpeg?type=f300_300,sung****,20.08.20.
34,5,너무 좋은 매트리스이네요~~잠이솔솔와요~~ 폭신폭신 좋아요,https://phinf.pstatic.net/image.nmv/shopnbuyer_2021_03_06_0/25e12ea8-7e50-11eb-a12c-a0369ff963bc_03.jpg?type=ffn300_300,indi****,20.07.29.
