﻿,star,review,reviewImage,customerId,reviewDate
0,5,"일단 침대가 너무 예뻐요 
원목도 너무 견고하고 튼튼해 보여요. 디자인면에서는 5점이상주고 싶어요.  배송기사님도 친절해셨구요. 배송날짜 잘 맞춰 주셨어요.  다만 침대프레임과 매트리스마찰력이 없다보니 매트리스가 미끄러지는 경향이 있어요  그부분빼고는 너무 마음에 들어요 ^^~",https://phinf.pstatic.net/image.nmv/shopnbuyer_2021_03_18_0/f50e1490-8786-11eb-8379-a0369ff968b0_03.jpg?type=ffn300_300,flow****,21.03.17.
1,5,"만족도 5점을 줄수밖에 없어요
진짜 더 줄수있다면 더 드리고싶네요~
너무 이쁘고 견고하고 가격도 착하고
기사님도 너무너무 친절하시게 조립, 설명해주시고~
무엇보다 지방인데도 원하는 날짜에 딱 배송을ㅠ
제가 미리 주문한것도 있지만
배송시 요청사항을 하나하나 신경써주시고
해줄수있는건 노력하시는것 같아 감동받았습니다~~
우리집 서랍장이랑 찰떡이라 또 맘에 들고
침대밑으로 청소기가 슝슝 들어가서 또 맘에 들고
베개 두개세개 쌓아도 침대헤드가 보이니
넘나 이뻐서 또 맘에 들고~~
인터넷에서 사진으로만 보고 사면 사진빨에 속아서
배신감 들고 후회막심인 물건들이 많은데
이건 정말 앞으로 봐도 옆으로 봐도
너무너무 이쁜 침대에요👍
한달 넘게 쓰고 있는데 정말잘샀다, 잘골랐다
셀프칭찬하고있네요ㅋㅋ
침대 보고 간 지인들이 링크걸어달라해서 해줬더니
곧 주문한다고 합니다~ 진심 적극추천!
좋은침대 정말 감사합니다~
사업 번창하시길 바래요~
(물건이 좋아서 쓰는 이렇게 긴 리뷰는
 진짜 첨이자 마지막일듯 하네요ㅋ)",https://phinf.pstatic.net/checkout.phinf/20210319_127/1616082656061z2b4a_JPEG/review-attachment-91c42776-47b4-4418-a2fa-5df698fa7f7d.jpeg?type=f300_300,ddan****,21.03.16.
2,5,"12/29일 라이브 방송 구매 후 1/21일 받았습니다. 배송 전에 기사님이 친절하게 전화 주셨고, 
설치도 금방 해주셨습니다. 
저는 프레임, 협탁, 매트리스, 쇼파테이블까지 구매했고, 모두 다 마음에 듭니다.
신혼집 침대로 결정하고 후기도 많이 찾아봤지만 솔직히 직접 본 게 아니니까 걱정도 좀 됐어요.
그러나 많은 후기들처럼 그건 하지 않아도 되는 걱정이었네요. 너무 예쁘고 튼튼합니다.
매트리스 커버랑 패드는 미리 구입해놔서 바로 씌웠고요. 생각보다 냄새도 많이 안나는 것 같아요. 새 가구 냄새는 있지만 눈이 시릴 정도로 많이 나진 않았어요. 
매트리스도 고민하다가 스프링으로 샀는데 위에 메모리폼이 들어있고, 아래는 스프링이라서 적당히 푹신하고, 약간 탄탄합니다. 저희가 원하는 느낌이어서 좋았습니다. 수입 매트리스 느낌과는 다르지만 가격 대비 괜찮습니다. 
쇼파테이블도 너무 예쁩니다. 쇼파는 없지만 있어도 바닥에 자주 앉을 거 같고ㅋㅋ 그럴때 꼭 필요한 테이블이라서 잘 쓸 것 같아요. 1200으로 구매했고, 2인용 사이즈로 아주 좋습니다!
지방이라서 배송 때문에 톡톡상담도 많이
했는데 빠르고 친절하게 답해주셔서 너무 좋았어요!!  감사드려요!!
구매한 거 절대 후회 안 합니다!!  고민하시는 분들 얼른 사세요! 배송만 늦어집니다!",https://phinf.pstatic.net/checkout.phinf/20210320_176/16162120200768ETu1_JPEG/review-attachment-38c9ab3a-b47a-460a-85e9-62063a5f1014.jpeg?type=f300_300,jyjh****,21.01.21.
3,5,"5점 드린거는 진짜 순수하게 상품이 맘에 들어서고요
배송기사님은 진짜 별로에요 혼자 일하시니 힘드신건 알겠는데 그게 본인 일인거잖아요 왜 그렇게 짜증이 나있는지 말도 못붙이겠고 편하게 일하시라고 옆에도 안갔습니다 그런데 마지막에 설명하실때 부속품 가구에 올리면서 그냥 두면 되지 왜 던지나요? 멀리 있는거도 아니고 바로 앞인데 한개 던지고 실수 인줄 알았는데 두개째도 던져서 한마디 하려다가 본인도 민망한지 그때서야 조심하시길래 참았습니다  오죽하면 옆에 있던 남동생이 왜저러냐고 뭐라 할려고 했어요 본인 힘든건 이해하는데 그러면 두분이 다니시든지요 이사해서 오늘 가전이고 가구고 많이 받았는데 그중에서 침대프레임 기사님 태도가 제일 빵점입니다",https://phinf.pstatic.net/checkout.phinf/20210308_119/1615210890678mSYoz_JPEG/review-attachment-a0c913aa-bdd5-4704-979e-249a57d5220b.jpeg?type=f300_300,sona****,21.03.16.
4,5,"2월3일에 구매하고 3월2일에 받았네용
주소를 잘못 적는 바람에 더 늦게받았어요 ㅠ
색이 너무 노란거 같았는데 매트리스 위에
얹어놓으니까 괜찮네요 !
기사님이 친절하게 설치해주시고 전화도 두번이나 미리 하시고 오셨어요 미끄럼방지패드? 그것도 챙겨주셨어요 !  헤드쪽에 나무가 까져 있는데 가까이봐야 티나서 그냥 쓰려구여..
이쁘긴 합니다 ! 잘 쓸게요",https://phinf.pstatic.net/checkout.phinf/20210310_60/16153745594077WgYV_JPEG/review-attachment-4d080459-586f-4cf7-bbe4-f535cb9bba5f.jpeg?type=f300_300,k931****,21.03.04.
5,5,"가격에 비해 너무나 퀄리티가 좋은 침대예요.
한가지 더 바라는 점은 침대 헤드 뒷면에도 니스칠을 더 잘해주셨으면해요.
보이는 앞면만 꼼꽁히 해주셨더라구요.
가구 설치 뒤 며칠은 환기를 해 새 가구 냄새를 빼야될 것 같아요.
아주 만족해요!",https://phinf.pstatic.net/image.nmv/shopnbuyer_2021_02_08_0/96e26fb1-69ae-11eb-8a7c-505dac8c3607_03.jpg?type=ffn300_300,yicy****,21.03.23.
6,5,"온라인으로 사는 침대라 수백번 고민하다 후기보고 구매했어요~
디자인 좋고 품질도 굿입니다
매트리스 올리니 훨씬 예뻐요
LK+ss로 구매했는데 두 개가 색상이 확 달라서 조금은 아쉽네요 원목이라 어쩔수 없지만서도 아쉬운건 사실입니다 그럼에도 불구하고 예쁘고 견고해요 오일냄새은 이틀지나니 연해지더라고요",https://phinf.pstatic.net/checkout.phinf/20210325_220/16166257479352Juln_JPEG/review-attachment-c22096ea-e33f-4a2f-90b0-e4247159e593.jpeg?type=f300_300,nice****,21.02.26.
7,5,"후기가 너무 좋아서 라이브방송때 구매했어요~
워낙 주문이 많아서 한달은 걸리겠거니 했는데
7일만에 왔어요~색깔도 예쁘고 원목 프레임을 정말 저렴하게 잘 산거같아요~
같이 구매한 서랍장도 기대되네요",https://phinf.pstatic.net/checkout.phinf/20210327_92/1616803493042Fjhti_JPEG/review-attachment-e85d7ba4-0757-4a3a-8472-5cad0f651168.jpeg?type=f300_300,kimm****,21.03.17.
8,5,"기사님이 넘친절하시고 시간약속도정확하신지 넘감사했습니다 짜짠~~기대이상입니다매트와안맞을까 걱정했는데 어머나 넘이뻐요 월넛색넘이뻐요.역시였습니다 
배송에관해서전화로친절히 설명도해주시고 받는날찌보다 빨리 오고 대만족입니다",https://phinf.pstatic.net/checkout.phinf/20210107_104/1610015800326SV0DV_JPEG/review-attachment-0641e67a-a200-444b-b05c-4abb1fbe33ab.jpeg?type=f300_300,arik****,21.03.17.
9,5,"협탁이랑 같이 주문했어요^^ 주문하고 10일도 안되서 배송왔네요^^ 색깔도 예쁘고 소리도 안나고 튼튼해요^^ 협탁은 발받침을 조립하기전이예요 
기사 아저씨 친절하시고 미끄럼 방지틀 다 꼼꼼히 챙겨와주셨어요^^",https://phinf.pstatic.net/checkout.phinf/20210320_196/1616206336693TnGGb_JPEG/review-attachment-6f96c771-e825-4084-a3c7-b68ac03f2da7.jpeg?type=f300_300,comi****,21.03.21.
10,4,"너어어무이쁘고 마음에딱드는침대가 되었어요ㅠㅠㅠ 짱짱입니단~~
판매자님 이런 가구 만들어주셔서 감사합니다ㅠㅠ 아그리고기사님도 너무너뮤 친절하시고.. 약간 문제가 있어서 톡톡문의하고 기사님이 바로와주셨는데 다행이였습니다ㅠㅠ 너무 마음에 들어서 약간의 문제는 전혀 문제가 되지 않습니당ㅎㅎㅎ 감사합니당~~ 
아직 신혼방을 제대로 꾸미지 못해서ㅠㅠ 한달 후 리뷰에 진짜 이쁘게 하나 올리겠습니당~~",https://phinf.pstatic.net/checkout.phinf/20210221_195/1613906687119H30Rs_JPEG/review-attachment-88d851ad-289c-44ae-9713-647970bd446f.jpeg?type=f300_300,tkfk****,21.03.10.
11,5,"Ek메트 구매하고 프레임을 어떤 제품을 살가 엄청고민했어요
라움  프레임 구매하고  제품 받고
제마음 에 꼭 들어요
가격 견고성 모두 만족해요
설치기사님 넘 감사해요
이",https://phinf.pstatic.net/checkout.phinf/20210326_233/1616733550718xm6ES_JPEG/review-attachment-82ce0c68-4eea-44ca-8516-25b8964bed1e.jpeg?type=f300_300,kj73****,21.03.20.
12,5,"신혼 가구 중에 제일많이 고민했던 침대!!
매트리스는 브랜드리스 모어피스로 정했는데 브랜드리스 침대가 40cm로 좀 높은 편이라 고민 많이하다가 결정했어요
생각보다 더 이쁘고 더 고급지네요
흔들림없고 삐그덕 소리도 없습니다
배송기사님도 정말 친절하시고 같이 침대 위치도 고민해주시고 넘 감사했어용!! 덕분에 기분좋았어요😊",https://phinf.pstatic.net/checkout.phinf/20210302_38/1614669677617STteg_JPEG/review-attachment-fe7d1778-e849-43bf-9c69-25c387d92967.jpeg?type=f300_300,knj9****,21.03.07.
13,5,"빠르게 배송 되어 왔네요~제품도 가격대비 만족합니다
기사님도 친절하시고 설명도 잘해주시네요~잘 받았습니다^^",https://phinf.pstatic.net/checkout.phinf/20210324_14/1616592268376oVcrO_JPEG/review-attachment-6944ab6a-f4c1-4229-913f-2d91456cb49f.jpeg?type=f300_300,yjh4****,21.03.21.
14,5,"왜 고민을 했나 할 정도로 마음에 쏙 들어요^^
배송기사님도 친절 하시고 신속하게 설치 해주셨고
중간다리도 저희집은 딱 맞아서 만족합니다!^^",https://phinf.pstatic.net/image.nmv/shopnbuyer_2021_03_06_0/25e12ea8-7e50-11eb-a12c-a0369ff963bc_03.jpg?type=ffn300_300,nois****,21.03.13.
15,5,"배송은 딱 2주 걸렸네요~
4층짜리 단독주택이라 집안에서 계단을 이용해 3층으로 옮겨야했는데 좁은 계단 통해 기사님 올라가시느라 고생많으셨어요~
색깔은 제가 딱 원하던 내츄럴 밝은 컬러구요~ 흔들거리지않고 묵직한게 맘에들어요~ 
첨부 사진과 색감이 거의 동일합니다. 참고하셔요~",https://phinf.pstatic.net/checkout.phinf/20210320_105/1616223781647oNk9X_JPEG/review-attachment-8c22d43d-4e43-4bfc-828c-acfb5e3189e2.jpeg?type=f300_300,regi****,21.02.21.
16,5,"오늘 설치 받았습니다. 요청한 날에 맞춰 연락주시고 배송해주셔서 감사합니다!!
상판이 단단해서 더 마음에 듭니다.
매트리스 큰걸로 바꾸려고 침대 큰 사이즈했는데 좋네요. 퀸사이즈 매트리스 올리고 좌우로 10센치정도 여유 있어요.",https://phinf.pstatic.net/checkout.phinf/20210321_1/1616337351998rIa4D_JPEG/review-attachment-44706da5-1e53-42f3-ac4e-b7c0cdb6e05f.jpeg?type=f300_300,syha****,21.03.02.
17,5,"화면으로도 예쁘고 실제로도 예쁘네요 ^^
삐그덕 소리도 안나고 생각보다 튼튼해요
가격대비 좋은제품인것 같아요
무엇보다 아이들이 너무 좋아하니 저도 덩달아 좋네요~ ^^",https://phinf.pstatic.net/checkout.phinf/20210316_94/1615821425969YKvG1_JPEG/review-attachment-5556215d-7f39-4994-b933-a57ce876e651.jpeg?type=f300_300,yook****,21.03.07.
18,5,다좋아여 근데 등받이 부분 절단면이 깔끔하게 잘린게 아니고 뜯어낸것 마냥 나무결들이 다 일어나있어요...만져보니 나무부스러기가 떨어져 나오더라고요.,https://phinf.pstatic.net/checkout.phinf/20210328_213/1616917248379WGf6I_JPEG/review-attachment-e67750eb-0f79-4fdc-80c5-da6556e56e68.jpeg?type=f300_300,mkop****,21.03.16.
19,4,주문해놓고 보고 산게 아나 걱정했는데 튼튼하고 좋아요,https://phinf.pstatic.net/checkout.phinf/20210327_89/1616811986472Qd3M2_JPEG/review-attachment-958007b3-d281-4d72-849b-038d15241e08.jpeg?type=f300_300,wing****,21.03.24.
20,5,"아이방1600, 안방1800 두개주문했어요... 튼튼하고 좋아요.",https://phinf.pstatic.net/image.nmv/shopnbuyer_2021_03_18_0/f50e1490-8786-11eb-8379-a0369ff968b0_03.jpg?type=ffn300_300,b110****,21.03.18.
21,5,"이곳 저곳 매장 둘러보아도 제 마음에 드는것이 없어 폭풍검색했어요
조금 미심적은 마음으로 주문뒤 전화로 상담뒤 주문했어요
배송은 원래  지난주 약속을 했지만 제가 사는곳 폭설로 일주일 밀러 오늘 배송 받았어요..
배송이 지역별이라서 날자 지정이 힘들다고 하시며 아침 7시 배송....하신다고 하셔서..조금..황당했어요
우쨌든 7시20분쯤 배송시작해 8시 전에 설치 마쳤습니다 너무 이른시간이라 별 하나 뺐어요
제품은 저희집 벽색깔 맞춰 주문했는데 모니터와 같은색 만족해요
킹 주문했는데 크기도 매트리스 올리고도 여유있네요 만족해요
냄새는 오늘 배송해서인지 좀 나요
이삼일은 날것 같아요
이건  사라질것 같고 가구 특유의 향이니 괜찮아요
추천의사 있고 온라인이라 고민했는데..
고민하실 필요 없어요
추천입니다",https://phinf.pstatic.net/checkout.phinf/20210319_127/1616082656061z2b4a_JPEG/review-attachment-91c42776-47b4-4418-a2fa-5df698fa7f7d.jpeg?type=f300_300,jule****,21.01.14.
22,5,"프레임을 한달좀 넘게 써봤는데 단점을 못찾겠네요. 침대 삐그덕대는소음도없고, 매트도 잘 고정되어있고, 프레임마감도좋아서 매끈하니 만족스럽습니다^^",https://phinf.pstatic.net/checkout.phinf/20210320_176/16162120200768ETu1_JPEG/review-attachment-38c9ab3a-b47a-460a-85e9-62063a5f1014.jpeg?type=f300_300,keia****,21.03.09.
23,5,"생각보다 빠른배송 맘에들어요
배송료는 비싸네요 ㅠ 
미끄럼방지 못받아서 아쉽네용",https://phinf.pstatic.net/checkout.phinf/20210308_119/1615210890678mSYoz_JPEG/review-attachment-a0c913aa-bdd5-4704-979e-249a57d5220b.jpeg?type=f300_300,sdb2****,21.03.16.
24,5,"일단 너무 이쁩니다. 와이프가 협탁 세트로 살걸 후회하네요.
아쉬운건 배송 날짜약속을  했는데 배송기사님이 바쁘다고 약속한 시간대가 3번이나 미뤄졌어요.
그리고 침대에 눕거나 일어나면 뚜둑 소리가 나네요.
누어서 몸을 움직여도 납니다.
좀 심하게 나는 편인데 괜찮아 질까요?",https://phinf.pstatic.net/checkout.phinf/20210310_60/16153745594077WgYV_JPEG/review-attachment-4d080459-586f-4cf7-bbe4-f535cb9bba5f.jpeg?type=f300_300,wwwk****,21.03.01.
25,5,"화면으로도 예쁘고 실제로도 예쁘네요 ^^
삐그덕 소리도 안나고 생각보다 튼튼해요
가격대비 좋은제품인것 같아요
무엇보다 아이들이 너무 좋아하니 저도 덩달아 좋네요~ ^^",https://phinf.pstatic.net/image.nmv/shopnbuyer_2021_02_08_0/96e26fb1-69ae-11eb-8a7c-505dac8c3607_03.jpg?type=ffn300_300,yook****,21.03.07.
26,4,작년말 라이브때 미리 주문하고 이사하고 받은건데 기사님도 친절하게 설치잘해주시고 침대밀림도 없고 넘튼튼하고 좋습니다. 라움 가구들 모두 다 넘 맘에 쏙듭니다~~^^,https://phinf.pstatic.net/checkout.phinf/20210325_220/16166257479352Juln_JPEG/review-attachment-c22096ea-e33f-4a2f-90b0-e4247159e593.jpeg?type=f300_300,nina****,21.03.07.
27,4,"튼튼하고 오래 쓰면서 진면목이 느껴질 거 같아요
원목침대 만족하면서 쓰고 있어요^^ 좋은 제품 감사합니다 밑에 공간이 있으니까 고양이들이 여기서 쉬거나 숨기 좋아서 자주 이러고 있네요",https://phinf.pstatic.net/checkout.phinf/20210327_92/1616803493042Fjhti_JPEG/review-attachment-e85d7ba4-0757-4a3a-8472-5cad0f651168.jpeg?type=f300_300,jele****,21.03.02.
28,5,"가구를 온라인으로 산다는게 걱정이 많이 됬는데..받아보니 그 마음이 싹 사라졌어요~내츄럴색상도 넘 밝지않고, 타사에서 구입한 협탁과도 세트처럼 잘맞아서 더 만족했어요~^^
매트리스도 같이 구매했는데, 쿠션감도 적당합니다. 다만, 헤드로 인해 침대가 거대해보이긴 합니다~그게 매력이긴 한데 침구세트로 잘 커버해봐야겠어요~지방이라 배송은 20일 걸렸고, 두분이 오셔서 10분 안에 끝내고 가셨어요~",https://phinf.pstatic.net/checkout.phinf/20210107_104/1610015800326SV0DV_JPEG/review-attachment-0641e67a-a200-444b-b05c-4abb1fbe33ab.jpeg?type=f300_300,flow****,21.02.16.
29,4,실물이 넘 예뻐요 대만족입니당 😊,https://phinf.pstatic.net/checkout.phinf/20210320_196/1616206336693TnGGb_JPEG/review-attachment-6f96c771-e825-4084-a3c7-b68ac03f2da7.jpeg?type=f300_300,hy62****,21.03.18.
30,4,생각보다 헤드가높아서 살짝 레이스천을 올려 놓으니 인테리어 같고 좋아요.,https://phinf.pstatic.net/checkout.phinf/20210221_195/1613906687119H30Rs_JPEG/review-attachment-88d851ad-289c-44ae-9713-647970bd446f.jpeg?type=f300_300,lulu****,21.03.19.
31,5,가성비 최고이고 무엇보다 매트리스가 저랑 맞는거같아요.자고 일어나면 허리가 아팠는데 침대구매 후 통증이 사라졌네요,https://phinf.pstatic.net/checkout.phinf/20210326_233/1616733550718xm6ES_JPEG/review-attachment-82ce0c68-4eea-44ca-8516-25b8964bed1e.jpeg?type=f300_300,chae****,21.03.06.
32,5,넘 이쁘고 좋아요 침실 분위기가 살아나네요~ 배송도 생각보다 빨리 왔오요,https://phinf.pstatic.net/checkout.phinf/20210302_38/1614669677617STteg_JPEG/review-attachment-fe7d1778-e849-43bf-9c69-25c387d92967.jpeg?type=f300_300,jn09****,21.03.11.
33,5,진짜 볼때마다 예쁘고 잘 사용중입니다,https://phinf.pstatic.net/checkout.phinf/20210324_14/1616592268376oVcrO_JPEG/review-attachment-6944ab6a-f4c1-4229-913f-2d91456cb49f.jpeg?type=f300_300,ohmo****,21.03.21.
34,5,잘왔습니다. 월넛 색이 생각보다 진하네요.,https://phinf.pstatic.net/image.nmv/shopnbuyer_2021_03_06_0/25e12ea8-7e50-11eb-a12c-a0369ff963bc_03.jpg?type=ffn300_300,cjh8****,21.03.16.
35,5,배송도 생각보다 빨리 왔고 설치기사님도 친절하시고 아주 만족스럽습니다!! 다리가 많아서 안정적이고 정말 이뻐요. 많이 알아보고 구매한건데 후회없이 잘 산것같아수 기분이 좋네요~ 좋은제품 합리적인 가격에 감사합니다^^ 많이 파세요,https://phinf.pstatic.net/checkout.phinf/20210320_105/1616223781647oNk9X_JPEG/review-attachment-8c22d43d-4e43-4bfc-828c-acfb5e3189e2.jpeg?type=f300_300,aeri****,21.02.03.
36,5,원목이라서 튼튼하고 이뻐요~ 확실히 가격대비 고급스러 보이고 매트리스는 브랜드리스거로해서 놓으니 넘 맘에 드네요,https://phinf.pstatic.net/checkout.phinf/20210321_1/1616337351998rIa4D_JPEG/review-attachment-44706da5-1e53-42f3-ac4e-b7c0cdb6e05f.jpeg?type=f300_300,rabb****,21.03.03.
37,5,"색깔을 어떤걸로할까 고민하다
내추럴로했는데 만족해요
너무밝을까걱정인데 적당하구요ㅎ
원목의 견고함이 고급스럽네요",https://phinf.pstatic.net/checkout.phinf/20210316_94/1615821425969YKvG1_JPEG/review-attachment-5556215d-7f39-4994-b933-a57ce876e651.jpeg?type=f300_300,home****,21.03.04.
38,5,"라지킹사이즈로 주문해서 지금 설치했습니다. 설치 시간이 아침7시라고 하셔서 깜짝 놀랐지만, 일찍 설치하고 더 빨리 누워 지낼 수 있어서 좋네요ㅋㅋ 
설치비는 고지된대로 4만원인데, 비용이 아깝지 않을 정도로 기사님께서 잘해주셨고 특히 제 침대 크기가 커서 고생을 많이 하셨어요. 
아무튼 침대 디자인도 마음에 들고, 매트리스와도 잘 맞아서 좋습니다. 제 매트리스는 브랜드리스 모피어스21인데 호환이 아주 잘 됩니다. 
삐그덕 소리도 나지 않고 튼튼하고요. 로봇청소기도 프레임 밑에 들어갈 수 있을 정도로 침대 다리가 길어서 더 좋아요. 잘 쓰겠습니다!!",https://phinf.pstatic.net/checkout.phinf/20210328_213/1616917248379WGf6I_JPEG/review-attachment-e67750eb-0f79-4fdc-80c5-da6556e56e68.jpeg?type=f300_300,peep****,21.01.28.
39,5,"제품자체는 좋은데.. 물류센터와 본사, 배송 기사님들 간의 소통이 전혀 안되네요 ㅋㅋㅋ 중간에 반품시키려다가 남편이 그냥 쓰재서 그냥 씁니다.. 제품은 나쁘지않은데 여러모로 불쾌했어요",https://phinf.pstatic.net/checkout.phinf/20210327_89/1616811986472Qd3M2_JPEG/review-attachment-958007b3-d281-4d72-849b-038d15241e08.jpeg?type=f300_300,ckdb****,21.03.20.
40,5,"드디어 받았어요~  사람들 보는눈이 비슷한건지 구매후 이보 늦어진다고 해서 목이빠져라 기다렸어요~  매트리스가 먼저오고 사용하다가 드디어침대설치 ~
허리가아파서 바닥생활하다가 알아보니 막~맘에드는것도아닌데 많이 비싸더라고요ㅎ
꼭 사야지가 아니여서 이것저것보다가 딱 원하는거 발견!!  바로결제했어요ㅎ
1. 1800사이즈이상
2. 너무신혼분위기아닐것(색상이)
3. 튼튼할것(흔들리거나 삐거덕많더라고요)
4. 높이가 많이높지않을것(매트리스도높이가있어서)
5. 금액+배송료 너무높지않았음 좋겠다..
(이사도아니고 신혼살림도아니라서 갑자기 큰돈은..ㅎ)
6. 인터넷상품이지만 없어?ㅋ보이지 않았음 좋겠다..
7. 위에 프레임(먼지) 없었음좋겠다

이모든걸 만족하는 제기준의ㅎㅎ픽이었습니다 미끄럼방지도 해주시고 친절한배송기사님(전~~혀도와주실꺼없으시다며) 과 제매트리스와 딱 맞는 (가로는오차가없어서 부딪힐염려없어요~~) 침대에서 꿀잠잘께요~ 감사합니다^^",https://phinf.pstatic.net/image.nmv/shopnbuyer_2021_03_18_0/f50e1490-8786-11eb-8379-a0369ff968b0_03.jpg?type=ffn300_300,pia0****,20.12.29.
41,5,"디자인이며 색감 모두 만족합니다
삐그덕거리는 소리 1도없고 너무 편안하게 쓰고있습니다",https://phinf.pstatic.net/checkout.phinf/20210319_127/1616082656061z2b4a_JPEG/review-attachment-91c42776-47b4-4418-a2fa-5df698fa7f7d.jpeg?type=f300_300,cool****,21.03.06.
42,5,"꺅~~~~~이 고급진컬리티! 디자인도 고급지고 질도 너무너무 맘에 듭니다.
침대는 인생의 반을 함께하는 물건이기에 정말 잘 선택해야 하는데요. 탁월한 선택이었습니다!!!
배송기사님도 친절하시고 정말 배송설치도 베리굿이네요.
대박나세요!",https://phinf.pstatic.net/checkout.phinf/20210320_176/16162120200768ETu1_JPEG/review-attachment-38c9ab3a-b47a-460a-85e9-62063a5f1014.jpeg?type=f300_300,1000****,21.02.20.
43,5,견고하고 흔들림 없어 좋습니다. 매트리스와 같이 구매했는데 모두 만족입니다.,https://phinf.pstatic.net/checkout.phinf/20210308_119/1615210890678mSYoz_JPEG/review-attachment-a0c913aa-bdd5-4704-979e-249a57d5220b.jpeg?type=f300_300,zapp****,21.03.04.
44,5,한번사면오래쓰는스타일이라색고민을많이했는데월넛이너무어두우면방도어울까걱정했는데다른월넛보다는조금밝은편이라색이너무마음에들었어요배송받는날아무도없었는데기사님이설치하고사진도찍어보내주시고깔끔히정리도하고가셨네요보는사람마다침대이쁘다고하니뿌듯합니다^^,https://phinf.pstatic.net/checkout.phinf/20210310_60/16153745594077WgYV_JPEG/review-attachment-4d080459-586f-4cf7-bbe4-f535cb9bba5f.jpeg?type=f300_300,jihj****,21.02.14.
45,5,"사진보다 실물이 훨씬이뻐요
색상도 만족
크기도 만족

침대덕에 안방이 고급져보여요
매트리스도 좋고

백점만점 입니다^^",https://phinf.pstatic.net/image.nmv/shopnbuyer_2021_02_08_0/96e26fb1-69ae-11eb-8a7c-505dac8c3607_03.jpg?type=ffn300_300,yood****,21.02.24.
46,5,주문은 15일에 했고 27일에 받았습니다. 사진과 그대로 예쁘고 웅장한 느낌이 납니다. 이사중이라 제대로 누워보진 않았는데 튼튼한것같아요,https://phinf.pstatic.net/checkout.phinf/20210325_220/16166257479352Juln_JPEG/review-attachment-c22096ea-e33f-4a2f-90b0-e4247159e593.jpeg?type=f300_300,gpql****,21.02.28.
47,5,사이즈도 넉넉하고 튼튼해보여요...,https://phinf.pstatic.net/checkout.phinf/20210327_92/1616803493042Fjhti_JPEG/review-attachment-e85d7ba4-0757-4a3a-8472-5cad0f651168.jpeg?type=f300_300,b110****,21.03.18.
48,5,"네추럴 선택했어요 조명에 따라 색이 워낙에 달라보여서 월렛색상에 확신이 안서길래 네추럴로 선택했는데 대만족입니다 네추럴 색상으로 협탁과 한세트, 5단 서랍장은 월렛색상으로 구입했으나 서로 조화롭게 잘 어울립니다 메트리스보다 큰 사이즈로 제작해서 한쪽면을 협탁처럼 사용중인데 아주 편리하게 이용중입니다 디자인도 좋고 네추럴색상도 정말 네추럴하고 밀림방지 패드도 꽤 기능이 좋아요 대만족! 적극 추천해요",https://phinf.pstatic.net/checkout.phinf/20210107_104/1610015800326SV0DV_JPEG/review-attachment-0641e67a-a200-444b-b05c-4abb1fbe33ab.jpeg?type=f300_300,bere****,21.02.26.
49,5,많이 파세요. 감사합니다. 수고하세요.,https://phinf.pstatic.net/checkout.phinf/20210320_196/1616206336693TnGGb_JPEG/review-attachment-6f96c771-e825-4084-a3c7-b68ac03f2da7.jpeg?type=f300_300,amaz****,21.03.12.
50,5,"넘 맘에 들어요~~
낮은 매트를 사용하는데 더 웅장해 보이네요!
튼튼하고 질리지 않을듯해요~
잘 사용할께요~~",https://phinf.pstatic.net/checkout.phinf/20210221_195/1613906687119H30Rs_JPEG/review-attachment-88d851ad-289c-44ae-9713-647970bd446f.jpeg?type=f300_300,blue****,21.03.02.
51,5,색상이 이상해서 교체했는데 삐그덕거리네요.소리나서 좀 그래요. 근데 검수를 잘 안하는지 교체한헤드에 스크래치있더라구요. 그냥 씁니다.,https://phinf.pstatic.net/checkout.phinf/20210326_233/1616733550718xm6ES_JPEG/review-attachment-82ce0c68-4eea-44ca-8516-25b8964bed1e.jpeg?type=f300_300,lemo****,21.02.24.
52,5,"한달 사용해본 후기입니다.삐그덕 소리도 안나고
튼튼하고 디자인도 너무 맘에들어요.
집에온 손님들도 이쁘다고 하네요^^",https://phinf.pstatic.net/checkout.phinf/20210302_38/1614669677617STteg_JPEG/review-attachment-fe7d1778-e849-43bf-9c69-25c387d92967.jpeg?type=f300_300,ahnw****,21.02.24.
53,4,"사용하면서 견고하다는 생각을 많이 했어요
냄새같은것도 안나고 볼수록 이쁘고 윤이나서 만족합니다",https://phinf.pstatic.net/checkout.phinf/20210324_14/1616592268376oVcrO_JPEG/review-attachment-6944ab6a-f4c1-4229-913f-2d91456cb49f.jpeg?type=f300_300,427l****,21.02.23.
54,5,"생각보다 너무너무 예뻐요
견고함은 기본이고요~
ss+LK조합이고 아주 넓직하니 좋네요",https://phinf.pstatic.net/image.nmv/shopnbuyer_2021_03_06_0/25e12ea8-7e50-11eb-a12c-a0369ff963bc_03.jpg?type=ffn300_300,nice****,21.02.26.
55,5,"이사날짜에서 여유있게 구매해서 
미리구매하고 어제 받았습니다 
제품은 쇼룸에서 직접 보고 구매해서 만족합니다 
다만 설치기사님이 불친절하셔서 기분이 좋지 못했네요",https://phinf.pstatic.net/checkout.phinf/20210320_105/1616223781647oNk9X_JPEG/review-attachment-8c22d43d-4e43-4bfc-828c-acfb5e3189e2.jpeg?type=f300_300,ccvj****,21.02.19.
56,5,"구매한지는 조금 됐지만 새로 이사하고 
사용한건 2주 넘었어요 
여전히 만족하면서 사용중이예요
디자인은 말할것도 없고 조카가 놀러와서
정신없이 뛰고 난리를 쳐도 그떡없어요
중요한건 매트리스가 1도 안밀려요
밀림방지 나무를 설치 안하길 잘한거 같아요
신혼부부에게 튼튼한 침대프레임 필수죠..(19)
아주 견고하게 잘 만든 프레임 인정이요^^",https://phinf.pstatic.net/checkout.phinf/20210321_1/1616337351998rIa4D_JPEG/review-attachment-44706da5-1e53-42f3-ac4e-b7c0cdb6e05f.jpeg?type=f300_300,ddil****,21.01.15.
57,3,"월넛 화면상으로 조금 흐린듯해서
주문했는데...칠이 조금 진한 상품이
배송되었지만...눈에 익으니 좋네요",https://phinf.pstatic.net/checkout.phinf/20210316_94/1615821425969YKvG1_JPEG/review-attachment-5556215d-7f39-4994-b933-a57ce876e651.jpeg?type=f300_300,yhy1****,21.03.16.
58,5,"정말 최고의 선택인 것 같아요!
지금 일주일 넘게 사용하셨는데
부모님께서 너무 좋아하십니다.
잠자리가 너무 편하다고 하셔서
기분이 좋네요!
사업 번창하시고
조만간 제 침대도 구매할 예정 :)",https://phinf.pstatic.net/checkout.phinf/20210328_213/1616917248379WGf6I_JPEG/review-attachment-e67750eb-0f79-4fdc-80c5-da6556e56e68.jpeg?type=f300_300,rain****,21.02.08.
59,5,"배송은 11/16 주문 12/23에 받았어요
급한게 아니었기에 조금 늦었지만 업체와 조율 후 잘 받았어요 워낙 인기가 좋은 상품이라 제작 후 배송까지의 기간이 좀 걸리는거 같아요 
제가 배송받은 시간이 저녁 6시쯤인데 저희집 끝나고 또 배송 가신다고 하더라구요 
업체와 배송설치 기사님 모두 너무 친절하셨어요 
기사님 혼자 오셔서 뚝딱하시는데 찐멋짐..
라지킹 사이즈 진짜 크긴 크네요 
갈비살 라지킹 프레임 (월넛) 찾기가 쉽지 않았는데 천만다행으로 이곳을 발견했어요
프레임과 매트리스 사이즈가 찰떡으로 잘 맞아요 이걸 제일 걱정했었는데...
매트리스는 브랜드리스 모피어스21 사용해서
높이가 꽤 있지만 전혀 문제되지 않아요
색상도 제가 생각했던 분위기있는 월넛색상!!
이것 또한 가장 중요했는데 원목월넛 잘못사면 
싼티 많이 나는데 다행히 너무 맘에 들어요 
멋진 침대프레임에서 신혼생활을 할수 있게되어 기쁩니다~ 제가 원하던 안방 분위기 연출 성공했어요 가격도 착하고 품질도 좋은 상품 감사해요 잔고장(삐걱거림)없이 오래 잘 썼으면 좋겠어요 부디..!! 번창하세요^^
고민하는 시간은 배송기간만 늦출뿐입니다
얼릉 구매하세요 ㅎㅎ",https://phinf.pstatic.net/checkout.phinf/20210327_89/1616811986472Qd3M2_JPEG/review-attachment-958007b3-d281-4d72-849b-038d15241e08.jpeg?type=f300_300,ddil****,20.12.26.
60,5,"원하는배송일자에 맞춰왔어요
디자인도 색상도 너무 만족해요:)",https://phinf.pstatic.net/image.nmv/shopnbuyer_2021_03_18_0/f50e1490-8786-11eb-8379-a0369ff968b0_03.jpg?type=ffn300_300,seul****,21.02.27.
61,5,설치도 잘 되었고 사진처럼 실물도 마음에 쏙 드네요.늦게 배송될줄알고 느긋하게 기다렸는데 생각보다 빨리왔어요.보기도 좋고 사용감도 좋습니다.,https://phinf.pstatic.net/checkout.phinf/20210319_127/1616082656061z2b4a_JPEG/review-attachment-91c42776-47b4-4418-a2fa-5df698fa7f7d.jpeg?type=f300_300,winn****,21.02.12.
62,5,"내추럴로 주문 했는데 월넛이 와서 버꿀까 고민을 했는데 실제로 보니 괜찮은것 같아서 그냥 사용 할려고요~
제품은 마음에 들지만 설치가 좀 미흡했다고 생각해요 
미끄럼방지도 가운데 해주시면 좋았을껑 .....쫌 치우쳐져 있고 프레임 다리는 붕 떠 있더라고요 ..... 집에 사람이 없어서 그런건가 ........ 기사님이 계속 시간을 미루셔서 어쩔수 없죠 제가 보수 해야지",https://phinf.pstatic.net/checkout.phinf/20210320_176/16162120200768ETu1_JPEG/review-attachment-38c9ab3a-b47a-460a-85e9-62063a5f1014.jpeg?type=f300_300,dbal****,21.02.02.
63,5,"프레임이 다른제품보다 높아서 이뻐요
내츄럴색상도 이쁘게 나왔네요
딸방에 설치했는데 조아해요 ㅎ",https://phinf.pstatic.net/checkout.phinf/20210308_119/1615210890678mSYoz_JPEG/review-attachment-a0c913aa-bdd5-4704-979e-249a57d5220b.jpeg?type=f300_300,ogl7****,21.02.18.
64,5,한달 사용해도 튼튼 보면볼 수록 잘 골랐다는 생각이 드는 프레임이에요!,https://phinf.pstatic.net/checkout.phinf/20210310_60/16153745594077WgYV_JPEG/review-attachment-4d080459-586f-4cf7-bbe4-f535cb9bba5f.jpeg?type=f300_300,hyos****,21.02.28.
65,5,색깔이 고급저요! 밝고 화사해서 좋아요,https://phinf.pstatic.net/image.nmv/shopnbuyer_2021_02_08_0/96e26fb1-69ae-11eb-8a7c-505dac8c3607_03.jpg?type=ffn300_300,angl****,21.03.15.
66,5,희망 배송일 딱 맞춰 주셨구요 침대 너무너무 이뻐요~~,https://phinf.pstatic.net/checkout.phinf/20210325_220/16166257479352Juln_JPEG/review-attachment-c22096ea-e33f-4a2f-90b0-e4247159e593.jpeg?type=f300_300,ktyg****,21.02.25.
67,5,"크고 웅장?해요. 배송일 미리 연락주시고, 설치도 빨리 끝냈어요
나무라 냄새안나고 튼튼한데

저희집 고양이가 침대밑에 들어간 것 보려고
침대밑을 봤는데
침대다리 조립이 엉망이네요 ㅋㅋ
단차가 있고 방향이
왔다갔다네요
조립할때 지켜보세요 ㅋㅋ
지금은 어떻게 하지도 못해요 ㅋ",https://phinf.pstatic.net/checkout.phinf/20210327_92/1616803493042Fjhti_JPEG/review-attachment-e85d7ba4-0757-4a3a-8472-5cad0f651168.jpeg?type=f300_300,hj2l****,21.01.27.
68,3,"완전 튼튼하고 너무 예뻐요
기사님도 친절하고 배송날짜도 딱 맞게 오셨어요
너무좋네요~",https://phinf.pstatic.net/checkout.phinf/20210107_104/1610015800326SV0DV_JPEG/review-attachment-0641e67a-a200-444b-b05c-4abb1fbe33ab.jpeg?type=f300_300,summ****,21.02.22.
69,5,넘맘에들어요ㅎ 인터넷으로 가구 사는편아닌데 넘 잘샀네요ㅎ 아들이 탐내해요ㅎ 미끄럼방지는 기사분께서 재고없다고 하셔서 업체에 연락해서 택배로 받았네요ㅎ 미끄럼방지없어도 튼튼하고좋아요ㅋ 완전 맘에듭니다~^^,https://phinf.pstatic.net/checkout.phinf/20210320_196/1616206336693TnGGb_JPEG/review-attachment-6f96c771-e825-4084-a3c7-b68ac03f2da7.jpeg?type=f300_300,for_****,21.01.31.
70,5,"생각보다 튼튼하고 더 예쁘네요
기사분도 정말 친절하셨어요!

그치만 헤드부분에 네모자국으로 구멍이있어서 문의드렸더니
천연목이라 그럴수있다 라는 답변이왔어요..
그 부분이 좀 아쉽긴 하네요",https://phinf.pstatic.net/checkout.phinf/20210221_195/1613906687119H30Rs_JPEG/review-attachment-88d851ad-289c-44ae-9713-647970bd446f.jpeg?type=f300_300,eunj****,21.02.09.
71,5,라지킹 매트리스 구매하여~큰 사이즈로 침대방에 넣었어요!! 첨엔 묵직하게 큰 듯 보였으나 견고하고 매트리스 넣으니 이쁘고 좋네요! 배송기사님도 친절하게 설치해 주셨습니다!!,https://phinf.pstatic.net/checkout.phinf/20210326_233/1616733550718xm6ES_JPEG/review-attachment-82ce0c68-4eea-44ca-8516-25b8964bed1e.jpeg?type=f300_300,hyos****,21.02.07.
72,5,원목 튼튼하고 질 좋아요 강추 합니다,https://phinf.pstatic.net/checkout.phinf/20210302_38/1614669677617STteg_JPEG/review-attachment-fe7d1778-e849-43bf-9c69-25c387d92967.jpeg?type=f300_300,ange****,21.03.16.
73,3,"일단 침대디자인은 예뻐요 ... 견고해보이기도 하는데 가장자리에 앉으면 많이 삐걱거리네요 조립이 잘못된건지... 그리고 배송받는과정이 너무너무 힘들었네요. 원래 배송받기로 한 날 다른고객이 없어서(???) 배송을 못해준다는 이해못할상황도 있었고... 그런데 이게 월넛색상으로 배송된 게 맞나요? 옆의 책장이 통상의 월넛색인데 차이가 좀 많이나네요. 색상이 맞게 배송된 게 맞는지 확인좀부탁드려요. 그리고 사진처럼 크랙? 갈라진 틈새가 군데군데 있는데 불량은 아닌지, 아닌경우 사용하다가 더 갈라져버리면 교환가능한지 확인바랍니다.",https://phinf.pstatic.net/checkout.phinf/20210324_14/1616592268376oVcrO_JPEG/review-attachment-6944ab6a-f4c1-4229-913f-2d91456cb49f.jpeg?type=f300_300,subf****,20.12.26.
74,5,가성비가 좋고 심플해요,https://phinf.pstatic.net/image.nmv/shopnbuyer_2021_03_06_0/25e12ea8-7e50-11eb-a12c-a0369ff963bc_03.jpg?type=ffn300_300,han7****,21.02.28.
75,5,잘받았어요고마워요 감사합니다,https://phinf.pstatic.net/checkout.phinf/20210320_105/1616223781647oNk9X_JPEG/review-attachment-8c22d43d-4e43-4bfc-828c-acfb5e3189e2.jpeg?type=f300_300,hard****,21.03.18.
76,5,너무 맘에 들어요 :),https://phinf.pstatic.net/checkout.phinf/20210321_1/1616337351998rIa4D_JPEG/review-attachment-44706da5-1e53-42f3-ac4e-b7c0cdb6e05f.jpeg?type=f300_300,hanh****,21.03.25.
77,5,"배송 문제 때문에 몇번 변경했는데 친절하게 맞춰주셔서 감사했습니다. 매트리스가 미국꺼라 진짜 커서 프레임 찾기 힘들었는데, 이 가격에 프레임 찾기 힘들거 같습니다. 나무는 약간의 스크래치를 발견했는데 매트리스에 가리면 보이지도 않을 거 같아요. 신혼부부의 첫 침대의 프레임을 라움과 시작하게 되어서 좋아요! 견고하고 움직이 없어요!",https://phinf.pstatic.net/checkout.phinf/20210316_94/1615821425969YKvG1_JPEG/review-attachment-5556215d-7f39-4994-b933-a57ce876e651.jpeg?type=f300_300,159y****,21.01.28.
78,5,한달 넘게 사용중인데 색상도 디자인도 다 마음에 들어요,https://phinf.pstatic.net/checkout.phinf/20210328_213/1616917248379WGf6I_JPEG/review-attachment-e67750eb-0f79-4fdc-80c5-da6556e56e68.jpeg?type=f300_300,jise****,21.02.18.
79,3,튼튼하고 좋네요 ㅎㅎ 우이혼에도 나오던데 이쁘더라구요 ㅋ,https://phinf.pstatic.net/checkout.phinf/20210327_89/1616811986472Qd3M2_JPEG/review-attachment-958007b3-d281-4d72-849b-038d15241e08.jpeg?type=f300_300,menh****,21.02.18.
80,5,"일단 새 가구의 매운 냄새없고, 그렇다고 원목냄새나는것도 아니긴해요.

가격대비 튼튼하고 무난하게 사용하고 있어요.",https://phinf.pstatic.net/image.nmv/shopnbuyer_2021_03_18_0/f50e1490-8786-11eb-8379-a0369ff968b0_03.jpg?type=ffn300_300,juan****,21.02.09.
81,5,"설날 전에는 못 받을까봐 문의드렸는데 빨리 배송해줘서 감사해요~ 프레임 생각보다 커요~ 안방에 잘 어울리네요~전 하드한 매트리스 가 좋아서 스프링매트리스구입햇는데 그렇게 하드하진 않은거 같네요~ 
암튼 잘 쓸께요~~",https://phinf.pstatic.net/checkout.phinf/20210319_127/1616082656061z2b4a_JPEG/review-attachment-91c42776-47b4-4418-a2fa-5df698fa7f7d.jpeg?type=f300_300,eunm****,21.02.02.
82,5,너무 이쁘네요~한달정도 보다가 구입했는데 마음에 듭니다,https://phinf.pstatic.net/checkout.phinf/20210320_176/16162120200768ETu1_JPEG/review-attachment-38c9ab3a-b47a-460a-85e9-62063a5f1014.jpeg?type=f300_300,wnw2****,21.02.16.
83,5,너무 마음에듭니다^^매트리스도편하고 디쟈인 모두모두 추천요♡♡,https://phinf.pstatic.net/checkout.phinf/20210308_119/1615210890678mSYoz_JPEG/review-attachment-a0c913aa-bdd5-4704-979e-249a57d5220b.jpeg?type=f300_300,eppi****,21.03.10.
84,5,아이들이 처음으로 침대를 쓰게 됐는데 너무 만족하네요. 색상도 마음에 들고 견고하고 메모리폼 메트리스도 쿠션감이 좋습니다. 헤드가 생각보다는 높게 올라오네요.,https://phinf.pstatic.net/checkout.phinf/20210310_60/16153745594077WgYV_JPEG/review-attachment-4d080459-586f-4cf7-bbe4-f535cb9bba5f.jpeg?type=f300_300,zapp****,21.02.02.
85,5,"주문하고 3-4주만에 오늘 받았어요. 기사님 뚝딱뚝딱 하더니 30분만에 설치끝.  침대는 튼튼하고 월넛색으로 하기 잘한곳같아요. 사용해봐야 알겠지만  소리안나고 오래쓸수있으면 좋겠어요.   
침대 다리 2개가 불량인데 조금 아쉽네요.  교환해야될것기도하고요",https://phinf.pstatic.net/image.nmv/shopnbuyer_2021_02_08_0/96e26fb1-69ae-11eb-8a7c-505dac8c3607_03.jpg?type=ffn300_300,winn****,21.01.13.
86,5,배송기사님도친절하고 설치도잘해주셨네요,https://phinf.pstatic.net/checkout.phinf/20210325_220/16166257479352Juln_JPEG/review-attachment-c22096ea-e33f-4a2f-90b0-e4247159e593.jpeg?type=f300_300,idsj****,21.02.23.
87,4,크게 주문했더니 정말 마음에 들어요 잠잘때 편하고 좋아요,https://phinf.pstatic.net/checkout.phinf/20210327_92/1616803493042Fjhti_JPEG/review-attachment-e85d7ba4-0757-4a3a-8472-5cad0f651168.jpeg?type=f300_300,love****,21.03.08.
88,5,실제 색상은 매트리스 안올렸을때 사진에 나온 색상과 제일 유사해요! 소리도안나고 다 좋은데 매트리스가 양 사이드로 좀 밀리네요... 밀림방지 고무같은거 한번 찾아봐야할거같아요 ㅠㅠ 그거제외하곤 예뻐요,https://phinf.pstatic.net/checkout.phinf/20210107_104/1610015800326SV0DV_JPEG/review-attachment-0641e67a-a200-444b-b05c-4abb1fbe33ab.jpeg?type=f300_300,jise****,21.01.19.
89,5,"좋네요
전부터 눈여겨 보던 프레임인데
가격도 너무 좋은데
제품도 좋네요
냄새도 안나고 먼지도 없고
보기보다 튼튼해보여요
친절한 기사님께서 시간조율해서 딱 맞춰 방문해주셨고 조립도 잘 해주고 가셨고요
평상에 미세하게 단차가 조금 있긴 하지만 신경쓰일정도는 아니어서 괜찮습니다
좋은 구매했네요",https://phinf.pstatic.net/checkout.phinf/20210320_196/1616206336693TnGGb_JPEG/review-attachment-6f96c771-e825-4084-a3c7-b68ac03f2da7.jpeg?type=f300_300,flam****,21.01.09.
90,5,월넛으로 하기 잘했어요 고급스럽고 소리도 없고 튼튼하네요..예약배송했더니 딱 시간맞춰 잘 왔고 이 가격에 너무 좋아요~,https://phinf.pstatic.net/checkout.phinf/20210221_195/1613906687119H30Rs_JPEG/review-attachment-88d851ad-289c-44ae-9713-647970bd446f.jpeg?type=f300_300,iami****,21.02.28.
91,3,"이사 오면서 침대도 싹 다 버리고 새로 마련하기로 해서 고민하다가~ 거실 티비장 구매했던 라움에서 때마침 쇼핑라이브를 진행하더라구요. 직접 체험해보지 못해서 처음에는 구매를 망설였는데 방송을 보면서 직원분이 침대에 올라가서 뛰셨던가... 그거 보고서 아, 견고하구나 ㅋ⫬생각하고 엄빠 침대 퀸킹사이즈, 제 침대는 슈퍼싱글로 ㅋㅋㅋ꙼̈ 배송 올 때까지 바닥에서 잤는데 오늘부터는 매트도 새로 왔고 폭신하게 잘 잘 수 있을 것 같아요. 지금은 꾸민 것도 없지만, 하나씩 꾸며 볼까해요◡̈",https://phinf.pstatic.net/checkout.phinf/20210326_233/1616733550718xm6ES_JPEG/review-attachment-82ce0c68-4eea-44ca-8516-25b8964bed1e.jpeg?type=f300_300,lulu****,21.01.15.
92,5,튼튼해요 삐걱소리도 안나요,https://phinf.pstatic.net/checkout.phinf/20210302_38/1614669677617STteg_JPEG/review-attachment-fe7d1778-e849-43bf-9c69-25c387d92967.jpeg?type=f300_300,lice****,21.02.20.
93,5,엄청친절하시고..하필 춥고 눈오는날 배송하시느라고생 많으셨어요..감사합니다..,https://phinf.pstatic.net/checkout.phinf/20210324_14/1616592268376oVcrO_JPEG/review-attachment-6944ab6a-f4c1-4229-913f-2d91456cb49f.jpeg?type=f300_300,k121****,21.01.28.
94,5,튼튼하고  좋아요..,https://phinf.pstatic.net/image.nmv/shopnbuyer_2021_03_06_0/25e12ea8-7e50-11eb-a12c-a0369ff963bc_03.jpg?type=ffn300_300,k121****,21.03.17.
95,5,"원목 침대로 튼튼하게 잘 만들어졌고요 흔들림은 전혀 없습니다
누웠을 때 안정적으로 받쳐주는 느낌이 들어서 좋았고 옷장과 톤도 맞아서 방이 통일감 있어서 좋네요",https://phinf.pstatic.net/checkout.phinf/20210320_105/1616223781647oNk9X_JPEG/review-attachment-8c22d43d-4e43-4bfc-828c-acfb5e3189e2.jpeg?type=f300_300,jele****,21.02.02.
96,5,사이즈도 크고 디자인도 이뻐서 좋아요. 삐걱거리는 소리 없고 견고합니다. 침대 밑 청소하기도 편해요.,https://phinf.pstatic.net/checkout.phinf/20210321_1/1616337351998rIa4D_JPEG/review-attachment-44706da5-1e53-42f3-ac4e-b7c0cdb6e05f.jpeg?type=f300_300,stil****,21.02.06.
97,5,"1.원하는날짜 메모란에 적어뒀어요 기사님이 먼저 전날에 연락주셔서 시간약속잡았어요~굳
또한 메모란에 미끄럼방지턱 미끄럼패드 안잊고 보내주셔서 고맙습니다.
2.제품색상이 너무이쁘고 견고해 보여요 프레임주변정리하느라 밟고다녔는데 휘청거리거나 들뜬부분없이 너무 견고합니다.
3.가격이 안아까울정도로 만족스럽습니다.",https://phinf.pstatic.net/checkout.phinf/20210316_94/1615821425969YKvG1_JPEG/review-attachment-5556215d-7f39-4994-b933-a57ce876e651.jpeg?type=f300_300,ksm0****,21.02.06.
98,5,이 정도 가격에 이만한 품질의 프레임은 없을거에요!최고ㅠㅠ 보자마자 바로 결정했어요~! 아직 매트리스가 안왔는데 빨리 올려놓고싶어요ㅎㅎ 그리고 배송 기사님이 너무너무 친절하셨어요 제가 주소를 잘못써서 오해?가 생겼는데 퇴근하시고도 지인분께 물어봐서 확인해주시고 일정도 조정해주셔서 정말 감사했습니다!!,https://phinf.pstatic.net/checkout.phinf/20210328_213/1616917248379WGf6I_JPEG/review-attachment-e67750eb-0f79-4fdc-80c5-da6556e56e68.jpeg?type=f300_300,mgse****,21.01.20.
99,5,"쇼룸가서 보고 라이브방송때 샀어요. 헤드부분도 마음에 들고, 네츄럴이 집 몰딩과도 잘 어울려좋았어요. 한달 써보았는데 삐걱 없구요, 매트리스가 40t인데 더 잘 어울리는 것 같아요. 스토퍼랑 미끄럼방지 챙겨주셨구요, 미끄럼방지로 지금 고정되는거 같아 스토퍼는 설치 안했답니다. 하단부가 뚫려있어서 먼지청소도 편하구요, 침대아래 수납박스로 수납하기도 좋아요. 다들 프레임 예쁘다고 칭찬하더라구요. 엄지 척이랍니다.",https://phinf.pstatic.net/checkout.phinf/20210327_89/1616811986472Qd3M2_JPEG/review-attachment-958007b3-d281-4d72-849b-038d15241e08.jpeg?type=f300_300,eall****,20.12.21.
