﻿,star,review,reviewImage,customerId,reviewDate
0,3,"제품자체는 괜찮습니다.
다만 설명서가 좀 허술해요.
헤드쪽판재에 구멍이 위아래가 있는데 설명서에 그부분언급이 미비해서 거꾸로 조립하는바람에 뒤에가서 다시 해체했습니다.",https://phinf.pstatic.net/image.nmv/shopnbuyer_2021_03_18_0/f50e1490-8786-11eb-8379-a0369ff968b0_03.jpg?type=ffn300_300,lucy****,20.06.29.
1,3,조립 어렵지 않았구요 다만 깔판에 나사 구멍이 표시되어 있음 더 좋겠네요 갈빗살이 원래 짧은건지..모르겠어요,https://phinf.pstatic.net/checkout.phinf/20210319_127/1616082656061z2b4a_JPEG/review-attachment-91c42776-47b4-4418-a2fa-5df698fa7f7d.jpeg?type=f300_300,aywo****,19.04.26.
2,4,이쁘고 튼튼해요.  아이가 좋아합니다,https://phinf.pstatic.net/checkout.phinf/20210320_176/16162120200768ETu1_JPEG/review-attachment-38c9ab3a-b47a-460a-85e9-62063a5f1014.jpeg?type=f300_300,lsy4****,19.01.18.
3,5,좋아요좋아요오 가격대비 좋구요 혼자 조립하기엔 많이 힘듭니다 2시간 반 걸렸어요 가족들에게 도와달라고 하세요 ㅠㅠ,https://phinf.pstatic.net/checkout.phinf/20210308_119/1615210890678mSYoz_JPEG/review-attachment-a0c913aa-bdd5-4704-979e-249a57d5220b.jpeg?type=f300_300,happ****,18.04.07.
4,5,좋아요 튼튼하고,https://phinf.pstatic.net/checkout.phinf/20210310_60/16153745594077WgYV_JPEG/review-attachment-4d080459-586f-4cf7-bbe4-f535cb9bba5f.jpeg?type=f300_300,happ****,18.04.07.
