﻿,star,review,reviewImage,customerId,reviewDate
0,3,"갈빗살이 출렁거리는 느낌이 들어 싱글 평상(24,800원)을 따로 구입해서 깔았더니 튼튼합니다 매트리스 높이가 약간 올라가지만 갈빗살때 흔들리는 느낌보다는 안정적이라 만족하네요 침대 디자인도 가격대비 깔끔하고 좋아요
조립이 약간 힘들 수 있는데 저희는 예전에 해봤던 구성이어서 금방 했습니다.",https://phinf.pstatic.net/image.nmv/shopnbuyer_2021_03_18_0/f50e1490-8786-11eb-8379-a0369ff968b0_03.jpg?type=ffn300_300,onju****,21.03.03.
1,4,좋습니다  고등생  아이사용합니다,https://phinf.pstatic.net/checkout.phinf/20210319_127/1616082656061z2b4a_JPEG/review-attachment-91c42776-47b4-4418-a2fa-5df698fa7f7d.jpeg?type=f300_300,kyun****,21.03.25.
2,3,조립 어렵지 않아서 금방 했구요 깔끔하고 심플해서 맘에 듭니다 약간의 오염있었는데 닦으니 지워졌어요,https://phinf.pstatic.net/checkout.phinf/20210320_176/16162120200768ETu1_JPEG/review-attachment-38c9ab3a-b47a-460a-85e9-62063a5f1014.jpeg?type=f300_300,jka8****,19.10.02.
3,5,너무좋아요 적극추천해요,https://phinf.pstatic.net/checkout.phinf/20210308_119/1615210890678mSYoz_JPEG/review-attachment-a0c913aa-bdd5-4704-979e-249a57d5220b.jpeg?type=f300_300,shsa****,18.12.02.
