﻿,star,review,reviewImage,customerId,reviewDate
0,5,라지킹사이즈 마지막제품이었는데 제게 팔아주셔서 감사해여 넘예뻐여...,https://phinf.pstatic.net/image.nmv/shopnbuyer_2021_03_18_0/f50e1490-8786-11eb-8379-a0369ff968b0_03.jpg?type=ffn300_300,tptp****,20.11.28.
1,5,침대예뻐요 튼튼하게 오래쓰고싶네요,https://phinf.pstatic.net/checkout.phinf/20210319_127/1616082656061z2b4a_JPEG/review-attachment-91c42776-47b4-4418-a2fa-5df698fa7f7d.jpeg?type=f300_300,tptp****,20.10.29.
2,3,"깔판 마감 미흡으로 교환받았어요
응대는 잘 해주셨지만 그래도 기분은 썩 좋지는 않았네요
가구 냄새가 좀 심해요 매일 환기시키는데도 아직도 문닫아놓으면 냄새가 나요",https://phinf.pstatic.net/checkout.phinf/20210320_176/16162120200768ETu1_JPEG/review-attachment-38c9ab3a-b47a-460a-85e9-62063a5f1014.jpeg?type=f300_300,y100****,20.10.05.
3,5,"제품은 견고 하고 깔끔합니다
나무 냄새가 조금 나는거 빼곤 심플하니 좋습니다",https://phinf.pstatic.net/checkout.phinf/20210308_119/1615210890678mSYoz_JPEG/review-attachment-a0c913aa-bdd5-4704-979e-249a57d5220b.jpeg?type=f300_300,clad****,20.07.04.
