﻿,star,review,reviewImage,customerId,reviewDate
0,5,다른집에도 하나 더 추가 구입 후 만족스럽게 사용 중이에요^^,https://phinf.pstatic.net/image.nmv/shopnbuyer_2021_03_18_0/f50e1490-8786-11eb-8379-a0369ff968b0_03.jpg?type=ffn300_300,bdh_****,21.03.19.
1,5,"아주 만족스럽습니다 .
솔직히 가격이 저렴해서 원목퀄리티를 기대하지않았는데 상태가매우 좋아요 기존에 쓰던
무인양품 이랑 비교해도 손색없어요 . 
배달기사님 도 너무 친절하세요 
저희는 사이즈도 라지킹이라 힘드셨을텐데 마무리도 확실하게 해주고 가셔서 만족도가 큽니다 ! 어려운한해 건강잘챙기시고 건승하세요 !!!",https://phinf.pstatic.net/checkout.phinf/20210319_127/1616082656061z2b4a_JPEG/review-attachment-91c42776-47b4-4418-a2fa-5df698fa7f7d.jpeg?type=f300_300,onew****,21.02.02.
2,5,"지정한 날짜에 맞춰서 잘 배송되었습니다.
기사님 혼자서 고생하시더라구요ㅠㅠ

침대 프레임은 크기도 크고 색상도 이쁘게 잘나온거같습니다.
프레임 나무도 통판이라 튼튼해요 ㅋㅋ",https://phinf.pstatic.net/checkout.phinf/20210320_176/16162120200768ETu1_JPEG/review-attachment-38c9ab3a-b47a-460a-85e9-62063a5f1014.jpeg?type=f300_300,joy9****,21.01.28.
3,5,"이곳저곳 발품팔다 똑같은 디자인의 상품을 
이즈네이처에서 찾았네요 
리뷰도 꼼꼼이 확인하고 가성비치곤 너무 잘 나온 상품인듯해 바로주문 희망일배송으로1주일 걸려
주말에 받았는데 기사님 너무 친절하시고 빠르시고 정확하시네요
흰수건으로 닦아봤는데 검은때 없이 깨끗하고 리뷰서 냄새난다하셨는데.. 냄새 전혀 없어요
기존 에이스 매트리스 퀸사이즈올렸는데 옆에 쬐끔씩 여유분있네요 킹사이즈 딱맞는것도 이쁜데 전 이것도 좋네요
헤드부분도 멋스럽고 고급지고
프레임도 끽끽 소리없이 튼튼하고 견고하네요
오늘부터1일 편안하게 자려고 기대해봅니다^^",https://phinf.pstatic.net/checkout.phinf/20210308_119/1615210890678mSYoz_JPEG/review-attachment-a0c913aa-bdd5-4704-979e-249a57d5220b.jpeg?type=f300_300,mhjh****,20.12.26.
4,5,"아주 잘사용하고있습니다 .
저렴한 가격에 예쁜디자인",https://phinf.pstatic.net/checkout.phinf/20210310_60/16153745594077WgYV_JPEG/review-attachment-4d080459-586f-4cf7-bbe4-f535cb9bba5f.jpeg?type=f300_300,onew****,21.03.06.
5,5,"원목 새도 예쁘고 무지타탄해 보이네요.
단 머리판 맨위보분이 양쪽으로 여유가 있다보니 벽에 안붙어요.
그래도 좋아요.",https://phinf.pstatic.net/image.nmv/shopnbuyer_2021_02_08_0/96e26fb1-69ae-11eb-8a7c-505dac8c3607_03.jpg?type=ffn300_300,kjin****,21.01.30.
6,5,"오랜시간 고민하다가 주문했고 결과는 만족 만족 만족입니다. 색 예쁘고 튼튼합니다!
다만 약간 삐걱 거리는 소리가 나는데 괜찮은건지 궁금하네요!!!",https://phinf.pstatic.net/checkout.phinf/20210325_220/16166257479352Juln_JPEG/review-attachment-c22096ea-e33f-4a2f-90b0-e4247159e593.jpeg?type=f300_300,haha****,21.02.15.
7,5,"지인들 놀러올 때마다 침대 프레임이 예쁘다고 하네요^^ 한달 넘도록 만족 중입니다.
첫 리뷰 작성 땐 낮 시간에 찍었으니, 이번엔 야간 사진첨부합니다 :)",https://phinf.pstatic.net/checkout.phinf/20210327_92/1616803493042Fjhti_JPEG/review-attachment-e85d7ba4-0757-4a3a-8472-5cad0f651168.jpeg?type=f300_300,bdh_****,21.01.15.
8,5,"디자인도 너무 예쁘고 프라임 자체도 튼튼해요
배송해주신분도 약속 잘 지켜주시고 바닥에 흠집나지 않게 잘 조립해주셨어요",https://phinf.pstatic.net/checkout.phinf/20210107_104/1610015800326SV0DV_JPEG/review-attachment-0641e67a-a200-444b-b05c-4abb1fbe33ab.jpeg?type=f300_300,blue****,21.01.18.
9,5,"예전에 거실장 사고 만족하여 프레임까지 주문 하였습니다
이쁘고 좋아요~",https://phinf.pstatic.net/checkout.phinf/20210320_196/1616206336693TnGGb_JPEG/review-attachment-6f96c771-e825-4084-a3c7-b68ac03f2da7.jpeg?type=f300_300,zzug****,21.02.09.
10,5,견고해 보이고 퀸 매트리스 쓰고도 남을정도로 크네요~ 차후 킹매트리스로 바꿀 생각도 있어서 만족합니다~ 색감이나 질감 고급져보이고 좋네요~ 같이 주문한 협탁도 잘어울리고 이쁩니다~~,https://phinf.pstatic.net/checkout.phinf/20210221_195/1613906687119H30Rs_JPEG/review-attachment-88d851ad-289c-44ae-9713-647970bd446f.jpeg?type=f300_300,bike****,20.12.20.
11,5,"삐그덕 소리도 안나고 튼튼합니다.
바닥과 떨어져있어서 청소하기도 편해요.",https://phinf.pstatic.net/checkout.phinf/20210326_233/1616733550718xm6ES_JPEG/review-attachment-82ce0c68-4eea-44ca-8516-25b8964bed1e.jpeg?type=f300_300,c0h0****,21.02.07.
12,4,가격도 저렴하고 쌈티도 안나고 아주 편하게 잘쓰고 있습니다 만족합니다 ^^,https://phinf.pstatic.net/checkout.phinf/20210302_38/1614669677617STteg_JPEG/review-attachment-fe7d1778-e849-43bf-9c69-25c387d92967.jpeg?type=f300_300,kpsk****,21.02.02.
13,5,침대 가운데 발이 불량이라 기사님들이 다시 오셔서 as해주셨는데 얼마전부터 누우려고 할때 소리가 조금씩 나네요 다시 한번 손봐야될듯해요,https://phinf.pstatic.net/checkout.phinf/20210324_14/1616592268376oVcrO_JPEG/review-attachment-6944ab6a-f4c1-4229-913f-2d91456cb49f.jpeg?type=f300_300,1771****,21.01.01.
14,5,"저희 거대한 매트리스를 잘 받쳐 주는서 같아요
생각보다 어둡지 않고 기사님이 잘 설치해주셨다네요",https://phinf.pstatic.net/image.nmv/shopnbuyer_2021_03_06_0/25e12ea8-7e50-11eb-a12c-a0369ff963bc_03.jpg?type=ffn300_300,haha****,21.01.02.
15,4,생각했던거보다 뜬튼하고 마감도 좋아요,https://phinf.pstatic.net/checkout.phinf/20210320_105/1616223781647oNk9X_JPEG/review-attachment-8c22d43d-4e43-4bfc-828c-acfb5e3189e2.jpeg?type=f300_300,lwy0****,20.12.31.
16,5,"침대 프레임은 킹사이즈에요. 하지만 퀸사이즈 매트리스를 깔아서 약간 턱이 생기게 뒀어요. 걸터 앉기 편해요. 평상형이라 가능한거 같아요.
헤듭부분이 높은걸 찾았는데 제가 원하는 높이라 좋았구요. 원목느낌도 고급진 느낌입니다.",https://phinf.pstatic.net/checkout.phinf/20210321_1/1616337351998rIa4D_JPEG/review-attachment-44706da5-1e53-42f3-ac4e-b7c0cdb6e05f.jpeg?type=f300_300,k950****,20.12.27.
17,4,사진보다도 훨씬 가볍지 않고 예전에 쓰던 가구하고 매치도 아주 잘되고 침대를 별로 좋아하지 않는 남편도 너무 괜찮다고 칭찬을 해주네요!!가격대비 너무 만족합니다. 기사님도 너무 친절하게 꼼꼼이 해주시고 가셨어요^^,https://phinf.pstatic.net/checkout.phinf/20210316_94/1615821425969YKvG1_JPEG/review-attachment-5556215d-7f39-4994-b933-a57ce876e651.jpeg?type=f300_300,nadi****,20.12.07.
18,5,침대 퀄리티 정말 최고입니다. 저희집은 씰리 킹사이즈 매트리스를 올린 상태이고 요 매트리스를 올려도 살짝 여유있는 사이즈 입니다. 원목 통짜 평상형 침대가 이 가격이란게 믿기지 않을 뿐입니다. 원목 고유의 색이 멋스럽고 견고하여 흔들림이 없습니다. 냄새 1도 없고 물걸레로 닦아도 검은때가 하나도 안나올만큼 관리가 잘 되어 저희집으로 왔습니다. 브랜드 프레임은 비싸기만 하고 절대 이 퀄리티 못 따라 옵니다. 100점이 모자라 1000점 드립니다. 번창하세요. 침대덕에 기분좋은 저녁입니다. 감사합니다.,https://phinf.pstatic.net/checkout.phinf/20210328_213/1616917248379WGf6I_JPEG/review-attachment-e67750eb-0f79-4fdc-80c5-da6556e56e68.jpeg?type=f300_300,haru****,20.11.16.
19,4,통원목제품은 처음인데 좋아요 튼튼하고,https://phinf.pstatic.net/checkout.phinf/20210327_89/1616811986472Qd3M2_JPEG/review-attachment-958007b3-d281-4d72-849b-038d15241e08.jpeg?type=f300_300,topa****,20.12.18.
20,5,"견고하고 너무 좋아요. 가끔 삐걱소리가 나지만, 그건 그냥 바닥 수평때문이라서 괜찮아용.",https://phinf.pstatic.net/image.nmv/shopnbuyer_2021_03_18_0/f50e1490-8786-11eb-8379-a0369ff968b0_03.jpg?type=ffn300_300,yhle****,20.12.08.
21,5,배송전날 기사님이 전화 주셨고 다음날 배송해 주셨네요. 설치 꼼꼼히 해주시고 제품에 대한설명등 친절히 해주셨어요. 제품은 살까 말까 왜  고민했을까 할정도로 마음에 듭니다.튼튼하고 웅장한느낌. 침대 프레임 구입하실분들 이것저것 고민할 필요 없어요.그냥 구입하셔도 만족하실겁니다.가성비 갑입니다.,https://phinf.pstatic.net/checkout.phinf/20210319_127/1616082656061z2b4a_JPEG/review-attachment-91c42776-47b4-4418-a2fa-5df698fa7f7d.jpeg?type=f300_300,care****,20.11.21.
22,5,갈빗대 프레임하고는 차원이 다릅니다. 완전 튼튼해보이네요.,https://phinf.pstatic.net/checkout.phinf/20210320_176/16162120200768ETu1_JPEG/review-attachment-38c9ab3a-b47a-460a-85e9-62063a5f1014.jpeg?type=f300_300,min4****,20.12.13.
23,5,완전 맘에드는 침대에요~~^^,https://phinf.pstatic.net/checkout.phinf/20210308_119/1615210890678mSYoz_JPEG/review-attachment-a0c913aa-bdd5-4704-979e-249a57d5220b.jpeg?type=f300_300,live****,20.12.20.
24,5,소리는 조금씩 나는데 볼수록 멋진 침대입니다 좋아요,https://phinf.pstatic.net/checkout.phinf/20210310_60/16153745594077WgYV_JPEG/review-attachment-4d080459-586f-4cf7-bbe4-f535cb9bba5f.jpeg?type=f300_300,dkra****,20.12.30.
25,5,침대가 생각했던거보다 컸어요 근데 견고하고 이뻐요,https://phinf.pstatic.net/image.nmv/shopnbuyer_2021_02_08_0/96e26fb1-69ae-11eb-8a7c-505dac8c3607_03.jpg?type=ffn300_300,sohe****,20.12.05.
26,5,"안방가득 고급스러움과 토퍼처럼 올려진 매트리스가 정말 편하고 좋아요
보는분들 마다 잘샀다고 칭찬..홍보 많이 했어요",https://phinf.pstatic.net/checkout.phinf/20210325_220/16166257479352Juln_JPEG/review-attachment-c22096ea-e33f-4a2f-90b0-e4247159e593.jpeg?type=f300_300,tkdg****,20.12.18.
27,5,"다른 제품보다 원목두께가 두껍다고 설치해주신 기사님이 얘기해주고 가셨어요.
무거운 매트를 올려도 될 정도로 튼튼하고요.
킹사이즈 매트리스를 올리면 더 이쁠 것 같아요.
헤드부분에서 삐꺼거리는  소리가 나네요.
벽에서 좀 떼어 놓아야 할 것 같아요",https://phinf.pstatic.net/checkout.phinf/20210327_92/1616803493042Fjhti_JPEG/review-attachment-e85d7ba4-0757-4a3a-8472-5cad0f651168.jpeg?type=f300_300,shma****,20.11.11.
28,5,그럭저럭 만족합니다,https://phinf.pstatic.net/checkout.phinf/20210107_104/1610015800326SV0DV_JPEG/review-attachment-0641e67a-a200-444b-b05c-4abb1fbe33ab.jpeg?type=f300_300,kpsk****,20.12.22.
29,5,"완전 견고하고 비쥬얼도 최고.
가격대비 이만한제품이 없을듯",https://phinf.pstatic.net/checkout.phinf/20210320_196/1616206336693TnGGb_JPEG/review-attachment-6f96c771-e825-4084-a3c7-b68ac03f2da7.jpeg?type=f300_300,so02****,20.11.24.
30,5,배송한 날짜까지 못 올까봐 조마조마 했는데 제때 잘 왔구요. 배송기사님이 정말 친절하셨어요^^ 잘 쓰겠습니다 :),https://phinf.pstatic.net/checkout.phinf/20210221_195/1613906687119H30Rs_JPEG/review-attachment-88d851ad-289c-44ae-9713-647970bd446f.jpeg?type=f300_300,bdh_****,20.11.12.
31,5,가성비가 좋은제품같아요,https://phinf.pstatic.net/checkout.phinf/20210326_233/1616733550718xm6ES_JPEG/review-attachment-82ce0c68-4eea-44ca-8516-25b8964bed1e.jpeg?type=f300_300,acai****,20.12.15.
32,5,배송날짜도 맞춰서 오고 설치도 잘됐습니다 튼튼하고 좋은것 같아요 부품 온것 곧 바꿔 주신다고 합니다,https://phinf.pstatic.net/checkout.phinf/20210302_38/1614669677617STteg_JPEG/review-attachment-fe7d1778-e849-43bf-9c69-25c387d92967.jpeg?type=f300_300,1771****,20.11.11.
33,4,튼튼하고 예뻐요 ~~,https://phinf.pstatic.net/checkout.phinf/20210324_14/1616592268376oVcrO_JPEG/review-attachment-6944ab6a-f4c1-4229-913f-2d91456cb49f.jpeg?type=f300_300,wntj****,20.11.26.
34,3,정말 오랫동안 심사숙고 끝에 결정하고 배송 받았어요 완전 좋아요😍 고민하지 마시고 결재하세요,https://phinf.pstatic.net/image.nmv/shopnbuyer_2021_03_06_0/25e12ea8-7e50-11eb-a12c-a0369ff963bc_03.jpg?type=ffn300_300,tkdg****,20.10.31.
35,5,"튼튼하고 퀸과 킹을 필요에 따라 사용할 수 있는점이 좋아요
질리지 않는 색과 디자인입니다",https://phinf.pstatic.net/checkout.phinf/20210320_105/1616223781647oNk9X_JPEG/review-attachment-8c22d43d-4e43-4bfc-828c-acfb5e3189e2.jpeg?type=f300_300,bobo****,20.12.02.
36,5,좋아요. 따뜻한 색감이고 견고해요. 표면 처리도 부드럽고 꼼꼼해요.,https://phinf.pstatic.net/checkout.phinf/20210321_1/1616337351998rIa4D_JPEG/review-attachment-44706da5-1e53-42f3-ac4e-b7c0cdb6e05f.jpeg?type=f300_300,rdg1****,20.10.31.
37,3,배송지정일에 딱 배송되었고 생각보다 더 튼튼하고 좋아요~~~  기사님이 설치도 꼼꼼하게 잘해주셨고 아주 마음에 듭니다^^,https://phinf.pstatic.net/checkout.phinf/20210316_94/1615821425969YKvG1_JPEG/review-attachment-5556215d-7f39-4994-b933-a57ce876e651.jpeg?type=f300_300,yhle****,20.10.30.
38,5,"생긴것처럼 묵직하니 튼튼하네요 디자인도 깔끔하니 이쁘고 매끈하게 처리된 곡선 부분들이 맘에 쏙들어요 아직 사용전 이지만
가성비 갑중의갑인 제품인듯해요 저는 판매하시는 매트리스랑 같이구입했는데 매트리스 무게 때문에 밀림방지패드는 필요없을것 같아요 스프링부분은 아주탄탄하고 윗쪽 메모리폼 들어간부분은 폭신해서 아들이 아주 좋아해요 
한가지 배송설치해 주시는 분께서 혼자 두개 설치하신다고 고생은 하셨는데 이침대에 전혀 정보가 없으셔서..평상형침대 조립이 처음 이신건지? 상판두개를 연결하시지 않으시고 매트리스를 걍 올려두고 가셔서ㅜㅜ 한번더 방문해 주셔야 했어요
침대 구입전 다른 침대들 후기를보면 연결설치후 평형맞춤과 소음까지 확인하시고 조절도 해주고 하던데 그런 과정은 없는게 지방이라 그런건지
그리고 다른후기는 침대가운데 지지하는 다리가있던데 제가 구입한건 슈퍼싱글이라서 가운데 지지하는 다리가없는건지 암튼없어요
문의댓글에 빠른처리를 해주셔서 믿고 구입하셔도 되실듯합니다",https://phinf.pstatic.net/checkout.phinf/20210328_213/1616917248379WGf6I_JPEG/review-attachment-e67750eb-0f79-4fdc-80c5-da6556e56e68.jpeg?type=f300_300,wlsl****,20.09.18.
39,5,"배송기사분이 친절하세요 위치도 잡아주시고 어느쪽이 사용하기편한지 알려주셔서 도움이되었어요
상품이견고하고 소리도안나요 색상도 질감도 제가생각하던 딱 그거네요 모서리라운딩되어서 사용하기도 안전하고 튼튼합니다
사이즈 1700짜리 매트리스받아서 올리면 딱좋을거같아요~",https://phinf.pstatic.net/checkout.phinf/20210327_89/1616811986472Qd3M2_JPEG/review-attachment-958007b3-d281-4d72-849b-038d15241e08.jpeg?type=f300_300,love****,20.09.24.
40,5,"배송기사님 약속시간도 잘지켜주시고 쌀쌀한 날씨인데 땀뻘뻘흘리며 열심히 조립해주고 가셨어요
감사합니다",https://phinf.pstatic.net/image.nmv/shopnbuyer_2021_03_18_0/f50e1490-8786-11eb-8379-a0369ff968b0_03.jpg?type=ffn300_300,kafa****,20.10.24.
41,5,정말  단단하고  묵직하고  디자인 깔끔한것이  맘 에  듭니다   프레임 필요하면  이걸로  선택하면  좋은 결정 입니다,https://phinf.pstatic.net/checkout.phinf/20210319_127/1616082656061z2b4a_JPEG/review-attachment-91c42776-47b4-4418-a2fa-5df698fa7f7d.jpeg?type=f300_300,jch4****,20.11.17.
42,5,침대 정말 마음에 들어요. 실물이 훨씬 좋네요. 가격대비 고급스럽고 튼튼해서 오래 사용할 것 같아요. 배송도 생각보다 빨리 왔고 만족스러워서 이즈네이처 제품들에 대한 믿음이 생겼어요.,https://phinf.pstatic.net/checkout.phinf/20210320_176/16162120200768ETu1_JPEG/review-attachment-38c9ab3a-b47a-460a-85e9-62063a5f1014.jpeg?type=f300_300,aino****,20.10.14.
43,5,"화면이랑 똑같아요
튼튼하고  깔끔해보여서 볼때마다 만족합니다",https://phinf.pstatic.net/checkout.phinf/20210308_119/1615210890678mSYoz_JPEG/review-attachment-a0c913aa-bdd5-4704-979e-249a57d5220b.jpeg?type=f300_300,misu****,20.11.18.
44,5,"대박이예요 너무 이뻐요 
고민 하시는분들은 사세요",https://phinf.pstatic.net/checkout.phinf/20210310_60/16153745594077WgYV_JPEG/review-attachment-4d080459-586f-4cf7-bbe4-f535cb9bba5f.jpeg?type=f300_300,dkra****,20.11.18.
45,5,"저렴한가격에 아주 좋은 제품을 받은거 같아서 아주 만족합니다
다만 약간 삐그덕거리는 소리가 나서 좀 거슬리지만 매트리스를 깔면 안날것도 같고, 그외엔 만족도가 높아서 추천하고 싶습니다",https://phinf.pstatic.net/image.nmv/shopnbuyer_2021_02_08_0/96e26fb1-69ae-11eb-8a7c-505dac8c3607_03.jpg?type=ffn300_300,gjoy****,20.10.03.
46,5,원목 사이즈 원하는 날짜배송. 설치친절 제품 튼튼 디자인 굿.  두말할 나위 없습니다. 굿~~~~♡,https://phinf.pstatic.net/checkout.phinf/20210325_220/16166257479352Juln_JPEG/review-attachment-c22096ea-e33f-4a2f-90b0-e4247159e593.jpeg?type=f300_300,chi2****,20.11.05.
47,5,구매하고 보름정도 써본 후기는 최고얘요 생각보다  튼튼한건 말할 필요도 없고 다리가 두꺼워서 안정감이  있어요 나무질감이며 방이 큰방인데 침대크기가  커서 방이 꽉 차네요 베테랑기사님 일사천리로 뚝딱  설치 하고 혹시나 하고 침대를 둘러본데 친절한 설명까지 아주 만족합니다  혹시나 하고 망설이는 분들 주저하지 말고 주문하세요 고급스럽고 볼수록 이쁜게 자고 나면 개운한게 쓸수록 잘샀다는 생각이 들어요 아주 오랫동안  잘 쓸것 같아요,https://phinf.pstatic.net/checkout.phinf/20210327_92/1616803493042Fjhti_JPEG/review-attachment-e85d7ba4-0757-4a3a-8472-5cad0f651168.jpeg?type=f300_300,mtop****,20.09.10.
48,5,"배송지정일 날짜에 정확하게 배송되었구요
배송기사님도 친절하게 설치 잘해주고 가셨습니다
처음에 쓸때는 소리가 안났는데
몇일 쓰니깐 삐걱거리는 소리가 나는데 왜 나는건지...
아직 매트리스 쓰기전이긴 한데 매트리스를 올리면 괜찮아질지...
그거 빼곤 견고하고 정말 이쁘네요",https://phinf.pstatic.net/checkout.phinf/20210107_104/1610015800326SV0DV_JPEG/review-attachment-0641e67a-a200-444b-b05c-4abb1fbe33ab.jpeg?type=f300_300,love****,20.10.25.
49,5,"지인이사서추천하여샀어요
견고하고좋아요
제가검색해본것중제일마음에듭니다",https://phinf.pstatic.net/checkout.phinf/20210320_196/1616206336693TnGGb_JPEG/review-attachment-6f96c771-e825-4084-a3c7-b68ac03f2da7.jpeg?type=f300_300,mong****,20.10.12.
50,5,"배송 받은 제품 튼튼해서 만족, 특히 판매사업장 상담사님과 제품 설치해주신 사장님 친절에 감사드리며 사업 번창하시기 바랍니다",https://phinf.pstatic.net/checkout.phinf/20210221_195/1613906687119H30Rs_JPEG/review-attachment-88d851ad-289c-44ae-9713-647970bd446f.jpeg?type=f300_300,pck2****,20.11.01.
51,5,견고하고 예쁩니다. 사이즈가 생각보다 커서 놀랬고 친절하게 설치해주셨습니다. 매우만족 입니다.,https://phinf.pstatic.net/checkout.phinf/20210326_233/1616733550718xm6ES_JPEG/review-attachment-82ce0c68-4eea-44ca-8516-25b8964bed1e.jpeg?type=f300_300,so02****,20.10.07.
52,5,너무 이쁘고 좋아요 짱짱 ㅎㅎ 무겁긴하지만,https://phinf.pstatic.net/checkout.phinf/20210302_38/1614669677617STteg_JPEG/review-attachment-fe7d1778-e849-43bf-9c69-25c387d92967.jpeg?type=f300_300,shrc****,20.11.01.
53,5,"견고하고.소리도안나고
높이도적당해서 좋아요",https://phinf.pstatic.net/checkout.phinf/20210324_14/1616592268376oVcrO_JPEG/review-attachment-6944ab6a-f4c1-4229-913f-2d91456cb49f.jpeg?type=f300_300,gkdi****,20.10.13.
54,4,침대프레임 색상 마음에 들고 화면과 같아요,https://phinf.pstatic.net/image.nmv/shopnbuyer_2021_03_06_0/25e12ea8-7e50-11eb-a12c-a0369ff963bc_03.jpg?type=ffn300_300,bobo****,20.10.30.
55,4,"한달동안 너무 잘 사용했어요!
삐그덕거림도 없고 견고하고 이뻐요
시몬스 라지킹 사이즈에 딱이구요!
협탁도 같이 샀는데 협탁엔 흠집이 너어어무 많이 나서 와서 속상했지만
협탁도 쓰다보면 큼직하고 튼튼하고 좋습니다
시몬스 사장님이 매트리스 놔주러 오면서 프레임 주소 물어볼만큼 좋습니다!!",https://phinf.pstatic.net/checkout.phinf/20210320_105/1616223781647oNk9X_JPEG/review-attachment-8c22d43d-4e43-4bfc-828c-acfb5e3189e2.jpeg?type=f300_300,hotj****,20.09.09.
56,5,"편하고 튼튼해요.,",https://phinf.pstatic.net/checkout.phinf/20210321_1/1616337351998rIa4D_JPEG/review-attachment-44706da5-1e53-42f3-ac4e-b7c0cdb6e05f.jpeg?type=f300_300,ange****,20.10.09.
57,5,"선택배송일에 정확히 배송해주셨습니다.상품 너무 마음에들고 좋네요.
튼튼하고깔끔하네요 ^^. 가격대비 완전 강추합니다.",https://phinf.pstatic.net/checkout.phinf/20210316_94/1615821425969YKvG1_JPEG/review-attachment-5556215d-7f39-4994-b933-a57ce876e651.jpeg?type=f300_300,kfck****,20.09.12.
58,5,"3층인데 도와줄분 필요하시대서 같이 옮기긴했지만 그래도 배송전에 일정조율하는데 신경 많이 써주시고 생각보다 일찍 받았어요
삐그덕소리 전~혀 안나고 진짜 튼튼합니다!!
처음이라 니스칠? 냄새가 좀 나서 환기시키는 중이긴한데 독한정도는 아니고 새제품이라 시간 지나면 빠질것 같아요
주변인들한테도 추천해주고 싶을정도로 가격대비 정말 좋습니다
실물이 정말 예뻐요 리뷰에 견고하단 말이 많길래 많이 비교해보고 최종으로 골랐는데 저렴해보이지도 않고 고급스럽고 예쁩니다!!!",https://phinf.pstatic.net/checkout.phinf/20210328_213/1616917248379WGf6I_JPEG/review-attachment-e67750eb-0f79-4fdc-80c5-da6556e56e68.jpeg?type=f300_300,tkpe****,20.07.24.
59,4,부모님이 좋아하시네요,https://phinf.pstatic.net/checkout.phinf/20210327_89/1616811986472Qd3M2_JPEG/review-attachment-958007b3-d281-4d72-849b-038d15241e08.jpeg?type=f300_300,gkdi****,20.10.07.
60,5,원목의 느낌이 좋고 무척 튼튼해 보입니다.,https://phinf.pstatic.net/image.nmv/shopnbuyer_2021_03_18_0/f50e1490-8786-11eb-8379-a0369ff968b0_03.jpg?type=ffn300_300,suhj****,20.09.27.
61,5,"리모델링중이라 희망배송일 지정했는데 맞춰주셔서 좋았어요~
사진대로 묵직하니 좋네요^^
다만 다른분 후기처럼 내려올때 삐그덕소리는 좀 거슬리네요~
이건 복불복인듯 싶어요~
왼쪽은 괜찮은데 오른쪽에서 그러는것이 바닥에 받팀을 하면 괜찮을런지..
그것빼면 아주 퍼펙트해요^^
방하고 어울리고 튼튼하고 이쁩니다^^",https://phinf.pstatic.net/checkout.phinf/20210319_127/1616082656061z2b4a_JPEG/review-attachment-91c42776-47b4-4418-a2fa-5df698fa7f7d.jpeg?type=f300_300,girl****,20.08.02.
62,5,삐그덕 소리 없고 색깔도 잘 어울리며 사용하기에 편합니다 튼튼하게 잘 사용하고 있습니다,https://phinf.pstatic.net/checkout.phinf/20210320_176/16162120200768ETu1_JPEG/review-attachment-38c9ab3a-b47a-460a-85e9-62063a5f1014.jpeg?type=f300_300,choi****,20.08.29.
63,5,"엄청 튼튼~천년만년 쓸듯하네요
통판이라 가구끼리 삐걱대는 소리있는데
매트깔면 크게 나지않을것 같은정도 소음이구요

가격대비 추천~!

배송은 빠르지도 늦지도 않네요~일주일정도 걸렸는데 기사님이 친절 하세요~
기사님 지역마다 다르실거라 이런말 안쓰는데도 친절하셨어요~",https://phinf.pstatic.net/checkout.phinf/20210308_119/1615210890678mSYoz_JPEG/review-attachment-a0c913aa-bdd5-4704-979e-249a57d5220b.jpeg?type=f300_300,skvp****,20.07.17.
64,5,사진과같이 고급스럽고 튼튼해요~ 너무 마음에 들어요. 매트리스도 엄청 편하고 크기도 원하던 사이즈라 아이들이랑 다같이 잤는데도 넓고 편했어요^^ 생각보다 배송도 빠르고 미리 연락주셔서 잘 받고 설치도 잘해주셨네요~,https://phinf.pstatic.net/checkout.phinf/20210310_60/16153745594077WgYV_JPEG/review-attachment-4d080459-586f-4cf7-bbe4-f535cb9bba5f.jpeg?type=f300_300,qn29****,20.07.28.
65,5,"배송 설치하시는 분이 친절하게 잘 설치해주셨구요.
프레임이 튼튼합니다
냄새는 며칠 나요
품질도 좋습니다",https://phinf.pstatic.net/image.nmv/shopnbuyer_2021_02_08_0/96e26fb1-69ae-11eb-8a7c-505dac8c3607_03.jpg?type=ffn300_300,plek****,20.08.08.
66,4,"심플,견고.디자인 모두맘에들어요",https://phinf.pstatic.net/checkout.phinf/20210325_220/16166257479352Juln_JPEG/review-attachment-c22096ea-e33f-4a2f-90b0-e4247159e593.jpeg?type=f300_300,chji****,20.09.07.
67,5,"물건 받고 바로 글 남겼었는데 한달사용 후 느낀점은 정말 잘샀다!! 입니다. 삐걱댄다는 후기도 있어서 약할까봐 좀 걱정했는데 엄청 튼튼하구요. 어떻게 이가격에 이걸 샀을까? 맨날 좋아했어요~ 메트리스는 킹사이즈로 사용중인데 적당히 옆에 간격이 남아서 매트에 앉았을 때 그 위로 발 올려서 앉아서 편하고 헤드위에 물건 올려놓기도 좋고, 여러가지로 마음에 드는것 투성이네요! 집 꾸미려고 인터넷에서 많이 사고 받았는데 다른곳은 조금씩 마음에 안드는게 많았는데 이곳은 가격도, 친절도, 물건도 좋아서 진짜 추천해드리고 싶어요 :) 
배송해주셨던 기사님 진짜 친절하시고 무거워서 혼자 고생 많이 하셨는데 조금이라도 더 챙겨드릴걸 후회했구요ㅠ 강추드려요! 계속 좋은 물건 부탁드려요~",https://phinf.pstatic.net/checkout.phinf/20210327_92/1616803493042Fjhti_JPEG/review-attachment-e85d7ba4-0757-4a3a-8472-5cad0f651168.jpeg?type=f300_300,jaem****,20.06.04.
68,5,"배송 9일걸렸습니다. 예정일보다 5일 일찍받았습니다.

처음 설치할때 물건들어보고 묵직하다는 느낌을 받았고 실제로 보면 화면에서보는것보다 크다고 느끼실겁니다.

좋은물건 싸게 잘산거같아요 ~ 잘쓰겠습니다.",https://phinf.pstatic.net/checkout.phinf/20210107_104/1610015800326SV0DV_JPEG/review-attachment-0641e67a-a200-444b-b05c-4abb1fbe33ab.jpeg?type=f300_300,aozo****,20.07.12.
69,4,"만족스럽습니다 색깔도 이쁘구요
좀 삐걱대는 소리도 약간있는데 큰 문제는 없어요",https://phinf.pstatic.net/checkout.phinf/20210320_196/1616206336693TnGGb_JPEG/review-attachment-6f96c771-e825-4084-a3c7-b68ac03f2da7.jpeg?type=f300_300,tkdw****,20.07.28.
70,5,전혀 흔들림이나 삐걱 거리는 소리없이 잘 쓰고있습니다.튼튼한 다리가 맘에들어요,https://phinf.pstatic.net/checkout.phinf/20210221_195/1613906687119H30Rs_JPEG/review-attachment-88d851ad-289c-44ae-9713-647970bd446f.jpeg?type=f300_300,bthj****,20.07.28.
71,5,가격대비 최고입니다. 고급져요,https://phinf.pstatic.net/checkout.phinf/20210326_233/1616733550718xm6ES_JPEG/review-attachment-82ce0c68-4eea-44ca-8516-25b8964bed1e.jpeg?type=f300_300,d2o2****,20.08.01.
72,5,예쁘고 만족합니다. 생각한대로 견고하고 예쁩니다.,https://phinf.pstatic.net/checkout.phinf/20210302_38/1614669677617STteg_JPEG/review-attachment-fe7d1778-e849-43bf-9c69-25c387d92967.jpeg?type=f300_300,upka****,20.07.28.
73,5,"이쁘네요~  시몬스라지킹 딱맞네요. 
패드쓸림이있어서 그건좀아쉬워요",https://phinf.pstatic.net/checkout.phinf/20210324_14/1616592268376oVcrO_JPEG/review-attachment-6944ab6a-f4c1-4229-913f-2d91456cb49f.jpeg?type=f300_300,visi****,20.07.24.
74,5,"일단 정말 정말 마음에 듭니다ㅎㅎ 네이버, 오늘의 집에서 싹 다 이런 스타일 이런 디자인의 침대를 찾아봤는데 너무 잘고른것같아요 (나칭찬해ㅎㅎ) 제가 원하는 조건은 헤드 나무봉 길이가 길고, 다리가 튼튼하면서, 얇은 나무 지지대로 침대판을 지지하는것이 아닌 통으로 된 나무판으로 만들어진 침대판을 원했습니다. 정말정말 튼튼하고 고급스럽고 특히 헤드부분이 곡선으로 예쁘게 디자인되어있는데 어떻게 이렇게 만드셨는지.. 정성이 보여지는 침대였어요.삐걱소리 안나구요 ㅎㅎ 모서리도 매끄럽고 어디하나 엉성한데가 없어요. 다른 가구도 여기서 사고싶을만큼 정말 맘에들었어요 젤중요한건 가격이 이 퀄리티에 비하면 정말 착합니다.  아 기사님이 넘넘 친절하셨어요 땀뻘뻘흘리시면서도 웃으며 대해주시는데 제가 다 죄송하더라구요.  칭찬만 너무해서 광고같아보이는데 절대광고아니고 ㅠㅠ 울엄마를 걸고 진심으로 맘에듭니다 ㅎㅎ 아 단한가지 아쉬웠던점은 화면에서 보이는 침대컬러가 실제보다 살짝 어두운 느낌이였어요. 그치만 받아본 색도 맘에들었습니다 ㅎㅎ",https://phinf.pstatic.net/image.nmv/shopnbuyer_2021_03_06_0/25e12ea8-7e50-11eb-a12c-a0369ff963bc_03.jpg?type=ffn300_300,cool****,20.04.24.
75,5,"구매확인 후  해피콜 주셔서 이삿날 다음날로
잘 받았습니다. 정한 시간에 딱 맞춰오셨어요.
프레임이 참 튼튼해 보이네요.
벽에 기대는 배치가 아니라 기사님께 헤드부분에
관한 주의사항도 잘 들었구요.
가구점을 갈 시간이 없어서 상품평 믿고 주문한거라
걱정이 많았는데 다행히 마음에 듭니다^^
신랑이 저렴하게 튼튼한거 잘 샀다고 하네요.
매트리스+토퍼가 40센티정도 됩니다.
참고하세요~",https://phinf.pstatic.net/checkout.phinf/20210320_105/1616223781647oNk9X_JPEG/review-attachment-8c22d43d-4e43-4bfc-828c-acfb5e3189e2.jpeg?type=f300_300,miss****,20.06.23.
76,5,"설치기사님이 설치하고 가셨는데
다리가 파나 떠있었음
문제는 없다하시고 다시 와서 재설치를 해주심
고객센터 친절하고 제품도 견고함",https://phinf.pstatic.net/checkout.phinf/20210321_1/1616337351998rIa4D_JPEG/review-attachment-44706da5-1e53-42f3-ac4e-b7c0cdb6e05f.jpeg?type=f300_300,cwt1****,20.07.18.
77,5,저렴한 가격으로 튼튼하고 넓~은 침대를 잘 구매해서 아주 만족하고 있어요 삐꺽거리는 거 일도 없고 너무 좋아요,https://phinf.pstatic.net/checkout.phinf/20210316_94/1615821425969YKvG1_JPEG/review-attachment-5556215d-7f39-4994-b933-a57ce876e651.jpeg?type=f300_300,kkim****,20.07.04.
78,5,화면과 같아요 짱짱해서 안밀리구요 겁나 튼튼합니다 냄새는 별루안나요 금방 빠질듯 해요 배송비에 추가운임은 엘베없는 집이면 2층에서 계단만 한두개 더있으면 무조건 들듯하네요 당연히 받아가시는것 같아요,https://phinf.pstatic.net/checkout.phinf/20210328_213/1616917248379WGf6I_JPEG/review-attachment-e67750eb-0f79-4fdc-80c5-da6556e56e68.jpeg?type=f300_300,nado****,20.07.01.
79,5,사진보다 더 고급스러운거같고 배송약속도 지켜주시고 좋아요,https://phinf.pstatic.net/checkout.phinf/20210327_89/1616811986472Qd3M2_JPEG/review-attachment-958007b3-d281-4d72-849b-038d15241e08.jpeg?type=f300_300,seoi****,20.08.12.
80,5,엄청 견고하고 좋습니다. 냄새가 조금 나긴하지만 괜잖아요,https://phinf.pstatic.net/image.nmv/shopnbuyer_2021_03_18_0/f50e1490-8786-11eb-8379-a0369ff968b0_03.jpg?type=ffn300_300,ange****,20.07.18.
81,5,"진짜 다른회사 원목제품부터 가죽침대부터 
오프부터온라인 다 찾아보고 검색하고 리뷰 다 찾아보고 안좋은 평점낮은후기부터 다찾아보다가 찾은 제품이에요  진짜진짜 강추요!!!
다른 회사제품은 냄새난다는글도 있고  한데 진짜 이건 냄새 하나도 안나요 진짜 의심병많은 제가 코에다대고 맡아도 아무상관없을정도로요ㅜㅜ
진짜 고민하고 골랐는데 조아요 
부서지지않는다면 내인생 침대로 쓸꺼에요ㅋ",https://phinf.pstatic.net/checkout.phinf/20210319_127/1616082656061z2b4a_JPEG/review-attachment-91c42776-47b4-4418-a2fa-5df698fa7f7d.jpeg?type=f300_300,make****,20.06.22.
82,5,아주 튼튼하구요 화이트+내추럴한 원목으로 채워진 저희 집에 아주 딱입니다,https://phinf.pstatic.net/checkout.phinf/20210320_176/16162120200768ETu1_JPEG/review-attachment-38c9ab3a-b47a-460a-85e9-62063a5f1014.jpeg?type=f300_300,nach****,20.07.16.
83,5,튼튼해서 오래 사용할꺼 같네요.만족합니다.,https://phinf.pstatic.net/checkout.phinf/20210308_119/1615210890678mSYoz_JPEG/review-attachment-a0c913aa-bdd5-4704-979e-249a57d5220b.jpeg?type=f300_300,wonw****,20.07.19.
84,5,배송기사분이 친절합니다,https://phinf.pstatic.net/checkout.phinf/20210310_60/16153745594077WgYV_JPEG/review-attachment-4d080459-586f-4cf7-bbe4-f535cb9bba5f.jpeg?type=f300_300,yjj6****,20.08.14.
85,5,매장에서 보고 구매했습니다.,https://phinf.pstatic.net/image.nmv/shopnbuyer_2021_02_08_0/96e26fb1-69ae-11eb-8a7c-505dac8c3607_03.jpg?type=ffn300_300,hsh2****,20.08.14.
86,5,만족합니다 잘 쓸게요,https://phinf.pstatic.net/checkout.phinf/20210325_220/16166257479352Juln_JPEG/review-attachment-c22096ea-e33f-4a2f-90b0-e4247159e593.jpeg?type=f300_300,piso****,20.08.14.
87,5,튼튼하고 너무 예쁘네요 배송도 지난 금욜주문했는데 금욜인 오늘 딱 일줄만에 받았어요 미리 전화주시고 오셨구요 꼼꼼하게 잘 설치해주고 가셨어요 생각보다 무겁고 튼튼하네요 너무 맘에들어요 보들보들하고 모서리도 둥글게해서 아주 맘에들어요,https://phinf.pstatic.net/checkout.phinf/20210327_92/1616803493042Fjhti_JPEG/review-attachment-e85d7ba4-0757-4a3a-8472-5cad0f651168.jpeg?type=f300_300,nose****,20.06.26.
88,5,정말 이 가격에 이렇게 견고하고 예쁜 원목 침대를 구매했다니 뿌듯하네요^^ 제가 찾던 디자인이라 몇달전부터 찜해놓고 드디어 구매했어요. 협탁도 생각보다 사이즈가 크고요~기존에 매트리스있던거 사용하는데 프레임이 좋아서 그런지 훨씬 푹신하다는 느낌까지 드네요^^너무너무 만족합니다. 이건 꼭 구매하세요. 후회없으실겁니다!!,https://phinf.pstatic.net/checkout.phinf/20210107_104/1610015800326SV0DV_JPEG/review-attachment-0641e67a-a200-444b-b05c-4abb1fbe33ab.jpeg?type=f300_300,wlsg****,20.06.17.
89,4,"너무 예쁘고 견고하고 넓어 좋아요 만족 스러워요 
우리집 벽지가 더 이뻣다면 좋았겟지만  기다린 보람이 있어요",https://phinf.pstatic.net/checkout.phinf/20210320_196/1616206336693TnGGb_JPEG/review-attachment-6f96c771-e825-4084-a3c7-b68ac03f2da7.jpeg?type=f300_300,iisa****,20.07.01.
90,5,"다리때매 약간 올드하려나 했던건 그냥 시간낭비
완전튼튼 너무예쁘고 냄새1도안나요
킹사이즈 토퍼까지 올려놓고도 넉넉해요",https://phinf.pstatic.net/checkout.phinf/20210221_195/1613906687119H30Rs_JPEG/review-attachment-88d851ad-289c-44ae-9713-647970bd446f.jpeg?type=f300_300,hwab****,20.06.25.
91,5,사진에서도 튼튼해보이고 구매평도좋아서ㅜ고민고민하다 구매했는데. 이거 화면보다 더 색감도 이쁘고 튼튼해요!! 지인들이 이가격에 산거 맞냐고 다들 놀라요^^  시몬스 라지킹 사이즈 딱 맞아요,https://phinf.pstatic.net/checkout.phinf/20210326_233/1616733550718xm6ES_JPEG/review-attachment-82ce0c68-4eea-44ca-8516-25b8964bed1e.jpeg?type=f300_300,stic****,20.06.19.
92,5,양쪽으로 놨어요. 정말 이쁘고 견고합니다.,https://phinf.pstatic.net/checkout.phinf/20210302_38/1614669677617STteg_JPEG/review-attachment-fe7d1778-e849-43bf-9c69-25c387d92967.jpeg?type=f300_300,mart****,20.07.04.
93,5,"나무라서 가끔 삐걱소리는나는데 제가 무거운탓이죠ㅎㅎ
튼튼해요",https://phinf.pstatic.net/checkout.phinf/20210324_14/1616592268376oVcrO_JPEG/review-attachment-6944ab6a-f4c1-4229-913f-2d91456cb49f.jpeg?type=f300_300,path****,20.07.19.
94,5,"튼튼하고 견고하고 완젼 무거워요!! 혼자 들었는데 꿈적도 안함..
생각보다 사이즈 크고 맘에들어요",https://phinf.pstatic.net/image.nmv/shopnbuyer_2021_03_06_0/25e12ea8-7e50-11eb-a12c-a0369ff963bc_03.jpg?type=ffn300_300,bthj****,20.06.23.
95,5,"모서리도 둥글게 잘 마감되어 있고
튼튼하고 견고한 것 같아요.
사용해보면 더 잘 알 수 있겠죠?ㅎ",https://phinf.pstatic.net/checkout.phinf/20210320_105/1616223781647oNk9X_JPEG/review-attachment-8c22d43d-4e43-4bfc-828c-acfb5e3189e2.jpeg?type=f300_300,khae****,20.06.22.
96,5,마음에 들어요 튼튼해요,https://phinf.pstatic.net/checkout.phinf/20210321_1/1616337351998rIa4D_JPEG/review-attachment-44706da5-1e53-42f3-ac4e-b7c0cdb6e05f.jpeg?type=f300_300,hunj****,20.07.08.
97,4,원목 재질도 좋고 튼튼하고 디자인도 마음에 들어요. 합리적인 가격에 구매한 것 같아 더 마음에 듭니다.,https://phinf.pstatic.net/checkout.phinf/20210316_94/1615821425969YKvG1_JPEG/review-attachment-5556215d-7f39-4994-b933-a57ce876e651.jpeg?type=f300_300,haid****,20.07.07.
98,5,"이사하면서 구입했습니다~
지금저희집이 어수선해서 그렇지 맘에듭니다~",https://phinf.pstatic.net/checkout.phinf/20210328_213/1616917248379WGf6I_JPEG/review-attachment-e67750eb-0f79-4fdc-80c5-da6556e56e68.jpeg?type=f300_300,gogo****,20.06.23.
99,4,아직까진 무리없이 잘 사용하고 있습니다,https://phinf.pstatic.net/checkout.phinf/20210327_89/1616811986472Qd3M2_JPEG/review-attachment-958007b3-d281-4d72-849b-038d15241e08.jpeg?type=f300_300,time****,20.07.22.
