﻿,star,review,reviewImage,customerId,reviewDate
0,5,"판매자님의 매장은 아니지만 기흥리빙센터 모 가구매장에 요제품이 있었는데 매트깔판의 마감이 너무 좋아 요제품으로 초이스 했어요.
가격은 정찰제인지 기흥매장이랑 같더라고요.
두아들 녀석이 놀이터 삼아 참 잘 놀고 잘 자고 있어요.",https://phinf.pstatic.net/image.nmv/shopnbuyer_2021_03_18_0/f50e1490-8786-11eb-8379-a0369ff968b0_03.jpg?type=ffn300_300,iams****,21.03.12.
1,5,예정일보다 빠르게 일정 잡아 설치 받았습니다. 다만 사다리가 문제가 있어 교환받기로 했습니다. 교환 관련 대응도 빨라 좋았습니다.,https://phinf.pstatic.net/checkout.phinf/20210319_127/1616082656061z2b4a_JPEG/review-attachment-91c42776-47b4-4418-a2fa-5df698fa7f7d.jpeg?type=f300_300,park****,21.02.28.
