﻿,star,review,reviewImage,customerId,reviewDate
0,5,"넘마음에들어요!!
저흰 매트리스랑 같이 시켜서 그런지
배송기사님 젊은분 두분이 같이오셔서
수월하게 설치해주시고가셨어요!
리뷰에 안좋은 리뷰가몇개 있어서 걱정했는데
너무  마음에들었답니당!!
매트리스랑 프레임한번 닦고사용하는게 좋다며
설명도해쥬시고!!
닦는데 생각보다 넘 깨끗했어요ㅋㅋㅋ
설이껴서 배송이 늦을것같다했는데
일찍와주셔서 넘 감사감사
어쨌든 넘 이쁘고  좋네욤!!❤❤",https://phinf.pstatic.net/image.nmv/shopnbuyer_2021_03_18_0/f50e1490-8786-11eb-8379-a0369ff968b0_03.jpg?type=ffn300_300,gami****,21.02.11.
1,5,"배송기사님이 너무 친절하셨구요,
침대도 사진으로 봤을 때랑 똑같이 예뻐요
부모님께 사드렸는데 너무 좋아하시네요~
감사합니다~!!",https://phinf.pstatic.net/checkout.phinf/20210319_127/1616082656061z2b4a_JPEG/review-attachment-91c42776-47b4-4418-a2fa-5df698fa7f7d.jpeg?type=f300_300,cnrq****,21.03.01.
2,5,튼튼하구 맘에들어요,https://phinf.pstatic.net/checkout.phinf/20210320_176/16162120200768ETu1_JPEG/review-attachment-38c9ab3a-b47a-460a-85e9-62063a5f1014.jpeg?type=f300_300,jaru****,21.03.08.
3,5,"먼저 기사님이 친절하셔서 좋았습니다 

침대 프레임과 매트리스도 맘에 들구요 ㅎㅎ 
같이 보내주신 방수커버도 잘 쓰겠습니다 감사합니다!!",https://phinf.pstatic.net/checkout.phinf/20210308_119/1615210890678mSYoz_JPEG/review-attachment-a0c913aa-bdd5-4704-979e-249a57d5220b.jpeg?type=f300_300,gpqn****,21.01.12.
4,5,만족하면서 사용중입니다~아직 이상한곳은 발견하지 못했어요^^,https://phinf.pstatic.net/checkout.phinf/20210310_60/16153745594077WgYV_JPEG/review-attachment-4d080459-586f-4cf7-bbe4-f535cb9bba5f.jpeg?type=f300_300,mira****,21.01.22.
5,5,"배송 해주시면서 장판 다 긁어놓으셨네요,. 옮기는 거 도와드렸는데 그대로 배송비 받으시고ㅎㅎㅎ",https://phinf.pstatic.net/image.nmv/shopnbuyer_2021_02_08_0/96e26fb1-69ae-11eb-8a7c-505dac8c3607_03.jpg?type=ffn300_300,llll****,20.12.15.
6,5,배송기사님께서 그 무거운거 혼자 설치하시느라 고생하셨습니다~~상품은 만족합니다~^^,https://phinf.pstatic.net/checkout.phinf/20210325_220/16166257479352Juln_JPEG/review-attachment-c22096ea-e33f-4a2f-90b0-e4247159e593.jpeg?type=f300_300,mira****,20.12.18.
7,5,옮겨 주실때 장판에 자국 생겼어요.ㅜ,https://phinf.pstatic.net/checkout.phinf/20210327_92/1616803493042Fjhti_JPEG/review-attachment-e85d7ba4-0757-4a3a-8472-5cad0f651168.jpeg?type=f300_300,llll****,20.11.22.
8,5,"넓고 쓰기 좋네요
배송기사님도 친절하셨구요",https://phinf.pstatic.net/checkout.phinf/20210107_104/1610015800326SV0DV_JPEG/review-attachment-0641e67a-a200-444b-b05c-4abb1fbe33ab.jpeg?type=f300_300,bc56****,20.11.22.
9,5,"마감이 생각보다 깔끔하진 않네요. 후기에 기대를 많이해서 그런지 실물보고 구매할 걸 그랬나 싶기도 하고.
콘센트는 다른 디자인을 넣고 싶어 그냥 사이즈대로 홈만 내주시면 직접 부착하려했는데 그쪽으로 상품 배송을 하면 부착해주신다기에 감사한 마음으로 보냈다가 실망이 더 커졌네요. 
배송은 침대 헤드, 그리고 상판이 2개로 나뉘어서 배송되는데 침대 헤드와 상판 하나만 연결이 되고 서랍장 있는 상판은 연결이 되지 않아 따로 놉니다ㅜ
설레임과 기대감으로 기다렸는데 아쉬움만 가득남았네요. 직접 보고 사지 않으려면 응당 감당해야할 몫인가 싶네요.",https://phinf.pstatic.net/checkout.phinf/20210320_196/1616206336693TnGGb_JPEG/review-attachment-6f96c771-e825-4084-a3c7-b68ac03f2da7.jpeg?type=f300_300,km_r****,20.08.26.
10,4,"우선 후기를 너무 늦게 써서 죄송합니다 ㅜㅜ 사이즈는 1800으로 주문제작했고 높이는 일반 침대 매트리스가 아니라 라텍스 매트를 깔고 사용 할 목적이라 헤드까지 전체 10cm 높였는데 너무 만족해요~ 양쪽으로 콘센트 추가 강추합니다. 후기를 써 본적이 없어서 뭘 써야 할지 잘 모르겠는데.. 그냥 침대 좋다는 이야기를 하고 싶었어요. 혼자 쓰려고 산 침대인데 침대 사고 애인 생겨서 조만간 둘이 쓸것 같네요 ㅎㅎ 큰 거 사길 잘했다는 생각이... 큰 거 사세요.. 큰 거... 좋아요..
근데 중간 연결 부위에서 계속 삐그덕 소리가 나는데 이건 어떻게 해결해야 할까요.. 넘 무거워서 어쩌질 못하는 즁입니다 ㅜㅜ",https://phinf.pstatic.net/checkout.phinf/20210221_195/1613906687119H30Rs_JPEG/review-attachment-88d851ad-289c-44ae-9713-647970bd446f.jpeg?type=f300_300,emil****,20.09.10.
11,2,"일단 상품은 너무 마음에 들어요. 배송해주시는 기사님도 친절하시진 않았지만 나쁘진 않았어요.
그런데..
해도해도 너무할만큼 침대가 너무 지저분합니다.
분명 주문 후 제작이라고 알고있는데, 창고에 방치한 상품을 주신것도 아닐테고.
침대 설치후 설치자리를 정리하는데 너무 더러워서 경악을 했네요.
이정도일줄 알았으면 매트리스를 기사님도 바로 얹어주시면 안됐을 것 같은데.. 일단 침대 보이는 표면만 닦은 정도가 이정도 입니다.

다른분들은 침대를 전체적으로 꼭 닦고 매트리스와 이불 셋팅하세요.
어느정도의 톱밥이나 작업 흔적은 이해할 수 있으나, 가구주문하고 이정도는 처음이라 남편과 둘이 정말 경악헀네요..",https://phinf.pstatic.net/checkout.phinf/20210326_233/1616733550718xm6ES_JPEG/review-attachment-82ce0c68-4eea-44ca-8516-25b8964bed1e.jpeg?type=f300_300,lhy3****,20.08.24.
12,4,"오 좋네요 나무가 견고함이 느껴져요
재질도 좋고 단단하고 서랍도 좋네요 불켜니 이뿌고요
냄새도 많이 나진않으네요
더블킹이라 넓직합니다 상일리베가구에서 사길잘햇어요",https://phinf.pstatic.net/checkout.phinf/20210302_38/1614669677617STteg_JPEG/review-attachment-fe7d1778-e849-43bf-9c69-25c387d92967.jpeg?type=f300_300,ares****,20.09.22.
13,3,집에설치하니깐. 너무좋아여  다른분들한테도추천합니다,https://phinf.pstatic.net/checkout.phinf/20210324_14/1616592268376oVcrO_JPEG/review-attachment-6944ab6a-f4c1-4229-913f-2d91456cb49f.jpeg?type=f300_300,1978****,20.10.26.
14,4,실물로 보니 생각보다 훨씬 더 견고하고 이뻐요!! 매트리스 사이즈가 커서 별도로 주문제작 요청드렸는데 너무 잘 만들어주셨어요^^,https://phinf.pstatic.net/image.nmv/shopnbuyer_2021_03_06_0/25e12ea8-7e50-11eb-a12c-a0369ff963bc_03.jpg?type=ffn300_300,sshy****,20.09.24.
15,2,깔끔하고 엄청 이뻐요 집이 조금만 더 넓었다면 좀더 큰 사이즈를 샀을텐데 그게좀 아쉽네요 ㅠㅠ 흑,https://phinf.pstatic.net/checkout.phinf/20210320_105/1616223781647oNk9X_JPEG/review-attachment-8c22d43d-4e43-4bfc-828c-acfb5e3189e2.jpeg?type=f300_300,dkgu****,20.09.06.
16,5,"잘사용하고있습니다
매트는 주문했다가 흠있어 반품했는데 악직 주문하지못했습니다.",https://phinf.pstatic.net/checkout.phinf/20210321_1/1616337351998rIa4D_JPEG/review-attachment-44706da5-1e53-42f3-ac4e-b7c0cdb6e05f.jpeg?type=f300_300,bonn****,20.09.16.
17,2,"좋은제품 저렴하고 퀄리티가 마음에 들었어요.
사업 번창하시길.",https://phinf.pstatic.net/checkout.phinf/20210316_94/1615821425969YKvG1_JPEG/review-attachment-5556215d-7f39-4994-b933-a57ce876e651.jpeg?type=f300_300,yooh****,20.09.26.
18,5,냄새가 않나서 좋고 튼튼하네요,https://phinf.pstatic.net/checkout.phinf/20210328_213/1616917248379WGf6I_JPEG/review-attachment-e67750eb-0f79-4fdc-80c5-da6556e56e68.jpeg?type=f300_300,mado****,20.10.04.
19,4,사진에서 보던거 그대로 오긴했는데 상판 갈라짐을 막을수있는게 있으면좋겠고 매트리스미끄럼방지도 있었음 완전좋을거 같아요,https://phinf.pstatic.net/checkout.phinf/20210327_89/1616811986472Qd3M2_JPEG/review-attachment-958007b3-d281-4d72-849b-038d15241e08.jpeg?type=f300_300,acas****,20.08.31.
20,5,"라지킹사이즈로 전에 주문하고, 괜찮아서 동생네도 같은거로 샀어요",https://phinf.pstatic.net/image.nmv/shopnbuyer_2021_03_18_0/f50e1490-8786-11eb-8379-a0369ff968b0_03.jpg?type=ffn300_300,jyh6****,20.08.26.
21,5,3주정도 쓰고 후기남깁니다. 퀸사이즈 프레임에 브랜*니스 모피어스   킹사이즈 매트리스 딱 맞게 들어가네요. 매트리스 높이가 40센티라 침대헤드10센티 추가로 높이니 딱 좋아요. 벙커추가 충전 할수있는 전원 추가 하니 넘 편합니다.  60키로 매트리스 무게 버티고 삐꺽임없이  튼튼하고 좋아요. 판매자님 진짜 친절하시고 톡톡 문의도 밤낯없이 상세하게 해주시네요. 번창하시길바랍니다. 지정배송일 전날  배송기사님 전화 놓쳐서 시간 때문에 피가 말랐지만 ^^ 판매자분이 신속하게 처리해주셨어요. 비록 교통체증때문에  배송기사님이 1시간이나 늦어서 매트리스랑 같이 올리려고 부른사다리차 기다리느라 비용 더 냈지만 .제품 맘에들고 무엇보다 판매자님의 신속 친절함에 감사드립니다.,https://phinf.pstatic.net/checkout.phinf/20210319_127/1616082656061z2b4a_JPEG/review-attachment-91c42776-47b4-4418-a2fa-5df698fa7f7d.jpeg?type=f300_300,tolb****,20.06.29.
22,5,"리뷰평이 대부분 좋지만 몇 너무 기대를 한것 같다는 평도 있고 
제방이 너무 환해서 안어울릴까봐 
어두운 제품을 보고 있었어요 
주문제작이기때문에 취소가 어려워 일단 받아보자 하고 포기 하고 잇었는데 
받아보니 다행히 방에도 잘어울리고 너무 맘에 드네요!! 취소 했으면 후회할뻔 했어요 😭
어제 받아서 아직 불편함은 없어요 
기사님도 친절하시고 판매자님도 친절 하셔서 기분 좋게 구매했네요! 
6월 29일날 구매해서 7월 8일 받았어요~~ ☺️
나무 자체 색상이라 그런지 
led가 생각했던것보다 밝은거같아용.. 
서랍도 넓고 좋지만 약한것 같은 기분이 들어요 이부분만 아쉽네요..!! 
서랍은 나무 냄새가 심해서 열어 두었어요
불을 꺼두어서 침대 색상이 어두워 보이지만 
실제론 밝은 원목이에요~~ 
잘쓸게요 감사해요~~",https://phinf.pstatic.net/checkout.phinf/20210320_176/16162120200768ETu1_JPEG/review-attachment-38c9ab3a-b47a-460a-85e9-62063a5f1014.jpeg?type=f300_300,qoo1****,20.07.09.
23,5,"6.14일에 주문해서 24일에 받았습니다 딱 1주일 걸렸네요 처음에 라지킹 사이즈를 사려고 하다가 옆에 붙박이장이 들어오게 되면서 퀸 사이즈로 구매했습니다 신혼집 침대로 구매하게 된건데 에이x 한x 이런곳 알아보다가 생각보다 평들이 별로더라구요 그래서 거의 1주일가량을 네이버로 열심히 검색해서 드디어 마음에 드는걸오 골랐습니다 ㅎㅎ
설치하고 보니 더 마음에 드네요
빨리 매트리스도 올리고싶습니다
저는 벙커침대형으로 업그레이드 시켰고
한쪽에 콘센트선도 추가했어요
남편이랑 충전기 하나씩 꽂으면 될거같네요 너무 이뻐서 만족합니다♡",https://phinf.pstatic.net/checkout.phinf/20210308_119/1615210890678mSYoz_JPEG/review-attachment-a0c913aa-bdd5-4704-979e-249a57d5220b.jpeg?type=f300_300,dkgu****,20.06.23.
24,5,"너무 예쁩니다
조명도 은은하구요 분위기좋구요
나무색상도 너무나 마음에듭니다
벙커형 구매햇구 콘센트 추가 했습니다
그리고 저희 매트리스가 3단 이라 
46cm로 굉장히 높아서 
헤드조명박스 부분가려질것 같아서 10cm 높였습니다
받아보니 와 왜이렇게 높아?! 이런생각이 들었으나
168 180 두사람이 눕기에 전혀 불편함이 없었습니다

신랑은  오히려 천장과 가까워져서 잠이 더잘온다고
그러네요 
원목이라 굉장히 견고하고 튼튼해보이구요
같은 디자인 가구 판매하는곳이 있엇는데
배송비부분에서 여기가 더저렴했습니다

직원들도 너무친절하시구요 상담해주시는 여성분 남성분 두분다 친절하십니다👍

조명 화장대도 구입하였는데 그건 교환할것이 있어
교환 후 리뷰작성할 예정입니다

이사가거나 원목가구가 필요하게되면
여기 가구점을 원픽으로 살펴볼 것 같습니다",https://phinf.pstatic.net/checkout.phinf/20210310_60/16153745594077WgYV_JPEG/review-attachment-4d080459-586f-4cf7-bbe4-f535cb9bba5f.jpeg?type=f300_300,gusw****,20.06.15.
25,5,"상품잘받았습니다.
매트리스랑 같이주문했는데 매트리스는 각모서리마다 구멍이 나있고 프레임은 옆라인이 이렇게 긁혀있는 상품이 왔습니다.
매트리스는 사용할수없어 반품신청했는데 기사님께서 그상품을 떠안으셔야한다고 합니다.
이런경우가 있나요?
프레임은 찝찝하지만 그냥쓰려구요 배송료6만원이나 드렸는데 속상합니다.  이런가구를 원목이라고 10년이상쓸려고 사다니ㅠ 제 불찰인거죠
담부터 후기꼼꼼히 읽어보고 매장선택하도록 하겠습니다.",https://phinf.pstatic.net/image.nmv/shopnbuyer_2021_02_08_0/96e26fb1-69ae-11eb-8a7c-505dac8c3607_03.jpg?type=ffn300_300,bonn****,20.06.26.
26,5,"침대 단단하고 좋아요. led 라이트는 정말 최고에요~!
너무 잘쓰고있어요 침실 분위기도 좋게 만들구요",https://phinf.pstatic.net/checkout.phinf/20210325_220/16166257479352Juln_JPEG/review-attachment-c22096ea-e33f-4a2f-90b0-e4247159e593.jpeg?type=f300_300,gohi****,20.07.30.
27,5,"튼튼하고 좋아요
조명 문제 처리가 좀 늦긴했지만 잘처리됬고요",https://phinf.pstatic.net/checkout.phinf/20210327_92/1616803493042Fjhti_JPEG/review-attachment-e85d7ba4-0757-4a3a-8472-5cad0f651168.jpeg?type=f300_300,klon****,20.08.03.
28,4,"후기도좋고 원목침대프레임이 너무 맘에들어 주문하게되었는데 배송와서 설치하고나니 맘에듭니다.
스위치도잘켜지고 콘셉트도잘되었고요~

근데 배송을 기사님 혼자 하시는데 원목이 너무 무거워서 힘들어보이셨어요. 도와드리고싶어도 제가 도와드리지못할정도로 무거워서;;도와드릴수도없었네요~
그래서 아저씨께 이렇게 무거운걸 혼자하시냐고했더니 거리가 멀어서 혼자배정되서 하신다고하시더라고요ㅜㅜ;가까운쪽은 두분이하시는건지?; 이런 물품을 혼자배송하는건 좀 아닌것같아요~~;; 
물건도 무거운데 그러다 흠집이라도나거나 그럴수도있으니까요. 
암튼 배송 혼자하셔서 힘들어보이시는거 외에는 괜찮습니다. 배송으로인한 별하나는뺐어요",https://phinf.pstatic.net/checkout.phinf/20210107_104/1610015800326SV0DV_JPEG/review-attachment-0641e67a-a200-444b-b05c-4abb1fbe33ab.jpeg?type=f300_300,gust****,20.06.09.
29,5,첨에후기남기고나서 옆에 긁힌걸못썼네요ㅜㅜ뒤늦게봐서ㅜㅜ지금은 잘사용하고있어요,https://phinf.pstatic.net/checkout.phinf/20210320_196/1616206336693TnGGb_JPEG/review-attachment-6f96c771-e825-4084-a3c7-b68ac03f2da7.jpeg?type=f300_300,gust****,20.08.10.
30,5,"화면과 동일한 제품이고 깔끔해서 너무 좋아요
접착제 냄새 전혀안나고 매끈매끈해요 
원목침대는 처음 써보는데 상쾌한 느낌이에요
더 좋은건 led 램프에요 자기전에 책 읽다가 자고싶을
때 누운상태에서 바로 손만 뻗어서 끌수있어서 너무 편해요!",https://phinf.pstatic.net/checkout.phinf/20210221_195/1613906687119H30Rs_JPEG/review-attachment-88d851ad-289c-44ae-9713-647970bd446f.jpeg?type=f300_300,gohi****,20.06.29.
31,1,"사진보단 싼티나요 후기가 너무 좋아서 기대가 컸나봐요.
원목에 서랍도 있고 내구성은 좋은거같은데 세세한 디테일이 떨어져요 아쉽 ..",https://phinf.pstatic.net/checkout.phinf/20210326_233/1616733550718xm6ES_JPEG/review-attachment-82ce0c68-4eea-44ca-8516-25b8964bed1e.jpeg?type=f300_300,0109****,20.07.01.
32,5,배송빠르고 만족합니다,https://phinf.pstatic.net/checkout.phinf/20210302_38/1614669677617STteg_JPEG/review-attachment-fe7d1778-e849-43bf-9c69-25c387d92967.jpeg?type=f300_300,gogi****,20.08.19.
33,4,배송빠르고 만족합니다,https://phinf.pstatic.net/checkout.phinf/20210324_14/1616592268376oVcrO_JPEG/review-attachment-6944ab6a-f4c1-4229-913f-2d91456cb49f.jpeg?type=f300_300,gogi****,20.08.19.
34,4,"와....처음 배송됬을때 놀랐습니다.
가장큰사이즈로 시켰거든요..
캘리포니아킹사이즈로 시켰는데..
정말큽니다. 큰걸좋아해서 대만족
그리고 마감도 좋습니다. 콘센트추가해서 불들어오는것도 너무좋구요. 
매트리스는 2m  ×2m 여서 둘이눕기에는 더할나위없이 좋습니다. 제일저렴한매트리스로 했는데도
누워보니 적당히하드해서 많이 불편하지않고
편하네요...
이래저래 잘쓰겠습니다  감사합니다!!!",https://phinf.pstatic.net/image.nmv/shopnbuyer_2021_03_06_0/25e12ea8-7e50-11eb-a12c-a0369ff963bc_03.jpg?type=ffn300_300,kimj****,20.06.11.
35,5,"24평형 아파트에 입주하는 신혼부부로서 침대에 많은 신경을 썼습니다. 본연의 기능에 충실하게 튼튼하면서도 예쁘고 깔끔하며, 실용적인 제품을 찾고자 하였습니다. 그래서 저의 최종픽은 이 제품이었고, 최선의 선택이었다고 자부합니다.
차는 풀옵션을 못샀지만, 침대프레임은 풀옵션으로 구매했습니다. KK사이즈, 나무자체색상, 벙커형, 콘센트추가를 했는데 더할나위없이 모든 옵션 선택에 만족합니다.
나무자체색상은 색상이 연한편이라서 화이트/베이지톤의 집과 위화감없이 어울립니다. 
벙커형은 정말 대박기능입니다. 벙커형 꼭 하세요. 특히 24평형집에는 이정도 큰 침대가 들어오면 별도의 수납장을 두기가 공간적으로 매우 부담스러운데, 이럴때 이런 수납형 침대 프레임은 그 고민을 대부분 해결해줍니다.  이불장+서랍장 기능으로 활용할 수 있기에 매우 실용적입니다.
콘센트추가는 Q이상 사이즈의 침대에는 아주 유용합니다. 양쪽에서 각각 사용할 수 있기때문입니다. 여담으로 콘센트선은 좌우 어디측이든 별로 상관이없습니다. 프레임 헤드 뒤 하단부에 빈 공간이 있기때문에, 그쪽으로 콘센트 연결하면 말끔합니다. (사진첨부)
이 프레임에 브랜*리스 녹턴19 1800*2000을 올렸는데 사이즈 제대로 들어맞습니다. S몬스의 ek에 입주하는 신혼부부로서 침대에 많은 신경을 썼습니다. 본연의 기능에 충실하게 튼튼하면서도 예쁘고 깔끔하며, 실용적인 제품을 찾고자 하였습니다. 그래서 저의 최종픽은 이 제품이었고, 최선의 선택이었다고 자부합니다.
차는 풀옵션을 못샀지만, 침대프레임은 풀옵션으로 구매했습니다. KK사이즈, 나무자체색상, 벙커형, 콘센트추가를 했는데 더할나위없이 모든 옵션 선택에 만족합니다.
나무자체색상은 색상이 연한편이라서 화이트/베이지톤의 집과 위화감없이 어울립니다. 
벙커형은 정말 대박기능입니다. 벙커형 꼭 하세요. 특히 24평형집에는 이정도 큰 침대가 들어오면 별도의 수납장을 두기가 공간적으로 매우 부담스러운데, 이럴때 이런 수납형 침대 프레임은 그 고민을 대부분 해결해줍니다.  이불장+서랍장 기능으로 활용할 수 있기에 매우 실용적입니다.
콘센트추가는 Q이상 사이즈의 침대에는 아주 유용합니다. 양쪽에서 각각 사용할 수 있기때문입니다. 여담으로 콘센트선은 좌우 어디측이든 별로 상관이없습니다. 프레임 헤드 뒤 하단부에 빈 공간이 있기때문에, 그쪽으로 콘센트 연결하면 말끔합니다. (사진첨부)
이 프레임에 브랜*리스 녹턴19 1800*2000을 올렸는데 사이즈 제대로 들어맞습니다. S몬스의  EK사이즈도 알맞게 들어갈 것입니다. 이처럼 높이가 높은 매트리스도 맞춤처럼 수납하는 프레임은 절대 흔하지 않습니다.
우리 침대 보시고는 저희 부모님도 부러워하셔서 동일 제품으로 주문하셨습니다. 그만큼 고퀄의 제품입니다 추천 오지게 박습니다.
소파,침대프레임 같이 구매하면서 판매자분께 톡톡으로 상담드렸는데, 매우 친절하게 응대 잘해주시니, 궁금한거 있으신 분은 컨택하셔도 좋을 듯 합니다.  ^^",https://phinf.pstatic.net/checkout.phinf/20210320_105/1616223781647oNk9X_JPEG/review-attachment-8c22d43d-4e43-4bfc-828c-acfb5e3189e2.jpeg?type=f300_300,ensa****,20.04.10.
36,5,"우선, 판매자분 답변, 친철도, 배송 빨라서 좋았구요, 배송기사분 매우 친절하셨구요. 제품상태 또한 견고하고 좋습니다.
침대 헤드부분에 램프 On/Off 스위치 위치가 화장대하고 다른걸 봐서는.. 위아래가 바뀌어있는거같긴한데,,, (이건 잘 모르겠습니다만.. 사용에는 문제없을거 같아서 그냥 쓰려고합니다.)",https://phinf.pstatic.net/checkout.phinf/20210321_1/1616337351998rIa4D_JPEG/review-attachment-44706da5-1e53-42f3-ac4e-b7c0cdb6e05f.jpeg?type=f300_300,rhwk****,20.06.15.
37,3,"침대잘못사면 삐걱소리나고 불안하잖아요..근데 정말 좋습니다. 사실 서랍형은 견고성이 떨어질거같아서 정말 고민하다 샀는데 소음견고모두 만족스러워요 설치하자마자 나무냄새풍기는데 최고였어요.
남편이 맨날 다리가 삐져나와서 이번이사하며 큰맘먹고 큰침대 샀는데 대만족입니다. 친절한배송도 최고였어요.",https://phinf.pstatic.net/checkout.phinf/20210316_94/1615821425969YKvG1_JPEG/review-attachment-5556215d-7f39-4994-b933-a57ce876e651.jpeg?type=f300_300,nigh****,20.06.11.
38,5,상품은 마음에드는데 매트밀림방지 추가 구매했는데 나사가 그대로 보여서 나사구멍 스티커로 가릴수있게 같이보내주심 좋을거같아요,https://phinf.pstatic.net/checkout.phinf/20210328_213/1616917248379WGf6I_JPEG/review-attachment-e67750eb-0f79-4fdc-80c5-da6556e56e68.jpeg?type=f300_300,beet****,20.07.21.
39,5,계속 좋습니다. 안정적이고 디자인도 질리지 않게 예뻐요,https://phinf.pstatic.net/checkout.phinf/20210327_89/1616811986472Qd3M2_JPEG/review-attachment-958007b3-d281-4d72-849b-038d15241e08.jpeg?type=f300_300,aja7****,20.07.25.
40,5,좋아요 잘쓰겠습니다,https://phinf.pstatic.net/image.nmv/shopnbuyer_2021_03_18_0/f50e1490-8786-11eb-8379-a0369ff968b0_03.jpg?type=ffn300_300,fmlt****,20.07.11.
41,5,"침대  디자인면  실용성  값  친절상담  하나도  걸리는  문제점이  없어요 !
감사드려요^^*",https://phinf.pstatic.net/checkout.phinf/20210319_127/1616082656061z2b4a_JPEG/review-attachment-91c42776-47b4-4418-a2fa-5df698fa7f7d.jpeg?type=f300_300,hill****,20.05.22.
42,5,엄마가 너무 마음에 들어하셔요. 이사문제로 배송문의도 많이했는데 항상 친철하게 답변해주시고 신경써주시고 ㅎㅎ 감사했습니다. 흥하세요~~,https://phinf.pstatic.net/checkout.phinf/20210320_176/16162120200768ETu1_JPEG/review-attachment-38c9ab3a-b47a-460a-85e9-62063a5f1014.jpeg?type=f300_300,lily****,20.06.02.
43,5,"저희는 주문제작으로 사이즈를 맞췄는데요! 
거실에 배치 하였습니다! 일단 굉장히 견고합니다 
마감도 깔끔했습니다! 그리고 은은하게 나는 나무 향이 너무 맘에 들었습니다! 수납침대인만큼 수납공간이 잘되어 있었는데요 저희가 주문한 침대 크기가 큰만큼 수납공간 또한 넓고 여유있게 되어있었어요! 저희는 침대를 높이 제작하고 그 위에 돌매트를 설치하였구요! 돌매트도 좋지만 얇은 토퍼 같은 것을 깔아도 좋을것 같아요! 나무라 디자인이 투박하면 어쩌나 고민했는데 깔끔하게 잘나왔어요! 너무 이뻐서 깜짝 놀랐답니다! 거실에서 티비보면서 침대에 누우면 천국이 따로 없어요 ㅎㅎ 
나중에 침대 바꿀일 있으면 또 구매하고 싶네요~",https://phinf.pstatic.net/checkout.phinf/20210308_119/1615210890678mSYoz_JPEG/review-attachment-a0c913aa-bdd5-4704-979e-249a57d5220b.jpeg?type=f300_300,jhh2****,20.04.28.
44,5,"디자인: 🌟🌟🌟🌟🌟
색상: 🌟🌟🌟🌟🌟
사이즈: 1800*2000 (킹에서 더블킹 사이)
제가 이때까지 소비했던 일 중
가장 가치 있었던 제품이에요:)♥️
배송기사님도 친절하시고
너무 좋았습니다:)♥️
♥️♥️♥️♥️♥️
번창하세요♥️♥️♥️♥️♥️♥️♥️♥️♥️",https://phinf.pstatic.net/checkout.phinf/20210310_60/16153745594077WgYV_JPEG/review-attachment-4d080459-586f-4cf7-bbe4-f535cb9bba5f.jpeg?type=f300_300,naya****,20.06.04.
45,5,"직접 매장가서 보고 구매한상품입니다. 
판매자분도 너무친절하시고 매장도 엄청크고 믿음이아주 가더라구요~ 
이사한집에 놓으려구 3주전에  가서 계약했고 지정한 날짜에 배송잘해주셨어요. 
이삿짐과 가구가 같이 들어오는바람에   이사업체에서 설치해주셨구요. 
콘센트 하나더 추가하길 너무잘했어요~ 진짜편해요 ㅎ  견고하고 튼튼하고 냄새도없구. 매트리스도 침대에 맞게 가로세로 2m로 짜리로 구매했어요~  너무 푹신하지도 딱딱하지도 않고 기존에 쓰던 고가의 메모리폼과 견주어도.될정도예요~

이불도 가구 매장근처에서 소개해주신곳에서 구매했는데   넘 푹신하고 저렴히 구매했네요~ 

화장대도 살예정이라  매장한번더 방문할께요~
또뵈요 ㅎ
앞으로 입소문 많이낼께요~ 
좋은상품 고맙습니다~

사이트에는없지만   매장에서
구매한 소파사진도 올려요. 보는사람마다  감탄해요 ㅎ 진짜 푹신하고 너무좋아요 ㅎ 

주저하지마시고 구매하시고~ 매장에 더많은 상품있으니 직접 방문도해보세요. 적극추천합니다~",https://phinf.pstatic.net/image.nmv/shopnbuyer_2021_02_08_0/96e26fb1-69ae-11eb-8a7c-505dac8c3607_03.jpg?type=ffn300_300,wlsg****,20.04.22.
46,5,"안전배송~
약속시간에 잘 맞춰오셨고 혼자 오셔서 금방 설치해주심",https://phinf.pstatic.net/checkout.phinf/20210325_220/16166257479352Juln_JPEG/review-attachment-c22096ea-e33f-4a2f-90b0-e4247159e593.jpeg?type=f300_300,wha1****,20.05.21.
47,5,"제품 포장이 너무 허술하던데, 모서리부분은 스티로폼으로 더 꼼꼼히 해야할거 같네요. 배송기사님도 배송하는 입장이고...제품검수가 잘못된건지....어차피 잠깐쓰고 버릴 생각이라 교환 귀찮아 그냥 씁니다. 장사 똑바로 하세요!!",https://phinf.pstatic.net/checkout.phinf/20210327_92/1616803493042Fjhti_JPEG/review-attachment-e85d7ba4-0757-4a3a-8472-5cad0f651168.jpeg?type=f300_300,kwon****,20.05.25.
48,5,"한달이 지난 지금도 아쥬 잘 사용하고 있습니더다^^
앞으로도 좋은 제품 만들어주셔요~",https://phinf.pstatic.net/checkout.phinf/20210107_104/1610015800326SV0DV_JPEG/review-attachment-0641e67a-a200-444b-b05c-4abb1fbe33ab.jpeg?type=f300_300,lily****,20.07.03.
49,5,"한달사용중인데 처음엔괜찮은데 자꾸삐걱거리는소리남 문의드렸더니 기사분보내주신다하더니
아직까지 깜깜무소식",https://phinf.pstatic.net/checkout.phinf/20210320_196/1616206336693TnGGb_JPEG/review-attachment-6f96c771-e825-4084-a3c7-b68ac03f2da7.jpeg?type=f300_300,choi****,20.06.07.
50,5,사진 그대로 이뻐요,https://phinf.pstatic.net/checkout.phinf/20210221_195/1613906687119H30Rs_JPEG/review-attachment-88d851ad-289c-44ae-9713-647970bd446f.jpeg?type=f300_300,aja7****,20.06.23.
51,5,가격대비적당히괜찮은듯합니다.,https://phinf.pstatic.net/checkout.phinf/20210326_233/1616733550718xm6ES_JPEG/review-attachment-82ce0c68-4eea-44ca-8516-25b8964bed1e.jpeg?type=f300_300,mggg****,20.07.08.
52,5,"원하는 배송일에 맞춰 보내주셨어요,
매트리스사이즈가 180이라 따로 주문제작하였는데 친절히 답변해주시고 응대해주셔서 기분좋게구매하였습니다. 침대 또한 견고하고 고급스러워보이네요.
냄새가 심하긴 하지만 2-3일 후엔 괜찮아지겠죠..
잘 사용하겠습니다.",https://phinf.pstatic.net/checkout.phinf/20210302_38/1614669677617STteg_JPEG/review-attachment-fe7d1778-e849-43bf-9c69-25c387d92967.jpeg?type=f300_300,jyh6****,20.05.12.
53,1,어우 색상도 마음에들고 튼튼해보여요. 다만 진짜 나무라 무거워요 ㅋㅋㅋ 혼자 못옮깁니다.,https://phinf.pstatic.net/checkout.phinf/20210324_14/1616592268376oVcrO_JPEG/review-attachment-6944ab6a-f4c1-4229-913f-2d91456cb49f.jpeg?type=f300_300,joos****,20.06.21.
54,5,"침대고르느라 한달을 뒤진것 같아요 ㅎ
받아보고 이뻐서 설치기사님 옆에서 이뿌다~만 50번말한거같아요 ㅎㅎ
기사님도 꼼꼼하시고 완전 조심조심 튼튼하게 설치해주셨습니다~
다만 하부 나사 4개가 덜와서 기사님이 좀 고생하셨네요 ㅎ
두번사세요 ㅎ 너무좋습니다~♡",https://phinf.pstatic.net/image.nmv/shopnbuyer_2021_03_06_0/25e12ea8-7e50-11eb-a12c-a0369ff963bc_03.jpg?type=ffn300_300,fmlt****,20.05.20.
55,2,원하는 날짜에 지정배송해주셨습니다 200센티 벙커형으로 바꾸고 콘센트추가에 협탁다리도 했더니 근사해졌어요~ 제가 이사짐쌀데 오셔서 설치사진도 보내주셨네요 침대 넓고 너무 좋습니다^^ 상일리베가구 정말 좋네요~,https://phinf.pstatic.net/checkout.phinf/20210320_105/1616223781647oNk9X_JPEG/review-attachment-8c22d43d-4e43-4bfc-828c-acfb5e3189e2.jpeg?type=f300_300,love****,20.05.17.
56,5,"서랍하나가 열리지 않고 배송받은지 1달이 지났는데도 어떻게 되는지 알수가 없네요 
인터넷으로 가구사는거 아니라더니 후회가 막심합니다",https://phinf.pstatic.net/checkout.phinf/20210321_1/1616337351998rIa4D_JPEG/review-attachment-44706da5-1e53-42f3-ac4e-b7c0cdb6e05f.jpeg?type=f300_300,9837****,20.06.19.
57,4,매장가서 직접 보고 구매했습니다.화면과 같고 예뻐요~,https://phinf.pstatic.net/checkout.phinf/20210316_94/1615821425969YKvG1_JPEG/review-attachment-5556215d-7f39-4994-b933-a57ce876e651.jpeg?type=f300_300,0169****,20.06.22.
58,5,"평이좋아서 걱정안햇는데 역시나에요
콘센트추가한쪽이 한쪽사포질이 조금덜되서 매끄럽지안아 조금 아쉬웟는데 상품은좋아요",https://phinf.pstatic.net/checkout.phinf/20210328_213/1616917248379WGf6I_JPEG/review-attachment-e67750eb-0f79-4fdc-80c5-da6556e56e68.jpeg?type=f300_300,e4e4****,20.05.17.
59,5,"1개월 정도 사용했고요.. 이스트킹 메트리스에 딱맞고이쁘고 튼튼하고 좋아요. 딸이 더 좋아해요.
콘센트도 추가해서 사용하기 편합니다. 협탁도 발새웠는데 귀여워요",https://phinf.pstatic.net/checkout.phinf/20210327_89/1616811986472Qd3M2_JPEG/review-attachment-958007b3-d281-4d72-849b-038d15241e08.jpeg?type=f300_300,my77****,20.05.09.
60,5,"신혼집에 삿어요 아쁘고 좋아요 고급집
수납공간도 있어서 알차요",https://phinf.pstatic.net/image.nmv/shopnbuyer_2021_03_18_0/f50e1490-8786-11eb-8379-a0369ff968b0_03.jpg?type=ffn300_300,bobu****,20.05.20.
61,5,원목이라 너무 튼튼하고 좋아요,https://phinf.pstatic.net/checkout.phinf/20210319_127/1616082656061z2b4a_JPEG/review-attachment-91c42776-47b4-4418-a2fa-5df698fa7f7d.jpeg?type=f300_300,whde****,20.05.22.
62,5,튼튼해보이고좋아요^^,https://phinf.pstatic.net/checkout.phinf/20210320_176/16162120200768ETu1_JPEG/review-attachment-38c9ab3a-b47a-460a-85e9-62063a5f1014.jpeg?type=f300_300,seas****,20.05.27.
63,5,잘받았습니다 배송일정 조율관련 약간 트러블이 있었지만 제품은 좋은거같아요. ㅋ,https://phinf.pstatic.net/checkout.phinf/20210308_119/1615210890678mSYoz_JPEG/review-attachment-a0c913aa-bdd5-4704-979e-249a57d5220b.jpeg?type=f300_300,mini****,20.05.15.
64,5,"설치기사분 혼자오셔서 뚝딱뚝딱 원하는곳에 
꼼꼼하게 설치해주셨어용 넘 맘에들어용!",https://phinf.pstatic.net/checkout.phinf/20210310_60/16153745594077WgYV_JPEG/review-attachment-4d080459-586f-4cf7-bbe4-f535cb9bba5f.jpeg?type=f300_300,shfk****,20.06.05.
65,5,서랍이 생각보다 단단해보이지않아요ㅠ,https://phinf.pstatic.net/image.nmv/shopnbuyer_2021_02_08_0/96e26fb1-69ae-11eb-8a7c-505dac8c3607_03.jpg?type=ffn300_300,mny0****,20.05.17.
66,5,"제가 먼저 프레임을 샀고, 어무니 아부지도 침대보고 부러워 하셔서 같은걸로 놓아드렸습니다. 25년만에 새 침대 쓰시는 우리 부모님 너무 좋아하시네요.... ^^",https://phinf.pstatic.net/checkout.phinf/20210325_220/16166257479352Juln_JPEG/review-attachment-c22096ea-e33f-4a2f-90b0-e4247159e593.jpeg?type=f300_300,cbs6****,20.04.23.
67,5,사진 그대로 배송물이 왔으며 설치도 깔끔하게 잘 해주셨습니다. 제품이 견고하며 불도 잘 들어오네요. 수납장도 있어서 편리하게 사용할 수 있을 것 같습니다.,https://phinf.pstatic.net/checkout.phinf/20210327_92/1616803493042Fjhti_JPEG/review-attachment-e85d7ba4-0757-4a3a-8472-5cad0f651168.jpeg?type=f300_300,wnsa****,20.04.12.
68,5,오래걸릴줄 알았는데 일주일만에 받았구요 설치 깔끔하게  친절하게 잘해주시고 가셨어요~2000*2000사이즈를 방크기때문에 1800*2000으로 줄였는데 아쉬워요 너무 이쁜데 상황땜에 생살을 잘라낸기분ㅡㅡ그냥 무리해도 줄이지말껄하는 후회도 될만큼 너무 좋아요~고민중이라면 사세요^^신혼침대로 여기저기 많이알아보고 고민했는데 다른 고급브랜드 취소하고 샀는데 만족 대만족합니다~,https://phinf.pstatic.net/checkout.phinf/20210107_104/1610015800326SV0DV_JPEG/review-attachment-0641e67a-a200-444b-b05c-4abb1fbe33ab.jpeg?type=f300_300,slsk****,20.04.11.
69,5,정말 튼튼하고 색도 예뻐요,https://phinf.pstatic.net/checkout.phinf/20210320_196/1616206336693TnGGb_JPEG/review-attachment-6f96c771-e825-4084-a3c7-b68ac03f2da7.jpeg?type=f300_300,ny12****,20.05.24.
70,5,튼튼하고이뻐요 계속고민했는데 잘산것같아요,https://phinf.pstatic.net/checkout.phinf/20210221_195/1613906687119H30Rs_JPEG/review-attachment-88d851ad-289c-44ae-9713-647970bd446f.jpeg?type=f300_300,choi****,20.05.02.
71,4,신축입주 하면서 5살짜리 꼬맹이랑 같이자려고 ek매트리스 구입하면서 이쁘기도하고 후기가 좋아서 구입했는데 너무맘에들어요^^.. 저희 안방이 온통 그레이색인데 정말 잘어울려요.. 협탁도 다리달아서 주문 했는데 이쁘게 잘어울려요.. 결혼 15년만에 신혼살림 구입하는것처럼 구입중인데..침대가 가장맘에 들어요.^&,https://phinf.pstatic.net/checkout.phinf/20210326_233/1616733550718xm6ES_JPEG/review-attachment-82ce0c68-4eea-44ca-8516-25b8964bed1e.jpeg?type=f300_300,my77****,20.04.07.
72,5,"아주 튼튼하고 이뻐요..
제가 딱 원하는 스타일입니다.
수납공간에 조명. 전기코드까지.. 나무색도 이뻐요",https://phinf.pstatic.net/checkout.phinf/20210302_38/1614669677617STteg_JPEG/review-attachment-fe7d1778-e849-43bf-9c69-25c387d92967.jpeg?type=f300_300,spy0****,20.04.15.
73,5,여러가지로 예상대로여서 맘에 듭니다.,https://phinf.pstatic.net/checkout.phinf/20210324_14/1616592268376oVcrO_JPEG/review-attachment-6944ab6a-f4c1-4229-913f-2d91456cb49f.jpeg?type=f300_300,ddor****,20.05.15.
74,5,"잘 받았습니다

마감이 약간 아쉽네요",https://phinf.pstatic.net/image.nmv/shopnbuyer_2021_03_06_0/25e12ea8-7e50-11eb-a12c-a0369ff963bc_03.jpg?type=ffn300_300,aero****,20.04.19.
75,5,설치도잘해주고가셔서감사해용,https://phinf.pstatic.net/checkout.phinf/20210320_105/1616223781647oNk9X_JPEG/review-attachment-8c22d43d-4e43-4bfc-828c-acfb5e3189e2.jpeg?type=f300_300,ohch****,20.05.07.
76,5,이뻐요 ㅎㅎ 분위기있어요,https://phinf.pstatic.net/checkout.phinf/20210321_1/1616337351998rIa4D_JPEG/review-attachment-44706da5-1e53-42f3-ac4e-b7c0cdb6e05f.jpeg?type=f300_300,jang****,20.04.15.
77,5,"인터넷 찾고 찾고 또 찾고,직접방문해서 보고, 전체 원목통나무 튼튼하고 다지인 냄새 등등 다 확인하고 결정했네요.  가격도 착하고~ 좋습니다.  적극추천합니다.",https://phinf.pstatic.net/checkout.phinf/20210316_94/1615821425969YKvG1_JPEG/review-attachment-5556215d-7f39-4994-b933-a57ce876e651.jpeg?type=f300_300,kmsb****,20.03.21.
78,5,"괜찮습니다
매트리스도 2000에 2000인데
아주조금 튀어나오지만 만족합니다
견고해 보이고 기사님들도 아주 잘 설치해 주셨습니다~",https://phinf.pstatic.net/checkout.phinf/20210328_213/1616917248379WGf6I_JPEG/review-attachment-e67750eb-0f79-4fdc-80c5-da6556e56e68.jpeg?type=f300_300,kyy7****,20.04.02.
79,5,"포토리뷰 ㅎㅎ짱이에요
고무나무로 침대,화장대,5단 서랍장까지 풀로 샀는데 짱짱짱 !이사날짜도 다 맞춰주시고 기사님도 친절 !짱 여러분 두번사세영 마니사세영",https://phinf.pstatic.net/checkout.phinf/20210327_89/1616811986472Qd3M2_JPEG/review-attachment-958007b3-d281-4d72-849b-038d15241e08.jpeg?type=f300_300,hotl****,20.03.23.
80,5,좋아요 오프라인보다 훨씬 싸게,https://phinf.pstatic.net/image.nmv/shopnbuyer_2021_03_18_0/f50e1490-8786-11eb-8379-a0369ff968b0_03.jpg?type=ffn300_300,bbok****,20.04.25.
81,5,잘 쓰고있어요 :),https://phinf.pstatic.net/checkout.phinf/20210319_127/1616082656061z2b4a_JPEG/review-attachment-91c42776-47b4-4418-a2fa-5df698fa7f7d.jpeg?type=f300_300,rhwn****,20.04.15.
82,5,나무 냄새 향긋해요 바닥이 반듯하지 않아서 그런지 침대가 딱 맞지 않아요,https://phinf.pstatic.net/checkout.phinf/20210320_176/16162120200768ETu1_JPEG/review-attachment-38c9ab3a-b47a-460a-85e9-62063a5f1014.jpeg?type=f300_300,syki****,20.03.19.
83,5,"원하던 기능이 다 들어가 있는 라지킹 프레임 찾기 정말 어려웠는데! 이게 딱이었어요.
큰 사이즈, 하단 서랍, 간접등(양쪽 따로 온오프 가능한 등), 양쪽 콘센트(콘센트 추가함) 
이게 제 프레임 고르는 기준이었는데 정말 거짓말처럼 이 상품만 딱 맞아떨어졌어요 ㅎㅎ 물론 맞춤하면 됐겠지만 진짜 부르는게 값이더라구요. 너무 터무니없이 비싸서 하나두개씩 포기하고 있었는데 이 상품이 다 만족시켜줬어요 ㅎㅎ 
만족합니다~!",https://phinf.pstatic.net/checkout.phinf/20210308_119/1615210890678mSYoz_JPEG/review-attachment-a0c913aa-bdd5-4704-979e-249a57d5220b.jpeg?type=f300_300,mni_****,20.02.27.
84,5,생각했던 대로 마음에 들어요,https://phinf.pstatic.net/checkout.phinf/20210310_60/16153745594077WgYV_JPEG/review-attachment-4d080459-586f-4cf7-bbe4-f535cb9bba5f.jpeg?type=f300_300,ibcm****,20.04.03.
85,5,약간의 문제로 제작자님과 아직 조율중입니다~ 침대는 예뻐요:),https://phinf.pstatic.net/image.nmv/shopnbuyer_2021_02_08_0/96e26fb1-69ae-11eb-8a7c-505dac8c3607_03.jpg?type=ffn300_300,rhwn****,20.03.22.
86,4,"배송 빠르고 오셔서 설치도 금방 해주세요. 
설치하고 당일은 새가구 냄새가 좀 났는데
냄새가 다 빠지는데 이틀정도 걸린거 같아요. 
부모님께서 튼튼하고 디자인도 깔끔하다고
마음에 들어하십니다. 
퀸사이즈는 서랍 2개고 서랍도 큰 편이라
잘 쓰고 있습니다.",https://phinf.pstatic.net/checkout.phinf/20210325_220/16166257479352Juln_JPEG/review-attachment-c22096ea-e33f-4a2f-90b0-e4247159e593.jpeg?type=f300_300,c_ch****,20.03.05.
87,4,"후기처럼 실물이 더 마음에 듭니다
매트도 찾아보기 귀찮아서 같이 주문했는데 만족스러웠고 지정일 배송 해 주셔서 좋았습니다^^",https://phinf.pstatic.net/checkout.phinf/20210327_92/1616803493042Fjhti_JPEG/review-attachment-e85d7ba4-0757-4a3a-8472-5cad0f651168.jpeg?type=f300_300,ccss****,20.03.18.
88,5,매트리스가 이스턴킹 사이즈라 걱정했는데 프레임에 딱 알맞게 들어가고 튼튼해요! 밤에 조명만 키고 있으면 진짜 예쁘고 아늑한 분위기 완성!。◕‿◕ 。,https://phinf.pstatic.net/checkout.phinf/20210107_104/1610015800326SV0DV_JPEG/review-attachment-0641e67a-a200-444b-b05c-4abb1fbe33ab.jpeg?type=f300_300,kbor****,20.03.07.
89,5,정말 튼튼했어요~~나무원목 그대로 성인 남자 두명 들기에도 넘 무거더라구여,https://phinf.pstatic.net/checkout.phinf/20210320_196/1616206336693TnGGb_JPEG/review-attachment-6f96c771-e825-4084-a3c7-b68ac03f2da7.jpeg?type=f300_300,sjao****,20.03.05.
90,5,킹사이즈 프레임 중에 맘에 드는거 찾기가 쉽지 않았는데 정말 가성비 최고의 프레임을 찾아서 좋아요. 설치도 금방해주셨고 실제로 설치해좋고 보니 너무너무 예쁘고 맘에 드네요. 킹사이즈로 콘센트 한 쪽 추가했더니 양쪽 머리맡에서 전기 쓸 수 있어서 좋고 LED등도 너무 예뻐요. 신혼집 장만하면서 요 침대프레임이 제일 맘에드는 가구가 됐어요. 최고입니다:),https://phinf.pstatic.net/checkout.phinf/20210221_195/1613906687119H30Rs_JPEG/review-attachment-88d851ad-289c-44ae-9713-647970bd446f.jpeg?type=f300_300,sunw****,20.02.09.
91,4,"항상 슈퍼싱글 침대만 사용하다가
신혼집에서 사용할 침대를 구입하는거라
KK로 메트리스를 구입하면서 같이구매한 침대프레임입니당ㅋㅋㅋ

요즘보면 침대 머리맡에 전기콘센트나 휴대폰충전케이블 등등 많은것들이 같이 있는 경우가많던데 이제품에는 은은한 조명이 들어오고
콘센트 2개가 내장되어있습니다!

침대를 두고도 남는공간에 사용할 협탁도 추가로 구입!
덕분에 큰 프레임안에 메트리스랑 협탁을 냅두니 사이즈가 딱딱 맞아 떨어지더라구요!
(저처럼 메트리스커버 사이즈가KK가 아니라면 협탁과 메트리스사이에 약간에 공간이 생길수 있을거같아요 참고하세용!.!)

사진으로 보는것보다 실물로 본 것이
더 튼튼해 보이는거 같아요 ㅋㅋㅋ
침대 프레임 밑쪽으로는 3개의 수납공간이 숨어있어요 ㅋㅋㅋ
저처럼 속옷을 넣으시거나 베개커버 등등 수납하시면 좋을거같아요(여름이불같은경우 압축팩에 압축하면 충분히 보관 가능할듯해요!)
프레임마저 어느곳 하나 맘에 안드는 부분이없어요❤️ 메트리스도 너무 넓어서 3명이서 자도 편하게 잘수있을거같아요 ㅋㅋㅋ

신혼가구로도 무드등도 있기에 너무 강추입니다!
구입망설일 필요가 1도없어요
이가격에 절대 어디가서 살수 없을듯해여 ㅋㅋㅋ",https://phinf.pstatic.net/checkout.phinf/20210326_233/1616733550718xm6ES_JPEG/review-attachment-82ce0c68-4eea-44ca-8516-25b8964bed1e.jpeg?type=f300_300,nayo****,19.12.10.
92,5,너무 좋아요~~실물이 더 고급져보입니다^^♡,https://phinf.pstatic.net/checkout.phinf/20210302_38/1614669677617STteg_JPEG/review-attachment-fe7d1778-e849-43bf-9c69-25c387d92967.jpeg?type=f300_300,syuk****,20.01.20.
93,5,"실물이 훨씬이뻐요!!
매트리스 올리고 사진찍고 싶었는데 담주에 온다고해서 이불만 깔고 찍었어요ㅠㅠ
수납공간도 넓~고 협탁사이즈를 매트리스 크기에 맞게 줄였는데 확인 전화 꼼꼼히 해주셔서 정말 감사했어요 ^♡^ 배송해주시는 분도 친절~! 대박나세영~~",https://phinf.pstatic.net/checkout.phinf/20210324_14/1616592268376oVcrO_JPEG/review-attachment-6944ab6a-f4c1-4229-913f-2d91456cb49f.jpeg?type=f300_300,hors****,20.01.19.
94,5,"제가 생각한 그대로인것같아 넘 맘에 들어요~~
튼튼하기까지 해서 넘 좋아요~~
예쁘게 잘 사용할께요~ 대박나세요^^",https://phinf.pstatic.net/image.nmv/shopnbuyer_2021_03_06_0/25e12ea8-7e50-11eb-a12c-a0369ff963bc_03.jpg?type=ffn300_300,keju****,20.02.07.
95,5,정면에서 바라봤을때 우측에만 전기콘센트가 기본 설치 되어있는 제품이라 왼쪽에도 추가 설치를 했습니다. 폭 2000짜리 침대라서 한쪽에만 콘센트가 있으면 불편할거 같더라고요.. 하나 더 추가해서 편리게 사용할 수 있을 것 같습니다.,https://phinf.pstatic.net/checkout.phinf/20210320_105/1616223781647oNk9X_JPEG/review-attachment-8c22d43d-4e43-4bfc-828c-acfb5e3189e2.jpeg?type=f300_300,amia****,20.01.04.
96,5,"협탁은 침대프레임을 구입하면서 같이 구입해서 사용중입니다 ㅋㅋㅋ
너무나 유용하게 쓰는중이에여
위쪽에는 캔들을 올려놓고
협탁서랍은 일기장이나 핸드폰 충전기 립밤 로션 이런것들을 수납했어요 ㅋㅋㅋ

매장에서 같이 구입한 쇼파와 렌지장도 너무 맘에들어여 ㅋㅋㅋ집이 좁아서 쇼파를 일렬로 두지못하고 한쪽을 돌려놨는데도 그 나름대로 괜찮아요
렌지장도 수납공간이 많아서 유용해요!!",https://phinf.pstatic.net/checkout.phinf/20210321_1/1616337351998rIa4D_JPEG/review-attachment-44706da5-1e53-42f3-ac4e-b7c0cdb6e05f.jpeg?type=f300_300,nayo****,19.12.10.
97,5,"슈퍼싱글 원목침대 찾다가 서랍내부까지 원목이라는 말이 있어 구매했습니다.^^ 다른 침대 사려다가 원목이라는데 냄세가 안빠진다고 하는 후기들도 있어서 이 침대로 선택했어요. 냄새 안나구요. 까다로운 엄마도 보시고는 튼튼하다고 잘샀다고 하세요. 
불켜면 분위기있어서 좋고 폰충전도 편해요
4일동안 침대에서 자봤는데 제 무게에 소리도 없고 흔들림도 없고 탄탄하게 지탱해주는 것 같아 아주 좋습니다.
배송해주시는 기사님이 조립해주셨는데 친절하셨어요. 번창하세요~",https://phinf.pstatic.net/checkout.phinf/20210316_94/1615821425969YKvG1_JPEG/review-attachment-5556215d-7f39-4994-b933-a57ce876e651.jpeg?type=f300_300,sk78****,19.12.19.
98,5,"삐걱거리는 것 없이 튼튼한 것 같아요.
조명에 충전 소켓까지...ㅎㅎ
냄세도 많이 안나서 좋네요.^^",https://phinf.pstatic.net/checkout.phinf/20210328_213/1616917248379WGf6I_JPEG/review-attachment-e67750eb-0f79-4fdc-80c5-da6556e56e68.jpeg?type=f300_300,aws8****,20.02.26.
99,5,제품은  받아서 잘쓰고 있고  리뷰가  너무 늦었네요~  가성비에  딱 맞고  색깔디자인 기능  여러가지  고르다가  결정해서  사용해보니 역시나 잘 선택했다는 생각이 듭니다~  디자인깔끔하고 재질좋고 가격좋아서  아주 대만족입니다~,https://phinf.pstatic.net/checkout.phinf/20210327_89/1616811986472Qd3M2_JPEG/review-attachment-958007b3-d281-4d72-849b-038d15241e08.jpeg?type=f300_300,lott****,19.12.24.
