﻿,star,review,reviewImage,customerId,reviewDate
0,5,"아들 원룸 새로 이사하면서 구매했어요
마음에 드는 침대가 없어서 여기저기 많이 찾아보다
정말 딱 맞춤인 침대를 찾았네요
프레임이 없어 자리 많이 차지하지 않고
다리만 바꾸면 두가지 높이가 가능해요
쿠션감도 적당히 푹신해서 허리도 편하고
원룸 인테리어랑도 잘 어울려요
지인들한테도 적극 추천하는 제품입니다",https://phinf.pstatic.net/image.nmv/shopnbuyer_2021_03_18_0/f50e1490-8786-11eb-8379-a0369ff968b0_03.jpg?type=ffn300_300,bboo****,21.03.23.
1,5,"너무 만족합니다.
일체형이지만 견고한 프레임과 매트의 단단함, 그레이 색상까지 다 좋습니다.",https://phinf.pstatic.net/checkout.phinf/20210319_127/1616082656061z2b4a_JPEG/review-attachment-91c42776-47b4-4418-a2fa-5df698fa7f7d.jpeg?type=f300_300,suji****,21.03.24.
2,5,가성비 좋네요 헤드가 없어서  방향 구분 할필요없어서 좋아요,https://phinf.pstatic.net/checkout.phinf/20210320_176/16162120200768ETu1_JPEG/review-attachment-38c9ab3a-b47a-460a-85e9-62063a5f1014.jpeg?type=f300_300,coff****,21.03.27.
3,5,너무좋아요 ㅠㅠ 멀티싱글사이즈도 있으면 사서 거실에 두고 싶어요,https://phinf.pstatic.net/checkout.phinf/20210308_119/1615210890678mSYoz_JPEG/review-attachment-a0c913aa-bdd5-4704-979e-249a57d5220b.jpeg?type=f300_300,popo****,21.03.27.
4,5,"이삿날 제시간에 딱 와주셔서 너무 감사하구요 덕분에 요새 잠을 잘 자고있어요
추천합니다",https://phinf.pstatic.net/checkout.phinf/20210310_60/16153745594077WgYV_JPEG/review-attachment-4d080459-586f-4cf7-bbe4-f535cb9bba5f.jpeg?type=f300_300,ldw2****,21.03.23.
5,5,잘받았습니다 생각보다 크고튼튼한데.. 설치기사님께서 제 폰충전기케이블을 아작내시고도 말도없이 가셔서 좀 ..ㅜ,https://phinf.pstatic.net/image.nmv/shopnbuyer_2021_02_08_0/96e26fb1-69ae-11eb-8a7c-505dac8c3607_03.jpg?type=ffn300_300,ahnm****,21.03.13.
6,5,기사님 친절하시고 제품 정말 좋네요,https://phinf.pstatic.net/checkout.phinf/20210325_220/16166257479352Juln_JPEG/review-attachment-c22096ea-e33f-4a2f-90b0-e4247159e593.jpeg?type=f300_300,cool****,21.03.23.
7,5,"좋은제품 감사합니다.
설치기사님들도 
친절하게 깔끔하게 해주고
가셨어요~~",https://phinf.pstatic.net/checkout.phinf/20210327_92/1616803493042Fjhti_JPEG/review-attachment-e85d7ba4-0757-4a3a-8472-5cad0f651168.jpeg?type=f300_300,shun****,21.03.08.
8,5,"너무 좋아요! 슈퍼싱글이라 사이즈도 좋고, 너무 푹신한게 아니라 오히려 허리가 안 아픈 듯 합니다. 매트리스 커버가 씌워져서 오는데 상당히 거칠어서 불편하니 패드를 꼭 따로 사세요",https://phinf.pstatic.net/checkout.phinf/20210107_104/1610015800326SV0DV_JPEG/review-attachment-0641e67a-a200-444b-b05c-4abb1fbe33ab.jpeg?type=f300_300,yeon****,21.02.23.
9,4,배송도 원하는 날에 해주시고 매트리스일체형이라 깔끔.슬림하고 좋아요,https://phinf.pstatic.net/checkout.phinf/20210320_196/1616206336693TnGGb_JPEG/review-attachment-6f96c771-e825-4084-a3c7-b68ac03f2da7.jpeg?type=f300_300,8812****,21.03.20.
10,5,3번째 구매예요. 작은 공간 추천드려요. 기사님 설치 친절하세요,https://phinf.pstatic.net/checkout.phinf/20210221_195/1613906687119H30Rs_JPEG/review-attachment-88d851ad-289c-44ae-9713-647970bd446f.jpeg?type=f300_300,girl****,21.02.25.
11,5,일체형에 깔끔하고 진짜 푹신해서 너무 좋아요,https://phinf.pstatic.net/checkout.phinf/20210326_233/1616733550718xm6ES_JPEG/review-attachment-82ce0c68-4eea-44ca-8516-25b8964bed1e.jpeg?type=f300_300,book****,21.03.21.
12,5,아담하고 메트리스도 너무딱딱하지도않고 커버가 씌워있어서 좋아요,https://phinf.pstatic.net/checkout.phinf/20210302_38/1614669677617STteg_JPEG/review-attachment-fe7d1778-e849-43bf-9c69-25c387d92967.jpeg?type=f300_300,juli****,21.03.06.
13,5,자리차지 않고 좋습니다,https://phinf.pstatic.net/checkout.phinf/20210324_14/1616592268376oVcrO_JPEG/review-attachment-6944ab6a-f4c1-4229-913f-2d91456cb49f.jpeg?type=f300_300,pyot****,21.03.02.
14,4,지정 날짜에 잘 배송되었고 설치기사 두분오셔서 잘 해주시고 가셨어요,https://phinf.pstatic.net/image.nmv/shopnbuyer_2021_03_06_0/25e12ea8-7e50-11eb-a12c-a0369ff963bc_03.jpg?type=ffn300_300,tama****,21.02.24.
15,5,배송 및 설치도 친절하고 침대가 내구성이 좋고 안정적입니다. 가성비짱.,https://phinf.pstatic.net/checkout.phinf/20210320_105/1616223781647oNk9X_JPEG/review-attachment-8c22d43d-4e43-4bfc-828c-acfb5e3189e2.jpeg?type=f300_300,kd13****,21.02.14.
16,5,만족합니다 감사합니다 ^^,https://phinf.pstatic.net/checkout.phinf/20210321_1/1616337351998rIa4D_JPEG/review-attachment-44706da5-1e53-42f3-ac4e-b7c0cdb6e05f.jpeg?type=f300_300,mins****,21.03.21.
17,5,적당한쿠션감에 좋아요,https://phinf.pstatic.net/checkout.phinf/20210316_94/1615821425969YKvG1_JPEG/review-attachment-5556215d-7f39-4994-b933-a57ce876e651.jpeg?type=f300_300,hemo****,21.02.23.
18,5,"1.침대가 살짝 휘어져 있어서 앞하고 뒤쪽에 뭔가를 받쳐서 수평을 맞춰줘야 합니다.
2.설치기사가 바닥이 고르지 못할수도 있어서 침대가 살짝 흔들리는거라서 지속적으로 이야기 하신다는점... 실제로 침대가 살짝 휘어 있습니다.
3.침대 수평 안맞춰줘서 제가 1시간동단 수평 맞춰서 살짝 뛰어도 침대가 튀지않게 수평 다 맞췄습니다. 설치 기사가 대충하고 빨리 갈라고 해서 어쩔수 없이 제가 맞춤
4.수평 맞추라고 동그란거 엄청 많이 주고 가심. 수평이 많이 안맞아서 한참 걸리다는것을 설치기사님은 알고 있다는걸...

어찌 되었든 가격대비 상품은 괜찮습니다. 수평만 맞으면 더 좋을 상품이네요
이보다 더 좋은거 필요하시면은 매장가셔서 상품을 고르세요 ㅋㅋ",https://phinf.pstatic.net/checkout.phinf/20210328_213/1616917248379WGf6I_JPEG/review-attachment-e67750eb-0f79-4fdc-80c5-da6556e56e68.jpeg?type=f300_300,good****,20.12.28.
19,5,만족스럽게 사용 중입니다. 감사합니다.,https://phinf.pstatic.net/checkout.phinf/20210327_89/1616811986472Qd3M2_JPEG/review-attachment-958007b3-d281-4d72-849b-038d15241e08.jpeg?type=f300_300,whit****,21.01.23.
20,5,기대 이상입니다~! 생각보다 크고 튼튼해보이고 좋네요 ㅎ ㅎ낮은다리도 주셔서 감사해용 좁은 원룸에 최적화된 제품이라 봅니당 ㅎ ㅎ,https://phinf.pstatic.net/image.nmv/shopnbuyer_2021_03_18_0/f50e1490-8786-11eb-8379-a0369ff968b0_03.jpg?type=ffn300_300,fhrd****,21.01.09.
21,5,빠른 배송 대만족요,https://phinf.pstatic.net/checkout.phinf/20210319_127/1616082656061z2b4a_JPEG/review-attachment-91c42776-47b4-4418-a2fa-5df698fa7f7d.jpeg?type=f300_300,micc****,21.01.26.
22,5,감사합니다. 괜찮네요,https://phinf.pstatic.net/checkout.phinf/20210320_176/16162120200768ETu1_JPEG/review-attachment-38c9ab3a-b47a-460a-85e9-62063a5f1014.jpeg?type=f300_300,0108****,21.01.26.
23,5,빠른배송과 친철한 기사님들 설치 너무 감사드려요~!!,https://phinf.pstatic.net/checkout.phinf/20210308_119/1615210890678mSYoz_JPEG/review-attachment-a0c913aa-bdd5-4704-979e-249a57d5220b.jpeg?type=f300_300,laur****,21.01.18.
24,5,굉장히 만족하면서 사용합니다^^,https://phinf.pstatic.net/checkout.phinf/20210310_60/16153745594077WgYV_JPEG/review-attachment-4d080459-586f-4cf7-bbe4-f535cb9bba5f.jpeg?type=f300_300,hena****,21.01.10.
25,5,"원래있던 침대에 붙여쓰려고 주문했어요
높이도 너비도 딱맞는것같아 주문했어요~~
이렇게 붙여놓으니 감쪽같지요 ㅋ",https://phinf.pstatic.net/image.nmv/shopnbuyer_2021_02_08_0/96e26fb1-69ae-11eb-8a7c-505dac8c3607_03.jpg?type=ffn300_300,skdl****,20.12.04.
26,5,"침대 아주 편하고 좋슴니다.
매트리스 쿠션 강도도 적당하고 크기도 싱글보다 여유 있어 좋습니다.
추천합니다.",https://phinf.pstatic.net/checkout.phinf/20210325_220/16166257479352Juln_JPEG/review-attachment-c22096ea-e33f-4a2f-90b0-e4247159e593.jpeg?type=f300_300,chos****,20.05.05.
27,5,잘자고 잘쓰고있어요 좋은침대예요 친구도 좋다구 탐내더라구요,https://phinf.pstatic.net/checkout.phinf/20210327_92/1616803493042Fjhti_JPEG/review-attachment-e85d7ba4-0757-4a3a-8472-5cad0f651168.jpeg?type=f300_300,09yo****,20.04.22.
28,5,사람이 없는데도 기사님이 잘 설치해주셔서 다행이네요!!,https://phinf.pstatic.net/checkout.phinf/20210107_104/1610015800326SV0DV_JPEG/review-attachment-0641e67a-a200-444b-b05c-4abb1fbe33ab.jpeg?type=f300_300,iyb1****,20.04.04.
29,4,"그동안 토퍼만 올려두고 자다가 처음으로 매트리스 있는 침대를 사봤는데, 적당히 푹신하고 높이가 꽤 높아서 안에 물건도 넣어둘 수 있고 매트리스만 두는것보다 공간이 깔끔하게 확보가 되어서 좋아요",https://phinf.pstatic.net/checkout.phinf/20210320_196/1616206336693TnGGb_JPEG/review-attachment-6f96c771-e825-4084-a3c7-b68ac03f2da7.jpeg?type=f300_300,caj0****,20.03.19.
30,5,"배송은 정말 오래걸렸지만 주인없는집에 배송기사님이 설치깔끔 정리깔끔 사진투척까지 정말 감사합니다.... 그러나..  그러나..
그러나 퇴근후 문을 여는순간 완전놀람!!!
냄새가 너무 너무 너무심해 두시간째 창문을 못닫고 있네요.
도대체 이 냄새는 어디서 나오는 걸까요?
매트인가요? 매트커버인가요? 
머리가 아플정도의 냄새라 원룸에서 마스크 쓰고 있습니다.  
커버새탁을 하면 될까요? 
아니면 안쪽매트를 통풍시켜야 하나요?",https://phinf.pstatic.net/checkout.phinf/20210221_195/1613906687119H30Rs_JPEG/review-attachment-88d851ad-289c-44ae-9713-647970bd446f.jpeg?type=f300_300,ryud****,20.02.25.
31,5,거실에 쇼파겸 침대로 놧는대 설치해주시는분들도 친절했고 제품또한 너무 맘에 드네요~^^엄청 고민하다 구매했는데 구매하길 잘한거같아여,https://phinf.pstatic.net/checkout.phinf/20210326_233/1616733550718xm6ES_JPEG/review-attachment-82ce0c68-4eea-44ca-8516-25b8964bed1e.jpeg?type=f300_300,bkso****,20.04.01.
32,5,동생선물로  한샘침대를 사준거예요~편히자라고~슈퍼싱글사줬는데 너무좋아해서 저도좋으네요~^^그레이색도넘 이쁘구요 만족 대만족입니다~ㅎㅎㅎ^^,https://phinf.pstatic.net/checkout.phinf/20210302_38/1614669677617STteg_JPEG/review-attachment-fe7d1778-e849-43bf-9c69-25c387d92967.jpeg?type=f300_300,kdod****,20.02.29.
33,5,"배송은 다소 걸립니다.
여유있게 주문 했지만 1주 이상 소요 되었습니다.

매트리스 아주 좋습니다.
크기도 슈퍼싱글이라 여유있어 좋습니다.
디자인도 아주 심플해서 좋습니다.",https://phinf.pstatic.net/checkout.phinf/20210324_14/1616592268376oVcrO_JPEG/review-attachment-6944ab6a-f4c1-4229-913f-2d91456cb49f.jpeg?type=f300_300,chos****,20.03.14.
34,3,쿠션감이 생각보다 단단해서 좋고 견고하고 깔끔한 디자인이 맘에 들어요,https://phinf.pstatic.net/image.nmv/shopnbuyer_2021_03_06_0/25e12ea8-7e50-11eb-a12c-a0369ff963bc_03.jpg?type=ffn300_300,juya****,20.03.15.
35,5,아..아이방에 넣어줬는데 냄새 너무 많이나네요ㅜㅜ 4일정도 냄새뺀다고 방에 들어가지도 않았네요ㅜ 브랜드라 당연히 e0일줄알았는데ㅜ,https://phinf.pstatic.net/checkout.phinf/20210320_105/1616223781647oNk9X_JPEG/review-attachment-8c22d43d-4e43-4bfc-828c-acfb5e3189e2.jpeg?type=f300_300,wall****,20.03.03.
36,5,새가구 냄새가 나서 별하나 뺐어요. 그점만 빼면 가벼워서 이동 쉽고 좋아요. 매트리스도 적당히 딱딱해서 좋아요,https://phinf.pstatic.net/checkout.phinf/20210321_1/1616337351998rIa4D_JPEG/review-attachment-44706da5-1e53-42f3-ac4e-b7c0cdb6e05f.jpeg?type=f300_300,cide****,20.02.28.
37,5,가격대비 만족합니다,https://phinf.pstatic.net/checkout.phinf/20210316_94/1615821425969YKvG1_JPEG/review-attachment-5556215d-7f39-4994-b933-a57ce876e651.jpeg?type=f300_300,ssai****,20.04.07.
38,5,배송이 좀 힘들뻔 했지만 그래도 무사히 기사님이 가져다주셔서 다행이엿어요 일부러 이 날에 맞춘거라서여,https://phinf.pstatic.net/checkout.phinf/20210328_213/1616917248379WGf6I_JPEG/review-attachment-e67750eb-0f79-4fdc-80c5-da6556e56e68.jpeg?type=f300_300,cpfl****,20.03.03.
39,3,단단하고 튼튼해 보입니다  짧은다리 긴다리 두가지 다 주셨네요  가운데 지지하는 다리도 두개나 있구요  가격대비 괜찮아요,https://phinf.pstatic.net/checkout.phinf/20210327_89/1616811986472Qd3M2_JPEG/review-attachment-958007b3-d281-4d72-849b-038d15241e08.jpeg?type=f300_300,yjl6****,20.03.20.
40,5,단단하고 좋아요 쿠션도 편해요,https://phinf.pstatic.net/image.nmv/shopnbuyer_2021_03_18_0/f50e1490-8786-11eb-8379-a0369ff968b0_03.jpg?type=ffn300_300,wind****,20.03.14.
41,5,"한샘기사님 너무친절하고
저렴하지만 쿠션감도 좋네요",https://phinf.pstatic.net/checkout.phinf/20210319_127/1616082656061z2b4a_JPEG/review-attachment-91c42776-47b4-4418-a2fa-5df698fa7f7d.jpeg?type=f300_300,qusw****,20.03.05.
42,5,생각했던 물건. 빠른 배송. 소파는 한샘 아닌 다른데서 시켰는데 한달째 못 받음. 대구라면서. 취소도 안해줌,https://phinf.pstatic.net/checkout.phinf/20210320_176/16162120200768ETu1_JPEG/review-attachment-38c9ab3a-b47a-460a-85e9-62063a5f1014.jpeg?type=f300_300,pepp****,20.03.14.
43,5,아주좋아요 튼튼하고 편합니다,https://phinf.pstatic.net/checkout.phinf/20210308_119/1615210890678mSYoz_JPEG/review-attachment-a0c913aa-bdd5-4704-979e-249a57d5220b.jpeg?type=f300_300,yysb****,20.03.29.
44,4,"배송은 좀걸렸지만..
좁은공간에 딱이예요
기사님 혼자서 배송하시기엔..무거워보였어요",https://phinf.pstatic.net/checkout.phinf/20210310_60/16153745594077WgYV_JPEG/review-attachment-4d080459-586f-4cf7-bbe4-f535cb9bba5f.jpeg?type=f300_300,momo****,20.02.27.
45,5,3층까지 계단으로 배송해주시고 설치해주신 기사님 두분께 감사를 전합니다,https://phinf.pstatic.net/image.nmv/shopnbuyer_2021_02_08_0/96e26fb1-69ae-11eb-8a7c-505dac8c3607_03.jpg?type=ffn300_300,rlck****,20.02.26.
46,5,만족스러워요! 흰색이면 더 좋을거같네요,https://phinf.pstatic.net/checkout.phinf/20210325_220/16166257479352Juln_JPEG/review-attachment-c22096ea-e33f-4a2f-90b0-e4247159e593.jpeg?type=f300_300,hyok****,20.02.27.
47,5,한샘 직영이라 안심하고 구입했습니다.,https://phinf.pstatic.net/checkout.phinf/20210327_92/1616803493042Fjhti_JPEG/review-attachment-e85d7ba4-0757-4a3a-8472-5cad0f651168.jpeg?type=f300_300,nonp****,20.03.16.
48,4,성인남자 혼자서 쓰기에도 충분한 크기와 적당한 쿠션감이네요. 전체적으로 만족합니다~,https://phinf.pstatic.net/checkout.phinf/20210107_104/1610015800326SV0DV_JPEG/review-attachment-0641e67a-a200-444b-b05c-4abb1fbe33ab.jpeg?type=f300_300,rhzn****,20.02.26.
49,5,맘에들어요. 다리조절도맘에들고 너무좋네요,https://phinf.pstatic.net/checkout.phinf/20210320_196/1616206336693TnGGb_JPEG/review-attachment-6f96c771-e825-4084-a3c7-b68ac03f2da7.jpeg?type=f300_300,09yo****,20.02.14.
50,5,배달도 친절히 해주시고 침대도 너무 마음에 드네요^^,https://phinf.pstatic.net/checkout.phinf/20210221_195/1613906687119H30Rs_JPEG/review-attachment-88d851ad-289c-44ae-9713-647970bd446f.jpeg?type=f300_300,hh47****,20.03.03.
51,5,"좋아요추천해요
원룸인데사이즈가딱",https://phinf.pstatic.net/checkout.phinf/20210326_233/1616733550718xm6ES_JPEG/review-attachment-82ce0c68-4eea-44ca-8516-25b8964bed1e.jpeg?type=f300_300,park****,20.02.25.
52,5,"가격 생각하면 가성비 괜찮은 것 같아요.
아직까지 큰 문제 없이 잘 쓰고 있습니다",https://phinf.pstatic.net/checkout.phinf/20210302_38/1614669677617STteg_JPEG/review-attachment-fe7d1778-e849-43bf-9c69-25c387d92967.jpeg?type=f300_300,aaa1****,20.02.15.
53,5,군더더기 없는 디자인입니다  작은 공간에 가성비가 좋은듯해요,https://phinf.pstatic.net/checkout.phinf/20210324_14/1616592268376oVcrO_JPEG/review-attachment-6944ab6a-f4c1-4229-913f-2d91456cb49f.jpeg?type=f300_300,mira****,20.01.28.
54,5,배송 빠르고 친절했습니다:),https://phinf.pstatic.net/image.nmv/shopnbuyer_2021_03_06_0/25e12ea8-7e50-11eb-a12c-a0369ff963bc_03.jpg?type=ffn300_300,simb****,20.02.09.
55,5,한샘 배달형식 별론거 같습니다. 그리고 침대도 생각보다 너무 높아서 위에 토퍼 올리면 다리가 안닿네요 키 175 참고하세요 그냥 그래요,https://phinf.pstatic.net/checkout.phinf/20210320_105/1616223781647oNk9X_JPEG/review-attachment-8c22d43d-4e43-4bfc-828c-acfb5e3189e2.jpeg?type=f300_300,comf****,20.02.09.
56,4,설치 잘해주셨고..불편함없이 좋아요.,https://phinf.pstatic.net/checkout.phinf/20210321_1/1616337351998rIa4D_JPEG/review-attachment-44706da5-1e53-42f3-ac4e-b7c0cdb6e05f.jpeg?type=f300_300,yu00****,20.02.26.
57,5,너무 푹신하지 않고 적당히 단단해서 꿀잠 잡니다. 라텍스 위에 온수 매트 사용하다보니 녹아서 바꿨는데 그럴 염려 없어서 좋아요.,https://phinf.pstatic.net/checkout.phinf/20210316_94/1615821425969YKvG1_JPEG/review-attachment-5556215d-7f39-4994-b933-a57ce876e651.jpeg?type=f300_300,kimh****,20.01.24.
58,5,딱 원하던만큼 깔끔하고 좋아요,https://phinf.pstatic.net/checkout.phinf/20210328_213/1616917248379WGf6I_JPEG/review-attachment-e67750eb-0f79-4fdc-80c5-da6556e56e68.jpeg?type=f300_300,saea****,20.02.21.
59,3,"가격대비 나쁘지 않은것 같았습니다.
크기가 본가에 있는 침대도 ss인데 그거보다는 좀 더 작은 느낌이 나서 그 점 빼고는 가격 대비 쓸 만 한것 같습니다.",https://phinf.pstatic.net/checkout.phinf/20210327_89/1616811986472Qd3M2_JPEG/review-attachment-958007b3-d281-4d72-849b-038d15241e08.jpeg?type=f300_300,aaa1****,20.01.29.
60,5,"콤팩트하고 일체형이라 자리차지 않해서 너무 좋아요
쿠션감도 이만하면 가성비 매우좋아요 
만족합니다",https://phinf.pstatic.net/image.nmv/shopnbuyer_2021_03_18_0/f50e1490-8786-11eb-8379-a0369ff968b0_03.jpg?type=ffn300_300,jy86****,20.02.01.
61,5,"9평 오피스텔에 놓으니 딱 좋네요.
한샘이라 믿고 구매했습니다.",https://phinf.pstatic.net/checkout.phinf/20210319_127/1616082656061z2b4a_JPEG/review-attachment-91c42776-47b4-4418-a2fa-5df698fa7f7d.jpeg?type=f300_300,poll****,20.01.05.
62,5,가격대비 완전 만족이네요,https://phinf.pstatic.net/checkout.phinf/20210320_176/16162120200768ETu1_JPEG/review-attachment-38c9ab3a-b47a-460a-85e9-62063a5f1014.jpeg?type=f300_300,jals****,20.02.07.
63,5,"가격대비 튼튼하고 실 설치하면 만족감 더 큼
기사님 배송도 빠르시고 친절하게 설치해 주셔서
너무 좋았습니다.",https://phinf.pstatic.net/checkout.phinf/20210308_119/1615210890678mSYoz_JPEG/review-attachment-a0c913aa-bdd5-4704-979e-249a57d5220b.jpeg?type=f300_300,solj****,20.01.28.
64,4,이 가격에 한샘가구를... 가성비 갑입니다,https://phinf.pstatic.net/checkout.phinf/20210310_60/16153745594077WgYV_JPEG/review-attachment-4d080459-586f-4cf7-bbe4-f535cb9bba5f.jpeg?type=f300_300,ndw1****,20.01.12.
65,5,너무 마음에 들고 친절히 잘 설치 해주셔서 감사합니다,https://phinf.pstatic.net/image.nmv/shopnbuyer_2021_02_08_0/96e26fb1-69ae-11eb-8a7c-505dac8c3607_03.jpg?type=ffn300_300,anch****,20.01.31.
66,5,이걸로 사길 잘했음 군더더기 없이 깔끔하고 허리도 편함,https://phinf.pstatic.net/checkout.phinf/20210325_220/16166257479352Juln_JPEG/review-attachment-c22096ea-e33f-4a2f-90b0-e4247159e593.jpeg?type=f300_300,star****,20.01.19.
67,5,견고하고 좋아요 깔끔합니다,https://phinf.pstatic.net/checkout.phinf/20210327_92/1616803493042Fjhti_JPEG/review-attachment-e85d7ba4-0757-4a3a-8472-5cad0f651168.jpeg?type=f300_300,lily****,20.01.30.
68,5,생각보다 너무 괜찮아서 꽤 놀랐어요. 기사님도 너무 친절하시고...안방도 이걸로 2개 할까 고민됩니다.,https://phinf.pstatic.net/checkout.phinf/20210107_104/1610015800326SV0DV_JPEG/review-attachment-0641e67a-a200-444b-b05c-4abb1fbe33ab.jpeg?type=f300_300,lyj5****,20.01.13.
69,5,배송기사님들도 친절하고 침대사이즈도 딱이네요~ 잘쓸께요,https://phinf.pstatic.net/checkout.phinf/20210320_196/1616206336693TnGGb_JPEG/review-attachment-6f96c771-e825-4084-a3c7-b68ac03f2da7.jpeg?type=f300_300,chlg****,20.01.10.
70,5,가격대비 효율이 참 좋네요,https://phinf.pstatic.net/checkout.phinf/20210221_195/1613906687119H30Rs_JPEG/review-attachment-88d851ad-289c-44ae-9713-647970bd446f.jpeg?type=f300_300,sain****,20.01.15.
71,5,쿠션감도 적당한거 같고 잘 사용하고 있습니다.,https://phinf.pstatic.net/checkout.phinf/20210326_233/1616733550718xm6ES_JPEG/review-attachment-82ce0c68-4eea-44ca-8516-25b8964bed1e.jpeg?type=f300_300,zhen****,19.12.18.
72,5,좋은 가격에 좋은 제품 샀어요. 연말임에도 불구하고 준수한 배송 일정 고맙습니다.,https://phinf.pstatic.net/checkout.phinf/20210302_38/1614669677617STteg_JPEG/review-attachment-fe7d1778-e849-43bf-9c69-25c387d92967.jpeg?type=f300_300,kimh****,19.12.31.
73,5,심플하니 사용하기에 좋네요~ 다만 새거 냄새가 납니다. 몇일 환기시켜야 할듯요,https://phinf.pstatic.net/checkout.phinf/20210324_14/1616592268376oVcrO_JPEG/review-attachment-6944ab6a-f4c1-4229-913f-2d91456cb49f.jpeg?type=f300_300,hyoh****,19.12.06.
74,5,원하는 날짜에 받아볼수 있어서 좋았구요 설치도 직접 와서 해주시고 꼼꼼하게 설명해주셨어요~침대 프레임이 없어서 방이 더 넓어보이게 쓸수있어서 좋구요 작은방에 놓기에 딱 좋은 크기인거 같아요. 그리고 생각보다 매트리스가 견고해서 푹 꺼지지 않아서 좋네요,https://phinf.pstatic.net/image.nmv/shopnbuyer_2021_03_06_0/25e12ea8-7e50-11eb-a12c-a0369ff963bc_03.jpg?type=ffn300_300,kiae****,19.11.22.
75,5,가성비좋은 침대네요. 잠시 쓸 침대로 딱,https://phinf.pstatic.net/checkout.phinf/20210320_105/1616223781647oNk9X_JPEG/review-attachment-8c22d43d-4e43-4bfc-828c-acfb5e3189e2.jpeg?type=f300_300,chet****,20.01.02.
76,5,다리도 튼튼하고 밑에 바닥 청소도 가능해서 좋아요 !! 원룸에 딱입니당,https://phinf.pstatic.net/checkout.phinf/20210321_1/1616337351998rIa4D_JPEG/review-attachment-44706da5-1e53-42f3-ac4e-b7c0cdb6e05f.jpeg?type=f300_300,tlae****,19.12.21.
77,4,"배송기사님 너무 친절하시고
제품도 하자없이 받았습니다.
심한 냄새가 났다는 리뷰보고 걱정했는데
전혀 냄새없이 바로 사용 가능한 제품 받았습니다
침대커버 물세탁도 걱정없이 했구요
좋은제품 저렴하게 잘 구입했습니다.
감사합니다.",https://phinf.pstatic.net/checkout.phinf/20210316_94/1615821425969YKvG1_JPEG/review-attachment-5556215d-7f39-4994-b933-a57ce876e651.jpeg?type=f300_300,seun****,19.12.10.
78,5,"가격이 싸서 반신반의했는데 
가져다놓으니 고급지네요^^
쿠션감이 푹신하진않은데 개인적으론 나은듯
바닥에 케리어 웬만한거 다 들어가네요
좋습니다",https://phinf.pstatic.net/checkout.phinf/20210328_213/1616917248379WGf6I_JPEG/review-attachment-e67750eb-0f79-4fdc-80c5-da6556e56e68.jpeg?type=f300_300,0917****,19.12.11.
79,5,만족합니다 좋아요 굿,https://phinf.pstatic.net/checkout.phinf/20210327_89/1616811986472Qd3M2_JPEG/review-attachment-958007b3-d281-4d72-849b-038d15241e08.jpeg?type=f300_300,khj2****,19.12.31.
80,5,원룸에사 사용하기 좋아요,https://phinf.pstatic.net/image.nmv/shopnbuyer_2021_03_18_0/f50e1490-8786-11eb-8379-a0369ff968b0_03.jpg?type=ffn300_300,comi****,19.12.28.
81,5,냄새도 안나고 마음에 듭니다,https://phinf.pstatic.net/checkout.phinf/20210319_127/1616082656061z2b4a_JPEG/review-attachment-91c42776-47b4-4418-a2fa-5df698fa7f7d.jpeg?type=f300_300,2040****,19.12.04.
82,5,그럭저럭 잘사용하고 있습니다 괜찮아요~~,https://phinf.pstatic.net/checkout.phinf/20210320_176/16162120200768ETu1_JPEG/review-attachment-38c9ab3a-b47a-460a-85e9-62063a5f1014.jpeg?type=f300_300,mh27****,19.12.23.
83,5,삐그덕안거리고 푹신해요,https://phinf.pstatic.net/checkout.phinf/20210308_119/1615210890678mSYoz_JPEG/review-attachment-a0c913aa-bdd5-4704-979e-249a57d5220b.jpeg?type=f300_300,gbkd****,19.12.22.
84,5,"조금 딱딱해서 그렇지, 사이즈도 딱 좋고 만족입니다!",https://phinf.pstatic.net/checkout.phinf/20210310_60/16153745594077WgYV_JPEG/review-attachment-4d080459-586f-4cf7-bbe4-f535cb9bba5f.jpeg?type=f300_300,semi****,19.11.23.
85,5,만족합니다.....,https://phinf.pstatic.net/image.nmv/shopnbuyer_2021_02_08_0/96e26fb1-69ae-11eb-8a7c-505dac8c3607_03.jpg?type=ffn300_300,pitt****,19.12.17.
86,5,"만족합니다 다만 보관 트레이가 두껑도 없고 허접합니다
침대는 재구매 의사 있어요",https://phinf.pstatic.net/checkout.phinf/20210325_220/16166257479352Juln_JPEG/review-attachment-c22096ea-e33f-4a2f-90b0-e4247159e593.jpeg?type=f300_300,lily****,19.11.30.
87,5,ss매트리스 사이즈라 컴팩트하고 등받이가 없어서 최고입니다,https://phinf.pstatic.net/checkout.phinf/20210327_92/1616803493042Fjhti_JPEG/review-attachment-e85d7ba4-0757-4a3a-8472-5cad0f651168.jpeg?type=f300_300,ultr****,19.11.23.
88,4,생각보다 튼튼하고 너무 좋아요,https://phinf.pstatic.net/checkout.phinf/20210107_104/1610015800326SV0DV_JPEG/review-attachment-0641e67a-a200-444b-b05c-4abb1fbe33ab.jpeg?type=f300_300,comi****,19.11.18.
89,5,적당이 푹신하고 튼튼하고 좋은거 같아요~  배송기사님도 친절하게 잘 설치해주시고 가셨어요~,https://phinf.pstatic.net/checkout.phinf/20210320_196/1616206336693TnGGb_JPEG/review-attachment-6f96c771-e825-4084-a3c7-b68ac03f2da7.jpeg?type=f300_300,zhen****,19.10.15.
90,4,원하는 배송일에 시간 맞춰서 배송 잘해주셨고 설치까지 해주셔서 좋았어요,https://phinf.pstatic.net/checkout.phinf/20210221_195/1613906687119H30Rs_JPEG/review-attachment-88d851ad-289c-44ae-9713-647970bd446f.jpeg?type=f300_300,1oz1****,19.10.20.
91,5,가격대비 튼튼하고 매트리스도 굉장히 배기거나 굉장히 푹신하지 않고 적당하게 괜찮아요! 그런데 매트리스 냄새 빠지는 데에만 일주일 넘게 걸렸어서 어린 아이 있는 집이나 바로 사용해야 하는 분들께는 추천 안 합니다... 시간적 여유가 있는 분들께는 추천해요,https://phinf.pstatic.net/checkout.phinf/20210326_233/1616733550718xm6ES_JPEG/review-attachment-82ce0c68-4eea-44ca-8516-25b8964bed1e.jpeg?type=f300_300,nwb_****,19.09.16.
92,5,기사분들도 친절하시고 침대도 생각보다 견고하고 적당히 단단하네요. 저는 기존에 있던 토퍼 깔고 써요. 프레임이 없어 공간을 많이 차지하지 않아서 작은 원룸에 좋아요. 침대 커버도 회색에 패브릭소파 재질이라 집에 잘 어울려요. 제가 구매할땐 20% 세일이었는데 지금 25% 세일로 바껴서 좀 속상하지만ㅋ 아무튼 잘쓸게요. 혼자 자취하시는분들께 추천합니다,https://phinf.pstatic.net/checkout.phinf/20210302_38/1614669677617STteg_JPEG/review-attachment-fe7d1778-e849-43bf-9c69-25c387d92967.jpeg?type=f300_300,yjw6****,19.07.08.
93,5,"매트리스 쿠션감이 딱딱하지도 너무 푹신하지도 않아 딱 좋아요^^
포켓 스프링이라 더 튼튼한것 같고 작은공간에 딱 안성맞춤이네요.",https://phinf.pstatic.net/checkout.phinf/20210324_14/1616592268376oVcrO_JPEG/review-attachment-6944ab6a-f4c1-4229-913f-2d91456cb49f.jpeg?type=f300_300,zzok****,19.07.28.
94,4,쿠션감도 좋고 가격대비 아주 좋아요^^,https://phinf.pstatic.net/image.nmv/shopnbuyer_2021_03_06_0/25e12ea8-7e50-11eb-a12c-a0369ff963bc_03.jpg?type=ffn300_300,best****,19.08.10.
95,4,"주말 배송 친절하게 잘 받았습니다.
쿠션도 기대보다괜찮아요.",https://phinf.pstatic.net/checkout.phinf/20210320_105/1616223781647oNk9X_JPEG/review-attachment-8c22d43d-4e43-4bfc-828c-acfb5e3189e2.jpeg?type=f300_300,miny****,19.07.20.
96,5,튼튼하고 너무 좋아요,https://phinf.pstatic.net/checkout.phinf/20210321_1/1616337351998rIa4D_JPEG/review-attachment-44706da5-1e53-42f3-ac4e-b7c0cdb6e05f.jpeg?type=f300_300,viri****,19.06.26.
97,5,"제가 기대햇던 제품이에요~
맘에 쏙 들어요~",https://phinf.pstatic.net/checkout.phinf/20210316_94/1615821425969YKvG1_JPEG/review-attachment-5556215d-7f39-4994-b933-a57ce876e651.jpeg?type=f300_300,sey5****,19.06.20.
98,4,가격대비 가성비 참 좋아요 그리고  좁은공간을 충분히 활용할수있네요^^,https://phinf.pstatic.net/checkout.phinf/20210328_213/1616917248379WGf6I_JPEG/review-attachment-e67750eb-0f79-4fdc-80c5-da6556e56e68.jpeg?type=f300_300,mamo****,19.05.03.
99,5,"다리밑에 고무패드가 떨어졌어요. 좀 더 튼튼하면 좋았겠네요.
허리 부분이  눌려서 살짝 꺼진 느낌이에요.
아이가 허리가 불편하다고 해서 바닥에서 자요.
쇼파용도로만 괜찮은 건가요. ㅠㅠ
매트리스가 좀더 좋은거였으면 좋았겠어요.
크기, 모양. 가격, 무게 등등 다 괜찮은데 그렇네요.",https://phinf.pstatic.net/checkout.phinf/20210327_89/1616811986472Qd3M2_JPEG/review-attachment-958007b3-d281-4d72-849b-038d15241e08.jpeg?type=f300_300,nhkm****,19.05.02.
