﻿,star,review,reviewImage,customerId,reviewDate
0,5,기존에 저혼자 쓰다 아기가있어서 위에 토퍼놓고 사용중이고 나중에 분리수면하면 매트리스 놓을 예정으로 추가구매했어요^^ 슈퍼싱글 두개 구매해서 붙여놓으니 정말 좋아요^^,https://phinf.pstatic.net/image.nmv/shopnbuyer_2021_03_18_0/f50e1490-8786-11eb-8379-a0369ff968b0_03.jpg?type=ffn300_300,sole****,20.11.06.
1,5,"매장에서 보고 세일기간에 좋은가격으로 구매했어요^^ 아기침대 프레임으로 해줬는데 역시 예쁘고 인테리어 해치지 않구요, 매트는 따로 샀지만,미끄럼방지까지 되어있어서 많이 움직이지 않아서 좋아요. 설치기사님도 너무 친절하셨고, 프레임이 반으로 접히기때문에 다음 이동시에도 수월할것 같네요. 잘쓸게요^^",https://phinf.pstatic.net/checkout.phinf/20210319_127/1616082656061z2b4a_JPEG/review-attachment-91c42776-47b4-4418-a2fa-5df698fa7f7d.jpeg?type=f300_300,suwk****,20.07.15.
2,5,방이 넓어보이기 위해 선택했는데 의도대로 성공한 것 같아요 디자인이 심플하고 모던합니다,https://phinf.pstatic.net/checkout.phinf/20210320_176/16162120200768ETu1_JPEG/review-attachment-38c9ab3a-b47a-460a-85e9-62063a5f1014.jpeg?type=f300_300,kje1****,20.08.23.
3,5,너무 깔끔하구 마음에 들어요!! 처음에 베이지로 고르려다가 그레이로 했는데 우리집 인테리어랑 찰떡이에요,https://phinf.pstatic.net/checkout.phinf/20210308_119/1615210890678mSYoz_JPEG/review-attachment-a0c913aa-bdd5-4704-979e-249a57d5220b.jpeg?type=f300_300,fair****,20.07.14.
4,5,오래 쓸 수 있을거 같아요,https://phinf.pstatic.net/checkout.phinf/20210310_60/16153745594077WgYV_JPEG/review-attachment-4d080459-586f-4cf7-bbe4-f535cb9bba5f.jpeg?type=f300_300,thef****,20.08.19.
5,5,디자인 심플해서 작은 아파트에 어울려요 안방에 2개를 나란히 놓고 사용하는데 모던한 느낌 납니다 베이지색 인조가죽의 부드러운 느낌이 맘에 들어요,https://phinf.pstatic.net/image.nmv/shopnbuyer_2021_02_08_0/96e26fb1-69ae-11eb-8a7c-505dac8c3607_03.jpg?type=ffn300_300,kje1****,20.06.21.
6,5,사진과 똑같고 집안 인테리어 헤치지 않고 좋아용. 단 등받이가 없어서 벽에 등을 기대고 앉으면 프레임이 밀려서 그점은 비추입니다,https://phinf.pstatic.net/checkout.phinf/20210325_220/16166257479352Juln_JPEG/review-attachment-c22096ea-e33f-4a2f-90b0-e4247159e593.jpeg?type=f300_300,cron****,19.10.08.
7,5,깔끔하고 딱 생각하던 모습과 동일하게 와서 좋네여,https://phinf.pstatic.net/checkout.phinf/20210327_92/1616803493042Fjhti_JPEG/review-attachment-e85d7ba4-0757-4a3a-8472-5cad0f651168.jpeg?type=f300_300,cron****,19.09.06.
8,5,"신혼집에서 제일 중요한 건 침대이기 때문에 
매우 고민해서 샀어요. 특별할 것 없는 네모네모한 디자인이
모던한 프레임이에요. 그래서 더욱 마음에 들었고,
매트리스는 몸을 편안하게 해주는 쿠션감으로 
저희 부부 잠자리가 매우 행복합니다.
좋은 상품 오랫동안 판매해주세요.",https://phinf.pstatic.net/checkout.phinf/20210107_104/1610015800326SV0DV_JPEG/review-attachment-0641e67a-a200-444b-b05c-4abb1fbe33ab.jpeg?type=f300_300,hjj0****,19.04.30.
9,5,사용결과 너무 좋습니다 강추합니다.,https://phinf.pstatic.net/checkout.phinf/20210320_196/1616206336693TnGGb_JPEG/review-attachment-6f96c771-e825-4084-a3c7-b68ac03f2da7.jpeg?type=f300_300,dmsq****,19.05.16.
10,5,짱조아여짱조아여짱조아여짱조아여짱조아여짱조아여,https://phinf.pstatic.net/checkout.phinf/20210221_195/1613906687119H30Rs_JPEG/review-attachment-88d851ad-289c-44ae-9713-647970bd446f.jpeg?type=f300_300,dmsq****,19.03.19.
