﻿,star,review,reviewImage,customerId,reviewDate
0,5,"제품은 만족스럽습니다.
서랍은 움직임이 부드럽고 사이드고정이 안되도 불편하지 않습니다.
추가구매한 테이블도 약간의 요령만 알면 크게 불편함 없이 사용할수 있습니다. 오히려 테이블위의 물건이 떨어질일 없이 사용할수 있습니다.
딱 하나 불편한건 램프스위치가 상시로 켜져 있다보니 잠들기전까지 신경이 쓰입니다.
테이프로 가려야할것 같아요.",https://phinf.pstatic.net/image.nmv/shopnbuyer_2021_03_18_0/f50e1490-8786-11eb-8379-a0369ff968b0_03.jpg?type=ffn300_300,prem****,21.03.09.
1,5,아이방에 놓아주니 저 조명때문에 너무 맘에 든다고 합니다. 조명있는 걸로 사길 잘한것같아요. 예쁩니다. 아직 침대가 미완성이라 전체 사진은 없네요. 가격대비 만족합니다.,https://phinf.pstatic.net/checkout.phinf/20210319_127/1616082656061z2b4a_JPEG/review-attachment-91c42776-47b4-4418-a2fa-5df698fa7f7d.jpeg?type=f300_300,myun****,21.03.11.
2,5,튼튼하고 깔끔해요~,https://phinf.pstatic.net/checkout.phinf/20210320_176/16162120200768ETu1_JPEG/review-attachment-38c9ab3a-b47a-460a-85e9-62063a5f1014.jpeg?type=f300_300,yuje****,21.03.28.
3,4,"배송도 친절하시고 좋아요
아이가 원하던 거랴 샀는데 좋아하네요",https://phinf.pstatic.net/checkout.phinf/20210308_119/1615210890678mSYoz_JPEG/review-attachment-a0c913aa-bdd5-4704-979e-249a57d5220b.jpeg?type=f300_300,yout****,21.03.14.
4,5,"침대는 편안하고 저렴하게 구매 잘했습니다.
다만 서랍이 영~~부실하네요",https://phinf.pstatic.net/checkout.phinf/20210310_60/16153745594077WgYV_JPEG/review-attachment-4d080459-586f-4cf7-bbe4-f535cb9bba5f.jpeg?type=f300_300,miyo****,21.02.26.
5,5,"제품,배송 다 만족합니다.
미세한 스크레치는 가격대비 문제삼을만한건 아닌거 같습니다. 나무가루는 배송후 조립하는 제품이니 어쩔수 없다고 생각합니다.
상세설명과 제품평을 나름 꼼꼼히 본 덕에 생각한 부분과 다르거나 제품사용에 궁금하거나 모르겠다고 생각되는건 없습니다.
제품가에 비해 제품은 정말 좋습니다.
테이블 이동시 전체적으로 잡고 밀어야 제대로 움직이는것 말고는 흠잡는게 미안할 정도입니다.ㅎㅎ",https://phinf.pstatic.net/image.nmv/shopnbuyer_2021_02_08_0/96e26fb1-69ae-11eb-8a7c-505dac8c3607_03.jpg?type=ffn300_300,prem****,21.02.06.
6,5,"사진과 같습니다 잘산거같아요^^
서랍은 레일이 아니여서 더 좋은 것 같구요 바닥없는것이 좋아 만족했습니다 바닥이있으면..안쪽면 청소하기가 힘들어서용ㅎㅎ
베드테이블 추가했는데 베드테이블은 바퀴가 살짝 불편한것같아요
침대 삐걱거림없이 잘 설치해주셨구요 만족스럽습니다^^!!!",https://phinf.pstatic.net/checkout.phinf/20210325_220/16166257479352Juln_JPEG/review-attachment-c22096ea-e33f-4a2f-90b0-e4247159e593.jpeg?type=f300_300,hann****,21.01.21.
7,4,"서랍장이조금 미흡하긴하나
저렴하게잘구매한거같네요",https://phinf.pstatic.net/checkout.phinf/20210327_92/1616803493042Fjhti_JPEG/review-attachment-e85d7ba4-0757-4a3a-8472-5cad0f651168.jpeg?type=f300_300,tack****,21.03.20.
8,4,가격대비 만족스러운 제품입니다. 적극 추천합니다.,https://phinf.pstatic.net/checkout.phinf/20210107_104/1610015800326SV0DV_JPEG/review-attachment-0641e67a-a200-444b-b05c-4abb1fbe33ab.jpeg?type=f300_300,this****,21.02.20.
9,5,"기대한 바와 같이 아주 만족합니다... 아이가 많이 좋아합니다... 매트리스도 탄탄하고...
다만 설치시 기서님에게 양해를 구하고 부속품 하나하나 닦아가면서 설치해야 합니다... 분진들이 제법 많이 붙어있어요....",https://phinf.pstatic.net/checkout.phinf/20210320_196/1616206336693TnGGb_JPEG/review-attachment-6f96c771-e825-4084-a3c7-b68ac03f2da7.jpeg?type=f300_300,grea****,21.02.07.
10,5,"빠른 배송 감사합니다 배송기사님 친절하게 잘 설명해 주시고 생각보다 훨씬 좋으네요
감사드립니다",https://phinf.pstatic.net/checkout.phinf/20210221_195/1613906687119H30Rs_JPEG/review-attachment-88d851ad-289c-44ae-9713-647970bd446f.jpeg?type=f300_300,pdk1****,21.02.23.
11,5,"재주문껀인데 첫주문보다 배송은 지연되었구요~지난번엔 불들어오는거랑 설명 디테일하게 해주셨는데 이번에는 후딱 초스피드설치 하시고 가셨어요~나중에보니 헤드에 찍힘이 날카로워서 손 베일것 같네요 ㅜㅜ 반품하기도 애매하고ㅜ 벙커안쪽도 잘 안열리고 날카로워서 손 찢어지는줄 알았어요~ 그냥 서랍만 사용하는걸로 ㅜㅜ
콘센트연결하는게 중간에 빠져서 라이트는 사용못하고 있네요 ㅜㅜ",https://phinf.pstatic.net/checkout.phinf/20210326_233/1616733550718xm6ES_JPEG/review-attachment-82ce0c68-4eea-44ca-8516-25b8964bed1e.jpeg?type=f300_300,9709****,21.01.11.
12,4,만족합니다~~~~~,https://phinf.pstatic.net/checkout.phinf/20210302_38/1614669677617STteg_JPEG/review-attachment-fe7d1778-e849-43bf-9c69-25c387d92967.jpeg?type=f300_300,chym****,21.03.04.
13,5,좋아요 적극 추천합니다,https://phinf.pstatic.net/checkout.phinf/20210324_14/1616592268376oVcrO_JPEG/review-attachment-6944ab6a-f4c1-4229-913f-2d91456cb49f.jpeg?type=f300_300,spie****,21.02.09.
14,5,이쁘고 튼실한 침대에요. 잘쓰겠습니다,https://phinf.pstatic.net/image.nmv/shopnbuyer_2021_03_06_0/25e12ea8-7e50-11eb-a12c-a0369ff963bc_03.jpg?type=ffn300_300,such****,21.03.01.
15,3,일단 배송도 일주일만에 와서 놀랬으며 설치기사님도 친절했어요^^,https://phinf.pstatic.net/checkout.phinf/20210320_105/1616223781647oNk9X_JPEG/review-attachment-8c22d43d-4e43-4bfc-828c-acfb5e3189e2.jpeg?type=f300_300,debl****,21.03.01.
16,3,침대는 사이즈도 색상도 좋아요 서랍높이가  조금만 더 높았으면 좋았을것 같아요,https://phinf.pstatic.net/checkout.phinf/20210321_1/1616337351998rIa4D_JPEG/review-attachment-44706da5-1e53-42f3-ac4e-b7c0cdb6e05f.jpeg?type=f300_300,sunh****,21.02.19.
17,4,잘 쓰고 있습니다! 저렴한 가격에 좋은 제품 잘 구매한 것 같아요!,https://phinf.pstatic.net/checkout.phinf/20210316_94/1615821425969YKvG1_JPEG/review-attachment-5556215d-7f39-4994-b933-a57ce876e651.jpeg?type=f300_300,taes****,21.01.22.
18,5,부스러기?같은 조각들이 많아서 닦는데 시간이 좀 걸리긴했지만 매트리스도 너무 푹신하지않고 좋아요!,https://phinf.pstatic.net/checkout.phinf/20210328_213/1616917248379WGf6I_JPEG/review-attachment-e67750eb-0f79-4fdc-80c5-da6556e56e68.jpeg?type=f300_300,rbyz****,21.01.15.
19,5,"연말이라 배송 오래걸릴줄알았는데 빨리도착했구요 생각보다 크기도 넉넉하고 깔끔해서 높은 벙커주문취소하고 재구매했어요~
톱밥은 어쩔수 없는거고 가격대비 깔끔합니다~배드테이블은 바퀴가 한방향으로만 움직여서 조금 아쉽네요~ㅜ",https://phinf.pstatic.net/checkout.phinf/20210327_89/1616811986472Qd3M2_JPEG/review-attachment-958007b3-d281-4d72-849b-038d15241e08.jpeg?type=f300_300,9709****,20.12.25.
20,5,가격대비 좋습니다  기사분이 친절하시고  설치잘해주었습니다,https://phinf.pstatic.net/image.nmv/shopnbuyer_2021_03_18_0/f50e1490-8786-11eb-8379-a0369ff968b0_03.jpg?type=ffn300_300,kjb2****,21.02.06.
21,5,"생각보다 서랍이 좀 깊지않아서 많이 안들어가네요..
상품평보고 샀는데 매트가 좀 딱딱해서...ㅜㅜ 그냥 좀더주고 젤 비싼거로 살껄 후회했네요...",https://phinf.pstatic.net/checkout.phinf/20210319_127/1616082656061z2b4a_JPEG/review-attachment-91c42776-47b4-4418-a2fa-5df698fa7f7d.jpeg?type=f300_300,niky****,21.01.22.
22,5,"좋아요~~ 생각만큼 아이침대로 딱 좋아요
특히 좀더 추가금액하고 산 매트리스 너무 편하고 좋아요~~",https://phinf.pstatic.net/checkout.phinf/20210320_176/16162120200768ETu1_JPEG/review-attachment-38c9ab3a-b47a-460a-85e9-62063a5f1014.jpeg?type=f300_300,soon****,21.01.24.
23,4,예쁘고 깔끔해요~ 요즘 살면서 리모델링중인데 큰애방부터 채워주고 있는데 아이도 좋아하네요^^,https://phinf.pstatic.net/checkout.phinf/20210308_119/1615210890678mSYoz_JPEG/review-attachment-a0c913aa-bdd5-4704-979e-249a57d5220b.jpeg?type=f300_300,rara****,21.01.04.
24,4,깔끔하고 아이들방에 1개씩 2개 구매했어요. 지정배송일보다 1일먼저왔어요. 굉장히 고민많이하고 정한건데 맘에 쏙 드네요. 서랍이 바닥에 바퀴로 되어있어서 서랍넣을때는 잘 맞춰 넣어야겠어요. 가성비 최고. 후회안하실거에요^^,https://phinf.pstatic.net/checkout.phinf/20210310_60/16153745594077WgYV_JPEG/review-attachment-4d080459-586f-4cf7-bbe4-f535cb9bba5f.jpeg?type=f300_300,kjin****,20.12.20.
25,3,가격도 만족 심플하고 깔끔하고 너무 좋습니다.,https://phinf.pstatic.net/image.nmv/shopnbuyer_2021_02_08_0/96e26fb1-69ae-11eb-8a7c-505dac8c3607_03.jpg?type=ffn300_300,wjdr****,21.01.08.
26,5,"침대 너무 좋아요. 2개 구입했는데 모두 만족합니다. 설치비가 따로지만 설치시 고생하시는 모습을보니 이해가 되더라구요. 한개 조립시 20분 정도 걸리는것 같아요.
아무튼 보니애 침대 좋네요.",https://phinf.pstatic.net/checkout.phinf/20210325_220/16166257479352Juln_JPEG/review-attachment-c22096ea-e33f-4a2f-90b0-e4247159e593.jpeg?type=f300_300,dewl****,20.12.16.
27,5,편하고 이쁘네요 많이 파세요,https://phinf.pstatic.net/checkout.phinf/20210327_92/1616803493042Fjhti_JPEG/review-attachment-e85d7ba4-0757-4a3a-8472-5cad0f651168.jpeg?type=f300_300,naug****,21.01.25.
28,5,"아이가 마음에 들어하네요.생각보다 서랍이 작아요.ㅜㅜ..그리고 벙커쪽에 바닥받침이 없네요 ㅋ 
그래서 별하나 빼요~그래도 이가격에 잘산것 같아요.감사합니다.",https://phinf.pstatic.net/checkout.phinf/20210107_104/1610015800326SV0DV_JPEG/review-attachment-0641e67a-a200-444b-b05c-4abb1fbe33ab.jpeg?type=f300_300,niky****,20.12.13.
29,5,"퀄리티가 좋아보여요 
치수는 요즘나오는 치수보다는 작은듯 주문하시믄분들은 참고하시길
한겨울에는 기모로 주문하시길",https://phinf.pstatic.net/checkout.phinf/20210320_196/1616206336693TnGGb_JPEG/review-attachment-6f96c771-e825-4084-a3c7-b68ac03f2da7.jpeg?type=f300_300,kjb2****,21.01.03.
30,5,매트리스도 마음에들고 가격대비 추천합니다~~,https://phinf.pstatic.net/checkout.phinf/20210221_195/1613906687119H30Rs_JPEG/review-attachment-88d851ad-289c-44ae-9713-647970bd446f.jpeg?type=f300_300,xhrp****,21.01.16.
31,5,"진짜 제품도 제품이지만 보니애가구는 설치 해주시는 분들이 직영 이라서 엄청 친절하고 설명도 정말 잘해주세요 다른 비싼 A브래드나 S브랜드보다 더 친절하고 더 자세히 제품설명해 주세요
그냥 보니애가구 회사 이름만 보고도 구매하세요
믿고 구매하세요 진짜 인생 가구회사 입니다

보니애가구 심상진 설치기사님 감동 이었어요",https://phinf.pstatic.net/checkout.phinf/20210326_233/1616733550718xm6ES_JPEG/review-attachment-82ce0c68-4eea-44ca-8516-25b8964bed1e.jpeg?type=f300_300,kjhy****,20.11.17.
32,4,주말에 주문해서 오늘 받았습니다 생각보다 빨리도착했고 기사님께서 친절히 설치해주셨어요 너무 맘에 드네요 이사하고 가구가 없어서 썰렁했는데 기분좋게 잘수있어요 많이 파세요!,https://phinf.pstatic.net/checkout.phinf/20210302_38/1614669677617STteg_JPEG/review-attachment-fe7d1778-e849-43bf-9c69-25c387d92967.jpeg?type=f300_300,qaqa****,20.12.01.
33,5,아들이 책상이 필요없다고 하네요 작은방  공간 활용에 너무 좋아요,https://phinf.pstatic.net/checkout.phinf/20210324_14/1616592268376oVcrO_JPEG/review-attachment-6944ab6a-f4c1-4229-913f-2d91456cb49f.jpeg?type=f300_300,good****,20.12.14.
34,5,"배송일까지는 주말 포함해서 9일만에 배송 받았구요, 설치기사님이 친절하게 뚝딱 설치해 주시고 가셨어요. 매트리스도 탄탄하게 받쳐주어 좋고 군더더기 없이 깔끔하고 깨끗한 상품으로 잘 받았습니다.",https://phinf.pstatic.net/image.nmv/shopnbuyer_2021_03_06_0/25e12ea8-7e50-11eb-a12c-a0369ff963bc_03.jpg?type=ffn300_300,marc****,20.12.20.
35,5,딸아이가 너무 좋아하네요,https://phinf.pstatic.net/checkout.phinf/20210320_105/1616223781647oNk9X_JPEG/review-attachment-8c22d43d-4e43-4bfc-828c-acfb5e3189e2.jpeg?type=f300_300,park****,21.01.15.
36,5,초등학생이 쓰기에 깔끔하고 좋네요,https://phinf.pstatic.net/checkout.phinf/20210321_1/1616337351998rIa4D_JPEG/review-attachment-44706da5-1e53-42f3-ac4e-b7c0cdb6e05f.jpeg?type=f300_300,jeas****,20.12.19.
37,5,배송날에 맞춰서 와서 좋습니다.,https://phinf.pstatic.net/checkout.phinf/20210316_94/1615821425969YKvG1_JPEG/review-attachment-5556215d-7f39-4994-b933-a57ce876e651.jpeg?type=f300_300,pby0****,20.12.20.
38,5,수납형이라서 공간활용 좋아요 ㅎㅎ,https://phinf.pstatic.net/checkout.phinf/20210328_213/1616917248379WGf6I_JPEG/review-attachment-e67750eb-0f79-4fdc-80c5-da6556e56e68.jpeg?type=f300_300,4kan****,20.12.15.
39,5,서랍부분이 약감 왔다갔다 하는거 빼고는 가격대비 만족해요,https://phinf.pstatic.net/checkout.phinf/20210327_89/1616811986472Qd3M2_JPEG/review-attachment-958007b3-d281-4d72-849b-038d15241e08.jpeg?type=f300_300,ded3****,20.12.29.
40,5,튼튼하고 디자인도 깔끔하니 마음에 듭니다.,https://phinf.pstatic.net/image.nmv/shopnbuyer_2021_03_18_0/f50e1490-8786-11eb-8379-a0369ff968b0_03.jpg?type=ffn300_300,hyur****,20.12.30.
41,5,"아이들 사용할 침대프레임이라 E0등급인 보니애가구를 선택했어요. 배송,설치기사님도 친절하게 배송,설치해주셨구요. 근데 제품마감이 좀 심각하네요.
프레임 서랍 겉면,안쪽면 톱밥이 마구 붙어서 안떨어지구요..물티슈로 힘 줘서 밀어내야 겨우 떨어지고
안떨어지는 것들도 있구요..그냥 가격이 저렴해서 그런가보다하고 쓰려구요 ㅜㅜ",https://phinf.pstatic.net/checkout.phinf/20210319_127/1616082656061z2b4a_JPEG/review-attachment-91c42776-47b4-4418-a2fa-5df698fa7f7d.jpeg?type=f300_300,ksy6****,20.11.29.
42,5,다른건 다좋았지만 배송이 너무 별로였어요 제가 시간을 맞춰야한다는게 혼자사는 직장인분께는 조금 힘들었지만 제품자체는 좋아요 원래 원목제품사면 냄새때문에 환기를 며칠시켜도 났는데 이건 그런 부분이 없어서 너무 좋네요,https://phinf.pstatic.net/checkout.phinf/20210320_176/16162120200768ETu1_JPEG/review-attachment-38c9ab3a-b47a-460a-85e9-62063a5f1014.jpeg?type=f300_300,aeln****,20.11.10.
43,4,의정부 배송기사  최악입니다,https://phinf.pstatic.net/checkout.phinf/20210308_119/1615210890678mSYoz_JPEG/review-attachment-a0c913aa-bdd5-4704-979e-249a57d5220b.jpeg?type=f300_300,rxd2****,20.12.31.
44,5,배송도  빠른편이고 침대 가격대비 좋은것같아 만족합니다,https://phinf.pstatic.net/checkout.phinf/20210310_60/16153745594077WgYV_JPEG/review-attachment-4d080459-586f-4cf7-bbe4-f535cb9bba5f.jpeg?type=f300_300,hj84****,20.12.22.
45,2,튼튼하니 좋네요^^,https://phinf.pstatic.net/image.nmv/shopnbuyer_2021_02_08_0/96e26fb1-69ae-11eb-8a7c-505dac8c3607_03.jpg?type=ffn300_300,ssik****,20.12.27.
46,4,2주도 안되서 배송빨리왔어요 설치기사님도 친절하시고 bed 테이블도 처음써보는 데 너무 좋네용,https://phinf.pstatic.net/checkout.phinf/20210325_220/16166257479352Juln_JPEG/review-attachment-c22096ea-e33f-4a2f-90b0-e4247159e593.jpeg?type=f300_300,26th****,20.11.19.
47,1,"클라우드폼 매트리스는 좋습니다
근데 좀... 아쉬운건 usb포트가 퀵차지 되는거였다면...",https://phinf.pstatic.net/checkout.phinf/20210327_92/1616803493042Fjhti_JPEG/review-attachment-e85d7ba4-0757-4a3a-8472-5cad0f651168.jpeg?type=f300_300,rand****,20.11.21.
48,4,"겉모양은 똑같구요
근데 나무가루가 너무 떨어져요
아무리 닦아도 계속나오네요",https://phinf.pstatic.net/checkout.phinf/20210107_104/1610015800326SV0DV_JPEG/review-attachment-0641e67a-a200-444b-b05c-4abb1fbe33ab.jpeg?type=f300_300,wngk****,20.12.08.
49,5,"네이버 쇼핑라이브 방송을 보고 구매했습니다
침대는 인터넷으로 구매하는건 처음인데 만족스럽네요. 

배송도 엄청 빨리 왔습니다(주문후 3일?) 지방이라 배송비가 좀 셌지만 설치까지 다 해주시니 편했네요

잘 구매한거같다는 생각이 듭니다",https://phinf.pstatic.net/checkout.phinf/20210320_196/1616206336693TnGGb_JPEG/review-attachment-6f96c771-e825-4084-a3c7-b68ac03f2da7.jpeg?type=f300_300,rand****,20.10.20.
50,4,배송이 진짜 빠르고 설치기사님도 너무 친절해요,https://phinf.pstatic.net/checkout.phinf/20210221_195/1613906687119H30Rs_JPEG/review-attachment-88d851ad-289c-44ae-9713-647970bd446f.jpeg?type=f300_300,ded3****,20.11.21.
51,5,배송은 원하는 날 와서 좋았으나 유에스비 코드가 불량이라 번거로웠네요,https://phinf.pstatic.net/checkout.phinf/20210326_233/1616733550718xm6ES_JPEG/review-attachment-82ce0c68-4eea-44ca-8516-25b8964bed1e.jpeg?type=f300_300,spie****,20.11.16.
52,3,생각대로에요 약간 삐걱소리나지만 괜찮아요 좋습니다.,https://phinf.pstatic.net/checkout.phinf/20210302_38/1614669677617STteg_JPEG/review-attachment-fe7d1778-e849-43bf-9c69-25c387d92967.jpeg?type=f300_300,chlr****,20.11.11.
53,5,"딸아이에게 선물로 해준  침대입니다.
 침대에 이동식 데스크와 간접조명이 있어 실용적이고디자인도 깔끔하고 견고하네요~ 
무뚝뚝한 설치 기사님덕분에 별 하나는 뺏어요",https://phinf.pstatic.net/checkout.phinf/20210324_14/1616592268376oVcrO_JPEG/review-attachment-6944ab6a-f4c1-4229-913f-2d91456cb49f.jpeg?type=f300_300,jds0****,20.10.26.
54,5,"배송온지는 좀 됐지만 사용해보고 후기 남기는 게 나을 거 같아 이제야 후기 남깁니다 ㅎㅎ 제주도라 배송이 늦을 줄 알았는데 빨리와서 깜짝 놀랐어요. 발송 전에 안내전화도 주셨어요. 설치기사분들 주말인데도 오셔서 빠르게 설치해주시고 서비스 부분에서는 굉장히 만족합니다! 설치시간도 침대 두 개인데 30분도 안 걸린 거 같아요! 침대도 전반적으로 만족합니다. 서랍이 레일형이 아니라는데 조금 아쉽고, 서랍들이 살짝 틀어져있어서 틈이 일정하지 않은데 신경쓰일 정도는 아니라 그냥 사용중입니다. 아 그리고 추가로 클라우드폼 매트리스 추가구매 했는데 매트리스 탄탄하고 되게 좋아요! 허리가 안좋아서 매트리스 너무 푹신하면 못자는데 이건 매트리스 꺼짐도 없고 탄탄해서 잠도 잘오네요 ㅎㅎ",https://phinf.pstatic.net/image.nmv/shopnbuyer_2021_03_06_0/25e12ea8-7e50-11eb-a12c-a0369ff963bc_03.jpg?type=ffn300_300,kba5****,20.09.17.
55,3,"침대가 제법 탄탄하고 가성비 좋네요^^
무엇보다 usb포트가 좋아요",https://phinf.pstatic.net/checkout.phinf/20210320_105/1616223781647oNk9X_JPEG/review-attachment-8c22d43d-4e43-4bfc-828c-acfb5e3189e2.jpeg?type=f300_300,kdsm****,20.11.05.
56,5,디자인도 이뿌고 색상도 이쁘고 매트리스 완전 편안 하네요^^아이가 너~무 마음에 들어하네요^^,https://phinf.pstatic.net/checkout.phinf/20210321_1/1616337351998rIa4D_JPEG/review-attachment-44706da5-1e53-42f3-ac4e-b7c0cdb6e05f.jpeg?type=f300_300,alph****,20.10.23.
57,4,아들과 딸 방에 매트리스 포함해서 주문했어요~ 가격착하고 무드등이랑 usb 단자가 3개가 달려있어서 좋아요~ 많이파세요~~,https://phinf.pstatic.net/checkout.phinf/20210316_94/1615821425969YKvG1_JPEG/review-attachment-5556215d-7f39-4994-b933-a57ce876e651.jpeg?type=f300_300,pong****,20.11.13.
58,5,"장점
1)가성비 좋다
2)e0등급
3)빠른배송-4일 정도 걸렸습니다

단점
1)서랍이 딱 맞아떨어지지 않고 이리저리 굴러다니는 느낌입니다 서랍을 딱 맞게 넣으려 노력해야합니다
2)베드테이블 나사를 본사에서 빠뜨려서 베드테이블 사용은 시간이 걸렸습니다
3)led파란불이 계속 들어와서 잠잘때 방해가 되어 평소에는 선 뽑아놓고 씁니다

전반적으로 가성비 좋습니다 매트리스는 옵션 중 가장 좋은 클라우드폼 매트리스이나 최소한 이 정도는 써야한다는 느낌입니다 더 저렴한 매트리스는 기능을 제대로 못할 것 같다는 생각입니다 아주 약간의 단점들이 있으나 가격 생각하면 불만은 없습니다 추천드립니다",https://phinf.pstatic.net/checkout.phinf/20210328_213/1616917248379WGf6I_JPEG/review-attachment-e67750eb-0f79-4fdc-80c5-da6556e56e68.jpeg?type=f300_300,neul****,20.09.03.
59,5,가성비 너무 좋아요 !!,https://phinf.pstatic.net/checkout.phinf/20210327_89/1616811986472Qd3M2_JPEG/review-attachment-958007b3-d281-4d72-849b-038d15241e08.jpeg?type=f300_300,dkfm****,20.11.29.
60,5,"서랍이 음 세개 다 제다로 간격 맞춰야하네요
써보시면 아실거예요
거기다 푸른불은 항시들어오는데 이건 좀 비추네요",https://phinf.pstatic.net/image.nmv/shopnbuyer_2021_03_18_0/f50e1490-8786-11eb-8379-a0369ff968b0_03.jpg?type=ffn300_300,cat9****,20.10.13.
61,5,제품은 만족 해요 하지만 가루? 톱밥? 이거 닦는데 1시간은 걸린듯,https://phinf.pstatic.net/checkout.phinf/20210319_127/1616082656061z2b4a_JPEG/review-attachment-91c42776-47b4-4418-a2fa-5df698fa7f7d.jpeg?type=f300_300,love****,20.10.25.
62,5,"침대 하부 서랍 수납장 말고, 다른 수납장은 여닫기가 너무 힘들어요 무겁습니다.  기사님이 혼자 다 옮기시고, 설치도 깔끔하게 해주셨어요. 설치 후에 먼지? 같은게 좀 발생해서 한번 다 닦아내고 사용해야 합니다. 깔끔하고 조명 좋네요.",https://phinf.pstatic.net/checkout.phinf/20210320_176/16162120200768ETu1_JPEG/review-attachment-38c9ab3a-b47a-460a-85e9-62063a5f1014.jpeg?type=f300_300,cyoo****,20.10.11.
63,4,살짝  서랍모서리가  찍힌거  같네요  다른 부분은  만족합니다  번창하세요,https://phinf.pstatic.net/checkout.phinf/20210308_119/1615210890678mSYoz_JPEG/review-attachment-a0c913aa-bdd5-4704-979e-249a57d5220b.jpeg?type=f300_300,ggal****,20.11.18.
64,4,사용 한달짼데 매트리스도 튼튼하고 침대도 좋습니다. 가격대비 아주 만족합니다! 다들 예쁘다고해요ㅎㅎ,https://phinf.pstatic.net/checkout.phinf/20210310_60/16153745594077WgYV_JPEG/review-attachment-4d080459-586f-4cf7-bbe4-f535cb9bba5f.jpeg?type=f300_300,gen9****,20.10.13.
65,1,"딸아이 방을 다시 꾸며줬어요. 침대와 책상 배치도 바꾸고 벽지와 몰딩 색깔까지 다 바꿨어요.
침대는 딸이 원하는걸로~~~구입했는데 넘 만족해합니다.
서랍도 딸이 티셔츠, 바지, 작은가방 순대로 구분지어서 착착 정리도 했어요.
아이가 행복해하는 모습 보니 부모로서 뿌듯합니다~~^^
그리고 혹시 몰라 밤에는 침대에서 떨어질지 모를 우려로 큰 인형을 바닥에 놓았답니다.",https://phinf.pstatic.net/image.nmv/shopnbuyer_2021_02_08_0/96e26fb1-69ae-11eb-8a7c-505dac8c3607_03.jpg?type=ffn300_300,hee0****,20.09.16.
66,5,"매트리스랑 같이 적당한 가격에 잘 산것같아요!
생각보다 수납공간이 넉넉해서 좋네요~
파란불이 계속 켜져있는건 좀 아쉽지만..ㅎㅎ",https://phinf.pstatic.net/checkout.phinf/20210325_220/16166257479352Juln_JPEG/review-attachment-c22096ea-e33f-4a2f-90b0-e4247159e593.jpeg?type=f300_300,kyen****,20.10.12.
67,4,"사진으로 보던게 그대로 왔네요
매트리스도 생각보다 단단하고 만족합니다",https://phinf.pstatic.net/checkout.phinf/20210327_92/1616803493042Fjhti_JPEG/review-attachment-e85d7ba4-0757-4a3a-8472-5cad0f651168.jpeg?type=f300_300,reno****,20.10.21.
68,5,저렴해요 좀쓰다 바꿀래요,https://phinf.pstatic.net/checkout.phinf/20210107_104/1610015800326SV0DV_JPEG/review-attachment-0641e67a-a200-444b-b05c-4abb1fbe33ab.jpeg?type=f300_300,aant****,20.11.25.
69,5,디자인이 예쁘고 튼튼합니다,https://phinf.pstatic.net/checkout.phinf/20210320_196/1616206336693TnGGb_JPEG/review-attachment-6f96c771-e825-4084-a3c7-b68ac03f2da7.jpeg?type=f300_300,ssik****,20.11.18.
70,4,배송 후 조립까지! 가성이 갑 입니다~,https://phinf.pstatic.net/checkout.phinf/20210221_195/1613906687119H30Rs_JPEG/review-attachment-88d851ad-289c-44ae-9713-647970bd446f.jpeg?type=f300_300,dpse****,20.11.15.
71,5,사진과 똑같아요 만족합니다,https://phinf.pstatic.net/checkout.phinf/20210326_233/1616733550718xm6ES_JPEG/review-attachment-82ce0c68-4eea-44ca-8516-25b8964bed1e.jpeg?type=f300_300,eiy7****,20.11.20.
72,3,손님방에 설치했는데 이뻐요,https://phinf.pstatic.net/checkout.phinf/20210302_38/1614669677617STteg_JPEG/review-attachment-fe7d1778-e849-43bf-9c69-25c387d92967.jpeg?type=f300_300,k1h0****,20.10.29.
73,4,"배송도 생각보다 빨랐고 설치도 잘 해주시네요
마감부분이 아쉬운게 있긴하지만 대체적으로 만족합니다.
잘쓰겠습니다.
아 매트리스도 좋아요!",https://phinf.pstatic.net/checkout.phinf/20210324_14/1616592268376oVcrO_JPEG/review-attachment-6944ab6a-f4c1-4229-913f-2d91456cb49f.jpeg?type=f300_300,pky8****,20.09.19.
74,5,어머니쓰신다는데 마음에드신답니다,https://phinf.pstatic.net/image.nmv/shopnbuyer_2021_03_06_0/25e12ea8-7e50-11eb-a12c-a0369ff963bc_03.jpg?type=ffn300_300,ddll****,20.10.22.
75,5,설치기사님도 친절 . 빠른 배송. 갓성비 침대,https://phinf.pstatic.net/checkout.phinf/20210320_105/1616223781647oNk9X_JPEG/review-attachment-8c22d43d-4e43-4bfc-828c-acfb5e3189e2.jpeg?type=f300_300,gilo****,20.10.15.
76,5,"심플한 디자인의 수납이 가능한 침대를 찾고 있었는데 저렴한 가격으로 구매할 수 있어서 너무 좋았어요. 지정일 배송 신청하여 원하는 날짜에 딱 맞춰 배송받았고 배송하시는 분이 친절하게 조립 및 설치도 해주셨어요!! 수납 서랍은 바퀴가 달려있어서 편하게 수납이 가능하고, 침대 헤드 조명과 충전도 동시에 여러개 가능해서 정말 편하게 이용할 수 있을 것 같아요~",https://phinf.pstatic.net/checkout.phinf/20210321_1/1616337351998rIa4D_JPEG/review-attachment-44706da5-1e53-42f3-ac4e-b7c0cdb6e05f.jpeg?type=f300_300,magi****,20.09.04.
77,5,좋아요~~~ 근데 서랍이 레일형이 아니라 그런지 간격이 좀 일정하지 않은 부분도 있는데 별로 신경쓰이진 않아요ㅋㅋ 제주도까지 침대 배송 되는 곳을 찾기가 힘들었는데.. 배송비 포함하고도 저렴하게 구입한거라 정말 만족합니다,https://phinf.pstatic.net/checkout.phinf/20210316_94/1615821425969YKvG1_JPEG/review-attachment-5556215d-7f39-4994-b933-a57ce876e651.jpeg?type=f300_300,kba5****,20.10.11.
78,5,"아들방에 놓을려고 구매했어요.
만족합니다.",https://phinf.pstatic.net/checkout.phinf/20210328_213/1616917248379WGf6I_JPEG/review-attachment-e67750eb-0f79-4fdc-80c5-da6556e56e68.jpeg?type=f300_300,seod****,20.10.26.
79,5,깔끔하고 가성비좋은제품같아요. 매트리스는 후기대로 조금 딱딱하고 근데 앉으면 어디프레임이랑 잔안맞는지 삐그덕삐그덕소리가 좀나요.그래서 별하나는 뺐어요~덕분에 아이들은 신났고 방이좁아 딱잠만자는 방으로 해줬어요,https://phinf.pstatic.net/checkout.phinf/20210327_89/1616811986472Qd3M2_JPEG/review-attachment-958007b3-d281-4d72-849b-038d15241e08.jpeg?type=f300_300,hyun****,20.09.09.
80,5,배송은 좀 걸렸어요! 오시기 전부터 기사아저씨가 연락계솓 오셔서 언제 도착하는지 알려주셨고 침대도 만족입니당 수납부분은 생각보다 작고 견고하진못해여 고정부분이 앖어서 서로 셋이 달랑거립니다 싸게 사서 값어치는 해요,https://phinf.pstatic.net/image.nmv/shopnbuyer_2021_03_18_0/f50e1490-8786-11eb-8379-a0369ff968b0_03.jpg?type=ffn300_300,94ys****,20.09.04.
81,5,"원하는 사이즈에요
초6  중2  여자아이들 쓰려고 2개 주문했어요
지방이라 10 일 걸렸는데 배송기사님 친절하시구요~
아이들이 만족해하며 쓰고 있어요
마루로 되어있는 바닥이라 바퀴굴러가는 소리가 거슬리기는 하지만 잠깐이니~
착한 가격에 좋아요
많이 파세요~",https://phinf.pstatic.net/checkout.phinf/20210319_127/1616082656061z2b4a_JPEG/review-attachment-91c42776-47b4-4418-a2fa-5df698fa7f7d.jpeg?type=f300_300,khc7****,20.09.25.
82,5,생각보다 배송도 빠르고 배송 시간대도 변경하였는데 잘 처리해주시고 친절하셔서 좋았습니다. 엘리베이터없는 3층인데 계단으로 옮겨주셨어요~,https://phinf.pstatic.net/checkout.phinf/20210320_176/16162120200768ETu1_JPEG/review-attachment-38c9ab3a-b47a-460a-85e9-62063a5f1014.jpeg?type=f300_300,gen9****,20.09.11.
83,4,"E0라그런지 냄새없고 깔끔해요. 배송도 빨랐어요.
만족스럽습니다. 매트는  하드한 타입은 아닌듯합니다.~^^",https://phinf.pstatic.net/checkout.phinf/20210308_119/1615210890678mSYoz_JPEG/review-attachment-a0c913aa-bdd5-4704-979e-249a57d5220b.jpeg?type=f300_300,juhy****,20.09.12.
84,4,"집분분위기랑잘어울려요
서랍이 고정되있는게 아니라 조금아쉽네요",https://phinf.pstatic.net/checkout.phinf/20210310_60/16153745594077WgYV_JPEG/review-attachment-4d080459-586f-4cf7-bbe4-f535cb9bba5f.jpeg?type=f300_300,cjsr****,20.09.14.
85,5,13일날 주문해 오늘 받았습니다. 두세트를 주문한터라 더운날씨에 기사님이 옮기시느라 고생이 많으셨어요. 갈끔하게 설치도 잘 해주셨습니다ㅋ 매트리스도 폭신하니 아이들이 너무 마음에 들어합니다~,https://phinf.pstatic.net/image.nmv/shopnbuyer_2021_02_08_0/96e26fb1-69ae-11eb-8a7c-505dac8c3607_03.jpg?type=ffn300_300,bogo****,20.08.31.
86,5,"가격대비 품질만족
배송기사님의친절함100점",https://phinf.pstatic.net/checkout.phinf/20210325_220/16166257479352Juln_JPEG/review-attachment-c22096ea-e33f-4a2f-90b0-e4247159e593.jpeg?type=f300_300,cysm****,20.09.16.
87,4,배송도 생각보다 빨리오고 설차도 잘해주셨어요 편하다고 하시네요,https://phinf.pstatic.net/checkout.phinf/20210327_92/1616803493042Fjhti_JPEG/review-attachment-e85d7ba4-0757-4a3a-8472-5cad0f651168.jpeg?type=f300_300,cher****,20.09.14.
88,4,"생각보다 빨리 도착했네요! 
사진 그대로 예쁘고 깔끔해요~
전체적으로 견고한 마감과 바퀴 달린 서랍, 튼튼한 베드테이블이 너무 좋네요~ 
배송기사님이 빠르고 깔끔하게 설치해주셨어요 감사합니다^^",https://phinf.pstatic.net/checkout.phinf/20210107_104/1610015800326SV0DV_JPEG/review-attachment-0641e67a-a200-444b-b05c-4abb1fbe33ab.jpeg?type=f300_300,spri****,20.08.21.
89,5,전체적으로 좋은데 조명이 꺼도 약간의 빛이나 불편하고 서랍장이 와따리가따리해서 고정이 안되어있는데 오히려 이게 더 편함,https://phinf.pstatic.net/checkout.phinf/20210320_196/1616206336693TnGGb_JPEG/review-attachment-6f96c771-e825-4084-a3c7-b68ac03f2da7.jpeg?type=f300_300,wate****,20.09.16.
90,5,본가에서 사용중인데 잘 사용중이라고 하네요,https://phinf.pstatic.net/checkout.phinf/20210221_195/1613906687119H30Rs_JPEG/review-attachment-88d851ad-289c-44ae-9713-647970bd446f.jpeg?type=f300_300,m_su****,20.09.03.
91,5,"사진과 같다고 보시면 될듯합니다!
대신에 슬라이드 테이블? 은 좀 약해보이지만 조심해서 쓰면 상관없을 듯하네요! 
그리고 택배비는 2개를 주문하면 각각 택비가 붙어서 좀 그랬네요~",https://phinf.pstatic.net/checkout.phinf/20210326_233/1616733550718xm6ES_JPEG/review-attachment-82ce0c68-4eea-44ca-8516-25b8964bed1e.jpeg?type=f300_300,cair****,20.08.26.
92,5,서랍바퀴가 장판에 선자국이생기네요~편안합니다,https://phinf.pstatic.net/checkout.phinf/20210302_38/1614669677617STteg_JPEG/review-attachment-fe7d1778-e849-43bf-9c69-25c387d92967.jpeg?type=f300_300,jolo****,20.09.03.
93,5,상품은 깔끔하니 좋아요 매트리스는 딱딱한 편이구요 침대 USB 고장으로 수리 대기중인데 기간이 길어지는 거 빼곤 만족해요,https://phinf.pstatic.net/checkout.phinf/20210324_14/1616592268376oVcrO_JPEG/review-attachment-6944ab6a-f4c1-4229-913f-2d91456cb49f.jpeg?type=f300_300,m_su****,20.07.30.
94,5,예쁘구 매트리스도 편해요 배송도 시간 딱 맞게 와주셨어요,https://phinf.pstatic.net/image.nmv/shopnbuyer_2021_03_06_0/25e12ea8-7e50-11eb-a12c-a0369ff963bc_03.jpg?type=ffn300_300,lyj6****,20.08.26.
95,5,디자인 깔끔하고 좋아요!!,https://phinf.pstatic.net/checkout.phinf/20210320_105/1616223781647oNk9X_JPEG/review-attachment-8c22d43d-4e43-4bfc-828c-acfb5e3189e2.jpeg?type=f300_300,wogu****,20.08.15.
96,4,작은 방에 잘 어울림. 밑에 수납 공간이 레일이 아님.,https://phinf.pstatic.net/checkout.phinf/20210321_1/1616337351998rIa4D_JPEG/review-attachment-44706da5-1e53-42f3-ac4e-b7c0cdb6e05f.jpeg?type=f300_300,lhj3****,20.08.23.
97,4,"이사하자마자 샀어요

근데 저희 이삿짐센터에서 에어컨실외기 파손시켜서 에어컨 못틀어드리구 설치기사님께 너무 죄송스러웠어요
친절하시구 꼼꼼하게 해주셔서 감사해요^^",https://phinf.pstatic.net/checkout.phinf/20210316_94/1615821425969YKvG1_JPEG/review-attachment-5556215d-7f39-4994-b933-a57ce876e651.jpeg?type=f300_300,luck****,20.07.16.
98,5,가격대비 질이 좋은것 같습니다.,https://phinf.pstatic.net/checkout.phinf/20210328_213/1616917248379WGf6I_JPEG/review-attachment-e67750eb-0f79-4fdc-80c5-da6556e56e68.jpeg?type=f300_300,kman****,20.08.21.
99,5,"이쁘고 좋습니다.
근데 서랍이 고정이아니라 흔들립니다.",https://phinf.pstatic.net/checkout.phinf/20210327_89/1616811986472Qd3M2_JPEG/review-attachment-958007b3-d281-4d72-849b-038d15241e08.jpeg?type=f300_300,mang****,20.08.17.
