﻿,star,review,reviewImage,customerId,reviewDate
0,5,"중학생 딸에게 주려고 구매했어요
초등2학년 막내동생이 힘이 좋아
함께 조립했어요.심플하고 예뻐요.
나사가 하나 안맞아서 조금 나와있지만
그냥 쓰려구요",https://phinf.pstatic.net/image.nmv/shopnbuyer_2021_03_18_0/f50e1490-8786-11eb-8379-a0369ff968b0_03.jpg?type=ffn300_300,kbh7****,21.03.15.
1,4,조금 약한 느낌도 살짝있었지만 심플하고 좋아요,https://phinf.pstatic.net/checkout.phinf/20210319_127/1616082656061z2b4a_JPEG/review-attachment-91c42776-47b4-4418-a2fa-5df698fa7f7d.jpeg?type=f300_300,ylem****,21.03.13.
2,5,애기침대가 필요해서 샀어요 프레임이 생가보다 커요 슈퍼싱글인줄,https://phinf.pstatic.net/checkout.phinf/20210320_176/16162120200768ETu1_JPEG/review-attachment-38c9ab3a-b47a-460a-85e9-62063a5f1014.jpeg?type=f300_300,pso0****,21.02.17.
3,5,"한달사용 후기
가격대비 좋아요^^",https://phinf.pstatic.net/checkout.phinf/20210308_119/1615210890678mSYoz_JPEG/review-attachment-a0c913aa-bdd5-4704-979e-249a57d5220b.jpeg?type=f300_300,kws7****,21.03.11.
4,5,조립이 생각보다 쉬워요 아들이랑 둘이 뚝딱했어요 튼튼한데 철제라 소리는 좀 나네요,https://phinf.pstatic.net/checkout.phinf/20210310_60/16153745594077WgYV_JPEG/review-attachment-4d080459-586f-4cf7-bbe4-f535cb9bba5f.jpeg?type=f300_300,skru****,21.02.20.
5,4,"조립의 쉬운편이나, 무게 때문에 잡아 줄 사람이 1명 정도 있으면 문제 없을거에요!
곳곳에 녹이 묻었지만 감수하고 사용하겠습니다. 배송기사님은 아주 친절하셨어요^^
나사를 꽉 조였더니 삐그덕 거림은 없습니다!
조금 더 사용해보고 한달 후기 남기겠습니다^^",https://phinf.pstatic.net/image.nmv/shopnbuyer_2021_02_08_0/96e26fb1-69ae-11eb-8a7c-505dac8c3607_03.jpg?type=ffn300_300,pyas****,21.02.01.
6,5,"잘 받았습니다.. 설치는 어렵지 않더군요..
견고함은 어떨지 모르겠네요..
한달후기에 쓸게요",https://phinf.pstatic.net/checkout.phinf/20210325_220/16166257479352Juln_JPEG/review-attachment-c22096ea-e33f-4a2f-90b0-e4247159e593.jpeg?type=f300_300,einf****,21.01.11.
7,5,가격대비 좋은상품입니다.,https://phinf.pstatic.net/checkout.phinf/20210327_92/1616803493042Fjhti_JPEG/review-attachment-e85d7ba4-0757-4a3a-8472-5cad0f651168.jpeg?type=f300_300,kws7****,21.02.02.
8,4,"여자혼자조립하는데 30분정도 걸렸구요
프레임이 좀 지져분해서 하나하나 다 닦았어요ㅜ

거실에 쇼파대용으로 쓰려고 구매했어요.
성인여성이 움직일빼는 삐걱거림없는데,
무게가 좀 나가는 성인남성이 움직이면 삐걱거림있네요.

매트리스는 여기서 구매했는데,
생각보다 폭신해요",https://phinf.pstatic.net/checkout.phinf/20210107_104/1610015800326SV0DV_JPEG/review-attachment-0641e67a-a200-444b-b05c-4abb1fbe33ab.jpeg?type=f300_300,shai****,20.12.06.
9,4,"가성비좋습니다.조립도 간단해요.
자취하시는분이 쓰시면 좋을 듯해요.",https://phinf.pstatic.net/checkout.phinf/20210320_196/1616206336693TnGGb_JPEG/review-attachment-6f96c771-e825-4084-a3c7-b68ac03f2da7.jpeg?type=f300_300,dltl****,21.01.05.
10,5,튼튼하고 좋아요굿굿,https://phinf.pstatic.net/checkout.phinf/20210221_195/1613906687119H30Rs_JPEG/review-attachment-88d851ad-289c-44ae-9713-647970bd446f.jpeg?type=f300_300,somi****,21.01.21.
11,4,철제라 많이 흔들거릴줄 알았는데 그런건 없네여! 완전 튼튼하구 여자 혼자 조립하는데 20~30분 정도 걸렸어요! 포장상자랑 스티로폼까지 다치우는데 1시간정도 걸렸습니다!,https://phinf.pstatic.net/checkout.phinf/20210326_233/1616733550718xm6ES_JPEG/review-attachment-82ce0c68-4eea-44ca-8516-25b8964bed1e.jpeg?type=f300_300,whdk****,20.12.07.
12,5,"생각보다 튼튼합니다. 조립도 쉽고요
그런데 철제라 조금 소리가 납니다",https://phinf.pstatic.net/checkout.phinf/20210302_38/1614669677617STteg_JPEG/review-attachment-fe7d1778-e849-43bf-9c69-25c387d92967.jpeg?type=f300_300,dbcj****,20.12.17.
13,4,"배송이 참 빨라서 좋아요 !
깔끔하고 예쁩니다 :)",https://phinf.pstatic.net/checkout.phinf/20210324_14/1616592268376oVcrO_JPEG/review-attachment-6944ab6a-f4c1-4229-913f-2d91456cb49f.jpeg?type=f300_300,tjdd****,20.12.10.
14,5,퀸침대랑 컬러 높이가 맞아 만족스럽습니다. 철제침대중 제일 디자인 깔끔해요. 움직일때 삐그덕 소리는 어쩔수없네요.,https://phinf.pstatic.net/image.nmv/shopnbuyer_2021_03_06_0/25e12ea8-7e50-11eb-a12c-a0369ff963bc_03.jpg?type=ffn300_300,caja****,20.11.02.
15,5,"가겨대비 좋고, 깔끔해요.
철체라 그런지 소리는 조금 납니다.",https://phinf.pstatic.net/checkout.phinf/20210320_105/1616223781647oNk9X_JPEG/review-attachment-8c22d43d-4e43-4bfc-828c-acfb5e3189e2.jpeg?type=f300_300,1dja****,20.11.22.
16,3,생각보다 조립이 쉬웠어요. 예쁘네요.,https://phinf.pstatic.net/checkout.phinf/20210321_1/1616337351998rIa4D_JPEG/review-attachment-44706da5-1e53-42f3-ac4e-b7c0cdb6e05f.jpeg?type=f300_300,knar****,20.10.26.
17,5,"사이즈가 생각보다 크네요
슈퍼싱글사이즈같아요~ㅎ
잘쓰고있어요",https://phinf.pstatic.net/checkout.phinf/20210316_94/1615821425969YKvG1_JPEG/review-attachment-5556215d-7f39-4994-b933-a57ce876e651.jpeg?type=f300_300,kook****,20.10.31.
18,5,원하던 디자인이라 예쁘긴한데 녹이 너무 묻어있네요. 사용중에 녹나서 매트리스에 묻을까봐 갈빗살 위에 비닐 하나 깔고 올렸네요,https://phinf.pstatic.net/checkout.phinf/20210328_213/1616917248379WGf6I_JPEG/review-attachment-e67750eb-0f79-4fdc-80c5-da6556e56e68.jpeg?type=f300_300,cjsg****,20.10.21.
19,5,배송도빠르고 좋아요,https://phinf.pstatic.net/checkout.phinf/20210327_89/1616811986472Qd3M2_JPEG/review-attachment-958007b3-d281-4d72-849b-038d15241e08.jpeg?type=f300_300,naay****,20.10.06.
20,5,"배송전 연락도 없었고 문앞에 그냥 두고감.
어이 없었어요 ㅜㅜ 언제 두고 갔는지도 모르고 장보러 나가며 문열다가 깜놀!
다리 쪽에 녹슨 흔적이 있는데 그냥 닦았어요 
조립은 쉽고 가벼워서 사용하기 편하겠어요
택배는 정말 너무 하네요
이런 경우 첨이예요",https://phinf.pstatic.net/image.nmv/shopnbuyer_2021_03_18_0/f50e1490-8786-11eb-8379-a0369ff968b0_03.jpg?type=ffn300_300,slsk****,20.08.29.
21,4,걱정했던 것보다 훨씬 튼튼하네요ㅎㅎ 배송도 빨랐구요 감사합니다 잘 쓸게요~,https://phinf.pstatic.net/checkout.phinf/20210319_127/1616082656061z2b4a_JPEG/review-attachment-91c42776-47b4-4418-a2fa-5df698fa7f7d.jpeg?type=f300_300,oora****,20.09.10.
22,5,생각보다 튼튼하고 좋네요 배송도 빠르구요,https://phinf.pstatic.net/checkout.phinf/20210320_176/16162120200768ETu1_JPEG/review-attachment-38c9ab3a-b47a-460a-85e9-62063a5f1014.jpeg?type=f300_300,dyih****,20.09.21.
23,5,"배송은 보통이고 조립하는데는 10분도 안걸렸어요
돈주고 기사님이랑 조립하지마세요 혼자서도 금방해요 프레임 이쁘기는 한데 여기저기 누런게 많이 보이는데 물티슈로 안닦이네요ㅜㅜ",https://phinf.pstatic.net/checkout.phinf/20210308_119/1615210890678mSYoz_JPEG/review-attachment-a0c913aa-bdd5-4704-979e-249a57d5220b.jpeg?type=f300_300,stay****,20.08.10.
24,4,배송 빨랐어요ㅋㅋ 매트는 다른곳에서 주문했는데 언제쯤 올지ㅠ 빨리왔으면 좋겠네요 잘쓰겠습니더,https://phinf.pstatic.net/checkout.phinf/20210310_60/16153745594077WgYV_JPEG/review-attachment-4d080459-586f-4cf7-bbe4-f535cb9bba5f.jpeg?type=f300_300,rhwh****,20.09.08.
25,5,"다른 분들 리뷰엔 삐그덕 쇠소리가 많이 난다고 그러는데 저희는 소리 전혀안나구요.
전 여잔데 혼자 조립했어요ㅋㅋ 한시간정도 걸렸고
마지막에 아구안맞는 부분이 한곳있는데 도저히 제힘으론 안돼길래 남편이 퇴근하고와서 해줬구요.
7살아이 방에 놔줄거라 많이 흔들리고 삐그덕거림 어쩌나 걱정했는데 다 조립하고 나니 생각보다 견고하고 이뻐요 배송은 좀 걸렸어요ㅋ",https://phinf.pstatic.net/image.nmv/shopnbuyer_2021_02_08_0/96e26fb1-69ae-11eb-8a7c-505dac8c3607_03.jpg?type=ffn300_300,yj_1****,20.08.06.
26,5,"배송료가 비싸다는점 빼고, 아주 굿입니다.",https://phinf.pstatic.net/checkout.phinf/20210325_220/16166257479352Juln_JPEG/review-attachment-c22096ea-e33f-4a2f-90b0-e4247159e593.jpeg?type=f300_300,park****,20.07.21.
27,4,"아이가 좋아 하기는 하지만 삐끄덕~삐끄덕~ 
소리가 나는게 영~신경쓰이네요",https://phinf.pstatic.net/checkout.phinf/20210327_92/1616803493042Fjhti_JPEG/review-attachment-e85d7ba4-0757-4a3a-8472-5cad0f651168.jpeg?type=f300_300,win2****,20.07.16.
28,5,친정 아버지 수술후 불편하셔서 급히 주문했습니다 감사합니다 잘쓰고 계셔요,https://phinf.pstatic.net/checkout.phinf/20210107_104/1610015800326SV0DV_JPEG/review-attachment-0641e67a-a200-444b-b05c-4abb1fbe33ab.jpeg?type=f300_300,ruby****,20.07.06.
29,5,배송에 문제가 좀 있었지만 상품에는 만족합니다.,https://phinf.pstatic.net/checkout.phinf/20210320_196/1616206336693TnGGb_JPEG/review-attachment-6f96c771-e825-4084-a3c7-b68ac03f2da7.jpeg?type=f300_300,inis****,20.06.24.
30,5,"철재에서자꾸 움직이면 소리가 나요
자꾸자꾸 잠에서깨요  그리고 아랫집에서  소리날까봐  잘움직이지도 못하고 정말 미치겠습니다 
반품 하고싶은데 어떻게 하면 될까요?
매트리스 아래 받침철 용접한곳이 떨어질것같아요 글구 너무약해서  소리가나요 처음엔 매트리스 철 소리인줄 알았는데  알고보니 침대에서 나는 소리였습니다 
너무 속상해요  반품해주시던가 새걸로 바꿔주세요 ~배송도 현관문앞에 던져놓고 가셨어요
너무 심하셨어요~그래두 모양예뻐서 그냥 쓰려고 했는데 소리때문에 살수가 없네요 ~네가 못쓰는 건 남도 못쓰지안을까요?
모양만 예뻐요
반품 해주세요 ㅠㅠ",https://phinf.pstatic.net/checkout.phinf/20210221_195/1613906687119H30Rs_JPEG/review-attachment-88d851ad-289c-44ae-9713-647970bd446f.jpeg?type=f300_300,whar****,20.05.04.
31,4,예쁘고 나사 꽉 조여서 흔들림 없습니다 혼자 조립은 힘들고 2명이서 해야됩니다 조립은 간편한 편이에요 블랙프레임 이뻐요,https://phinf.pstatic.net/checkout.phinf/20210326_233/1616733550718xm6ES_JPEG/review-attachment-82ce0c68-4eea-44ca-8516-25b8964bed1e.jpeg?type=f300_300,pday****,20.05.14.
32,5,가성비 대비 작은 공간에 좋아요,https://phinf.pstatic.net/checkout.phinf/20210302_38/1614669677617STteg_JPEG/review-attachment-fe7d1778-e849-43bf-9c69-25c387d92967.jpeg?type=f300_300,yoj8****,20.06.09.
33,5,이뻐요 조립하기 편하고 딱이네요!!,https://phinf.pstatic.net/checkout.phinf/20210324_14/1616592268376oVcrO_JPEG/review-attachment-6944ab6a-f4c1-4229-913f-2d91456cb49f.jpeg?type=f300_300,dior****,20.05.13.
34,1,딸아이가 방을 갖고 싶다며 침대를 사달라기에 이사갈 생각하며 간편하게 설치할수 있는걸 알아보다 구매했는데 설치도 간단하고 가볍고 좋네요. 다만 매트리스가 두껍지 않으면 좀 불편할수 있을것 같아요. 가격대비 만족하며 쓰겠습니다.,https://phinf.pstatic.net/image.nmv/shopnbuyer_2021_03_06_0/25e12ea8-7e50-11eb-a12c-a0369ff963bc_03.jpg?type=ffn300_300,dew2****,20.04.09.
35,4,"좋네요. 메트리스는 적응이 안되서 그런가 허리가 좀 아프긴한데...
조립 쉽고 괜찮습니다.",https://phinf.pstatic.net/checkout.phinf/20210320_105/1616223781647oNk9X_JPEG/review-attachment-8c22d43d-4e43-4bfc-828c-acfb5e3189e2.jpeg?type=f300_300,boro****,20.04.25.
36,5,실물이 훨씬 예뻐요!,https://phinf.pstatic.net/checkout.phinf/20210321_1/1616337351998rIa4D_JPEG/review-attachment-44706da5-1e53-42f3-ac4e-b7c0cdb6e05f.jpeg?type=f300_300,duda****,20.05.10.
37,5,생각보다는 좋아요 이@아 보다는 좋은거 같아요,https://phinf.pstatic.net/checkout.phinf/20210316_94/1615821425969YKvG1_JPEG/review-attachment-5556215d-7f39-4994-b933-a57ce876e651.jpeg?type=f300_300,yoj8****,20.04.29.
38,5,조립하시는 분들.. 조립비가 아깝네요. 설명서 한참 보시더니 잘못조립... 공구도 쾅쾅 놓아서 마루 까지고... 가구 배송받으면서 이런분들 첨봅니다.. 저녁 8시 다되서 배송온 것도 황당했는데.. 조립은 각자 하시는게 더 나으실듯요,https://phinf.pstatic.net/checkout.phinf/20210328_213/1616917248379WGf6I_JPEG/review-attachment-e67750eb-0f79-4fdc-80c5-da6556e56e68.jpeg?type=f300_300,isop****,20.03.25.
39,5,조립도 쉽고 아이방 침대로 이용하기 딱 깔끔해요,https://phinf.pstatic.net/checkout.phinf/20210327_89/1616811986472Qd3M2_JPEG/review-attachment-958007b3-d281-4d72-849b-038d15241e08.jpeg?type=f300_300,shir****,20.03.19.
40,5,튼튼해요 잘 쓰겠습니다 ㅎㅎ,https://phinf.pstatic.net/image.nmv/shopnbuyer_2021_03_18_0/f50e1490-8786-11eb-8379-a0369ff968b0_03.jpg?type=ffn300_300,9403****,20.03.23.
41,4,"엘베 없는 2층인데, 이게 많이 무거워서 택배아저씨가 전화와서 같이 들어줘야 할 것 같다고 하시더라구요.
회사에 있었고, 집에 사람도 없는지라
1층에 두고 가시라하고 퇴근하고 와서
너무 무거워서 1층에서 뜯어서 다 따로따로 들고 올라왔어요.
혼자서 어찌어찌 조립하긴 했는데 두사람은 필요 할 것 같아요.
잘 사용하고 있어요.",https://phinf.pstatic.net/checkout.phinf/20210319_127/1616082656061z2b4a_JPEG/review-attachment-91c42776-47b4-4418-a2fa-5df698fa7f7d.jpeg?type=f300_300,azur****,20.02.26.
42,5,이쁘네요!!!!!!!,https://phinf.pstatic.net/checkout.phinf/20210320_176/16162120200768ETu1_JPEG/review-attachment-38c9ab3a-b47a-460a-85e9-62063a5f1014.jpeg?type=f300_300,duda****,20.04.02.
43,5,우리딸 바로 혼자 잘거라고 ㅎㅎㅎ 퐁퐁 뛰면서 아주좋아해용,https://phinf.pstatic.net/checkout.phinf/20210308_119/1615210890678mSYoz_JPEG/review-attachment-a0c913aa-bdd5-4704-979e-249a57d5220b.jpeg?type=f300_300,sfhd****,20.02.16.
44,5,프레임 조립 여자 혼자서 15분만에 끝났어요. 참고로 베개 같은 걸로 반대쪽의 높이를 맞춰서 진행하심 편해요. 만족스럽습니다.,https://phinf.pstatic.net/checkout.phinf/20210310_60/16153745594077WgYV_JPEG/review-attachment-4d080459-586f-4cf7-bbe4-f535cb9bba5f.jpeg?type=f300_300,euri****,20.03.05.
45,3,생각보다 크네요. 여자혼자 조립하는데 좀 힘들었습니다.,https://phinf.pstatic.net/image.nmv/shopnbuyer_2021_02_08_0/96e26fb1-69ae-11eb-8a7c-505dac8c3607_03.jpg?type=ffn300_300,8318****,20.02.13.
46,4,"거의 한달만에 받아본듯 하네요
사이즈가 생각보다 많이 커요
튼튼하고 이뻐요",https://phinf.pstatic.net/checkout.phinf/20210325_220/16166257479352Juln_JPEG/review-attachment-c22096ea-e33f-4a2f-90b0-e4247159e593.jpeg?type=f300_300,snik****,20.02.13.
47,5,이쁨ㅎㅎ흔들리긴함ㅋ,https://phinf.pstatic.net/checkout.phinf/20210327_92/1616803493042Fjhti_JPEG/review-attachment-e85d7ba4-0757-4a3a-8472-5cad0f651168.jpeg?type=f300_300,rnfm****,20.02.22.
48,5,블랙이 이쁜거 같아서 주문했는데 설치하고 나서 먼지 같은거랑 스크래치가 잘 보여서 쪼금 별로예요 그치만 자세히 안보면 인테리어 효과는 좋아요 가격대비 나쁘진 않고 거실에서 쇼파겸 침대로 잘 쓰고 있어요,https://phinf.pstatic.net/checkout.phinf/20210107_104/1610015800326SV0DV_JPEG/review-attachment-0641e67a-a200-444b-b05c-4abb1fbe33ab.jpeg?type=f300_300,khso****,20.01.13.
49,4,"배송최악
12월초에 주문할때는 12월중순입고라고했는데
1월말이라고 바꾸고 1월말되니 2월초라고하고..
어제 왔네요  중간에 입고늦어지는거 안내도없어요",https://phinf.pstatic.net/checkout.phinf/20210320_196/1616206336693TnGGb_JPEG/review-attachment-6f96c771-e825-4084-a3c7-b68ac03f2da7.jpeg?type=f300_300,pret****,20.02.09.
50,5,"기사님도 친절하시고 포장도 꼼꼼하게 되어서 왔어요
너무 이쁘네요 매트리스도 좋아요",https://phinf.pstatic.net/checkout.phinf/20210221_195/1613906687119H30Rs_JPEG/review-attachment-88d851ad-289c-44ae-9713-647970bd446f.jpeg?type=f300_300,skfk****,20.02.10.
51,4,조립하려고 박스를 뜯어보니 조금 실망했어요ㅜ 철재 표면이 생각보다 많이 거친듯 해요 침대에 걸쳐 앉을때나 철재 테두리등에 옷 재질에 따라 옷감이 상할수 있어 조심해야 하구요 조립할때도 균형을 맞춰 하다보면 스크래치도 나서 차라리 흰색을 선택할 껄 후회가 되더라구요 제가 웬만 한건 혼자 조립할수 있는데 이제품은 철재라 무거워서 옆에서 누가 잡아줘야 수월하더라구요ㅜ 더군다나 철재 옆면 바닥에 받침같은게 하나 빠져서 와서 황당했는데 빨리 쓰고 싶어서 대충 막아서 쓰고 있어요 바닥면이라 자세히 안보면 괜찮은듯해요 다자인이랑 사이즈는 맘에 들어요,https://phinf.pstatic.net/checkout.phinf/20210326_233/1616733550718xm6ES_JPEG/review-attachment-82ce0c68-4eea-44ca-8516-25b8964bed1e.jpeg?type=f300_300,khso****,19.11.15.
52,4,가성비는 좋네요. 단 침대에 우리 식구 3명이 올라가니 가운데가 살짝 내려 앉는 느낌이^^:::,https://phinf.pstatic.net/checkout.phinf/20210302_38/1614669677617STteg_JPEG/review-attachment-fe7d1778-e849-43bf-9c69-25c387d92967.jpeg?type=f300_300,jinl****,19.12.12.
53,1,"광주 외곽이라 배송점이 없어 2주2틀만에 배송 받았습니다
하지만 튼튼한 제품 잘 받아 만족합니다
작은 상 받쳐놓고 아줌마혼자 조립20여분걸렸습니다",https://phinf.pstatic.net/checkout.phinf/20210324_14/1616592268376oVcrO_JPEG/review-attachment-6944ab6a-f4c1-4229-913f-2d91456cb49f.jpeg?type=f300_300,yr14****,19.10.23.
54,5,"작은아이가 혼자 못자서 저희 침대옆에 
붙여서 패밀리 침대 만들었어여^^
예쁘고 튼튼하고 기사분들도 친절하세여^^",https://phinf.pstatic.net/image.nmv/shopnbuyer_2021_03_06_0/25e12ea8-7e50-11eb-a12c-a0369ff963bc_03.jpg?type=ffn300_300,kong****,19.10.11.
55,4,넘 좋네요 넘 좋네요,https://phinf.pstatic.net/checkout.phinf/20210320_105/1616223781647oNk9X_JPEG/review-attachment-8c22d43d-4e43-4bfc-828c-acfb5e3189e2.jpeg?type=f300_300,glor****,19.11.11.
56,4,너무좋아요 감사합니다!,https://phinf.pstatic.net/checkout.phinf/20210321_1/1616337351998rIa4D_JPEG/review-attachment-44706da5-1e53-42f3-ac4e-b7c0cdb6e05f.jpeg?type=f300_300,jung****,19.11.01.
57,5,생각보다 좋네요 매트리스를 깔지않아 사용해보지 않았지만 일단만족,https://phinf.pstatic.net/checkout.phinf/20210316_94/1615821425969YKvG1_JPEG/review-attachment-5556215d-7f39-4994-b933-a57ce876e651.jpeg?type=f300_300,glor****,19.09.22.
58,5,"가격 대비 만족
 합니다",https://phinf.pstatic.net/checkout.phinf/20210328_213/1616917248379WGf6I_JPEG/review-attachment-e67750eb-0f79-4fdc-80c5-da6556e56e68.jpeg?type=f300_300,tpdn****,19.10.18.
59,5,"일단 매우 예쁩니다
설치도 쉬운편이었고(아빠찬스)
화이트 너무 예뻐요
철제라서 흔들거릴까봐 걱정했는데
나사만 꽉 조이면 튼튼해요 꽤 ㅋ",https://phinf.pstatic.net/checkout.phinf/20210327_89/1616811986472Qd3M2_JPEG/review-attachment-958007b3-d281-4d72-849b-038d15241e08.jpeg?type=f300_300,0121****,19.09.12.
60,5,"가격대비 만족합니다. 
조립도 쉬운편이구요.",https://phinf.pstatic.net/image.nmv/shopnbuyer_2021_03_18_0/f50e1490-8786-11eb-8379-a0369ff968b0_03.jpg?type=ffn300_300,jinl****,19.10.04.
61,4,볼수록 예쁘고 튼튼합니다..,https://phinf.pstatic.net/checkout.phinf/20210319_127/1616082656061z2b4a_JPEG/review-attachment-91c42776-47b4-4418-a2fa-5df698fa7f7d.jpeg?type=f300_300,unat****,19.10.13.
62,5,"배송과정이 좀 아쉬웠지만 조립 간단하고
깔끔하고 탄탄해서 만족합니다~",https://phinf.pstatic.net/checkout.phinf/20210320_176/16162120200768ETu1_JPEG/review-attachment-38c9ab3a-b47a-460a-85e9-62063a5f1014.jpeg?type=f300_300,koil****,19.08.29.
63,5,"저희침대 옆에 아기침대로

붙였어요 저렴해서 좋았어요",https://phinf.pstatic.net/checkout.phinf/20210308_119/1615210890678mSYoz_JPEG/review-attachment-a0c913aa-bdd5-4704-979e-249a57d5220b.jpeg?type=f300_300,dr_d****,19.08.27.
64,5,"조립이  간편해요
모양도 심플하고  마음에 들어요",https://phinf.pstatic.net/checkout.phinf/20210310_60/16153745594077WgYV_JPEG/review-attachment-4d080459-586f-4cf7-bbe4-f535cb9bba5f.jpeg?type=f300_300,yell****,19.08.24.
65,5,아이가머ㅜ좋아해요 유격이 안맙긴해도 어찌어찌해서 힘으로했어요,https://phinf.pstatic.net/image.nmv/shopnbuyer_2021_02_08_0/96e26fb1-69ae-11eb-8a7c-505dac8c3607_03.jpg?type=ffn300_300,soso****,19.09.10.
66,4,배송도빠르고 이쁘네요,https://phinf.pstatic.net/checkout.phinf/20210325_220/16166257479352Juln_JPEG/review-attachment-c22096ea-e33f-4a2f-90b0-e4247159e593.jpeg?type=f300_300,dark****,19.08.15.
67,4,혼자사는 여자여도 충분히 금방 조립할 수 있을 정도로 간단합니다. 크기가 커서 애먹은거 말고는 금방 해서 설치했네요.,https://phinf.pstatic.net/checkout.phinf/20210327_92/1616803493042Fjhti_JPEG/review-attachment-e85d7ba4-0757-4a3a-8472-5cad0f651168.jpeg?type=f300_300,tlag****,19.08.14.
68,5,견고하고 예뻐요. 배송이 빠릅니다.~,https://phinf.pstatic.net/checkout.phinf/20210107_104/1610015800326SV0DV_JPEG/review-attachment-0641e67a-a200-444b-b05c-4abb1fbe33ab.jpeg?type=f300_300,unat****,19.08.27.
69,5,프레임깔끔하고 배송약속 친절히 잡아주셔서 배송받고 당일 조립했네요^^아이가 너무 좋아하고 큰애도 사달라고해서 조만간한개더 추가할듯 하네요,https://phinf.pstatic.net/checkout.phinf/20210320_196/1616206336693TnGGb_JPEG/review-attachment-6f96c771-e825-4084-a3c7-b68ac03f2da7.jpeg?type=f300_300,appl****,19.07.07.
70,4,조립도 편하구 너무이쁩니다,https://phinf.pstatic.net/checkout.phinf/20210221_195/1613906687119H30Rs_JPEG/review-attachment-88d851ad-289c-44ae-9713-647970bd446f.jpeg?type=f300_300,sinj****,19.07.02.
71,4,창살처럼 되어있어서 내구성에 약간 불안감이 드네요.,https://phinf.pstatic.net/checkout.phinf/20210326_233/1616733550718xm6ES_JPEG/review-attachment-82ce0c68-4eea-44ca-8516-25b8964bed1e.jpeg?type=f300_300,chem****,19.07.12.
72,5,가격대비 괜찮은 제품인거같음,https://phinf.pstatic.net/checkout.phinf/20210302_38/1614669677617STteg_JPEG/review-attachment-fe7d1778-e849-43bf-9c69-25c387d92967.jpeg?type=f300_300,thep****,19.07.10.
73,5,"기존침대에 붙여서 사용합니다 
애랑 같이 잘려구요 ^^ 배송도 빠르고 좋네요",https://phinf.pstatic.net/checkout.phinf/20210324_14/1616592268376oVcrO_JPEG/review-attachment-6944ab6a-f4c1-4229-913f-2d91456cb49f.jpeg?type=f300_300,kiki****,19.06.08.
74,5,"일단 아기때문에 구매하시는분들은 비추입니다아...
워낙 평이 좋아서 구매했는데 생각보다...그닥..
일단 조립 좋아하고 경험많은 여자혼자 만드는데 정리하는것까지 30분도 안걸렸어요 
집에남는박스로 반대편 높이맞추면서하면 됩니다~
근데 제가 큰가구 조립 진짜많이해봤는데 이렇게 유격이 심한건처음봐요
불량인가해서 자로 길이도재보고 풀었다가 다시해보기도했는데 이유를 모르겠네요 더이상 나사가 안조여져요
아 그래도 흔들림이나 삐걱거림은 없어요! 다행
빈공간은 천끈같은걸로 말아서 매꿔야할거같아요 
그리고 위에 라텍스깔생각으로 매트리스 저렴한거사긴했는데 냄새 머리아프고 비닐 군데군데 뜯어져있더니 역시나 오염도 심해요; 한두군데도아니고 여기저기...ㅠㅠ 세탁도 못하는데 지저분하게 주시면 어쩌라는건지...
오래쓸거아니라 싼거사긴했지만 오랜만에 인터넷 쇼핑 실패한기분드네요ㅠㅠ",https://phinf.pstatic.net/image.nmv/shopnbuyer_2021_03_06_0/25e12ea8-7e50-11eb-a12c-a0369ff963bc_03.jpg?type=ffn300_300,ohse****,19.03.20.
75,3,침대 실제로 보니 더 좋네용~,https://phinf.pstatic.net/checkout.phinf/20210320_105/1616223781647oNk9X_JPEG/review-attachment-8c22d43d-4e43-4bfc-828c-acfb5e3189e2.jpeg?type=f300_300,rkrr****,19.06.21.
76,4,"흰색이고 조립도 생각보다 간단하네요~~
예뻐요 잘쓰겠습니다~!",https://phinf.pstatic.net/checkout.phinf/20210321_1/1616337351998rIa4D_JPEG/review-attachment-44706da5-1e53-42f3-ac4e-b7c0cdb6e05f.jpeg?type=f300_300,worh****,19.06.01.
77,5,"사진보다 이쁩니다
아주 튼튼해보이지는 않지만
튼튼한침대를 원했으면 원목침대를 샀겠죠?
조립도 쉽고
개인적으로 마음에 듭니다.",https://phinf.pstatic.net/checkout.phinf/20210316_94/1615821425969YKvG1_JPEG/review-attachment-5556215d-7f39-4994-b933-a57ce876e651.jpeg?type=f300_300,dooh****,19.05.16.
78,3,샌각보다 좋아요 잘쓰겟음,https://phinf.pstatic.net/checkout.phinf/20210328_213/1616917248379WGf6I_JPEG/review-attachment-e67750eb-0f79-4fdc-80c5-da6556e56e68.jpeg?type=f300_300,youp****,19.05.30.
79,5,일단 예쁘네요. 아이방에 넣을건데 잘 선택한것 같아요,https://phinf.pstatic.net/checkout.phinf/20210327_89/1616811986472Qd3M2_JPEG/review-attachment-958007b3-d281-4d72-849b-038d15241e08.jpeg?type=f300_300,jama****,19.05.10.
80,5,배송도 빨리 잘 해주셔서 잘 사용중입니다:),https://phinf.pstatic.net/image.nmv/shopnbuyer_2021_03_18_0/f50e1490-8786-11eb-8379-a0369ff968b0_03.jpg?type=ffn300_300,puha****,19.05.10.
81,4,총알배송 감사해요.기사님도 친절하시고 만족합니다,https://phinf.pstatic.net/checkout.phinf/20210319_127/1616082656061z2b4a_JPEG/review-attachment-91c42776-47b4-4418-a2fa-5df698fa7f7d.jpeg?type=f300_300,sul6****,19.04.26.
82,5,"마음에 드네요, 배송지 변경이 한번 있었는데 
정말 친절하게 잘 해주셔서 대만족입니당.",https://phinf.pstatic.net/checkout.phinf/20210320_176/16162120200768ETu1_JPEG/review-attachment-38c9ab3a-b47a-460a-85e9-62063a5f1014.jpeg?type=f300_300,good****,19.03.30.
83,5,매트리스도 좋고 하얀색 샀는데 실물 예쁨,https://phinf.pstatic.net/checkout.phinf/20210308_119/1615210890678mSYoz_JPEG/review-attachment-a0c913aa-bdd5-4704-979e-249a57d5220b.jpeg?type=f300_300,dolo****,19.01.30.
84,4,"매트리스가 들어가는 하단의 철살들도 다 조립해야 되는줄 알았는데.
미리 용접된 3개의 옆면과 하단 1개로 구성되어 있어 조립하는데 수월했습니다.",https://phinf.pstatic.net/checkout.phinf/20210310_60/16153745594077WgYV_JPEG/review-attachment-4d080459-586f-4cf7-bbe4-f535cb9bba5f.jpeg?type=f300_300,gook****,19.01.25.
85,4,ㅣ ㅜ ㅜ ㅏ. ㄹ ㄷ ㅈ ㅇ ㅎ ㅑ ㅣ ㅜ ㅠ. ㅊ ㅇ. ㄷ ㅐ ㅡ ㅡ ㅜㅇ ㄸ. ㅑ ㅣ. ㅇ ㅅ  ㅣ ㅓ ㅜ,https://phinf.pstatic.net/image.nmv/shopnbuyer_2021_02_08_0/96e26fb1-69ae-11eb-8a7c-505dac8c3607_03.jpg?type=ffn300_300,nope****,18.10.27.
86,4, ㅐ ㅏ ㅜ ㅎ ㅅ ㅐ,https://phinf.pstatic.net/checkout.phinf/20210325_220/16166257479352Juln_JPEG/review-attachment-c22096ea-e33f-4a2f-90b0-e4247159e593.jpeg?type=f300_300,nope****,18.10.27.
87,4,조아요 튼튼해요,https://phinf.pstatic.net/checkout.phinf/20210327_92/1616803493042Fjhti_JPEG/review-attachment-e85d7ba4-0757-4a3a-8472-5cad0f651168.jpeg?type=f300_300,thdn****,18.09.15.
88,5,"완전 조립 제품인줄 알았는데 부분 조립 제품이네요. 
그 큰덩치의 택배에 놀랐습니다. 좁디좁인 현관 입구에 들어온다고 애 먹었어요. 

그래도 제품은 마음에 드네요. ",https://phinf.pstatic.net/checkout.phinf/20210107_104/1610015800326SV0DV_JPEG/review-attachment-0641e67a-a200-444b-b05c-4abb1fbe33ab.jpeg?type=f300_300,patl****,18.07.22.
89,4,아이 침대  잘 쓰고있어요~^^,https://phinf.pstatic.net/checkout.phinf/20210320_196/1616206336693TnGGb_JPEG/review-attachment-6f96c771-e825-4084-a3c7-b68ac03f2da7.jpeg?type=f300_300,hway****,18.07.24.
90,3,물건을 좀견고하게만들면 좋겠다 땜질을 대강찔끔 찔끔 오래쓰려면 조심히써야 하는거 아닌가 참,https://phinf.pstatic.net/checkout.phinf/20210221_195/1613906687119H30Rs_JPEG/review-attachment-88d851ad-289c-44ae-9713-647970bd446f.jpeg?type=f300_300,dbwl****,18.06.14.
91,5,튼튼해요 벙커침대쓰다 침대매트리스만 있는걸 이번에 데이베드구매해서 올려서 썼더니 너무편해요 쇼파로도활용굿,https://phinf.pstatic.net/checkout.phinf/20210326_233/1616733550718xm6ES_JPEG/review-attachment-82ce0c68-4eea-44ca-8516-25b8964bed1e.jpeg?type=f300_300,wjdg****,18.05.31.
92,5,배송빨라요,https://phinf.pstatic.net/checkout.phinf/20210302_38/1614669677617STteg_JPEG/review-attachment-fe7d1778-e849-43bf-9c69-25c387d92967.jpeg?type=f300_300,wjdg****,18.05.31.
93,5,좋아요 아이 침대로 샀는데 방에 잘어울리네요 조립도 어렵지않고 적당하네요 아이도 좋아하네요 가구는 마켓비가 가성비짱이네요,https://phinf.pstatic.net/checkout.phinf/20210324_14/1616592268376oVcrO_JPEG/review-attachment-6944ab6a-f4c1-4229-913f-2d91456cb49f.jpeg?type=f300_300,kea7****,18.04.17.
94,3,혼자 조립하느라 죽는 줄 알았습니다...,https://phinf.pstatic.net/image.nmv/shopnbuyer_2021_03_06_0/25e12ea8-7e50-11eb-a12c-a0369ff963bc_03.jpg?type=ffn300_300,sowo****,18.04.14.
95,5,좋아요 잘산거같아요,https://phinf.pstatic.net/checkout.phinf/20210320_105/1616223781647oNk9X_JPEG/review-attachment-8c22d43d-4e43-4bfc-828c-acfb5e3189e2.jpeg?type=f300_300,kea7****,18.04.17.
96,5,ㄴㅂㄴㅂ ㆍㅂㄴㄷㅂㄷㆍㅂㄷㄴㅂㄷㅂㄷㄴㅂㅈㄴㅅㅈㄴㅂ딥디빋ㅂㄷㄴㅂㄴㅈㅂㅈㄴㅂ닙ㄷㄱㄷㆍㅂㄷㄴㅂㄴㄷㅂㄴㅂㄴㅂㄴ,https://phinf.pstatic.net/checkout.phinf/20210321_1/1616337351998rIa4D_JPEG/review-attachment-44706da5-1e53-42f3-ac4e-b7c0cdb6e05f.jpeg?type=f300_300,yama****,18.05.12.
97,5,예뻐요 예쁘고 생각보다 튼튼해요!! 가족들도 예쁘고 싸고좋다고 만족중! 여자혼자 조립하느라 약간힘들긴했지만 혼자도 가능해요 ㅎㅎ,https://phinf.pstatic.net/checkout.phinf/20210316_94/1615821425969YKvG1_JPEG/review-attachment-5556215d-7f39-4994-b933-a57ce876e651.jpeg?type=f300_300,sunn****,18.03.20.
98,3,완전만족입니다,https://phinf.pstatic.net/checkout.phinf/20210328_213/1616917248379WGf6I_JPEG/review-attachment-e67750eb-0f79-4fdc-80c5-da6556e56e68.jpeg?type=f300_300,sunn****,18.03.20.
99,5,이뻐여 ㅎㅎ,https://phinf.pstatic.net/checkout.phinf/20210327_89/1616811986472Qd3M2_JPEG/review-attachment-958007b3-d281-4d72-849b-038d15241e08.jpeg?type=f300_300,yama****,18.03.15.
