﻿,star,review,reviewImage,customerId,reviewDate
0,4,배송 제외하고 다 마음에 들어요!,https://phinf.pstatic.net/image.nmv/shopnbuyer_2021_03_18_0/f50e1490-8786-11eb-8379-a0369ff968b0_03.jpg?type=ffn300_300,naya****,20.08.23.
1,4,지방 배송기간 빼고는 만족합니다. 지방배송건 개선되야 할 것 같아요.ㅠ 인내심이 많이 필요해요.,https://phinf.pstatic.net/checkout.phinf/20210319_127/1616082656061z2b4a_JPEG/review-attachment-91c42776-47b4-4418-a2fa-5df698fa7f7d.jpeg?type=f300_300,ghdd****,20.01.11.
2,5,"비슷한 스타일의 프레임중에 가장 저렴하고 가성비가 좋아보여 구매하고 보름정도 지났는데 우선 프레임 자체는 디자인과 만듬새, 재질도 좋습니다. 고가의 비슷한 헤드보다 한끝이 아쉽지만 가격이 다 용서해줌.
오히려 이 가격에 이정도 원목과 만듬새에 감사할정도.

단, 매트를 놓는 하판이 좀 부실합니다.
갈빗살같은 스타일이 아니라 걍 판에 맡바닥은 중간부위는 내려앉지 말라고 중간중간 각목 3개 붙여놨는데 참 부실합니다. 높이 맞추기도 어렵고 이점은 좀 개선되었으면 합니다.

단점은 아니고 참고로 근래 유행하는 언더베드 박스같은 얇은 정리함류 젤 슬림한것도 안들어갑니다.
전 다리마다 일센치 발판끼워 올리고 넣어놨는데 이럼 하판 중간 받침대들  조절하기가 어렵고. 요즘 많이들 이용하는 수납이니 개선되었음 하는 바램이네요.

하판때문에 일점깍은 별넷 충분히 합니다.",https://phinf.pstatic.net/checkout.phinf/20210320_176/16162120200768ETu1_JPEG/review-attachment-38c9ab3a-b47a-460a-85e9-62063a5f1014.jpeg?type=f300_300,digi****,19.11.03.
3,5,배송이 느림..ㅡㅡ,https://phinf.pstatic.net/checkout.phinf/20210308_119/1615210890678mSYoz_JPEG/review-attachment-a0c913aa-bdd5-4704-979e-249a57d5220b.jpeg?type=f300_300,ssuk****,20.01.01.
4,4,침대 색상과 크기 모두 마음에 듭니다. 좀 붉은 빛이 나긴 하지만 촌스럽지 않고 고급스러워요. 이 가격으로 버이지 않습니다.,https://phinf.pstatic.net/checkout.phinf/20210310_60/16153745594077WgYV_JPEG/review-attachment-4d080459-586f-4cf7-bbe4-f535cb9bba5f.jpeg?type=f300_300,hira****,19.10.19.
5,4,사진과 같아요~ 디자인도 색깔도 마음에 듭니다 ^^,https://phinf.pstatic.net/image.nmv/shopnbuyer_2021_02_08_0/96e26fb1-69ae-11eb-8a7c-505dac8c3607_03.jpg?type=ffn300_300,haes****,19.10.25.
6,4,처음엔 냄새가 좀 나는데 삼일정도면 다 빠지는거같아요. 삐걱거리는 소리 난다고해서 걱정했는데 다행히 전 삐걱거리지 않네요. 색도 이쁘고 튼튼하고 매우 만족합니다!!,https://phinf.pstatic.net/checkout.phinf/20210325_220/16166257479352Juln_JPEG/review-attachment-c22096ea-e33f-4a2f-90b0-e4247159e593.jpeg?type=f300_300,barf****,19.09.29.
7,5,"저렴한 가격에 걱정했지만 견고하고 튼튼하네요
잘쓰겠습니다ㅎ",https://phinf.pstatic.net/checkout.phinf/20210327_92/1616803493042Fjhti_JPEG/review-attachment-e85d7ba4-0757-4a3a-8472-5cad0f651168.jpeg?type=f300_300,rosa****,19.09.25.
8,5,"가격 대비 좋은 제품인것은 틀림 없습니다
누워보니 소리도 안나고 튼튼하네요
색상도 자연스러운게 맘에 듭니다
무엇보다도 배송 및 설치해주신 기사님의 친절에 감동 입니다",https://phinf.pstatic.net/checkout.phinf/20210107_104/1610015800326SV0DV_JPEG/review-attachment-0641e67a-a200-444b-b05c-4abb1fbe33ab.jpeg?type=f300_300,sana****,19.09.16.
9,5,"원목 색상도 좋고 디자인도 심플하고 이쁘요
매우 만족합니다^^",https://phinf.pstatic.net/checkout.phinf/20210320_196/1616206336693TnGGb_JPEG/review-attachment-6f96c771-e825-4084-a3c7-b68ac03f2da7.jpeg?type=f300_300,yskm****,19.09.17.
10,5,이사날 맞춰 딱 배송 해주시고 디자인 너무 이뻐요~~~ 삐걱 소리도 안나고 튼튼한거 같애요,https://phinf.pstatic.net/checkout.phinf/20210221_195/1613906687119H30Rs_JPEG/review-attachment-88d851ad-289c-44ae-9713-647970bd446f.jpeg?type=f300_300,ypd0****,19.08.17.
11,5,냄새가 빠질는데 시간이 좀걸려요 나머지는 만족,https://phinf.pstatic.net/checkout.phinf/20210326_233/1616733550718xm6ES_JPEG/review-attachment-82ce0c68-4eea-44ca-8516-25b8964bed1e.jpeg?type=f300_300,giuk****,19.08.21.
12,5,"프레임 너무 탄탄하고 안정감 있어요.
설치기사님도 너무 친절하셨구요.",https://phinf.pstatic.net/checkout.phinf/20210302_38/1614669677617STteg_JPEG/review-attachment-fe7d1778-e849-43bf-9c69-25c387d92967.jpeg?type=f300_300,sixz****,19.08.21.
13,5,갈수록 삐걱거리네요  중간에 있는 다리는 높이가 낮아서  별로 의미가 없구요 소리가 신경쓰여요,https://phinf.pstatic.net/checkout.phinf/20210324_14/1616592268376oVcrO_JPEG/review-attachment-6944ab6a-f4c1-4229-913f-2d91456cb49f.jpeg?type=f300_300,firs****,19.07.03.
14,5,"맘에드네요
다만 생각보다
기존침대보더 높이가 낮네요
소파높이수준",https://phinf.pstatic.net/image.nmv/shopnbuyer_2021_03_06_0/25e12ea8-7e50-11eb-a12c-a0369ff963bc_03.jpg?type=ffn300_300,pysp****,19.06.25.
15,4,원래 침대 아래에 가운데부분 다리가 뜨는 건가요? 침대위에 무게가 가해지면 다리가 바닥에닿으면서 쿵소리나요 별로....아랫집 들어오면 항의들어올듯,https://phinf.pstatic.net/checkout.phinf/20210320_105/1616223781647oNk9X_JPEG/review-attachment-8c22d43d-4e43-4bfc-828c-acfb5e3189e2.jpeg?type=f300_300,dldb****,19.07.02.
16,5,"사진과 같습니다
기사님이 너무 친절하십니다
잘 사용하고 있습니다",https://phinf.pstatic.net/checkout.phinf/20210321_1/1616337351998rIa4D_JPEG/review-attachment-44706da5-1e53-42f3-ac4e-b7c0cdb6e05f.jpeg?type=f300_300,vico****,19.06.24.
17,3,"배송도 생각보다 빨랐고 상품도 이뻐요
약간 흔들림이있는데 원목제품이구 가격대비 나쁘지않네요
냄세는 며칠환기 시켰는데 아직 조금 남아있네요~",https://phinf.pstatic.net/checkout.phinf/20210316_94/1615821425969YKvG1_JPEG/review-attachment-5556215d-7f39-4994-b933-a57ce876e651.jpeg?type=f300_300,ssco****,19.05.18.
18,4,약간 바닥이 균형이 안맞아서 소리가 나길래종이 끼웠더니 좀 낫네요 나사도 다 안조여서 흔들려서 다시 조였어요,https://phinf.pstatic.net/checkout.phinf/20210328_213/1616917248379WGf6I_JPEG/review-attachment-e67750eb-0f79-4fdc-80c5-da6556e56e68.jpeg?type=f300_300,firs****,19.05.15.
19,2,"상품 설명과 동일해요, 다만 침대에서 냄새가 심한게 흠이네요. 지금 3일 내내 방에 환기 시켜놔도 안좋은 냄새가 빠지질 않네요. 3일 동안 침대냄새로 이용을 못 하고 있네요. 냄새 없애는거 사용해도 잡아주질 못 하는데,, 사용자가 바로 실사용할 수 있게 냄새까지 잡아주셨으면 하는 점이 아쉽네요.",https://phinf.pstatic.net/checkout.phinf/20210327_89/1616811986472Qd3M2_JPEG/review-attachment-958007b3-d281-4d72-849b-038d15241e08.jpeg?type=f300_300,goof****,19.05.13.
20,4,"희망배송일에 잘받았습니다
침대가 사진처럼 이쁘네요
잘 산것 같습니다
기사님도 무지 친절하시고 튼튼하게 잘 설치해 주셨습니다
감사합니다",https://phinf.pstatic.net/image.nmv/shopnbuyer_2021_03_18_0/f50e1490-8786-11eb-8379-a0369ff968b0_03.jpg?type=ffn300_300,vico****,19.05.20.
21,4,생각보다너무이쁘고 만족해요!!!,https://phinf.pstatic.net/checkout.phinf/20210319_127/1616082656061z2b4a_JPEG/review-attachment-91c42776-47b4-4418-a2fa-5df698fa7f7d.jpeg?type=f300_300,dldb****,19.05.08.
22,5,"디자인이나 나무의 견고함운 좋으나 
본드냄새 같은게 너무 심합니다 
몇일동안 창문 열어놓고 환기를 시켰어요",https://phinf.pstatic.net/checkout.phinf/20210320_176/16162120200768ETu1_JPEG/review-attachment-38c9ab3a-b47a-460a-85e9-62063a5f1014.jpeg?type=f300_300,iams****,19.04.21.
23,5,배송도 엄청 빠르고 제품도 최고에요 꼭 사세요 !!!,https://phinf.pstatic.net/checkout.phinf/20210308_119/1615210890678mSYoz_JPEG/review-attachment-a0c913aa-bdd5-4704-979e-249a57d5220b.jpeg?type=f300_300,ryu7****,19.04.16.
24,5,"가격대비 퀄리티 좋아요
약간의 파임이 있지만 이해합니다",https://phinf.pstatic.net/checkout.phinf/20210310_60/16153745594077WgYV_JPEG/review-attachment-4d080459-586f-4cf7-bbe4-f535cb9bba5f.jpeg?type=f300_300,dark****,19.05.07.
25,5,이 가격에 구입하게 되어 너무 좋아요 앤틱 좋으네요,https://phinf.pstatic.net/image.nmv/shopnbuyer_2021_02_08_0/96e26fb1-69ae-11eb-8a7c-505dac8c3607_03.jpg?type=ffn300_300,soo9****,19.01.21.
26,4,"어두운 침대프레임 찾고있었는데
딱이에요~맘에들어요!",https://phinf.pstatic.net/checkout.phinf/20210325_220/16166257479352Juln_JPEG/review-attachment-c22096ea-e33f-4a2f-90b0-e4247159e593.jpeg?type=f300_300,ohay****,18.11.26.
27,5,"진짜고급져요 인스타에나오는 그런 이쁜침대같아요
두개 같이샀는데 진짜 감탄나올정도로 이쁩니다 꼭사세요 두번사세요",https://phinf.pstatic.net/checkout.phinf/20210327_92/1616803493042Fjhti_JPEG/review-attachment-e85d7ba4-0757-4a3a-8472-5cad0f651168.jpeg?type=f300_300,kim6****,18.09.12.
28,5,"제품도 별로,  배송도 별로,  상담사도 별로 제품도 ,  배송도,  상담사도 모두 별로입니다.판매글을 보면 2-3주 소요된다고 하였으나.구매평에 배송이 일주일도 걸리지 않는다 해서구매를 하였는데..여름 휴가가 있다 해도 한달이 되어 가기에 문의 하였더니주문후 2-3주 걸리고 휴가철이라 기다리라는 성의 없는 문자 한줄공장에서는 배송 한다고 전화가 왔는데판매처는 배송이되었는지도 모르고공장 배송자에게 물어보니 판매처가 홈쇼핑 판매처라 부실 하다네요제품도 홈쇼핑용으로 제작되어서 제품이 조금 부실 하다네요.메이커 제품 이 가격보다 2만원 저렴에 배송비 없어요후회 하고 있습니다.",https://phinf.pstatic.net/checkout.phinf/20210107_104/1610015800326SV0DV_JPEG/review-attachment-0641e67a-a200-444b-b05c-4abb1fbe33ab.jpeg?type=f300_300,kjun****,18.08.26.
29,5,조아요정말,https://phinf.pstatic.net/checkout.phinf/20210320_196/1616206336693TnGGb_JPEG/review-attachment-6f96c771-e825-4084-a3c7-b68ac03f2da7.jpeg?type=f300_300,kim6****,18.09.12.
30,5,예뻐요 무더운 날씨에 배송기사님이 땀을 흠뻑 흘리며 설치해주셨는데 마음이 짠하더라구요.배송기사님도 친철하시고 무엇보다 침대가 맘에 쏙 드네요.싱글침대서 자던 아들녀석 퀸에서 대자로 뻗어 편하게 자네요~,https://phinf.pstatic.net/checkout.phinf/20210221_195/1613906687119H30Rs_JPEG/review-attachment-88d851ad-289c-44ae-9713-647970bd446f.jpeg?type=f300_300,reds****,18.08.07.
31,5,"배송번개에요~~^^ 7월 1일날 주문하고 4일날 받았어요~~^^
고민했는데 너무 튼튼해서 좋아요.
색상도 고급지고 이런스타일 찾다 보게되서 구매했는데 대만족입니다^^♡",https://phinf.pstatic.net/checkout.phinf/20210326_233/1616733550718xm6ES_JPEG/review-attachment-82ce0c68-4eea-44ca-8516-25b8964bed1e.jpeg?type=f300_300,hari****,18.07.09.
32,2,배송 완전 꼼꼼!! 빠르기도 빠릅니다 이런식으로 완전 꼼꼼하게 포장되어서 옵니다 ㅎㅎ 협탁이랑 같이 샀는데 배송도 빠르고 기사님도 친절하시고.. 원래 조립 해주시는데 벽지 바르고 해야할거 같아서 그냥 제가 한다고 했어요!! 침대 진짜 이쁩니다 :),https://phinf.pstatic.net/checkout.phinf/20210302_38/1614669677617STteg_JPEG/review-attachment-fe7d1778-e849-43bf-9c69-25c387d92967.jpeg?type=f300_300,sksm****,18.07.01.
33,5,배송 엄청 느림,https://phinf.pstatic.net/checkout.phinf/20210324_14/1616592268376oVcrO_JPEG/review-attachment-6944ab6a-f4c1-4229-913f-2d91456cb49f.jpeg?type=f300_300,kjun****,18.08.26.
34,4,잘쓰겠습니다,https://phinf.pstatic.net/image.nmv/shopnbuyer_2021_03_06_0/25e12ea8-7e50-11eb-a12c-a0369ff963bc_03.jpg?type=ffn300_300,reds****,18.08.07.
35,5,잘받았습니다. 배송기사님도 친절하셨구요 무엇보다 제품이너무 맘에들어요 생각보다도 튼튼하고 가격보다훨씬고급져보여요!!,https://phinf.pstatic.net/checkout.phinf/20210320_105/1616223781647oNk9X_JPEG/review-attachment-8c22d43d-4e43-4bfc-828c-acfb5e3189e2.jpeg?type=f300_300,as33****,18.07.10.
36,5,"결론적으로 완전만족,,,!!! 결론부터 말하자면 너무너무만족해요!!
색상도 딱 제가 생각했던 색이구 튼튼하네요!
아직 쓴지 1달정도 밖에 안되서 나중에 어떻게 될진모르겠지만 튼튼한거 같아서 오래쓸거같아요! 
이사하면서 제 방에 두려고 샀는데 너무괜찮네요 전 대학생 남자구요. 심플한거 좋아하구 이케아같은거 사실분들은 이거 완전 추천드려요!! 색상도 너무 어둡지도않고 좋아요! 아 그리고 배송진짜 엄청빨리왔어요,,!!!3-4주걸린다고했는데 1-2주만에 왔어요!조립도 다 해주시고 친절하시네요ㅎㅎ많이파세요!!",https://phinf.pstatic.net/checkout.phinf/20210321_1/1616337351998rIa4D_JPEG/review-attachment-44706da5-1e53-42f3-ac4e-b7c0cdb6e05f.jpeg?type=f300_300,ym96****,18.05.26.
37,2,가격대비 괜찮습니다. 색상은 맘에들고  냄새도 별로 안나서 만족하며 사용중입니다.다만 저희가 받은 침대는 찍힌곳이 꽤 있습니다. 가격대비 괜찮습니다.,https://phinf.pstatic.net/checkout.phinf/20210316_94/1615821425969YKvG1_JPEG/review-attachment-5556215d-7f39-4994-b933-a57ce876e651.jpeg?type=f300_300,quee****,18.06.08.
38,5,에그스타 청풍명월 슈퍼싱글 퀸 원목 침대 에그스타청풍명월 슈퍼싱글퀸 원목침대 짱입니다.배송도 빠르고 기사님 친절하시고 설치후 뒷정리도 다 해주시고무엇보다 잠자리가 편하고 침대가 맘에 듭니다.대박 나세요~,https://phinf.pstatic.net/checkout.phinf/20210328_213/1616917248379WGf6I_JPEG/review-attachment-e67750eb-0f79-4fdc-80c5-da6556e56e68.jpeg?type=f300_300,myji****,18.06.22.
39,5,너무 좋았는데... 진짜 너무너무 잘샀고 색도 너무너무 맘에 드는데... 집안 인테리어 공사때문에 바로 설치가 힘들어서 주변 정리하게 10분만 기다려 달라했는데... 기사님이 그걸 못 기다리시구 그냥 가셔서 조립하는데 (어렵진 않았지만..) 좀 힘들었아요...ㅜㅠ 그거빼곤 너무 맘에 드네요,https://phinf.pstatic.net/checkout.phinf/20210327_89/1616811986472Qd3M2_JPEG/review-attachment-958007b3-d281-4d72-849b-038d15241e08.jpeg?type=f300_300,swhs****,18.05.24.
40,4,이뻐요 협탁이랑 샀는데 예뻐요 이런 진한색 가구가 사고싶었는데 시중에는 다 밝은색이라 찾느라 고생했는데 보람있어요 침대높이가 조금 낮은 편인데 저는 낮은게 좋아서 만족해요 책상이랑 세트로 맞추니까 방분위기가 많이 달라졌어요 가격에 비해 품질이 정말 좋아요,https://phinf.pstatic.net/image.nmv/shopnbuyer_2021_03_18_0/f50e1490-8786-11eb-8379-a0369ff968b0_03.jpg?type=ffn300_300,mych****,18.05.20.
41,4,감사합니다 ㅎㅎ 침대 이뻐요,https://phinf.pstatic.net/checkout.phinf/20210319_127/1616082656061z2b4a_JPEG/review-attachment-91c42776-47b4-4418-a2fa-5df698fa7f7d.jpeg?type=f300_300,sksm****,18.07.01.
42,5,잘받았습니다,https://phinf.pstatic.net/checkout.phinf/20210320_176/16162120200768ETu1_JPEG/review-attachment-38c9ab3a-b47a-460a-85e9-62063a5f1014.jpeg?type=f300_300,as33****,18.07.10.
43,5,추천해요 사진과 같아요 냄새도 많이 안 나고 설치도 빠르게 해주셨어요. 색깔도 괜찮구요. 튼튼해보여요,https://phinf.pstatic.net/checkout.phinf/20210308_119/1615210890678mSYoz_JPEG/review-attachment-a0c913aa-bdd5-4704-979e-249a57d5220b.jpeg?type=f300_300,miso****,18.06.17.
44,5,배송부분에서 매끄럽지 않게 진행되었습니다.주문당시 네이버 안내에서는 3~4일 후에 배송해주다고 나와있고판매처에서는 별도로 2~3주 걸린다는 안내를 했다고 설명하셨는데좀 미흡했네요,https://phinf.pstatic.net/checkout.phinf/20210310_60/16153745594077WgYV_JPEG/review-attachment-4d080459-586f-4cf7-bbe4-f535cb9bba5f.jpeg?type=f300_300,0910****,18.06.12.
45,5,좋습니다 아주^^♡,https://phinf.pstatic.net/image.nmv/shopnbuyer_2021_02_08_0/96e26fb1-69ae-11eb-8a7c-505dac8c3607_03.jpg?type=ffn300_300,hari****,18.07.09.
46,5,"색이 예뻐요 원하던 색상이라 맘에 들어요
식탁이랑 같이 샀는데 통일성 있어서 집이 넓고 안정감있어보여요 적극 추천합니다",https://phinf.pstatic.net/checkout.phinf/20210325_220/16166257479352Juln_JPEG/review-attachment-c22096ea-e33f-4a2f-90b0-e4247159e593.jpeg?type=f300_300,3579****,18.05.25.
47,5,"결론부터 말하자면 너무너무 맘에들어요!!
색상도 딱 생각하던 색이구요! 사진이랑똑같아요!가격대비짱.. 삐그덕거리는소리도 조금있었는데 조정해주니깐 안나요ㅋㅋ튼튼한거같고 좋네요!!",https://phinf.pstatic.net/checkout.phinf/20210327_92/1616803493042Fjhti_JPEG/review-attachment-e85d7ba4-0757-4a3a-8472-5cad0f651168.jpeg?type=f300_300,ym96****,18.05.26.
48,3,굳굳 두ㅜ두구,https://phinf.pstatic.net/checkout.phinf/20210107_104/1610015800326SV0DV_JPEG/review-attachment-0641e67a-a200-444b-b05c-4abb1fbe33ab.jpeg?type=f300_300,jun9****,18.06.22.
49,5,배송이좀늦지만좋아요,https://phinf.pstatic.net/checkout.phinf/20210320_196/1616206336693TnGGb_JPEG/review-attachment-6f96c771-e825-4084-a3c7-b68ac03f2da7.jpeg?type=f300_300,roll****,18.06.16.
50,5,사진과 같아요 ,https://phinf.pstatic.net/checkout.phinf/20210221_195/1613906687119H30Rs_JPEG/review-attachment-88d851ad-289c-44ae-9713-647970bd446f.jpeg?type=f300_300,miso****,18.06.17.
51,5,"튼튼하고 좋아요! 사진과 같은 색상이고 엔틱하게 예쁜 침대입니다.
배송기사님도 친절하셨고, 침대도 튼튼하고 좋았습니다!",https://phinf.pstatic.net/checkout.phinf/20210326_233/1616733550718xm6ES_JPEG/review-attachment-82ce0c68-4eea-44ca-8516-25b8964bed1e.jpeg?type=f300_300,kyyo****,18.04.30.
52,5,가격대비 만족합니다.,https://phinf.pstatic.net/checkout.phinf/20210302_38/1614669677617STteg_JPEG/review-attachment-fe7d1778-e849-43bf-9c69-25c387d92967.jpeg?type=f300_300,quee****,18.06.08.
53,5,좋아요 추천합니다,https://phinf.pstatic.net/checkout.phinf/20210324_14/1616592268376oVcrO_JPEG/review-attachment-6944ab6a-f4c1-4229-913f-2d91456cb49f.jpeg?type=f300_300,3579****,18.05.25.
54,5,진짜 잘 샀어요,https://phinf.pstatic.net/image.nmv/shopnbuyer_2021_03_06_0/25e12ea8-7e50-11eb-a12c-a0369ff963bc_03.jpg?type=ffn300_300,swhs****,18.05.24.
55,5,가격을 떠나서 너무 튼튼하고 예뻐요 가격이 저렴해서 끼익거리는 소리가 날까봐 제일 걱정했는데 그런건 하나도 없고 굉장히 튼튼해요 생각보다 프레임 다리가 좀 낮은데 또 그만큼 공간차지를 덜 하는 느낌은 드네요 색도 고급스러운 원목 컬러라서 이런 컬러의 원목 프레임 저렴하게 찾을수가 없었는데 정말 잘 고른것같아요 많이 파세요!!,https://phinf.pstatic.net/checkout.phinf/20210320_105/1616223781647oNk9X_JPEG/review-attachment-8c22d43d-4e43-4bfc-828c-acfb5e3189e2.jpeg?type=f300_300,hyun****,18.03.29.
56,5,좋아요멓ㅎㅎㅎ,https://phinf.pstatic.net/checkout.phinf/20210321_1/1616337351998rIa4D_JPEG/review-attachment-44706da5-1e53-42f3-ac4e-b7c0cdb6e05f.jpeg?type=f300_300,gkdy****,18.06.15.
57,5,기사님 친절짱! 배송은 주문 2주만에 왔어요 배송 기사님 친절하시고 설치까지 잘 해주고 가셨어요.싸게 잘 산것 같아요.추천할게요.,https://phinf.pstatic.net/checkout.phinf/20210316_94/1615821425969YKvG1_JPEG/review-attachment-5556215d-7f39-4994-b933-a57ce876e651.jpeg?type=f300_300,zzuz****,18.05.02.
58,5,튼튼하고 기사님이 참 친절했어요! 생각보다 그렇게 오래걸리진 않았고 열흘? 보름안에 잘 받았습니다,https://phinf.pstatic.net/checkout.phinf/20210328_213/1616917248379WGf6I_JPEG/review-attachment-e67750eb-0f79-4fdc-80c5-da6556e56e68.jpeg?type=f300_300,cher****,18.04.24.
59,5,맘에들어요,https://phinf.pstatic.net/checkout.phinf/20210327_89/1616811986472Qd3M2_JPEG/review-attachment-958007b3-d281-4d72-849b-038d15241e08.jpeg?type=f300_300,yslo****,18.05.12.
60,4,늦게 배달됐지만 받았습니다.,https://phinf.pstatic.net/image.nmv/shopnbuyer_2021_03_18_0/f50e1490-8786-11eb-8379-a0369ff968b0_03.jpg?type=ffn300_300,myji****,18.05.02.
61,4,잘 사용하고 있어요.,https://phinf.pstatic.net/checkout.phinf/20210319_127/1616082656061z2b4a_JPEG/review-attachment-91c42776-47b4-4418-a2fa-5df698fa7f7d.jpeg?type=f300_300,zzuz****,18.05.02.
62,5,"적극추천 냄새뗘문에처음에는그랬는데
시간이지나니금방사라졌네요
갑자기오신다는연락을받고
부랴부랴집청소도하고
설치해놓고나니너무나맘에드네요",https://phinf.pstatic.net/checkout.phinf/20210320_176/16162120200768ETu1_JPEG/review-attachment-38c9ab3a-b47a-460a-85e9-62063a5f1014.jpeg?type=f300_300,wjo1****,18.03.19.
63,5,"무조건 사세요! 신혼가구로 구매했습니다.
원목인데도 가격이 너무저렴해서 걱정반 기대반이었는데 애초에 3주걸린다는 배송보단 빨리왔고,
받아보니 걱정이 싹가셨습니다. 협탁도 팔길래 따로 또 주문해놓은 상태입니다. 절대 이가격으로 안보이고 심플하니 질리지않고 오래 사용할 수 있을거같아요!",https://phinf.pstatic.net/checkout.phinf/20210308_119/1615210890678mSYoz_JPEG/review-attachment-a0c913aa-bdd5-4704-979e-249a57d5220b.jpeg?type=f300_300,hmtr****,18.03.07.
64,3,대박 진짜이뻐요 ㅠㅠ 너무 맘에들어요 신혼가구중에 제일좋네요 원목느낌도좋고 심플하고 다좋아요~♡ 굿굿,https://phinf.pstatic.net/checkout.phinf/20210310_60/16153745594077WgYV_JPEG/review-attachment-4d080459-586f-4cf7-bbe4-f535cb9bba5f.jpeg?type=f300_300,z110****,18.03.22.
65,5,드뎌 받았어요 배송 오래걸렸는데 스크래치때문에 다시 교환받는데 시간참 오래걸려요 참고하세요 여유있게주문하셔야할듯해요,https://phinf.pstatic.net/image.nmv/shopnbuyer_2021_02_08_0/96e26fb1-69ae-11eb-8a7c-505dac8c3607_03.jpg?type=ffn300_300,2yi_****,18.04.07.
66,5,"침대도 튼튼하고 예쁘고, 배송기사님께서도 무척 친절하셨습니다. ",https://phinf.pstatic.net/checkout.phinf/20210325_220/16166257479352Juln_JPEG/review-attachment-c22096ea-e33f-4a2f-90b0-e4247159e593.jpeg?type=f300_300,kyyo****,18.04.17.
67,5,"원목 원목이라 좋고 가격대비 만족해요.
설치비가 있지만 아이방에 두고쓰기에 딱이고 가격대비 좋아요.",https://phinf.pstatic.net/checkout.phinf/20210327_92/1616803493042Fjhti_JPEG/review-attachment-e85d7ba4-0757-4a3a-8472-5cad0f651168.jpeg?type=f300_300,zzan****,18.04.09.
68,5,이런 가격에 이렇게 예쁜 컬러의 원목 프레임 없어서 무조건 시킨걸 만족해하는 중입니다ㅎㅎ 퀸사이즈라서 그런지 배송도 일주일 좀 넘어서 왔고 끼익 거리는 소리 하나도 안나요,https://phinf.pstatic.net/checkout.phinf/20210107_104/1610015800326SV0DV_JPEG/review-attachment-0641e67a-a200-444b-b05c-4abb1fbe33ab.jpeg?type=f300_300,hyun****,18.03.29.
69,3,잘받았습니다 ,https://phinf.pstatic.net/checkout.phinf/20210320_196/1616206336693TnGGb_JPEG/review-attachment-6f96c771-e825-4084-a3c7-b68ac03f2da7.jpeg?type=f300_300,miru****,18.04.20.
70,5,추천해요 이사하면서 침대랑 매트리스 한꺼번에 구매했는데생각보다 배송도 빨리오고 상품도 디자인뿐만아니라 튼튼한거같아서 마음에 들어요! 추천합니당,https://phinf.pstatic.net/checkout.phinf/20210221_195/1613906687119H30Rs_JPEG/review-attachment-88d851ad-289c-44ae-9713-647970bd446f.jpeg?type=f300_300,iamd****,18.03.22.
71,4,좋아요. 굿임,https://phinf.pstatic.net/checkout.phinf/20210326_233/1616733550718xm6ES_JPEG/review-attachment-82ce0c68-4eea-44ca-8516-25b8964bed1e.jpeg?type=f300_300,zzan****,18.04.09.
72,5,드뎌받았어요,https://phinf.pstatic.net/checkout.phinf/20210302_38/1614669677617STteg_JPEG/review-attachment-fe7d1778-e849-43bf-9c69-25c387d92967.jpeg?type=f300_300,2yi_****,18.04.07.
73,5,"튼튼하네요 배송을 거의 한달가까이 다 되어서 받았어요ㅠㅠ
느리다 느리다 이렇게 느린가요.. 
그래도 배송기사분께서 친절하시고 침대 두개를 튼튼하게 뚝딱 설치해주셔서 맘이 금방 풀렸네요
배송은 별개로 일단 침대는 무지 튼튼하고 예뻐요
아이들이 너무 좋아해서 기뻐요
저렴한 가격에 좋은 침대 주셔서 감사합니다",https://phinf.pstatic.net/checkout.phinf/20210324_14/1616592268376oVcrO_JPEG/review-attachment-6944ab6a-f4c1-4229-913f-2d91456cb49f.jpeg?type=f300_300,yhj8****,18.02.10.
74,4,좋습니다. 이사가게 되어 구매했는데 배송이 2~3주 걸린다고 나와있어서 결제하고 기대 안하고 있었는데 생각보다 빨리왔네요. 제품은 좋습니다.,https://phinf.pstatic.net/image.nmv/shopnbuyer_2021_03_06_0/25e12ea8-7e50-11eb-a12c-a0369ff963bc_03.jpg?type=ffn300_300,gusa****,18.03.15.
75,5,가격대비  너무  훌 륭합니다! 튼튼하고 나무도 예쁘고 이동도  쉽고 가격대비  너무  좋아요 ㅎ ㅎ,https://phinf.pstatic.net/checkout.phinf/20210320_105/1616223781647oNk9X_JPEG/review-attachment-8c22d43d-4e43-4bfc-828c-acfb5e3189e2.jpeg?type=f300_300,onew****,18.03.20.
76,3,"심풀 작은딸 침대로 심풀하고 색상이 맘에 들어요~
배송도 빠릅니다~
하지만 다리 부분이 조금 약해보여요",https://phinf.pstatic.net/checkout.phinf/20210321_1/1616337351998rIa4D_JPEG/review-attachment-44706da5-1e53-42f3-ac4e-b7c0cdb6e05f.jpeg?type=f300_300,sone****,18.02.21.
77,5,"잘받았습니다 잘 받았습니다
기사분께서 넘 친절하셔서 좋았네요
침대 마음에 듭니다
많이 홍보 하겠습니다
감사합니다",https://phinf.pstatic.net/checkout.phinf/20210316_94/1615821425969YKvG1_JPEG/review-attachment-5556215d-7f39-4994-b933-a57ce876e651.jpeg?type=f300_300,khoe****,18.03.18.
78,5,어무 만족합니다,https://phinf.pstatic.net/checkout.phinf/20210328_213/1616917248379WGf6I_JPEG/review-attachment-e67750eb-0f79-4fdc-80c5-da6556e56e68.jpeg?type=f300_300,rlat****,18.03.28.
79,5,배송은3주정도걸림 냄세가잘안빠지는데 디자인은괜찮,https://phinf.pstatic.net/checkout.phinf/20210327_89/1616811986472Qd3M2_JPEG/review-attachment-958007b3-d281-4d72-849b-038d15241e08.jpeg?type=f300_300,232v****,18.03.19.
80,4,침대랑 매트리스 다 만족합니당,https://phinf.pstatic.net/image.nmv/shopnbuyer_2021_03_18_0/f50e1490-8786-11eb-8379-a0369ff968b0_03.jpg?type=ffn300_300,iamd****,18.03.22.
81,4,가성비 최고인거 같아요 다른분들 구매평보고 늦을줄 알았는데 배송 빨리와서 놀랬어요 배송기사분 침대밑판도 닦아주시고 너무 친절하세요~~^^색상고민하다 내츄럴 선택했는데 잘한거같아요 아이가 침대 너무 마음에 들어해서 저도 뿌듯해요 흠집 하나없이 후회없는 구매였어요 저희침대도 세트로 하나더 구매하고싶네요 몇일써보고 후기남겨요~~!!,https://phinf.pstatic.net/checkout.phinf/20210319_127/1616082656061z2b4a_JPEG/review-attachment-91c42776-47b4-4418-a2fa-5df698fa7f7d.jpeg?type=f300_300,viol****,18.01.26.
82,5,"원목 침대 프레임 후기 엄마가 이사오셔서 매트리스는 브랜드로하고 프레임을 청풍명월 슈퍼싱글 원목으로 선택했어요
주문하고 나서는 화면에 보이는 색과 다를까봐 걱정많이했는데 촌스럽지않고 오래 질리지 않을 색상이라서 너무 선택을 잘 한것같아요~!
배송해주시는 분도 친절히 설치해주시고 
아무튼 강추 입니다!",https://phinf.pstatic.net/checkout.phinf/20210320_176/16162120200768ETu1_JPEG/review-attachment-38c9ab3a-b47a-460a-85e9-62063a5f1014.jpeg?type=f300_300,kim7****,18.01.27.
83,5,잘받았습니다  잘받았습니다 ㄴㅌㅅㄷㄴㄷㅅㄷㅅㄷㅅㄷㅅㄷㅅㄷㅅㄷㅇㄷㅅㄷㅅㄷㅅㄷㅅㄷㅇㄷㅅㄷㅅㄷㅅㄷㅅㄷㅇㄷㅇㄷㅅㄷㅇ,https://phinf.pstatic.net/checkout.phinf/20210308_119/1615210890678mSYoz_JPEG/review-attachment-a0c913aa-bdd5-4704-979e-249a57d5220b.jpeg?type=f300_300,miru****,18.04.20.
84,5,고심했던 침대..만족♡ 합리적인 가격과 원목 침대를 원했던 제 바램에 꼭 맞는 침대에요.아이꺼라서 내츄럴 색상 선택했고 만족해요.나무가 튼튼햐 느낌이라 오래 쓸수 있을것 같구요.다만 매트리스 냄새인지 새것 냄새가 나서 창문을 열어두었어요.다른건 다 만족~^^,https://phinf.pstatic.net/checkout.phinf/20210310_60/16153745594077WgYV_JPEG/review-attachment-4d080459-586f-4cf7-bbe4-f535cb9bba5f.jpeg?type=f300_300,doro****,18.01.30.
85,5,조조아아요,https://phinf.pstatic.net/image.nmv/shopnbuyer_2021_02_08_0/96e26fb1-69ae-11eb-8a7c-505dac8c3607_03.jpg?type=ffn300_300,bule****,18.03.22.
86,5,진짜조아요,https://phinf.pstatic.net/checkout.phinf/20210325_220/16166257479352Juln_JPEG/review-attachment-c22096ea-e33f-4a2f-90b0-e4247159e593.jpeg?type=f300_300,z110****,18.03.22.
87,4,퀸사이즈 침대 매트리스도 50t 탄탄하고 너무 좋고요원목 느낌나는 프레임도 자연스럽고깔끔하고 너무 예쁘고 좋아요,https://phinf.pstatic.net/checkout.phinf/20210327_92/1616803493042Fjhti_JPEG/review-attachment-e85d7ba4-0757-4a3a-8472-5cad0f651168.jpeg?type=f300_300,mins****,18.03.08.
88,5,침대만족합니다,https://phinf.pstatic.net/checkout.phinf/20210107_104/1610015800326SV0DV_JPEG/review-attachment-0641e67a-a200-444b-b05c-4abb1fbe33ab.jpeg?type=f300_300,wjo1****,18.03.19.
89,5,잘받았습니다,https://phinf.pstatic.net/checkout.phinf/20210320_196/1616206336693TnGGb_JPEG/review-attachment-6f96c771-e825-4084-a3c7-b68ac03f2da7.jpeg?type=f300_300,khoe****,18.03.18.
90,5,"생각보다 빨리 받음 배송되는데 엄청 오래걸릴줄 알고 잊고 있었는데 생각보다 빨리 왔어요~ 다른분들 리뷰처럼 기사님 정말 친절하셨구요 
제품은 흠없이 잘 왔습니다
이런 합리적인가격에 좋은 침대라니ㅎㅎ잘 샀다는 생각 들어요 저렴에 보이지 않고 딱 깔끔해 보야서 좋습니다 잘 쓸게여",https://phinf.pstatic.net/checkout.phinf/20210221_195/1613906687119H30Rs_JPEG/review-attachment-88d851ad-289c-44ae-9713-647970bd446f.jpeg?type=f300_300,zooy****,18.01.24.
91,5,"나무재질좋아요 가격대비 나무 품질 너무 좋은것 같아요.
설치직접해줘서 좋고..
근데 저희집 바닥 수평이 안맞아서 침대중간다리가 땅에 안닿는대요. 그래서 계속 삐그덕 소리가나네요 ㅠㅠ 이런거 대비해서 중간다리 조절길이를 늘렸으면 좋겠네요 밑에 나무 대주신것도 한번올라가니 바로 옆으로 빠졌어요..뭐 다른방법없나요 삐그덕 소리가 시끄러워요",https://phinf.pstatic.net/checkout.phinf/20210326_233/1616733550718xm6ES_JPEG/review-attachment-82ce0c68-4eea-44ca-8516-25b8964bed1e.jpeg?type=f300_300,mira****,18.02.10.
92,5,"이쁘고 좋아요
설치기사님도 넘넘 친절하시고 빠르게 설치해주시고 가셨어요~~~^^",https://phinf.pstatic.net/checkout.phinf/20210302_38/1614669677617STteg_JPEG/review-attachment-fe7d1778-e849-43bf-9c69-25c387d92967.jpeg?type=f300_300,ccam****,18.03.08.
93,5,"완전 좋아요  색깔도 이쁘고 튼튼해보이고 매트리스도 얼마나 편한지 이가격에 이렇게 좋은 침대를 만나는건 쉽지 않은것같네요 굿 초이스 
사업번창하세요",https://phinf.pstatic.net/checkout.phinf/20210324_14/1616592268376oVcrO_JPEG/review-attachment-6944ab6a-f4c1-4229-913f-2d91456cb49f.jpeg?type=f300_300,wwdb****,18.01.30.
94,5,깔끔해요 깔끔한 디자인이라 좋아요. 유행 안 탈 것 같아요. 애들 침대로 해주기 좋아요. 가격도 적당해요,https://phinf.pstatic.net/image.nmv/shopnbuyer_2021_03_06_0/25e12ea8-7e50-11eb-a12c-a0369ff963bc_03.jpg?type=ffn300_300,solp****,18.02.22.
95,3,예쁘고 매트리스50티  탄탄하고 좋네오ㅡ,https://phinf.pstatic.net/checkout.phinf/20210320_105/1616223781647oNk9X_JPEG/review-attachment-8c22d43d-4e43-4bfc-828c-acfb5e3189e2.jpeg?type=f300_300,mins****,18.03.08.
96,5,좋ㅇ ㅏ욯 ㅎ ㅎ ㅅ,https://phinf.pstatic.net/checkout.phinf/20210321_1/1616337351998rIa4D_JPEG/review-attachment-44706da5-1e53-42f3-ac4e-b7c0cdb6e05f.jpeg?type=f300_300,onew****,18.03.20.
97,5,좋아요!짱짱,https://phinf.pstatic.net/checkout.phinf/20210316_94/1615821425969YKvG1_JPEG/review-attachment-5556215d-7f39-4994-b933-a57ce876e651.jpeg?type=f300_300,hmtr****,18.03.07.
98,4,프레임이 단단하고 색도 아주 맘에듭니다,https://phinf.pstatic.net/checkout.phinf/20210328_213/1616917248379WGf6I_JPEG/review-attachment-e67750eb-0f79-4fdc-80c5-da6556e56e68.jpeg?type=f300_300,myla****,18.02.22.
99,5,배송이 늦은 것 빼곤 다 좋아요,https://phinf.pstatic.net/checkout.phinf/20210327_89/1616811986472Qd3M2_JPEG/review-attachment-958007b3-d281-4d72-849b-038d15241e08.jpeg?type=f300_300,solp****,18.02.22.
