﻿,star,review,reviewImage,customerId,reviewDate
0,5,"시몬스 라지킹 매트리스 구매 맞춤제작 가구 정말 많이 검색해보고 매장까지 가서 상담후 구매후 이사날에 맞춰 잘 받았습니다~ 라지킹 프레임 사이즈에 신혼가구에 밝은 나무색을 원해ㅓ고무나무 변경했고 3단밝기조절 엘이디 등과 스위치 변경, 콘센트 추가등 요구사항이 많았는데도 꼼꼼하게 잘 제작해주셔서 너무 감사합니다~ 새가구 냄새안나서 매트리스 바로 올릴수 있고요~견고하고 수납짱짱해서 오래도록 잘쓸꺼같아요 맞춤가구 워낙 고가인데 착한가격과 높은 품질까지 완전 만족하고 강추합니다^^",https://phinf.pstatic.net/image.nmv/shopnbuyer_2021_03_18_0/f50e1490-8786-11eb-8379-a0369ff968b0_03.jpg?type=ffn300_300,mach****,21.02.21.
1,5,"벙커침대 프레임 찾아다가 결국 담당자분에게 문의드리고 원하는 스타일로 물건을 제작하였습니다 
원하는 스타일로 만들어져서 너무 좋구요 배송 빠르고 제품 하자 없고 벙커수납이나 서랍수납장 다 크고 마음에 들어요 나무 색도 너무 어둡지 않고 적당하구요 처음에만 오일 발라져서 그런지 냄세 조금 나지만 환기 좀 시키면 며칠이면 사라집니다  벙커 수납 프레임 찾는분 계시면 가격대비 가성비 아주 좋은 제품입니다 고민하지마시고 구매하세요",https://phinf.pstatic.net/checkout.phinf/20210319_127/1616082656061z2b4a_JPEG/review-attachment-91c42776-47b4-4418-a2fa-5df698fa7f7d.jpeg?type=f300_300,duga****,21.02.26.
2,5,"2주정도 기다렸는데 실제로 받아보니 너무 만족스럽네요 백화점 등 다양한 브랜드 프레임 한 2주동안 알아보다가 인터넷에서 우연히 발견해 디자인이 너무 맘에 들어 구매했는데 실물이 더 이쁘네요 ❤️ 높이도 딱 제가 원하는 높이고 색감도 너무 맘에 들어요. 조명도 진짜 은은해서 침대 옆 스탠드 별도로 두지 않아도 돼서 실용성도 좋답니다. 그리고 분위기가 끝내줍니닷ㅋㅋㅋ  그리구 침대 프레임에서 젤 중요한건 튼튼함, 견고함인데 이 제품은 너무 튼튼하네요. 흔들리지 않은 편안함은 에이스가 아니라 포레스트프 프레임이라고 해도 될 정도? 아무튼 고민하시는 분들은 시간만 늦출뿐이라는거...",https://phinf.pstatic.net/checkout.phinf/20210320_176/16162120200768ETu1_JPEG/review-attachment-38c9ab3a-b47a-460a-85e9-62063a5f1014.jpeg?type=f300_300,youn****,21.02.03.
3,5,헤드에 콘센트 추가한게 반영이 안되어 와서 실망했는데 빠르게 교환처리 해주셨어요 튼튼하고 예쁘네요,https://phinf.pstatic.net/checkout.phinf/20210308_119/1615210890678mSYoz_JPEG/review-attachment-a0c913aa-bdd5-4704-979e-249a57d5220b.jpeg?type=f300_300,duwl****,21.03.27.
4,5,"화면에보이는 그대로 이뻐요
오픈형인데 다리가 너무튼튼하고 디자인도이쁘네요
프레임만 구입했는데 매트리스 올리고 누우니 매트리스도 새로구입한것처럼 탄탄해졌네요",https://phinf.pstatic.net/checkout.phinf/20210310_60/16153745594077WgYV_JPEG/review-attachment-4d080459-586f-4cf7-bbe4-f535cb9bba5f.jpeg?type=f300_300,leem****,21.02.27.
5,5,"결론부터 말씀드리겠습니다. 이쁘고 튼튼하고 배송도 제가 원하는 날짜에 맞춰주시고 가격도 합리적이었습니다. 
안녕하세요 내년 1월에 결혼을 앞둔 예랑이입니다. 신혼집이자 인생 첫 나의 집이 생긴다는 마음에 매일매일 설레는 마음으로 보내고 있습니다. 입주 전부터 살림살이며 가전이며 가구 등을 알아보는데 특히 침대에 관심이 많습니다. 매트리스를 에이스침대 라지킹 사이즈(1670*2075)를 하다보니 동일 규격의 프레임을 찾기가 힘들었습니다. 특히 작은 침실 크기 때문에 수납으로 찾느라 더 선택폭이 줄어들어 아예 맞춤으로 하기로 결정하고 찾은 곳이 포레스트 가구였습니다. 마침 예신이 양주 사람이라 포천에 있는 매장에 직접 방문해서 직접보고 상담 받을 수 있어서 좋았습니다. 사실 그 사이에 다른 곳도 견적을 받아봤는데 원하는 사이즈로 주문 제작하면 가격이 너무 쌨습니다. 알아보다가 주문이 늦어지는 불상사가 발생했지만 요청드린 날짜에 딱 맞춰배송해주셔서 너무 좋았습니다. 조립도 잘해주시고 차후에 이사때 방법도 알려주시고 가셨어요. 정말 아이러니하게도 매트리스가 배송이 지연되고 있어서 프레임을 잘 가져다주신 노력이 조금 무색해졌지만 벌써 수납을 잘 이용하고 있습니다^^ 매트리스오면 올리고 인테리어까지한 사진 추가로 올리겠습니다. 여러분 혹시 저랑 같은 상황에 있으시다면 무조건 포레스트가구에서 주문하세요. 만약 그렇지 않더라도 엄청 만족하실거라 확신합니다. 강력추천입니다. 잘 쓰겠습니다. 감사합니다.",https://phinf.pstatic.net/image.nmv/shopnbuyer_2021_02_08_0/96e26fb1-69ae-11eb-8a7c-505dac8c3607_03.jpg?type=ffn300_300,ohju****,20.12.15.
6,5,"몇 주간 침대로 고민을 정말 많이 했습니다. 신혼집이기도 하구 저랑 신랑 모두 침대에서 많은 시간을 보내는 타입이기도 해서 다른 가구는 몰라도 어떤 침대를 살지는 정말 고민이 많았어요. 디자인이 제일 중요했구요, 원목이면서 수납이 있고 조명과 콘센트가 있는 적당한 가격의 킹사이즈 프레임이 저희 조건이었어요. 오늘의집, 네이버스토어 전부 뒤져서 이 제품 하나였습니다. 특히 참죽나무 재질 가구가 보통 고가인데 합리적인 가격이었던게 인상적이었어요. 하루 정도 더 고민하고 구입했습니다.

결과적으로는 저랑 신랑 둘 다 무척 만족스러워요. 아직 예쁜 침구가 안와서 올린 사진이 그렇게 아름답게 나오지는 않았지만 실물로 받아보시면 그 특유의 색감이 굉장히 고급스러워요. 나무결도 참 예쁘고 가격에 비해 참 있어보여요. 친구들도 다들 침대 이쁘다고 칭찬해주더라구요. 

방구성이랑 침구 조금만 신경쓰시면 오늘의집이나 인스타에 나오는 방 같을 것 같아요. 아직 오일인지 새 가구 냄새가 나긴 하는데 하루에 20%씩 줄어들고 있어서 기다리고 있습니다. 

사용전 마른 걸레로 몇번 닦으셔야 하구요(오일이 뭍어나와요) 민간요법이긴 한데 양파조각을 구석구석에 놓으니 좀 나아졌어요. 사이즈는 킹사이즈 정사이즈구요, 콘센트 길이가 조금 짧은편이라 멀티탭이 필요했어요. 조명색이 흰색인게 좀 아쉬워서 주황등으로 교체할 예정입니다.

전반적으로 무척 만족스러운 침대입니다. 기분좋은 마음으로 추천드려요.",https://phinf.pstatic.net/checkout.phinf/20210325_220/16166257479352Juln_JPEG/review-attachment-c22096ea-e33f-4a2f-90b0-e4247159e593.jpeg?type=f300_300,quld****,20.11.21.
7,5,"대체적으로 괜찮은 듯 합니다. 하지만 설치 하면서 확인해보니 중간 아래쪽 지지대가 평형이 맞지 않습니다. 앞판을 붙이시면서 그냥 박으신듯 한데 결국 바깥쪽에는 눌러지지만 중앙 부분 (헤드쪽, 상판, 하판 그리고 추가 지지대)은 모두다 공중에 떠버리는 상황이 발생했네요. 신문으로 높이 맞추고 일단은 흔들림이 좀 덜하긴 하지만 올라가서 중간부위에 걸어보면 텅텅 하고 소리가 납니다. 
기본적으로 발이 삐뚤하게 박혀 있으니 당연한 현상입니다. 
음..그리고 상판은 헤드랑 연결이 되어 있어 잘 움직이지 않지만 하부쪽은 상부쪽과 연결이 되어있지 않기 때문에 평형이 맞지 않으니 잘 움직입니다. 
결국 판이 계속 조금씩 움직이는 현상이 발생...
하지만 제품은 마음에 들고 만족합니다.",https://phinf.pstatic.net/checkout.phinf/20210327_92/1616803493042Fjhti_JPEG/review-attachment-e85d7ba4-0757-4a3a-8472-5cad0f651168.jpeg?type=f300_300,kkam****,21.01.03.
8,5,"사장님 주말 늦으시간질문에도
빠른답변과 배송도 좋았어요^^
너무 예뻐요 만족또만족입니다",https://phinf.pstatic.net/checkout.phinf/20210107_104/1610015800326SV0DV_JPEG/review-attachment-0641e67a-a200-444b-b05c-4abb1fbe33ab.jpeg?type=f300_300,wjdw****,21.01.18.
9,5,"저는 밝은컬러 (고무나무)로 변경했고
그때문인지 타카 자국이 잘 보였어요ㅠ
특히 서랍부분에 저렇게 무자비하게 뚫린 부분이있어 말씀드렸더니 불량은 아니나
안보이는 부분이라 공장에서 그럴 수 있다는 답변을 받았어요
판매자분은 친절하시고 답변은 빠른데
저런부분은 아쉬웠어요",https://phinf.pstatic.net/checkout.phinf/20210320_196/1616206336693TnGGb_JPEG/review-attachment-6f96c771-e825-4084-a3c7-b68ac03f2da7.jpeg?type=f300_300,ehdt****,21.01.08.
10,5,"포레스트가구에서 침대 프레임 구매하였는데,
합리적인 가격대에 튼튼한 침대 프레임을 받아서 기분이 너무 좋습니다.

1. 외관
다크감있는 원목 계열로, 가격대에 비해 고급스러운 느낌이 많이 듭니다.
매트리스가 먼저와서, 침대 설치 후 매트리스를 올리려고 침대 프레임위에 올라갔는데 상당히 튼튼하여 오래 사용해도 소리가 안날거 같습니다.
보이지않는 모서리부위도 모두 라운딩 처리되어있어 안전하게 사용가능합니다.
침대 헤드 높이도 적당하여 자기전에 기대서 스마트 폰이나 책보기 좋습니다.


2. 편의성
집이 작다보니, 수납형상품을 선택하였는데 침대 서랍장 3칸 외에 벙커서랍장이 있어서, 계절이불이나 계절의류를 보관하기 좋습니다.
3단서랍장에는 모두 볼레일이 적용되어 소리도 안나고 부드럽게 잘열리네요 :)
덕분에 안방에 옷장없이 5단서랍장으로 와이프 옷까지 깔끔하게 정리가 끝났습니다.
침대 헤드에 콘센트가 달려있어, 폰이나 태블릿 충전하기가 용이합니다.
안방에 따로 무드등을 설치안했는데, 헤드에 있는 등이 충분히 밝아서 등을 따로 설치 안해도 될 것 같습니다.

3. 기타
가구를 설치받고 냄새가 좀 나는가 싶더니, 3일정도되어 냄새가 사라져서 만족스럽게 사용중입니다.

침대를 베스x슬립에서 브랜x리스 구매하였는데,
거기에서 묶음으로 파는 프레임이 할인을 해도 가격이 꽤 나갔는데, 주변에 추천해줄만큼 합리적인 가격에 완성도 높은 프레임을 구매해서 기분이 좋네요 :)

번창하세요!",https://phinf.pstatic.net/checkout.phinf/20210221_195/1613906687119H30Rs_JPEG/review-attachment-88d851ad-289c-44ae-9713-647970bd446f.jpeg?type=f300_300,wnsr****,20.11.02.
11,4,디자인이랑 품질 좋아요. 배송은 별로네요.,https://phinf.pstatic.net/checkout.phinf/20210326_233/1616733550718xm6ES_JPEG/review-attachment-82ce0c68-4eea-44ca-8516-25b8964bed1e.jpeg?type=f300_300,acca****,21.01.30.
12,5,"배송이야 수제작이고 제가 지방에 살고 있으니 늦을껄 감수했구요.
재질과 마감도 너무 마음에 듭니다. 배송기사님도 잊지 않도록 친절하게 해피콜 해주시고 조립과 정리까찌 깔끔하게 해주셨습니다. 잘쓸께요.",https://phinf.pstatic.net/checkout.phinf/20210302_38/1614669677617STteg_JPEG/review-attachment-fe7d1778-e849-43bf-9c69-25c387d92967.jpeg?type=f300_300,minc****,20.12.22.
13,3,"주문 후 일주일 정도 걸렸습니다
배송 전날에 기사님과 시간 조율 후 배송 받았습니다.
친절하고 배송 해 주셨습니다.
나무 냄새는 조금 나는데, 기분나쁜 화학성분 냄새는 아니라 괜찮습니다,",https://phinf.pstatic.net/checkout.phinf/20210324_14/1616592268376oVcrO_JPEG/review-attachment-6944ab6a-f4c1-4229-913f-2d91456cb49f.jpeg?type=f300_300,kjih****,20.11.28.
14,5,좋아요 멋져요 이스턴킹인데 가격도 저렴하고 배송도 일주일정도만에 왔어요 크기도엄청커요,https://phinf.pstatic.net/image.nmv/shopnbuyer_2021_03_06_0/25e12ea8-7e50-11eb-a12c-a0369ff963bc_03.jpg?type=ffn300_300,head****,20.11.21.
15,4,제작가구 특성상 배송이 느린걸 감안한것에 비해 배송일은 만족합니다.사진과같이 고급스러워요.다만 등 밝기조절이 안되니 눈부셔요.그리고 깔판이 움직이네요.그래도 멋스러움에 굿!!,https://phinf.pstatic.net/checkout.phinf/20210320_105/1616223781647oNk9X_JPEG/review-attachment-8c22d43d-4e43-4bfc-828c-acfb5e3189e2.jpeg?type=f300_300,munm****,20.11.26.
16,5,"라지킹 구매하였습니다 제작하여서그런지 일주일넘었고, 빨리받고싶은마음에 전화드렸더니 친절하게 상담도 도와주셨습니다 
이틀전에 받았고 아직 나무냄새는 나서 서랍 다열고놓고 사용중입니다 잘받았습니다 감사합니다~",https://phinf.pstatic.net/checkout.phinf/20210321_1/1616337351998rIa4D_JPEG/review-attachment-44706da5-1e53-42f3-ac4e-b7c0cdb6e05f.jpeg?type=f300_300,powe****,20.12.01.
17,5,"침대매트리스 사이즈가 애매해서 프레임 찾기 어려웠는데 맞춤제작할수 있어서 좋았어요 !
수납공간도 많고 고급스러워서 볼때마다 기분이 좋습니다 ㅎㅎㅎ
다만 led조명이 바로 노출되어있어서
눈이 너무 부셔서 쓸수가 없어요 ㅠ ㅠ
조명 씌울수있는 덮개나 가림막이 있었음 좋겠어요",https://phinf.pstatic.net/checkout.phinf/20210316_94/1615821425969YKvG1_JPEG/review-attachment-5556215d-7f39-4994-b933-a57ce876e651.jpeg?type=f300_300,jure****,20.11.19.
18,5,"3주는 걸릴줄 알았는데
빨리 만들어 주셔서 감사합니다
와이프가 너무 좋아 하네요",https://phinf.pstatic.net/checkout.phinf/20210328_213/1616917248379WGf6I_JPEG/review-attachment-e67750eb-0f79-4fdc-80c5-da6556e56e68.jpeg?type=f300_300,ssin****,20.12.02.
19,5,한달동안 써보니 최고입니다.,https://phinf.pstatic.net/checkout.phinf/20210327_89/1616811986472Qd3M2_JPEG/review-attachment-958007b3-d281-4d72-849b-038d15241e08.jpeg?type=f300_300,runm****,20.11.07.
20,5,"괜찮아요~ 세로 10센치연장해서 늦게 받긴했는데 쓸만해요^^
가성비따지면 굿입니다^^",https://phinf.pstatic.net/image.nmv/shopnbuyer_2021_03_18_0/f50e1490-8786-11eb-8379-a0369ff968b0_03.jpg?type=ffn300_300,tmzj****,20.11.07.
21,5,"디자인도 문안하고 전체적으로 만족합니다
제품배송과 설치 과정도 만족스럽네요
다만 서랍 안쪽 모두 일정 타공 흔적이 있고 연결 부위가 아님에도 그러한 흔적이 아쉽네요",https://phinf.pstatic.net/checkout.phinf/20210319_127/1616082656061z2b4a_JPEG/review-attachment-91c42776-47b4-4418-a2fa-5df698fa7f7d.jpeg?type=f300_300,arkd****,20.10.03.
22,5,아주 만족하게 잘쓰고 있어요,https://phinf.pstatic.net/checkout.phinf/20210320_176/16162120200768ETu1_JPEG/review-attachment-38c9ab3a-b47a-460a-85e9-62063a5f1014.jpeg?type=f300_300,veni****,20.10.22.
23,5,어머니 첫 침대로 사드렸는데 너무 좋아하세요.,https://phinf.pstatic.net/checkout.phinf/20210308_119/1615210890678mSYoz_JPEG/review-attachment-a0c913aa-bdd5-4704-979e-249a57d5220b.jpeg?type=f300_300,runm****,20.09.24.
24,3,튼튼하고 저렴한데 가성비가좋네요. 약간 냄새가 나는데 아직 냄새가 안빠졋어요,https://phinf.pstatic.net/checkout.phinf/20210310_60/16153745594077WgYV_JPEG/review-attachment-4d080459-586f-4cf7-bbe4-f535cb9bba5f.jpeg?type=f300_300,unio****,20.09.16.
25,4,"배송기사님이 친철하게 설치해 주시고 침대가 원목이라 튼튼해보이고 핸드폰을 올려놓을 수 있어서 편하더라구요 싼가격에 잘산것 같아서 매우 만족합니다 
오픈형으로 주문했다가 수납형으로 바꾸려고 전화문의 드렸었는데 친철하게 해주셔서 편하게 변경할 수 있었어요
정말 감사해요~",https://phinf.pstatic.net/image.nmv/shopnbuyer_2021_02_08_0/96e26fb1-69ae-11eb-8a7c-505dac8c3607_03.jpg?type=ffn300_300,12yo****,20.07.22.
26,5,"디자인 괜찮고 탄탄해요.
아쉬운 점은 발 부분의 나사 색깔이 도드라진다는 점?
차라리 니켈이나 금색이면 덜 튈 것 같아요.
굳이 안 보면 안 보이긴 해요..ㅎㅎ
예쁩니다.
좋은 제품 보내주셔서 감사해요.",https://phinf.pstatic.net/checkout.phinf/20210325_220/16166257479352Juln_JPEG/review-attachment-c22096ea-e33f-4a2f-90b0-e4247159e593.jpeg?type=f300_300,moon****,20.08.14.
27,5,"색은좀더진하네요
후딱설치해주고가셨어요
냄새는좀빠져야겠지만
수납마니되고조아요^^",https://phinf.pstatic.net/checkout.phinf/20210327_92/1616803493042Fjhti_JPEG/review-attachment-e85d7ba4-0757-4a3a-8472-5cad0f651168.jpeg?type=f300_300,oliv****,20.08.28.
28,4,"이사가느라 급하게 주문했는데, 약속한 시간에 배송도 빠르게 보내주셨네요! 제품도 튼튼하고 좋았는데 기사님까지 친절하게 해주셔서 너무 감사드립니다~!",https://phinf.pstatic.net/checkout.phinf/20210107_104/1610015800326SV0DV_JPEG/review-attachment-0641e67a-a200-444b-b05c-4abb1fbe33ab.jpeg?type=f300_300,gmlr****,20.07.20.
29,5,튼튼하고 색상도 고급스럽네요 다만 약간 가구냄새가 오래가요,https://phinf.pstatic.net/checkout.phinf/20210320_196/1616206336693TnGGb_JPEG/review-attachment-6f96c771-e825-4084-a3c7-b68ac03f2da7.jpeg?type=f300_300,unio****,20.08.10.
