﻿,star,review,reviewImage,customerId,reviewDate
0,5,"우선, 원하는 날짜에 배송 받을 수 있어서 좋았어요. 배송 과정에서 크고 작은 문제가 발생해서 추가 as가 필요한 상황이지만 제품 자체는 튼튼하고 예뻐서 만족스럽습니다. 

 네추럴과 월넛 중에 너무 고민돼서 쇼룸까지 갔었는데, 쇼룸에서도 친절하게 설명하고 응대해주셔서 마음 편히 둘러볼 수 있었어요. 덕분에 색상도 잘 고를 수 있었습니다. 끝까지 월넛이 맴돌았지만 다른 가구가 다 네추럴톤이라 조화를 위해 네추럴을 골랐는데 실물이 훨씬 예뻐서 네추럴하길 잘 했다 싶어요. 쇼룸에서 보던 것과는 또 색다르네요. 두 색상 모두 각기 다른 매력이 있어요. 색상 고민되는 분들은 다른 가구나 벽지의 컬러를 중심으로 고르는 거 추천드립니다.

 배송과정에서 발생한 문제들이 있긴 했지만 본사측에서 적극적으로 피드백을 워낙 빠르게 잘 해주셔서 오히려 저에게는 긍정적인 이미지가 더해졌습니다. 정말 적극적으로 해결해주시려고 애써주셔서 감사했습니다. 피드백 과정에서 말씀하셨던 거처럼 배송업체 문제는 라움의 번창을 위해서라도 확실하게 해결하셨기를 바랍니다. 

 구매에서 배송 이후 처리까지 라움과 소통하며 느낀 건, 위탁배송만 아니면 정말 완벽하다 였거든요. 물량이나 전국배송을 고려하면 위탁은 어쩔 수 없는 부분이겠지만 조금 더 체계적으로 관리해주셨으면 좋겠어요. 배송 외에는 제품이나 cs 등 다 만족스러웠어서 더 아쉬움이 크게 남았습니다. 

 제품 색상은 네추럴톤 가구는 지나치게 노란기나 붉은기가 심하게 도는 경우가 잦은데 이 제품은 딱 적절한 밸런스로 색상이 잡혀있어서 정말 예뻐요. 사진에서 볼 수 있듯이, 햇빛과 어우러졌을 때 정말 예쁜 제품입니다. 설치 전에 찍어둔 사진인데, 침대는 보통 창가에 많이들 두시다보니, 햇빛과 어우러지는 색감 참고하시라고 첨부해봤어요. 

 아쉬운 건 나무에 스테이플 자국처럼 있는 부분들이 조금씩 보이는 부분입니다. 하지만 문의 결과 제작과정상 어쩔 수 없이 생기는 부분이라고 하시기도 했고 크게 눈에 띄진 않아서 괜찮았어요. 그래도 개선이 될 수 있으면 되면 더 좋을 거 같습니다. 이외의 모든 부분 만족스럽습니다. 제품 굉장히 튼튼하고 삐걱거림 전혀 없습니다.

 이전에 쓰던 침대가 굉장히 튼튼하고 좋은 원목 제품이었기 때문에 정말 많은 제품을 봤고 고민도 걱정도 많이 했는데 이 제품 사길 정말 잘 한 거 같아요. 정말 튼튼하고 예쁩니다. 헤드 디자인도 특이하고 매력있고요.

 그리고 구입 고려하시면서 제품 상세 사진이나 리뷰사진 보시다 보면 헤드 곡선부와 아래 직선부 세로 폭이 조금씩 다른 걸 확인할 수 있으실 거예요. 라움측에 확인 결과 원래 헤더 곡선부와 아래 직선부 폭이 같았지만 현재는 개선돼서 아래 폭이 더 커진 게 맞다고 합니다. 구입시 참고하셨음 해서 적어봅니다. 

 이 개선사항 덕분에 튼튼함이 한층 보강된 거 같아서 더욱 만족스러웠어요. 아 그리고 이런 형태의 프레임 구입하시는 분들이 헤드의 살 두께 때문에 걱정을 많이 하실텐데 이 제품은 살 두께가 꽤 돼서 기댔을 때도 전혀 문제 없을 거 같습니다. 

 구입 전에 리뷰나 답변들도 정말 많이 봤는데 꾸준히 피드백 받아서 제품 개선 이어나가시는 거 같더라고요. 그래서 더 믿고 구입할 수 있었습니다. 앞으로도 더욱 개선하고 발전하셔서 예쁘고 견고한 제품 많이 많이 만들어주셨으면 좋겠습니다. 번창하세요~!",https://phinf.pstatic.net/image.nmv/shopnbuyer_2021_03_18_0/f50e1490-8786-11eb-8379-a0369ff968b0_03.jpg?type=ffn300_300,siyo****,21.02.05.
1,4,아침부터 기분 너무 나빠서 배송받기 전에 글남기네요 화요일 날 금요일 배송이라고 연락왔고 오늘아침 일정이 생겨 2시에서6시사이엔 사람이없으니 이시간 피해서 배송 부탁드린다고 8시30분에 문자 남겨놨고 9시40분쯤 전화와서 받으니 다짜고짜 5시에서7시사이 방문 한답니다 정확한 시간대도 아니고 시간을 저렇게 광범위하게 말해주면 2시간동안 기다리란 소린지요? 5시엔 사람없다고 말하니 그런건 진작 말해달라네요? 아침일찍 문자 남기지 않았냐 하니 확인 못했다네요? 그럼 뭘 어떻게 말해줘야 하나요? 이른시간이여서 전화드리긴 그래서 문자남겨놨고 확인은 본인들 몫 아닌가요?? 그리고 물건 받는 고객은 일정이 없나봐요? 금요일 배송이라하면 정해준 날은 마냥 기다려서 일정 받아야 하나봐요? 본인들 일정은 이지역 갔다 옆지역 가야한다며 그시간대 밖에 안됀다고 되도록 집에 일찍 오라던데 뭐 물건 받으려 연차쓰면서 기다렸어야 했는데 고객 잘못 맞네요^^ 상품 오래 기다려도 후기좋아서 참고 기다리고 있었는데 이건뭐 배송비 드리면서도 본인시간은 다비워놔야 하는지 아니면 화요일날 배송날짜랑 시간 말해줬으면 저도 그날 조정해드리지 않았을까요? 화요일날 연락왔을때도 방문시간은 배송당일 전화드리고 말해준다더니 이런식 통보라뇨 배송해주시는분 사정이 있듯이 고객 사정도 있는데 6-7시 사이 가능하다니까 한숨 푹푹 쉬며 본인들도 이거하고 다른지역 넘어가야 한다고 하며 짜증아닌 짜증 내시는데 5-7시 사이 방문이라했고 6-7시도 그사이 시간 아닌가요?.. 도통 저한테 되도록 일찍 오라는둥 하는 태도를 이해 못하겠네요,https://phinf.pstatic.net/checkout.phinf/20210319_127/1616082656061z2b4a_JPEG/review-attachment-91c42776-47b4-4418-a2fa-5df698fa7f7d.jpeg?type=f300_300,sesg****,21.03.19.
2,5,"우선 내돈내산입니다!!
신혼집이라 어떤 침대 프레임을 할까 고민하다가 우드 에 헤드쪽이 1100 이상에 깔끔한 프레임을 사려고 결정한 뒤 인터넷을 뒤지다가 이 침대 프레임을 선택!!
실물이 생각보다 이쁘고 머리 부분이 1300이라 너무 높진 않을까 걱정하긴 했는데 매트리스를 깔고 보니까 사이즈가 딱 좋더라구요~!(프레임이 이틀 먼저 왔을 땐 사실 헤드가 많이 높다고 생가했었음;)
매트리스는 베스트슬립에서 산 모피어스19 압축인데 사이즈가 침대 프레임이랑 찰떡궁합인듯요~!
프레임 색깔은 내추럴로 주문했는데 밝은 느낌이라 안방이 환해 보여서 너무 화사한 느낌이였습니다!!
아~!
별 4점 준 이유는 살짝 어쩌다(?) 삐그덕 거리는 소리가 나긴 해요~!
그렇다고 심한건 아니지만요!
정말 어쩌다입니다ㅎㅎ
그래서 별 4점 줬어요~!
4점을 주면 다른분들이 구매 했을 때 조금이라도 더 신경써서 만들어주시지 않을까 하는 생각에 ㅎㅎ
암튼 전 만족합니다~!
사진은 아직 매트리스 방수 커버가 안와서 느낌만이라도 찍어보려고 했습니다~!
방수커버까지 오면 침대가 어떤지 이용해보고 다시 한번 사용 후기를 남길게요~!",https://phinf.pstatic.net/checkout.phinf/20210320_176/16162120200768ETu1_JPEG/review-attachment-38c9ab3a-b47a-460a-85e9-62063a5f1014.jpeg?type=f300_300,love****,21.03.04.
3,4,"내츄럴 ss가 워낙 인기있어선지 3주쯤 걸려 받았네요.
방의 공간을 나눌 용도로 헤드를 반대로 놓았는데 헤드가 높아서 파티션 역할을 톡톡히 해줍니다. 일단 딱 봤을 때 견고해보이고 예뻐요. 디자인을 제일 중요하게 봤는데, 비슷한 디자인은 간혹 있지만 상세한 부분 다 따져보고 이 침대로 구매했어요. 
청소가 용이한 것도 선택 중요포인트였는데 침대 전체를 여자 혼자 움직일 수 있을 정도고 밑에도 청소기 넉넉히 들어갈 높이라 마음에 듭니다.
가족도 너무 예쁘고 안정감있다고 좋아해줬습니다. 아주 맘에 들어요^^",https://phinf.pstatic.net/checkout.phinf/20210308_119/1615210890678mSYoz_JPEG/review-attachment-a0c913aa-bdd5-4704-979e-249a57d5220b.jpeg?type=f300_300,dusk****,21.03.16.
4,5,"상품 자체는 보시는 화면과 같아 마음에 쏙들고 좋아요
다만 첫 배송 때 같은 월넛 색상인데 협탁과 프레임 색차이가 심해서 프레임만 재배송 받게되어 시간이 너무 오래걸렸어요. 한편으로는 그래도 다시 배송하는 수고로움 때문에 고맙기도 하구요. 두번째 받은 제품은 색상도 동일했지만 살짝 기스나있는 부분을 매끄럽게 하시려고 사포질 하셨는지 눈에 잘보이는부분에 본래의 나무색이 드러나서 조금 아쉬웠어요.
전체적으로 보면 상품 가성비좋고 기사님들도 친절하셔서 다시 구매하겠냐고 한다면 저는 네! 입니다~",https://phinf.pstatic.net/checkout.phinf/20210310_60/16153745594077WgYV_JPEG/review-attachment-4d080459-586f-4cf7-bbe4-f535cb9bba5f.jpeg?type=f300_300,mi_n****,21.02.22.
5,5,"배송메모에 요청한 날짜에 잘 받았습니다.
원목을 좋은가격에 잘 샀네요.
볼 때마다 좋아요. 기능적인 면은 포기.. 조명이나 핸드폰 충전 등.. 
라지킹 프레임 구하기 힘든데 좋은 품질에 예뻐서 만족해요.",https://phinf.pstatic.net/image.nmv/shopnbuyer_2021_02_08_0/96e26fb1-69ae-11eb-8a7c-505dac8c3607_03.jpg?type=ffn300_300,mint****,21.03.14.
6,5,"이사때문에 미리주문한건데 생각보다 너무빨리왔어요 ㅎ
감사합니다 그덕에 집정리가좀되네요 ^^ 
기사님너무친절하셔서 좋았어요 ~잘설치해주시고가셨네요 라지킹시켜서 매트리스도바꿀예정이라 일단은 퀸으로쓰고있어요 원목프레임 몇날몇을을 찾아보고 고민한결과
제선택이 확실했다는걸 ^^신랑도 아주이쁘다고해요
잘쓸게요 ~~",https://phinf.pstatic.net/checkout.phinf/20210325_220/16166257479352Juln_JPEG/review-attachment-c22096ea-e33f-4a2f-90b0-e4247159e593.jpeg?type=f300_300,hoyo****,21.03.12.
7,1,"일단 디자인이 정말 예쁘구요!!
컬러감이 고급져서 아무도 이 가격이라고 생각 안합니다 ㅠㅠㅠ 신혼가구 중에 젤 잘샀다고 생각하는 게 라움 침대에요~ 넘넘 만족합니다!!",https://phinf.pstatic.net/checkout.phinf/20210327_92/1616803493042Fjhti_JPEG/review-attachment-e85d7ba4-0757-4a3a-8472-5cad0f651168.jpeg?type=f300_300,iamt****,21.03.02.
8,4,"우여곡절 많았던 침대후기입니다 ㅠ 세븐트리 침대이지만, 사실상 저는 무헤드침대의 후기예요! 새로 이사하는집의 안방이 작아서, 장롱을 넣고 겨우겨우 침대를 놓을 정도의 사이즈였는데, 저는  세븐트리 침대의 총기장(2100)을 보고 주문했었는데, 알고보니 헤드를 포함한 총기장은 2180이라는걸, 이사 5일전에 알게 되었어요 ㅠ 밤새도록 너무 걱정이 되어서 한숨도 못자고 다음날 아침 네이버 톡톡으로 문의를 드렸는데, 그동안의 걱정이 무색하게, 이미 결제된 세븐트리 침대의 가격에서 무헤드침대의 가격을 뺀 나머지를 환불해주시는걸로 너무 잘 해결이 되었어요 ㅠ 너무너무 감사해요! 사실은 무헤드침대도 너무 예뻐서 둘중에 고민하다가 고른거였거든요^^ 그리하여, 세븐트리 침대를 주문했지만, 결국은 무헤드 침대를 받았다는, 그러나 너무너무 만족한다는 얘기를 이렇게 주저리주저리 늘어놓았네요^^",https://phinf.pstatic.net/checkout.phinf/20210107_104/1610015800326SV0DV_JPEG/review-attachment-0641e67a-a200-444b-b05c-4abb1fbe33ab.jpeg?type=f300_300,whro****,21.02.13.
9,5,"디자인도 쏙 마음에 들고, 제품도 튼튼한것같아요~~ 2주쯤 정도? 기다렸지만 기다린 보람이 있네요^^",https://phinf.pstatic.net/checkout.phinf/20210320_196/1616206336693TnGGb_JPEG/review-attachment-6f96c771-e825-4084-a3c7-b68ac03f2da7.jpeg?type=f300_300,repo****,21.03.23.
10,4,"색도 너무 마음에 들고 정말 맘에 들어요.
이 가격에 원목이라니 가성비 최곱니다.
배송기사분도 너무 친절하시고 깔끔하게 잘 설치해주셔서 감사합니다.",https://phinf.pstatic.net/checkout.phinf/20210221_195/1613906687119H30Rs_JPEG/review-attachment-88d851ad-289c-44ae-9713-647970bd446f.jpeg?type=f300_300,youi****,21.03.04.
11,4,"디자인이 화면보다 훨씬 이뻐요
가성비 딱이네요
한쪽벽면을 딥그린으로 도배하고 침대를 배치했더니 원목색이 너무이뻐요. 넘맘에듭니다",https://phinf.pstatic.net/checkout.phinf/20210326_233/1616733550718xm6ES_JPEG/review-attachment-82ce0c68-4eea-44ca-8516-25b8964bed1e.jpeg?type=f300_300,popo****,21.02.22.
12,5,"스툴이랑 색이 달라서 좀 속상하지만 
좀 쓰다보니 그렇게 막 신경쓰일 정도는 아닙니다",https://phinf.pstatic.net/checkout.phinf/20210302_38/1614669677617STteg_JPEG/review-attachment-fe7d1778-e849-43bf-9c69-25c387d92967.jpeg?type=f300_300,coco****,21.03.22.
13,5,"사진이랑 같고,
시간 여유 없는데 배송 기사님께서 이른 아침도 괜찮다 셔서 오전8시에 오셨더라구요.
아랫층 소음들릴까봐 신경써 주시고....기사님께도 감사드립니다",https://phinf.pstatic.net/checkout.phinf/20210324_14/1616592268376oVcrO_JPEG/review-attachment-6944ab6a-f4c1-4229-913f-2d91456cb49f.jpeg?type=f300_300,agap****,21.03.02.
14,5,마음에 들어요~ 요청한 날짜에 잘 맞춰 들어왔고 퀸 매트리스 인데 일부러 좀 여유있게 했어요 튼튼하네오!,https://phinf.pstatic.net/image.nmv/shopnbuyer_2021_03_06_0/25e12ea8-7e50-11eb-a12c-a0369ff963bc_03.jpg?type=ffn300_300,ggug****,21.02.26.
15,5,너무 마음에 들었어요,https://phinf.pstatic.net/checkout.phinf/20210320_105/1616223781647oNk9X_JPEG/review-attachment-8c22d43d-4e43-4bfc-828c-acfb5e3189e2.jpeg?type=f300_300,mi_n****,21.03.26.
16,5,에이스매트리스에 맞는 사이즈의 프레임  찾아  고생 좀 했는데 ....완전 만족이요~가성비 최곱니다...다만 배송하는 기사님 불진절해서 별 하나 뺍니다,https://phinf.pstatic.net/checkout.phinf/20210321_1/1616337351998rIa4D_JPEG/review-attachment-44706da5-1e53-42f3-ac4e-b7c0cdb6e05f.jpeg?type=f300_300,sjan****,21.02.22.
17,5,"배송 느림 끝판왕임 
거의 한달이상 기다림 (지방광역시) 
설치기사님이 협탁 빼먹어서
별도 요청하여 1.1 쉬는날에 오셔서 설치
그러나, 친절하셨음 

제품 
디자인 색상 매우만족 
단단함(안 삐걱거림) 
매트리스 탬퍼 사용중인데 받침용 패드?!때문인지 전에 한샘가구 프레임에서는 매트리스가 밀리는 느낌 있엌ㅅ는데
얘는 전혀 없임 (매트리스보다 프레임이 더 크고 별도 고정하는 하단 지지목?! 안 박은 상태임) 
침대는 후기 많은대로 추천할 만한 퀄리티 
구스이불에 호텔식침구 세트로 같이 바꿔서 
더더욱 침대 만족도 올라감
(매트리스는 4년전 구매 제품 그대로 사용중인데
정말 새 침대 같이 느껴짐) 

그러나, 같이 산 협탁은 완성도 떨어짐
사이즈도 좀 애매하게 큼
냄새 몇주지나도 아직도 안 빠짐(메이드인 베트남) 
굳이 세트로 사시지 말고 디자인 제품 사시길",https://phinf.pstatic.net/checkout.phinf/20210316_94/1615821425969YKvG1_JPEG/review-attachment-5556215d-7f39-4994-b933-a57ce876e651.jpeg?type=f300_300,juya****,21.01.18.
18,5,"튼튼하고 생각했던거보다 색도 예쁘네요
안방이 화사해진 느낌입니다",https://phinf.pstatic.net/checkout.phinf/20210328_213/1616917248379WGf6I_JPEG/review-attachment-e67750eb-0f79-4fdc-80c5-da6556e56e68.jpeg?type=f300_300,goal****,21.03.11.
19,5,매우 마음에 들어요 헤드가 비슷한 프레임들이 많아 고민이 많았는데 그중 제일 높고 약간의 아치가 우아한 인테리어가 되는것같아 선택했는데 받고보니 생각과 같더군요 매트리스  올리고 헤드가 오히려 너무 높아서 균형이 맞지않을까 걱정했는데 딱 예쁜것같아요 헤드 낮은거 구입했음 베개에 다 가릴뻔했습니다 삐걱이지도 않고 튼튼합니다 퀸사이즈매트리스보다 퀸프레임이라도 10Cm 여유있어 좋네요 밀림방지턱은 어린아이들 있는집은 비추라고 기사님이 그러셨는데 어린유아가 없어 달았는데 잘한선택같아요 밀림방지패드도 깔아서 그런지 아직까지 밀림현상은 없네요. 새가구라 냄새는 약간 있네요 겨울이라 공기청정기로 빼는중입니다 욕실 환풍기로는 안빠지네요 암튼 튼튼하고 예뻐서 마음에 쏙 듭니다 번창하세요~^^,https://phinf.pstatic.net/checkout.phinf/20210327_89/1616811986472Qd3M2_JPEG/review-attachment-958007b3-d281-4d72-849b-038d15241e08.jpeg?type=f300_300,mine****,21.01.30.
20,5,"배송 전 미리 연락오셔서 시간 맞춰 잘 설치했어요! 친절하셨어요 감사합니다
미끄럼방지차 밑에 막대기를 해야 하나 싶었는데 매트리스가 워낙 무거워 밀릴 걱정 안해도 될 것 같아요! 설치하면 대신 구멍 생긴다고 해서 그냥 뒀는데 잘 쓰고 있어요
저희 침대가 킹사이즈에 높이가 높아서 일부러 세븐트리 프레임으로 했는데 맘에 쏙 듭니다
매트리스 높이는 약 40cm정도 같아요
프레임은 월넉 색상이고 고급스러워 보여요
방이 너무 예뻐졌어요!
삐그덕거리는 소리 전혀없어요
아주 튼튼해 보이고 좋네요 ㅎㅎ 완전 추천해요",https://phinf.pstatic.net/image.nmv/shopnbuyer_2021_03_18_0/f50e1490-8786-11eb-8379-a0369ff968b0_03.jpg?type=ffn300_300,l-gy****,21.01.26.
21,4,"상품 : 침대 자체는 정말 예쁩니다. 누가 봐도 이 가격에 구매했을거라고는 생각 못할정도로 고급스럽고 진짜 예쁩니다. 견고하고 삐걱거리는 소리도 없습니다. 오크색을 좋아하지 않았는데 사진상으로 좀 더 고급스러워 보여서 선택했어요. 역시나 붉은기 없는 오크색이라 너무 예쁩니다. 저는 로봇청소기 때문에 무조건 다리가 있고 밑이 떠있는 제품으로 구매한건데 청소기도 잘 지나가고 밑이 막히지 읺아서 답답한 느낌도 없어요. 제품과 가격은 정말 만족합니다.

배송 : 진짜 하고 싶은 말이 백마디인데 요즘같이 힘든 시대에 기사님도 먹고 살아야하니까, 그리고 침대 예뻐서 참습니다. 그리고 AS오신 기사님이 전문적이시고 친절하셨어서 그 분께 감사해서 별점 깎지 않았습니다. 코로나 시대인만큼 손님 만날때 기본적으로 방역지침은 지키려고 노력하시는 분들이 기사님으로 오셨으면 좋겠습니다. 그리고 본인들에게는 매일 네다섯번씩 똑같은 가구 설치하는거라서 지겹고 지치실 수도 있겠지만 구매자 입장에서는 긴 고민끝에 구매했고 매일매일 오랫동안 사용하게 될 가구라는 점을 잊지말고 성의있게 본인이 하실 수 있는 최선을 다해서 설치해주셨으면 합니다.",https://phinf.pstatic.net/checkout.phinf/20210319_127/1616082656061z2b4a_JPEG/review-attachment-91c42776-47b4-4418-a2fa-5df698fa7f7d.jpeg?type=f300_300,choc****,20.12.28.
22,5,"침대가원목이라 삐걱대는소리가 날까바 걱정했는데 소리도안나고 안정감있고좋아요!!
퀸싸이즈매트리스올리니 싸이즈가살짝남아요~
그래도움직임없이 잘쓰고있습니당!!
집에사람없었는데 배송에 설치까지잘해주고가셨어요~",https://phinf.pstatic.net/checkout.phinf/20210320_176/16162120200768ETu1_JPEG/review-attachment-38c9ab3a-b47a-460a-85e9-62063a5f1014.jpeg?type=f300_300,kiss****,21.02.17.
23,4,평상침대를 찾던중에 발견했어요 컬러나 디자인 다 맘에 듭니다. 배송기시님도 친절하셨어요 감사합니다,https://phinf.pstatic.net/checkout.phinf/20210308_119/1615210890678mSYoz_JPEG/review-attachment-a0c913aa-bdd5-4704-979e-249a57d5220b.jpeg?type=f300_300,b_yu****,21.02.24.
24,5,잘 사용중이에요. 마음에 들고요. 원목이라 냄새 안나고 좋아요. 헤드부분 곡선처리 디자인으로 있어보이는 침대에요.,https://phinf.pstatic.net/checkout.phinf/20210310_60/16153745594077WgYV_JPEG/review-attachment-4d080459-586f-4cf7-bbe4-f535cb9bba5f.jpeg?type=f300_300,dayb****,21.03.13.
25,5,흔들림없고 삐걱거림없고 견고해요! 디자인도 예뻐서 다들 칭찬해요 ㅎㅎ 제가 청소기를 퍽퍽 돌려 다리에 기스가 났지만 원목이라 자연스럽게 생길 수 밖에 없나봐요 ㅎㅎ 프레임 정말 칭찬해요!,https://phinf.pstatic.net/image.nmv/shopnbuyer_2021_02_08_0/96e26fb1-69ae-11eb-8a7c-505dac8c3607_03.jpg?type=ffn300_300,l-gy****,21.02.17.
26,5,배송은 한달정도 걸린듯해요~ 침대 프레임을 많이 봤지만 제가 원하는 조건을 충족하는게 많이 없더라구요~ 요 디자인은 마음에도 들고튼튼한것 같아 결정했고 써보니 생각했던데로 마음에 들어요. 헤드보드가 높아서 웅장해 보이고 월넛색상은  화면보다 연해서 오히려 더욱 좋네요. 배송도 무거운 침대 잘 옮겨서 조립까지 친절하게 해 주셔서 팁도 드렸어요~ 단지 설치 거의 다 할때쯤  찍힌 부분이발견되어서 고민했는데 무거운거 재조립도 귀찮고 배송도 좀 오래걸린편이라 그냥 쓰기로 했지만 배송 전 검수가 잘 안된 그 부분은 좀 아쉽네요.,https://phinf.pstatic.net/checkout.phinf/20210325_220/16166257479352Juln_JPEG/review-attachment-c22096ea-e33f-4a2f-90b0-e4247159e593.jpeg?type=f300_300,ditt****,21.01.18.
27,5,"Q/K사이즈 내츄럴칼라입니다. 1월9일에 예정된시간에 정확하게 오셔서 설치해주셨습니다. 사진은 매트리스와 침구까지 셋팅한거에요. 좀 높은 매트리스를 올려도 헤드가 예쁜 비율로 올라오고, 통깔판이라 견고해요. 삐걱임도 없고 안정감 있습니다. 
프레임만 설치했을땐 너무 큰 평상같아서 깜짝 놀랐는데 이제 눈이 적응했나봐요. 침실 볼때마다 흐뭇합니다ㅎㅎ",https://phinf.pstatic.net/checkout.phinf/20210327_92/1616803493042Fjhti_JPEG/review-attachment-e85d7ba4-0757-4a3a-8472-5cad0f651168.jpeg?type=f300_300,glea****,21.02.02.
28,5,"한달걸렸고 배송도 약속시간보다 한시간 늦으셨지만 엄청 빨리 설치해주셨어요
상판이 두꺼운걸로 찾다 구매했는데
너무좋아요
저렴한 프레임하곤 비교가 안되요",https://phinf.pstatic.net/checkout.phinf/20210107_104/1610015800326SV0DV_JPEG/review-attachment-0641e67a-a200-444b-b05c-4abb1fbe33ab.jpeg?type=f300_300,allu****,21.02.21.
29,5,"아침 7시배송이라좀힘들었지만
기사님도친절하시고 
특히 침대프레임 완전튼튼하고. 두아들이뛰고해도소리가전혀안나요. 
믿고구매하세도 되세요",https://phinf.pstatic.net/checkout.phinf/20210320_196/1616206336693TnGGb_JPEG/review-attachment-6f96c771-e825-4084-a3c7-b68ac03f2da7.jpeg?type=f300_300,gkst****,21.03.03.
30,5,"튼튼하고 생각했던 것보다 더 맘에 들었습니다.

씰리 킹사이즈에 딱 맞아서 좋습니다",https://phinf.pstatic.net/checkout.phinf/20210221_195/1613906687119H30Rs_JPEG/review-attachment-88d851ad-289c-44ae-9713-647970bd446f.jpeg?type=f300_300,lsy1****,21.02.26.
31,5,"좋아요
사진과 동일합니다",https://phinf.pstatic.net/checkout.phinf/20210326_233/1616733550718xm6ES_JPEG/review-attachment-82ce0c68-4eea-44ca-8516-25b8964bed1e.jpeg?type=f300_300,seve****,21.03.06.
32,5,네 감사히 잘받았습니다,https://phinf.pstatic.net/checkout.phinf/20210302_38/1614669677617STteg_JPEG/review-attachment-fe7d1778-e849-43bf-9c69-25c387d92967.jpeg?type=f300_300,leey****,21.03.25.
33,5,네 감사히 잘받았습니다,https://phinf.pstatic.net/checkout.phinf/20210324_14/1616592268376oVcrO_JPEG/review-attachment-6944ab6a-f4c1-4229-913f-2d91456cb49f.jpeg?type=f300_300,leey****,21.03.25.
34,5,친절하게 배송해주셨고튼튼하니 이쁩니다.,https://phinf.pstatic.net/image.nmv/shopnbuyer_2021_03_06_0/25e12ea8-7e50-11eb-a12c-a0369ff963bc_03.jpg?type=ffn300_300,cher****,21.02.15.
35,5,향긋한 나무냄새가 기분좋아집니다. 감사합니다,https://phinf.pstatic.net/checkout.phinf/20210320_105/1616223781647oNk9X_JPEG/review-attachment-8c22d43d-4e43-4bfc-828c-acfb5e3189e2.jpeg?type=f300_300,kjs0****,21.02.27.
36,5,"예뻐요 화면 그대로예요 맘에듭니다
내추럴색상 넘예쁘네요",https://phinf.pstatic.net/checkout.phinf/20210321_1/1616337351998rIa4D_JPEG/review-attachment-44706da5-1e53-42f3-ac4e-b7c0cdb6e05f.jpeg?type=f300_300,hs89****,21.02.23.
37,5,"딱 원하던 디자인예요 화이트 성애자라 웰넷은 처음이지만 맘에들어요
사용하고 있는 매트리스랑도 잘맞고, 높이도 적당해요
배송기사님 너무친절하셨어요
급하게 서두르지 않으시고 차근차근 꼼꼼하셨어요
 사용해보고 또 후기 남길께요
급하게 몇장 찍어봤어용~^^",https://phinf.pstatic.net/checkout.phinf/20210316_94/1615821425969YKvG1_JPEG/review-attachment-5556215d-7f39-4994-b933-a57ce876e651.jpeg?type=f300_300,bok3****,21.01.14.
38,5,설치기사님 정말 친절하셨구요. 제품 튼튼하고 온라인으로 구매라 실제로 어떨지 걱정했었는데 정말 예쁘고 좋네요~ 잘쓸게요^^,https://phinf.pstatic.net/checkout.phinf/20210328_213/1616917248379WGf6I_JPEG/review-attachment-e67750eb-0f79-4fdc-80c5-da6556e56e68.jpeg?type=f300_300,dawn****,21.02.10.
39,5,저렴한 가격에 예쁜 프레임 구매해서 좋아요. 설치기사님이 너무 친절하셔서 별 10개 드리고 싶네요. 불량 체크 꼼꼼하게 해주시고 다리 하나가 불량이었는데 금방 교체해주셨어요. 아직 매트리스가 안와서 써보진 못했지만 만족입니다.,https://phinf.pstatic.net/checkout.phinf/20210327_89/1616811986472Qd3M2_JPEG/review-attachment-958007b3-d281-4d72-849b-038d15241e08.jpeg?type=f300_300,anna****,21.02.03.
40,5,"배송도 빨랐고 기사님들또한 친절하셨어요~
퀸사이즈  구매했는데 생각보다 엄청크네요^^
일반 킹사이즈같아요~
넓게 잘쓸것같아요~",https://phinf.pstatic.net/image.nmv/shopnbuyer_2021_03_18_0/f50e1490-8786-11eb-8379-a0369ff968b0_03.jpg?type=ffn300_300,m224****,21.03.04.
41,4,조아요 이쁘고 조타,https://phinf.pstatic.net/checkout.phinf/20210319_127/1616082656061z2b4a_JPEG/review-attachment-91c42776-47b4-4418-a2fa-5df698fa7f7d.jpeg?type=f300_300,arie****,21.02.24.
42,5,만족해요. 괜찮은 것 같아요!,https://phinf.pstatic.net/checkout.phinf/20210320_176/16162120200768ETu1_JPEG/review-attachment-38c9ab3a-b47a-460a-85e9-62063a5f1014.jpeg?type=f300_300,k546****,21.02.25.
43,4,아주 튼튼하고 견고합니다.. 월넛으로 햇눈데 색상도 고급스럽고 예뻐요 설치기사님 너무 친절하십니다,https://phinf.pstatic.net/checkout.phinf/20210308_119/1615210890678mSYoz_JPEG/review-attachment-a0c913aa-bdd5-4704-979e-249a57d5220b.jpeg?type=f300_300,ruae****,21.01.29.
44,5,저렴하게잘구입했어요,https://phinf.pstatic.net/checkout.phinf/20210310_60/16153745594077WgYV_JPEG/review-attachment-4d080459-586f-4cf7-bbe4-f535cb9bba5f.jpeg?type=f300_300,joss****,21.03.14.
45,5,배송은 일주일 만에 왔네요. 기사님께서 배송 전날에도 연락주시고 당일에도 시간약속 해주셔서 잘 받았습니다. 배송에 대한 안좋은 글들이 많아서 걱정이 좀 됐는데 친절하고 빠르게 조립해주시고 쓰레기도 다 가져가주셨어요. 침대도 너무 이쁘네요. 저렴한 가격에 원목침대 잘 산것 같아요.,https://phinf.pstatic.net/image.nmv/shopnbuyer_2021_02_08_0/96e26fb1-69ae-11eb-8a7c-505dac8c3607_03.jpg?type=ffn300_300,rhwl****,21.01.22.
46,5,넘 커서 쉽게옮길수없는거말고는 만족,https://phinf.pstatic.net/checkout.phinf/20210325_220/16166257479352Juln_JPEG/review-attachment-c22096ea-e33f-4a2f-90b0-e4247159e593.jpeg?type=f300_300,leop****,21.02.19.
47,5,기다린보람있는아주훌륭해요,https://phinf.pstatic.net/checkout.phinf/20210327_92/1616803493042Fjhti_JPEG/review-attachment-e85d7ba4-0757-4a3a-8472-5cad0f651168.jpeg?type=f300_300,zizi****,21.02.21.
48,5,"배송20일 정도 소요 됩니다
배송비 착불4만원 있고요
화면이랑 같아요
1670*2075 매트리스 라서 프레임 사이즈 딱입니다~

헤드부위기 창살?이라고 해야 하나요
저희는 창가쪽에 배치해서 헤드를. 조금 띄우니
삐끄덕?살짝 거립니다
그외 색감,원목결 좋아요
헤드 부위땜시 별세개요~~
오늘 받아서 설치하고 바로 후기 올려요",https://phinf.pstatic.net/checkout.phinf/20210107_104/1610015800326SV0DV_JPEG/review-attachment-0641e67a-a200-444b-b05c-4abb1fbe33ab.jpeg?type=f300_300,moon****,21.01.13.
49,5,침대는 매우 튼튼한데 판에 갈라진 부분이 있네요. 설마 쩍 갈라지진 않겠죠...?,https://phinf.pstatic.net/checkout.phinf/20210320_196/1616206336693TnGGb_JPEG/review-attachment-6f96c771-e825-4084-a3c7-b68ac03f2da7.jpeg?type=f300_300,eunt****,21.02.03.
50,5,쓸수록 좋아요 100000%만족입니다,https://phinf.pstatic.net/checkout.phinf/20210221_195/1613906687119H30Rs_JPEG/review-attachment-88d851ad-289c-44ae-9713-647970bd446f.jpeg?type=f300_300,wnru****,21.02.24.
51,4,사진과 같네요~ 헤드부분에 그을림?같이 검정색 뭐가 있는데 원목이다보니 그런거겠죠? 그점이 좀 아쉬운것말곤 헤드도높고 만족합니다.,https://phinf.pstatic.net/checkout.phinf/20210326_233/1616733550718xm6ES_JPEG/review-attachment-82ce0c68-4eea-44ca-8516-25b8964bed1e.jpeg?type=f300_300,0183****,21.02.01.
52,5,생각만큼 마음에 들고 배송기사님 감사합니다.,https://phinf.pstatic.net/checkout.phinf/20210302_38/1614669677617STteg_JPEG/review-attachment-fe7d1778-e849-43bf-9c69-25c387d92967.jpeg?type=f300_300,keeb****,21.02.16.
53,5,"견고하고 튼튼합니다.
2달정도 사용중인데 디자인 질리지 않고
이뻐요~",https://phinf.pstatic.net/checkout.phinf/20210324_14/1616592268376oVcrO_JPEG/review-attachment-6944ab6a-f4c1-4229-913f-2d91456cb49f.jpeg?type=f300_300,jybm****,21.02.11.
54,3,색깔도 이쁘고 프레임이 견고해서 어떤 매트리스를 올려도 문제없을거 같아요!,https://phinf.pstatic.net/image.nmv/shopnbuyer_2021_03_06_0/25e12ea8-7e50-11eb-a12c-a0369ff963bc_03.jpg?type=ffn300_300,mind****,21.02.08.
55,5,견고하고 흔들림 삐그덕 거림이 없어요.그것이 가장 큰 장점이에요.다만 매트가 좀 흔들거림이 있어 고정하는바를 사용하였습니다.,https://phinf.pstatic.net/checkout.phinf/20210320_105/1616223781647oNk9X_JPEG/review-attachment-8c22d43d-4e43-4bfc-828c-acfb5e3189e2.jpeg?type=f300_300,wlsl****,21.01.09.
56,5,"가격 품질 모두 만족합니다.^^
처음에 물건 받았을 때 헤드쪽에 약간 하자가 있어 연락드렸더니 바로 헤드부분만 교환해주시고 사후 처리도 좋았습니다.
안방 분위기와 어울리는 내츄럴 색깔로 했는데 잘 어울리고 좋습니다^^",https://phinf.pstatic.net/checkout.phinf/20210321_1/1616337351998rIa4D_JPEG/review-attachment-44706da5-1e53-42f3-ac4e-b7c0cdb6e05f.jpeg?type=f300_300,duke****,21.01.15.
57,5,거의 한달만에 받았지만  생각보다 좋네요 ㅎㅎ 설치기사님도 잘해주시고 가셨고 깔끔합니다 ㅋㅋ,https://phinf.pstatic.net/checkout.phinf/20210316_94/1615821425969YKvG1_JPEG/review-attachment-5556215d-7f39-4994-b933-a57ce876e651.jpeg?type=f300_300,ezcr****,21.01.30.
58,5,"오래기다렸는데
참좋네요
튼튼하고 예뻐요
잘사용하겠습니다
로봇청소기도 척척~^^",https://phinf.pstatic.net/checkout.phinf/20210328_213/1616917248379WGf6I_JPEG/review-attachment-e67750eb-0f79-4fdc-80c5-da6556e56e68.jpeg?type=f300_300,ptpt****,21.01.17.
59,5,프레임두개 날짜지정해서 무사히 잘받았구요 기사님 친절하셨어요.^^ 실물이 더 이쁘네요,https://phinf.pstatic.net/checkout.phinf/20210327_89/1616811986472Qd3M2_JPEG/review-attachment-958007b3-d281-4d72-849b-038d15241e08.jpeg?type=f300_300,leey****,21.01.20.
60,5,"일정이 맞았는지 빠른배송은 좋았는데 부품이 없어 며칠후재방문 마저설지해주신게 좀 아쉬웠어요 
기사님 말씀 그대로 쓰면 중간 구멍필요없는데 왜있는지 모르겠다며 두개중 한개만볼트설치해도 상관없다하시며 하나만 막아주고가셨어요
디자인 색은 너무마음에 드는데 그외부분이 좀 아쉽네요 튼튼한듯한데 좀 삐걱거리긴해요",https://phinf.pstatic.net/image.nmv/shopnbuyer_2021_03_18_0/f50e1490-8786-11eb-8379-a0369ff968b0_03.jpg?type=ffn300_300,nice****,20.12.28.
61,4,"20일 이후에나 배송된다해서 오래걸리겠거니 잊고 있자했는데, 어제 갑자기 배송기사님께 연락이와서 오늘 급 받았네요^^ 마침 오늘 침대 매트리스도 오기로한 날이어서 받기전부터 신나더라구요. 글고 예상보다 더 빨리 받아서인지 기분좋고요. 무엇보다 제품이 다른 후기들에 나온 내용처럼 견고하고 예뻐요! 정말 마음에 들어요!
헤드가 방 창문을 일부 가리는 높이라 높이 조절 문의드렸는데, 그건 안된다해서 구매해야하나 고민하다가 워낙 후기도 좋고, 침대 프레임 사려고 몇날 며칠을 인터넷 서핑했는데 제일 마음에 들었던 제품이었어요. 결국 구매해놓고도 직접 보고 사는게 아니어서 실물 볼 때까지 가슴조리면서 기다렸는데 엄지척!! 열심히 검색하고, 고민한 보람이 있었네요.
프레임 두께도 두꺼워서 튼튼해보이고요. 인터넷판매되는 침대 프레임의 대부분이 상판 두께가 18T~23T 사이던데... 라움 침대프레임은 33T라 해서 구매한 결정적 이유였어요. 기대만큼 고급지고 견고해보여요.
아! 배송설치기사님에 대한 복불복 후기가 많아 걱정했는데, 오늘 저희집에 오신 기사님은 다행히 좋은 분이셨어요 . 사전 상담때, 원목 상하니 먼저 써보고 방지턱 설치하라고 알려주시고요. 오늘 배송때는 친정어머니만 계셨는데, 친절하게 잘 설치해주셨다고 하시더라고요.^^ 
여러모로 만족만족한 구매였습니다!!!",https://phinf.pstatic.net/checkout.phinf/20210319_127/1616082656061z2b4a_JPEG/review-attachment-91c42776-47b4-4418-a2fa-5df698fa7f7d.jpeg?type=f300_300,2mae****,20.11.14.
62,5,3일에 주문해서 오늘 16일에 받았어요. 가격대비 정말 괜찮은 제품입니다~!! 튼튼해 보이고 좋아요. 고민고민 하다가 주문했는대 맘에 들어여~!! 감사합니당,https://phinf.pstatic.net/checkout.phinf/20210320_176/16162120200768ETu1_JPEG/review-attachment-38c9ab3a-b47a-460a-85e9-62063a5f1014.jpeg?type=f300_300,jhm7****,21.01.16.
63,4,"역시 소문난 침대 맛집이예요^^
기다림은 이미 알고있어서 마음놓고 있었구요
배송기사님 약속 잘지켜 안전하게 배송 설치 해주셨어요!
배송 직전에  변경사항이 있었는데 감사하게도 잘 처리 해주셨어요~
원목은 답답한 느낌이라 싫었는데 남편의 주장에 가볍지도 무겁지도 않은 디자인의 원목침대 픽했어요!
새물건이라 냄새 날까했는데 한번 닦고 문 잠시 열어두니 거의 냄새는 없네요!
마감도 매끄럽고 단단하네요~
침대프레임도 단단하고 받쳐주는 다리도 여러개라 안정적이네요!
이사하며 들인 새물건중 가장 마음에들어요♡",https://phinf.pstatic.net/checkout.phinf/20210308_119/1615210890678mSYoz_JPEG/review-attachment-a0c913aa-bdd5-4704-979e-249a57d5220b.jpeg?type=f300_300,drea****,20.12.09.
64,5,"침대 다리 등의 부속품이 빠진채로 배송됐습니다. 부속품은 2~5일 후에나 배송가능하고 그때 마저 설치한다고 하네요. 그때까지는 밑판대충 깔고 자라고하네요.
오래 기다려서 받았는데 성치않게 오니 기분이 안좋네요. 앞으로는 꼼꼼하게 검수하시길 바라겠습니다.",https://phinf.pstatic.net/checkout.phinf/20210310_60/16153745594077WgYV_JPEG/review-attachment-4d080459-586f-4cf7-bbe4-f535cb9bba5f.jpeg?type=f300_300,chem****,21.02.04.
65,5,잘 쓰고 있어요 감사합니당,https://phinf.pstatic.net/image.nmv/shopnbuyer_2021_02_08_0/96e26fb1-69ae-11eb-8a7c-505dac8c3607_03.jpg?type=ffn300_300,kt42****,21.02.10.
66,4,"배달, 설치에서 문제가 많은것 같아 좀 걱정했는데 기사분 아주 친절하게 잘 설치 해주셨구요. 사진에서 보는거랑 똑같아요. 넘넘 예쁩니다. 다만 헤드 높이가 아주 높아서 일반적인 매트 높이로는 좀 남는 부분이 있네요 ㅜㅜ 쿠션이나 베개를 더 둬서 커버해야할 것 같아요. 아무튼 예쁩니다~^^",https://phinf.pstatic.net/checkout.phinf/20210325_220/16166257479352Juln_JPEG/review-attachment-c22096ea-e33f-4a2f-90b0-e4247159e593.jpeg?type=f300_300,gtyu****,21.02.02.
67,5,프레임두개 원하는 날짜에 잘받았구요 기사님 친절하셨어요 실제로 보니 더 맘에 들어요,https://phinf.pstatic.net/checkout.phinf/20210327_92/1616803493042Fjhti_JPEG/review-attachment-e85d7ba4-0757-4a3a-8472-5cad0f651168.jpeg?type=f300_300,leey****,21.01.20.
68,5,첨엔 바빠서 확인못했는더  전체적인 나무결에 흠집 같은게   많네요 밑에 고정다리도 살짝씩 떠있어 고정 이 잘 안되는듯 그렇지만 침대가 넘이뻐 다 용서가 된다눙~~^^,https://phinf.pstatic.net/checkout.phinf/20210107_104/1610015800326SV0DV_JPEG/review-attachment-0641e67a-a200-444b-b05c-4abb1fbe33ab.jpeg?type=f300_300,skh9****,21.01.16.
69,5,"두달 넘게 사용하고 있는데요 
고민했던 색상도 너무 자연스러운 밝은색이어서 맘에 들고 엄청 견고하고 매끈하게 만들어진 침대에요",https://phinf.pstatic.net/checkout.phinf/20210320_196/1616206336693TnGGb_JPEG/review-attachment-6f96c771-e825-4084-a3c7-b68ac03f2da7.jpeg?type=f300_300,bien****,21.01.23.
70,1,"오래 기다렸는데 하자가 많네요
연락드릴께요!",https://phinf.pstatic.net/checkout.phinf/20210221_195/1613906687119H30Rs_JPEG/review-attachment-88d851ad-289c-44ae-9713-647970bd446f.jpeg?type=f300_300,gusb****,21.02.03.
71,5,"미리 연락주셔서 잘 받았어요.
하자있는 상품이 오진 않을지 걱정했는데 다행히도 깨끗한 상품으로 잘 받았네요~~
색상도 생각한 그대로예요!
잘쓸게요~~~~",https://phinf.pstatic.net/checkout.phinf/20210326_233/1616733550718xm6ES_JPEG/review-attachment-82ce0c68-4eea-44ca-8516-25b8964bed1e.jpeg?type=f300_300,a729****,21.01.21.
72,4,"와~ 웅장해요~
헤드도 높고  기대했던거보다 마음에듭니다
역시라움 이네요^^",https://phinf.pstatic.net/checkout.phinf/20210302_38/1614669677617STteg_JPEG/review-attachment-fe7d1778-e849-43bf-9c69-25c387d92967.jpeg?type=f300_300,3615****,21.01.26.
73,5,"오늘 드디어 받았어요 
생각보다 튼튼한거 같아요 
화면보다 실물이 더 고급스럽고 멋지네요 
입주 하고 알아보다 산건데 너무 만족 스럽습니다",https://phinf.pstatic.net/checkout.phinf/20210324_14/1616592268376oVcrO_JPEG/review-attachment-6944ab6a-f4c1-4229-913f-2d91456cb49f.jpeg?type=f300_300,wjdr****,21.01.15.
74,4,생각보다 견고하고 설치기사님들도 넘 친잘하십니다..,https://phinf.pstatic.net/image.nmv/shopnbuyer_2021_03_06_0/25e12ea8-7e50-11eb-a12c-a0369ff963bc_03.jpg?type=ffn300_300,ruae****,21.01.29.
75,5,"맘에드는침대 내집에 들여 놓기가 이렇게 힘들줄이야
ㅜㅠ
이번에도 헤드 불량에 부품하자에
하아..헤드랑 깔판하나 집에 일주일동안 세워뒀네요
침대는 보는대로 참이뻐요~
근데 불량이 많다보니 두세번은 다녀가셔야해요
지난번 싱글침대도 두번 다녀가셨는데
작은 하자가 있어 또 오셔야하네요
침대2개사는데 기사님 네번을 뵙네요
에궁..",https://phinf.pstatic.net/checkout.phinf/20210320_105/1616223781647oNk9X_JPEG/review-attachment-8c22d43d-4e43-4bfc-828c-acfb5e3189e2.jpeg?type=f300_300,foxs****,20.12.29.
76,3,깔끔하고 화면과 비슷합니다,https://phinf.pstatic.net/checkout.phinf/20210321_1/1616337351998rIa4D_JPEG/review-attachment-44706da5-1e53-42f3-ac4e-b7c0cdb6e05f.jpeg?type=f300_300,bubl****,21.01.31.
77,5,"베스트슬립 매트리스 높이 47센치짜리 프레임 찾는다고 며칠 고생하다가 찾은 제품이에요.
시몬스 프레임 사고 싶었는데 높이 낮아 포기하고 찾은 것 중에 제일 높고 원목이라 구매했는데 설명 그대로에요. 
높이 40센치 이상 매트리스는 이게 딱인듯요.ㅎ
매우 만족합니다.",https://phinf.pstatic.net/checkout.phinf/20210316_94/1615821425969YKvG1_JPEG/review-attachment-5556215d-7f39-4994-b933-a57ce876e651.jpeg?type=f300_300,qien****,21.01.04.
78,5,튼튼하고 이가격에 이런 제품은 사기 힘들어요.,https://phinf.pstatic.net/checkout.phinf/20210328_213/1616917248379WGf6I_JPEG/review-attachment-e67750eb-0f79-4fdc-80c5-da6556e56e68.jpeg?type=f300_300,wlwl****,21.02.16.
79,5,"실제로보면 색갈이 더 고급스러고 이뻐요!
배송기사분도 너무 친절하시고 금방 만들어주시네요 ㅎㅎ
감사합니다",https://phinf.pstatic.net/checkout.phinf/20210327_89/1616811986472Qd3M2_JPEG/review-attachment-958007b3-d281-4d72-849b-038d15241e08.jpeg?type=f300_300,kt42****,21.01.12.
80,5,칼라도 맘에 들고 견고해요~ 볼때마다 기분이 좋아집니다^^ 다만 중간에 다리가 떠서 못쓰는 모자를 잘라서 받쳐놨습니다 원래 뜬다는데 개선이 필요해 보이네요....,https://phinf.pstatic.net/image.nmv/shopnbuyer_2021_03_18_0/f50e1490-8786-11eb-8379-a0369ff968b0_03.jpg?type=ffn300_300,ssam****,20.12.30.
81,4,좋아요~~튼튼하네용^^,https://phinf.pstatic.net/checkout.phinf/20210319_127/1616082656061z2b4a_JPEG/review-attachment-91c42776-47b4-4418-a2fa-5df698fa7f7d.jpeg?type=f300_300,simj****,21.01.27.
82,5,색깔을 고민하고 진한색상 구입했는데 맘에들어요,https://phinf.pstatic.net/checkout.phinf/20210320_176/16162120200768ETu1_JPEG/review-attachment-38c9ab3a-b47a-460a-85e9-62063a5f1014.jpeg?type=f300_300,8811****,21.01.20.
83,4,튼튼하고 좋네요. 많이 파세여,https://phinf.pstatic.net/checkout.phinf/20210308_119/1615210890678mSYoz_JPEG/review-attachment-a0c913aa-bdd5-4704-979e-249a57d5220b.jpeg?type=f300_300,rlae****,21.01.20.
84,5,화면과 같은 원하던 색상에 맘에 들어요.,https://phinf.pstatic.net/checkout.phinf/20210310_60/16153745594077WgYV_JPEG/review-attachment-4d080459-586f-4cf7-bbe4-f535cb9bba5f.jpeg?type=f300_300,dalk****,21.02.15.
85,5,설치 기사님께서 너무 친절해서 기분 좋았습니다. 또 디자인도 사진과 동일하게 예쁘고 흔들림없이 즇아요. 오래 쓸 것 같네요,https://phinf.pstatic.net/image.nmv/shopnbuyer_2021_02_08_0/96e26fb1-69ae-11eb-8a7c-505dac8c3607_03.jpg?type=ffn300_300,youj****,21.01.05.
86,4,"너무너무 만족하면서 잘 쓰고 있어요
특히 헤드부분의 디자인이 제일 맘에 들어요 튼튼하고 색상도 너무 밝지않아서 좋습니다",https://phinf.pstatic.net/checkout.phinf/20210325_220/16166257479352Juln_JPEG/review-attachment-c22096ea-e33f-4a2f-90b0-e4247159e593.jpeg?type=f300_300,audw****,20.12.19.
87,5,설치  만족 제품만족,https://phinf.pstatic.net/checkout.phinf/20210327_92/1616803493042Fjhti_JPEG/review-attachment-e85d7ba4-0757-4a3a-8472-5cad0f651168.jpeg?type=f300_300,sizu****,21.03.08.
88,5,튼튼하고 좋아요 흔들림없네요,https://phinf.pstatic.net/checkout.phinf/20210107_104/1610015800326SV0DV_JPEG/review-attachment-0641e67a-a200-444b-b05c-4abb1fbe33ab.jpeg?type=f300_300,8811****,21.01.20.
89,4,"슈퍼싱글 두개 붙여서 패밀리 침대로 쓰고있어요.
예쁘고 튼튼하고, 이동도 은근 쉽고 백퍼만족",https://phinf.pstatic.net/checkout.phinf/20210320_196/1616206336693TnGGb_JPEG/review-attachment-6f96c771-e825-4084-a3c7-b68ac03f2da7.jpeg?type=f300_300,vivi****,21.01.05.
90,5,견고함덕에 완전 무거워서 이층까지 옮기는데 기사님 어무 고생하셨어요 ㅡ 고생 해주신덕에 튼튼하고 좋은 침대 프레임 완성 된거 보고 완전 감동했습니다 ㅡ 가성대비 너무 이쁘네요 고민할거 없이 굳초이스 입니다 ㅡ !!,https://phinf.pstatic.net/checkout.phinf/20210221_195/1613906687119H30Rs_JPEG/review-attachment-88d851ad-289c-44ae-9713-647970bd446f.jpeg?type=f300_300,sano****,21.01.07.
91,5,"예뻐요~ 왜 고민했지란 생각이 들정도~
통판이어서 그런가 안정감 좋구요
뒤척여도 옆사람이 잘 모를정도예요~",https://phinf.pstatic.net/checkout.phinf/20210326_233/1616733550718xm6ES_JPEG/review-attachment-82ce0c68-4eea-44ca-8516-25b8964bed1e.jpeg?type=f300_300,you8****,21.01.02.
92,5,배송도 빨랐고.. 설치해주신 기사님도 친절하셨고..넘넘 맘에듭니다.. 잘쓸께요~~^^,https://phinf.pstatic.net/checkout.phinf/20210302_38/1614669677617STteg_JPEG/review-attachment-fe7d1778-e849-43bf-9c69-25c387d92967.jpeg?type=f300_300,soon****,21.02.02.
93,5,넘 좋아요 이쁘고 견고합니다,https://phinf.pstatic.net/checkout.phinf/20210324_14/1616592268376oVcrO_JPEG/review-attachment-6944ab6a-f4c1-4229-913f-2d91456cb49f.jpeg?type=f300_300,dudd****,21.01.22.
94,5,저렴하게잘구입했어요,https://phinf.pstatic.net/image.nmv/shopnbuyer_2021_03_06_0/25e12ea8-7e50-11eb-a12c-a0369ff963bc_03.jpg?type=ffn300_300,joss****,21.02.09.
95,5,"가격생각해서  솔직히 기대 안해는데 무게감있고 완전 예뻐요~
딸이 자기달라고 조르네요^^",https://phinf.pstatic.net/checkout.phinf/20210320_105/1616223781647oNk9X_JPEG/review-attachment-8c22d43d-4e43-4bfc-828c-acfb5e3189e2.jpeg?type=f300_300,you8****,21.01.02.
96,5,쿠션감도 적당하고 크기도 커서 편안하게 사용할꺼 같네요~ 다만 매트릭스에 냄새가 좀 나서 사용안하고 몇일을 환기시켰네요...,https://phinf.pstatic.net/checkout.phinf/20210321_1/1616337351998rIa4D_JPEG/review-attachment-44706da5-1e53-42f3-ac4e-b7c0cdb6e05f.jpeg?type=f300_300,ssam****,20.12.30.
97,5,판매자분도 응답 빠르시고 배송기사님도 친절하셨어요!! 제품도 사진과 같이 너무 마음에 들어요! 여기서 많이 구매할게요,https://phinf.pstatic.net/checkout.phinf/20210316_94/1615821425969YKvG1_JPEG/review-attachment-5556215d-7f39-4994-b933-a57ce876e651.jpeg?type=f300_300,sala****,21.01.05.
98,5,좋아요 근데 매트리스가 고정이 안되어 자꾸 움직여서 자주 밀어줘야 해요,https://phinf.pstatic.net/checkout.phinf/20210328_213/1616917248379WGf6I_JPEG/review-attachment-e67750eb-0f79-4fdc-80c5-da6556e56e68.jpeg?type=f300_300,amik****,21.01.10.
99,5,모양도 예쁘고 튼튼해서 마음에 들어요,https://phinf.pstatic.net/checkout.phinf/20210327_89/1616811986472Qd3M2_JPEG/review-attachment-958007b3-d281-4d72-849b-038d15241e08.jpeg?type=f300_300,brig****,21.01.09.
