﻿,star,review,reviewImage,customerId,reviewDate
0,4,"막막 고급스러운 느낌은 아니었지만 고민하다 확정 침대가 높아서 높이가 높은것이 좋을것 같아 구매 했어요
배송 빨랐어요",https://phinf.pstatic.net/image.nmv/shopnbuyer_2021_03_18_0/f50e1490-8786-11eb-8379-a0369ff968b0_03.jpg?type=ffn300_300,kiro****,21.03.12.
1,5,"너무 이뻐요ㆍ사은품으로주신 바구니도 너무 이뻐요ㆍ작은바구니 당첨됐는데 오히려 큰것보다 훨 이뻐요ㆍ
헤드가 촘촘하고 견고합니다ㆍ싼티도 안나고 가벼워서 이동도 편하네요ㆍ
단골 찜",https://phinf.pstatic.net/checkout.phinf/20210319_127/1616082656061z2b4a_JPEG/review-attachment-91c42776-47b4-4418-a2fa-5df698fa7f7d.jpeg?type=f300_300,tane****,21.02.04.
2,4,생각보다 탄탄해요~높이도 적당히 높아서 키낮은 원목침대 조립하고 매트리스까니 딱좋네요~근데색상이 화면보다 연해서 별하나 뺐어요 ㅎㅎ,https://phinf.pstatic.net/checkout.phinf/20210320_176/16162120200768ETu1_JPEG/review-attachment-38c9ab3a-b47a-460a-85e9-62063a5f1014.jpeg?type=f300_300,wjh6****,21.01.31.
3,5,색ㅇ감이 검은게많아서 아쉽네요,https://phinf.pstatic.net/checkout.phinf/20210308_119/1615210890678mSYoz_JPEG/review-attachment-a0c913aa-bdd5-4704-979e-249a57d5220b.jpeg?type=f300_300,kyou****,21.02.19.
4,4,"오래 기다렸고 참고할 후기들이 없어 갈등  많았어요. 받고 보니 괜찮네요 .테두리가 이중으로 되어있는 것이 더  낫지 않을까 생각했는데 생각했던 것보다 튼튼해보이고 디자인도 무난해서 푸근하고 싫증나지 않을 것 같아요.
다른 분들 참고하시라고 올립니다",https://phinf.pstatic.net/checkout.phinf/20210310_60/16153745594077WgYV_JPEG/review-attachment-4d080459-586f-4cf7-bbe4-f535cb9bba5f.jpeg?type=f300_300,gold****,21.01.23.
5,5,"라탄 헤드 침대가 너무 비싸서 고민했는데
저상형 침대에 조합할 수 있는 해드가 있어서 구매했어요
저상형에는(현재 매트리스 15센치) 좀...과한 느낌이 있지만, 매트리스 높이가 40센치만 올라가도 예쁘게 딱 맞을 해드에요
사진 참고하세요",https://phinf.pstatic.net/image.nmv/shopnbuyer_2021_02_08_0/96e26fb1-69ae-11eb-8a7c-505dac8c3607_03.jpg?type=ffn300_300,has8****,21.01.24.
6,4,"드디어 제품 받았습니다 ㅠㅠㅠ
11월에 주문했는데 이제 도착했어요. 헤드보드 튼튼해보이고 우리 침실 인테리어와 잘 어울려서 만족하고 있어요. 베송만 그렇게 오래 안 걸렸으면 5점 ㅜㅜ",https://phinf.pstatic.net/checkout.phinf/20210325_220/16166257479352Juln_JPEG/review-attachment-c22096ea-e33f-4a2f-90b0-e4247159e593.jpeg?type=f300_300,mubu****,21.01.23.
7,5,이뿌네요~아들방을 라탄으로 시원하게 해주었어요,https://phinf.pstatic.net/checkout.phinf/20210327_92/1616803493042Fjhti_JPEG/review-attachment-e85d7ba4-0757-4a3a-8472-5cad0f651168.jpeg?type=f300_300,sunl****,21.01.28.
8,4,"오자마자 찍었어요 
이제 방에 설치해서 침실분위기 바꿀생각하니 설레네요 ㅋㅋㅋ",https://phinf.pstatic.net/checkout.phinf/20210107_104/1610015800326SV0DV_JPEG/review-attachment-0641e67a-a200-444b-b05c-4abb1fbe33ab.jpeg?type=f300_300,jjin****,21.01.24.
