﻿,star,review,reviewImage,customerId,reviewDate
0,5,"일단 먼저 배송해주신 배송직원분들 
너무 친절하셔서 감사드립니다.
오셔서 부모님 건강도 챙겨주시고 꼼꼼히
설치해주시고 너무 만족 스럽습니다.
지방이라 배송비 10만원이 부담스러웠지만,
부모님도 만족하시고 저 또한 만족하였습니다.
다음으로 침대 퀄리티는 이루 말할수 없을 정도로
이가격에 이렇게 좋은 제품을 사도되나 싶을정도로
좋아요.
2021년 들어서 옷좀 그만사고 이제 내방좀 꾸며보자
싶어서 가구부터 방 TV까지 바꾸고 포인트벽지도
원래 꽃무늬 였는데 이곳저곳 침대 알아보다가
미의뜰 가죽침대보고 결정한후 색상까지고르고
다이O가서 방음 시트지 사서 침대색이랑 가장 잘 어울릴 색으로 붙였어요.
침대들어오고나니 완벽해 졌네요.
주변 사람들에게 100번 1000번 소개시켜주고 싶어요.
가죽 냄세는 약간 나지만 심하게 나서 코를 찌를 정돈
아니고 고급스러운 가죽냄세라 괜찮아요.
이제 퇴근하고 샤워한후 저 가죽 등받이에 기대서
팝콘을 먹으며 영화를 볼 상상을 하며 일을 할 생각에
하루하루가 즐겁습니다.
방이 침대하나에 이렇게 달라지다니
너무 좋아요.
대전에 가구상가 가구판매전문점
다 알아봤는데 이제품보다 괜찮고
저렴한 제품 찾기 힘들거에요.
괜히 시간낭비 기름낭비하지마시고
제후기 보시고 꼭 주문하세요.
그리고 그래이색상이라해서 너무 어둡고 하지않고
집이 딱 아늑해지고 고급스러워져요.
라이트그레이랑 그레이중 고민했는데,
그레이색상 하길 잘한거같아요.
감사합니다",https://phinf.pstatic.net/image.nmv/shopnbuyer_2021_03_18_0/f50e1490-8786-11eb-8379-a0369ff968b0_03.jpg?type=ffn300_300,sadf****,21.02.03.
1,5,"생각보다 배송도 빠르고 설치기사님도 친절하셨어요.
등받이가 편한 침대를 고른건데 정말 편해요.
침대에 앉아있으면 내려오기 싫을정도네요.
합리적인 가격에 좋은제품을 받아서 좋아요.
(색상이 아이보리라서 때는 좀 잘 탈 것 같아요)",https://phinf.pstatic.net/checkout.phinf/20210319_127/1616082656061z2b4a_JPEG/review-attachment-91c42776-47b4-4418-a2fa-5df698fa7f7d.jpeg?type=f300_300,dfch****,21.03.19.
2,5,친구집에 놀러갔다가 보고 너무 편하고 좋아서 바로 구매 결정했습니다. 평생 써본 침대 중에 최고네요. 가족들한테도 강추 하고 있습니다. 좋은 가격 좋은 침대 감사합니다.,https://phinf.pstatic.net/checkout.phinf/20210320_176/16162120200768ETu1_JPEG/review-attachment-38c9ab3a-b47a-460a-85e9-62063a5f1014.jpeg?type=f300_300,lemo****,21.03.27.
3,4,"푹신푹신하고 너무편안해요 가격도 착하고~  ,><담에침대살일있으면 여기서살까해요ㅋ
많이파세용~^^!!",https://phinf.pstatic.net/checkout.phinf/20210308_119/1615210890678mSYoz_JPEG/review-attachment-a0c913aa-bdd5-4704-979e-249a57d5220b.jpeg?type=f300_300,jina****,21.03.26.
4,5,"엄마가 침대 바꾼다고 해서
주문했어요 잘받았습니다 
상담통화도 친절하시고 너무 좋았어요 
담에 저도 사려구요",https://phinf.pstatic.net/checkout.phinf/20210310_60/16153745594077WgYV_JPEG/review-attachment-4d080459-586f-4cf7-bbe4-f535cb9bba5f.jpeg?type=f300_300,slal****,21.03.09.
5,5,품질이 좋네요~ 배송도 빨라요 !,https://phinf.pstatic.net/image.nmv/shopnbuyer_2021_02_08_0/96e26fb1-69ae-11eb-8a7c-505dac8c3607_03.jpg?type=ffn300_300,hg25****,21.03.14.
6,5,"상품평이 하도 좋아서 주문했습니다. 무난하면서도 고급스럽네요. 헤드쿠션에 기대어 앉아보니 완전편해요. 우리집 쇼파보다 좋은듯...
기본매트위에 7~8센티정도 되는 온열매트 하나 더 올렸는데도 아주 편안하고 보기좋습니다. 매트 한단계 업그레이드 할껄하고 후회했는데 기본 매트도 아주 편하고 좋네요. 주위에 추천해도 칭찬들을거 같아요. 단점이있다면 침대와 히나가되어 일어나기 싫다는거예요....",https://phinf.pstatic.net/checkout.phinf/20210325_220/16166257479352Juln_JPEG/review-attachment-c22096ea-e33f-4a2f-90b0-e4247159e593.jpeg?type=f300_300,qq92****,21.02.02.
7,5,가격에비해 엄청비싸보이네요 이뻐요,https://phinf.pstatic.net/checkout.phinf/20210327_92/1616803493042Fjhti_JPEG/review-attachment-e85d7ba4-0757-4a3a-8472-5cad0f651168.jpeg?type=f300_300,dlal****,21.03.16.
8,5,생각했던거 보다 크고 넓어서 너무좋아요,https://phinf.pstatic.net/checkout.phinf/20210107_104/1610015800326SV0DV_JPEG/review-attachment-0641e67a-a200-444b-b05c-4abb1fbe33ab.jpeg?type=f300_300,kimd****,21.03.14.
9,4,부모님 선물로 이곳에서 침대와 매트리스를 구입하면서 매트커버까지 함께 구매하였습니다. 부모님께서 너무 좋아하십니다. 한달이 지났지만 집에 놀러갈때마다 너무 좋다고 계속 말씀하시네요~ 보시면 아시겠지만 기존사이즈로 주문시에 문이 안닫힐꺼 같아서 걱정이였는데 매장을 방문했을때 주문사이즈로 가능하다고 하여 가로길이를 5cm작게 주문제작하였습니다. 덕분에 아주 딱 맞게 자리를 잡았고 문 열림에도 간섭이 없이 너무 만족합니다. 매트리스도 너무 편하다고 좋아하시네요~ 다음번 제 침대를 바꿀때도 고민없이 이곳으로 오겠습니다~^^,https://phinf.pstatic.net/checkout.phinf/20210320_196/1616206336693TnGGb_JPEG/review-attachment-6f96c771-e825-4084-a3c7-b68ac03f2da7.jpeg?type=f300_300,vsja****,21.02.04.
10,5,가성비도 엄청 좋고 배송도 빨리 해주셔서 좋았어요,https://phinf.pstatic.net/checkout.phinf/20210221_195/1613906687119H30Rs_JPEG/review-attachment-88d851ad-289c-44ae-9713-647970bd446f.jpeg?type=f300_300,thdm****,21.03.28.
11,5,침대는좋습니다. 생각했던것보다 좋아요.,https://phinf.pstatic.net/checkout.phinf/20210326_233/1616733550718xm6ES_JPEG/review-attachment-82ce0c68-4eea-44ca-8516-25b8964bed1e.jpeg?type=f300_300,dleo****,21.03.24.
12,5,쿠션감이 너무 푹신거려서 불편합니다.,https://phinf.pstatic.net/checkout.phinf/20210302_38/1614669677617STteg_JPEG/review-attachment-fe7d1778-e849-43bf-9c69-25c387d92967.jpeg?type=f300_300,jmh7****,21.03.26.
13,5,아이보리색이 갈수록 더 이쁘네요. 안방이 환해졌어요. 이사와서 다시 세팅했는데 다들 침대 예쁘다고 하네요. 홍보 많이 했어요^^,https://phinf.pstatic.net/checkout.phinf/20210324_14/1616592268376oVcrO_JPEG/review-attachment-6944ab6a-f4c1-4229-913f-2d91456cb49f.jpeg?type=f300_300,slp_****,21.02.14.
14,5,오가닉 매트리스 탄탄하니좋아여!! 침대높이도 적당히높아서 괜찮아요 프레임이 튼튼하고 헤드부분쿠션도 푹식하면서 탄탄하고 마약침대가 따로읍어요!!,https://phinf.pstatic.net/image.nmv/shopnbuyer_2021_03_06_0/25e12ea8-7e50-11eb-a12c-a0369ff963bc_03.jpg?type=ffn300_300,dodo****,21.02.08.
15,5,"설치하시는분 친절하게 잘해주셨고, 배송일 잘집겨주셔서 감사합니다.프레임과 헤드쿠션감과 색상 예퍼요.다만 아쉽게도.매트리스가 좀 얇아서 토퍼 더 깔았어요.",https://phinf.pstatic.net/checkout.phinf/20210320_105/1616223781647oNk9X_JPEG/review-attachment-8c22d43d-4e43-4bfc-828c-acfb5e3189e2.jpeg?type=f300_300,nuny****,21.02.04.
16,5,"배송하시는분이 친철하시고,  원하는 날짜에 도착했어요.
매트리스는 생각보다 좀 낮은느낌이 있긴하지만 너무 푹신하지도 딱딱하지도 않고 딱입니다.
방수커버 누락하셔서 별하나 뺐어요.
그래도 상담하시는분이 친절대응해서 감사합니다",https://phinf.pstatic.net/checkout.phinf/20210321_1/1616337351998rIa4D_JPEG/review-attachment-44706da5-1e53-42f3-ac4e-b7c0cdb6e05f.jpeg?type=f300_300,oh-1****,21.02.01.
17,5,침대 너무 좋아요..튼튼해요,https://phinf.pstatic.net/checkout.phinf/20210316_94/1615821425969YKvG1_JPEG/review-attachment-5556215d-7f39-4994-b933-a57ce876e651.jpeg?type=f300_300,sas1****,21.03.15.
18,3,빠른 배송감사합니다,https://phinf.pstatic.net/checkout.phinf/20210328_213/1616917248379WGf6I_JPEG/review-attachment-e67750eb-0f79-4fdc-80c5-da6556e56e68.jpeg?type=f300_300,free****,21.03.19.
19,5,생각보다는 매트리스가 높지않았어요 ..,https://phinf.pstatic.net/checkout.phinf/20210327_89/1616811986472Qd3M2_JPEG/review-attachment-958007b3-d281-4d72-849b-038d15241e08.jpeg?type=f300_300,0169****,21.03.11.
20,5,그냥 좋아요 쿠션좋아요,https://phinf.pstatic.net/image.nmv/shopnbuyer_2021_03_18_0/f50e1490-8786-11eb-8379-a0369ff968b0_03.jpg?type=ffn300_300,wise****,21.03.13.
21,5,생각보다는 안푹신신해요,https://phinf.pstatic.net/checkout.phinf/20210319_127/1616082656061z2b4a_JPEG/review-attachment-91c42776-47b4-4418-a2fa-5df698fa7f7d.jpeg?type=f300_300,0169****,21.03.11.
22,5,색도 고급스럽도 매트리스도 좋아요!! 배송도 엄청빠르고 좋네요 감사합니다,https://phinf.pstatic.net/checkout.phinf/20210320_176/16162120200768ETu1_JPEG/review-attachment-38c9ab3a-b47a-460a-85e9-62063a5f1014.jpeg?type=f300_300,yumi****,21.02.03.
23,4,"부모님댁에 아버님, 어머님 모두 년식이 쫌 되서 알아보다가 제품이 눈에 들어와 구입하게되었네요. 
색상 블랙이랑 그레이랑 고민되고, 배송일정도 지정해야 해서 상담전화하니.. 너무 친절하게 상담해 주셔서 바로 구매결정하게 됬네요. 색상 싸우지 마시라고 아버님, 어머님 모두 같은색상으로 두개 주문... 아버님꺼는 매트리스까지 (이거 가성비 좋네요).. 어머님은 기존에 따로 쓰시는 맥섬석매트가 있어서 매트리스는 패스~했구요. 등쿠션도 맘에 들고, 머 흠잡을때 찾지못함. 잘 만들어주신거 같네요.
설치기사님 워하는 날짜에 정확히 와주시고,, 도와드리고 싶은데.. 괜찬다고 혼자서 모두 옯겨주시네요. 그리고, 설치해 주십면서도 아버님, 어머님 허리걱정도 해주시면서,, 운동 많이 하시라고 말씀도 많이해주시고... 힘드실텐데도  친절이 그냥 몸에 배신듯~^^
하루 주무시고 담날 어머님께 전화왔습니다.
너무 좋다고~ 기분 좋네요.ㅎㅎ",https://phinf.pstatic.net/checkout.phinf/20210308_119/1615210890678mSYoz_JPEG/review-attachment-a0c913aa-bdd5-4704-979e-249a57d5220b.jpeg?type=f300_300,kiwe****,20.12.06.
24,5,배송도 최고구요^^ 아이보리색 어떨까 고민 많이 했는데 정말 이뻐요. 2월 이사라 지정배송할까했는데 이사가서 바로 편하게 자려고 바로 주문했어요. 정말 이쁘고 고급스럽네요. 톡톡문의도 친절하셔서 상담 잘 받았었구요. 배송도 정말 친절하세요.,https://phinf.pstatic.net/checkout.phinf/20210310_60/16153745594077WgYV_JPEG/review-attachment-4d080459-586f-4cf7-bbe4-f535cb9bba5f.jpeg?type=f300_300,slp_****,21.01.15.
25,5,프레임이 많이 딱딱해요. 매트리스에 따라서 다른지 모르겠는데 매트리스가 침대헤드에 딱 맞춰 들어가지않아서 그게 좀 그래요.. 매트리가 좀 높은것같아요. 누웠을때는 편하고 좋아요.,https://phinf.pstatic.net/image.nmv/shopnbuyer_2021_02_08_0/96e26fb1-69ae-11eb-8a7c-505dac8c3607_03.jpg?type=ffn300_300,sjav****,21.02.10.
26,5,"아주 편안하고 좋아요^^
만족합니다!!!!",https://phinf.pstatic.net/checkout.phinf/20210325_220/16166257479352Juln_JPEG/review-attachment-c22096ea-e33f-4a2f-90b0-e4247159e593.jpeg?type=f300_300,jhmo****,21.02.03.
27,4,생각한거보다 더 좋아요,https://phinf.pstatic.net/checkout.phinf/20210327_92/1616803493042Fjhti_JPEG/review-attachment-e85d7ba4-0757-4a3a-8472-5cad0f651168.jpeg?type=f300_300,siy0****,21.02.27.
28,5,"정말 정말 기대이상으로 좋아요 
매트리스 기본으로 해도 너무 안말랑하고 좋고 
침대 자체가 나사로 연결되는게 아니라서 내구성은 정말 좋을 것 같습니다. 다만 찍찍이 부분이 시간이 지나면 좀 접착력이 떨어질지는 염려 되긴 합니다
가죽도 진짜 좋고 색상도 넘 좋습니다 
사기 전 여러가지 여쭤보려 전화상담도 드리고 했는데, 정말 친절하게 응대해주셨습니다 
감사합니다
💖💖그리고 배송기사님들도 마스크 꼭꼭 하시고 오셔서 더 좋았어요",https://phinf.pstatic.net/checkout.phinf/20210107_104/1610015800326SV0DV_JPEG/review-attachment-0641e67a-a200-444b-b05c-4abb1fbe33ab.jpeg?type=f300_300,bani****,20.12.28.
29,5,침대가 생각보다 커요 헤드와 쿠션이 두껍고 빵빵하기 때문인거 같아요 ㅋㅋㅋ 설치도 초스피드로 해주셨어요 ~ 가죽냄새는 환기 좀 시켜야할거같아요 ㅠ 고급스럽고 만족합니다,https://phinf.pstatic.net/checkout.phinf/20210320_196/1616206336693TnGGb_JPEG/review-attachment-6f96c771-e825-4084-a3c7-b68ac03f2da7.jpeg?type=f300_300,loki****,21.01.11.
30,5,좋아요 만족합니다 굿굿,https://phinf.pstatic.net/checkout.phinf/20210221_195/1613906687119H30Rs_JPEG/review-attachment-88d851ad-289c-44ae-9713-647970bd446f.jpeg?type=f300_300,bums****,21.02.23.
31,5,"할아버지댁에 보내드렸는데 디자인도 이쁘고 너무 마음에 들어하세요^^
매트리스도 딱 적당하고 좋다고 하시구요
저희 엄마가 보고 오시더니 탐난다고 하시네요ㅎㅎ",https://phinf.pstatic.net/checkout.phinf/20210326_233/1616733550718xm6ES_JPEG/review-attachment-82ce0c68-4eea-44ca-8516-25b8964bed1e.jpeg?type=f300_300,00cu****,21.01.04.
32,5,"넘 잘산거같아요
견고하고 넘 이쁘요",https://phinf.pstatic.net/checkout.phinf/20210302_38/1614669677617STteg_JPEG/review-attachment-fe7d1778-e849-43bf-9c69-25c387d92967.jpeg?type=f300_300,rpfl****,21.02.18.
33,5,무게감 있고 좋아요,https://phinf.pstatic.net/checkout.phinf/20210324_14/1616592268376oVcrO_JPEG/review-attachment-6944ab6a-f4c1-4229-913f-2d91456cb49f.jpeg?type=f300_300,akwl****,21.02.10.
34,5,"디자인은 예쁜데
매트리스가 너무 푹신거리네요",https://phinf.pstatic.net/image.nmv/shopnbuyer_2021_03_06_0/25e12ea8-7e50-11eb-a12c-a0369ff963bc_03.jpg?type=ffn300_300,jmh7****,21.02.06.
35,5,쿠션도 푹신하고 색상도 맘에 들어요,https://phinf.pstatic.net/checkout.phinf/20210320_105/1616223781647oNk9X_JPEG/review-attachment-8c22d43d-4e43-4bfc-828c-acfb5e3189e2.jpeg?type=f300_300,meph****,21.02.03.
36,5,직접 매장 방문하고 여러침대 프레임과 매트리스까지 골랐습니다. 부모님 선물인데 좋아하시네요~,https://phinf.pstatic.net/checkout.phinf/20210321_1/1616337351998rIa4D_JPEG/review-attachment-44706da5-1e53-42f3-ac4e-b7c0cdb6e05f.jpeg?type=f300_300,vsja****,20.12.30.
37,5,싱글사이즈인데 퀸사이즈를 배송했지만 바로 교체받았어요...확인좀 하고 집으로 들여야하지않을까요?굳이 방까지 들여놔야지 사이즈를 알수있나싶습니다...받침마감도 제가 보지않았다면 그냥 넘기고  썼을듯 싶구요....그럼에도 상품은 가격대비 냄새도 많이 안나고 견고한듯합니다. 제품은 마음에듭니다.,https://phinf.pstatic.net/checkout.phinf/20210316_94/1615821425969YKvG1_JPEG/review-attachment-5556215d-7f39-4994-b933-a57ce876e651.jpeg?type=f300_300,rada****,20.12.06.
38,5,기사님이 참 친절했어요.,https://phinf.pstatic.net/checkout.phinf/20210328_213/1616917248379WGf6I_JPEG/review-attachment-e67750eb-0f79-4fdc-80c5-da6556e56e68.jpeg?type=f300_300,evec****,21.01.09.
39,5,반신반의하면서 구매햇는데 아주만족합니다,https://phinf.pstatic.net/checkout.phinf/20210327_89/1616811986472Qd3M2_JPEG/review-attachment-958007b3-d281-4d72-849b-038d15241e08.jpeg?type=f300_300,wow5****,21.01.20.
40,5,"상품너무 잘 받았구요. 친절상담. 친절설치 모두 만족합니다.
무엇보다 침대가 좋아서 만족또 만족 합니다.
어머님, 아버님 모두 좋아하시네요.",https://phinf.pstatic.net/image.nmv/shopnbuyer_2021_03_18_0/f50e1490-8786-11eb-8379-a0369ff968b0_03.jpg?type=ffn300_300,kiwe****,20.12.06.
41,5,"와~~ 완전크고~~ 완전 이뻐욤^^
적당한쿠션감 좋구요~ 아이보리색상 분위기 확사네영~ 다만 헤드쿠션이 과하게 커서^^;;;;
좀 부담스럽네요.. 안방에선 거의 잠만자니까 괜찮은데~ 안방이꽉차서 ㅎㅎ 이가격에 만족합니다",https://phinf.pstatic.net/checkout.phinf/20210319_127/1616082656061z2b4a_JPEG/review-attachment-91c42776-47b4-4418-a2fa-5df698fa7f7d.jpeg?type=f300_300,rose****,20.11.27.
42,5,"가격대비  완전 만족이예요^^ 쿠션도 너무 
푹신하지않고  적당해요^^
친절한 배송기사님도 칭찬합니다!",https://phinf.pstatic.net/checkout.phinf/20210320_176/16162120200768ETu1_JPEG/review-attachment-38c9ab3a-b47a-460a-85e9-62063a5f1014.jpeg?type=f300_300,dona****,20.12.04.
43,4,침대 프레임 생각보다 고급스럽고 사진과달리 높아요 매트리스는 오히려 딱딱한편이라 좋네요~,https://phinf.pstatic.net/checkout.phinf/20210308_119/1615210890678mSYoz_JPEG/review-attachment-a0c913aa-bdd5-4704-979e-249a57d5220b.jpeg?type=f300_300,wndu****,20.12.03.
44,5,"침대프레임이 생각보다크지만
쿠션이 튼튼해보여서좋아요~",https://phinf.pstatic.net/checkout.phinf/20210310_60/16153745594077WgYV_JPEG/review-attachment-4d080459-586f-4cf7-bbe4-f535cb9bba5f.jpeg?type=f300_300,hd08****,20.12.13.
45,5,"너무 잘 사용하고 있습니다.가성비갑~
근데 침대 밑단 가죽이 조금 찢겨서 마음 아프네요ㅜ",https://phinf.pstatic.net/image.nmv/shopnbuyer_2021_02_08_0/96e26fb1-69ae-11eb-8a7c-505dac8c3607_03.jpg?type=ffn300_300,icec****,20.12.24.
46,5,감사합니다.잘 받았어요,https://phinf.pstatic.net/checkout.phinf/20210325_220/16166257479352Juln_JPEG/review-attachment-c22096ea-e33f-4a2f-90b0-e4247159e593.jpeg?type=f300_300,zxco****,20.12.31.
47,4,잘 받았어요~냄새 조금 나지만 환기시키고 있어요! 예쁘네요,https://phinf.pstatic.net/checkout.phinf/20210327_92/1616803493042Fjhti_JPEG/review-attachment-e85d7ba4-0757-4a3a-8472-5cad0f651168.jpeg?type=f300_300,eunj****,20.12.23.
48,5,"좋긴한데..특히 등받이요
근데 매트리스 높이랑 안 맞아서
헤드쪽 공간이 떠서
매트리스가 밖으로 튀어나와요ㅜㅜ
구입전 문의했을때 괜찮을거라고 하셔서 그냥 구매진행했는데 내내 신경쓰이네요
구입하시는 분들은 매트리스 높이랑 잘 맞추세요",https://phinf.pstatic.net/checkout.phinf/20210107_104/1610015800326SV0DV_JPEG/review-attachment-0641e67a-a200-444b-b05c-4abb1fbe33ab.jpeg?type=f300_300,suap****,20.12.02.
49,5,"헤드 쿠션이 볼륨감은 물론 쿠션감까지 상당히 좋네요
후기를 보고 색상은 그레이로 선택했는데 차분하면서도 은은한 고급스런 느낌이 만족스럽네요
예약 후 사전 설치 일정 안내 및 지정일 배송 설치를 받아서 아주 만족스럽습니다
설치도 깔끔해 더욱 만족~",https://phinf.pstatic.net/checkout.phinf/20210320_196/1616206336693TnGGb_JPEG/review-attachment-6f96c771-e825-4084-a3c7-b68ac03f2da7.jpeg?type=f300_300,k2br****,20.10.13.
50,4,"배송도 빠르고 가격도 저렴하고 고급져보여요~
3개 구매 했는데 부모님 동생 모두 매우 만족해용~^^
추천추천 합니다",https://phinf.pstatic.net/checkout.phinf/20210221_195/1613906687119H30Rs_JPEG/review-attachment-88d851ad-289c-44ae-9713-647970bd446f.jpeg?type=f300_300,love****,20.11.13.
51,5,"배송도 빠르고 가격도 저렴하고 고급져보여요~
3개 구매 했는데 부모님 동생 모두 매우 만족해용~^^
추천추천 합니다 !!",https://phinf.pstatic.net/checkout.phinf/20210326_233/1616733550718xm6ES_JPEG/review-attachment-82ce0c68-4eea-44ca-8516-25b8964bed1e.jpeg?type=f300_300,love****,20.11.13.
52,4,프레임은 역시 리뷰대로 좋아요. 색상도 마음에 들어요. 배송 오기로 한 날짜와 시간에 기다렸는데 못받고 결국 며칠 더 걸려서 받아 별점 2개 뺐어요~,https://phinf.pstatic.net/checkout.phinf/20210302_38/1614669677617STteg_JPEG/review-attachment-fe7d1778-e849-43bf-9c69-25c387d92967.jpeg?type=f300_300,smks****,20.11.07.
53,4,배송기사님도 친절 침대도 만족 ㅋ,https://phinf.pstatic.net/checkout.phinf/20210324_14/1616592268376oVcrO_JPEG/review-attachment-6944ab6a-f4c1-4229-913f-2d91456cb49f.jpeg?type=f300_300,akwl****,20.11.30.
54,4,주위에서 다들 잘삿다고해요~~튼튼하고..오가닉매트리스는 쿠션도 적당하고..맘에듭니다~~,https://phinf.pstatic.net/image.nmv/shopnbuyer_2021_03_06_0/25e12ea8-7e50-11eb-a12c-a0369ff963bc_03.jpg?type=ffn300_300,dong****,20.12.05.
55,5,일단 기사님 너무 착하셔서 오히려 더 도와드렸던거같아요 상품도 흠집하나 없이 컬러도 예쁘게 잘 빠졌어요 아직 새 집이라 커버만 했지만 쿠션감 첵오인거같네요 퀸사이즈인데 뭔가 더 넓은 기분이랄까요 만족도는 첵오 입니당~,https://phinf.pstatic.net/checkout.phinf/20210320_105/1616223781647oNk9X_JPEG/review-attachment-8c22d43d-4e43-4bfc-828c-acfb5e3189e2.jpeg?type=f300_300,rlaw****,20.10.29.
56,5,"배송도 빠르고 가격도 저렴하고 고급져보여용^^
지인분들에게 추천하려구용!",https://phinf.pstatic.net/checkout.phinf/20210321_1/1616337351998rIa4D_JPEG/review-attachment-44706da5-1e53-42f3-ac4e-b7c0cdb6e05f.jpeg?type=f300_300,love****,20.11.13.
57,5,"프레임이 아주 맘에듭니다~
매트리스때문에 고민이 많아 톡톡으로 질문이 많았는데 답변도 잘해주시고요~
튼튼하고 좋아요 
아무소리도 나지않구요
침대 삐걱대는소리 진짜 듣기 싫잖아요",https://phinf.pstatic.net/checkout.phinf/20210316_94/1615821425969YKvG1_JPEG/review-attachment-5556215d-7f39-4994-b933-a57ce876e651.jpeg?type=f300_300,roey****,20.11.01.
58,3,"최저가 금액의침대만사다가 조금업글해서사봤는데 와좋네요 매트리스두껍고 높고여러모로 편합니다, 여유있었으면 매트리스한단계더 업글할걸 그랬네요 이사계획있으면미리 여유있게이주전 주문하세요ㅡ,",https://phinf.pstatic.net/checkout.phinf/20210328_213/1616917248379WGf6I_JPEG/review-attachment-e67750eb-0f79-4fdc-80c5-da6556e56e68.jpeg?type=f300_300,cnsw****,20.10.30.
59,5,편안하고 국산이라그런지 냄새도없고 색상도이쁘고 조립간편해서 좋아요,https://phinf.pstatic.net/checkout.phinf/20210327_89/1616811986472Qd3M2_JPEG/review-attachment-958007b3-d281-4d72-849b-038d15241e08.jpeg?type=f300_300,mind****,20.10.31.
60,5,"생각보다 크고
매트리스중간급했는대 후회는
안해요~ 라텍스 위에 올려 좀 높이 사용하려구여
설칙깔끔히 빠르게 잘해주셨어요",https://phinf.pstatic.net/image.nmv/shopnbuyer_2021_03_18_0/f50e1490-8786-11eb-8379-a0369ff968b0_03.jpg?type=ffn300_300,whee****,20.10.20.
61,5,"고급스럽고 등받이쿠션이 넘좋음
매트리스는 적당히 통통튀어 딱좋음",https://phinf.pstatic.net/checkout.phinf/20210319_127/1616082656061z2b4a_JPEG/review-attachment-91c42776-47b4-4418-a2fa-5df698fa7f7d.jpeg?type=f300_300,shil****,20.11.22.
62,5,빠른 배송 좋은 품질 착한 가격 완전 좋아요,https://phinf.pstatic.net/checkout.phinf/20210320_176/16162120200768ETu1_JPEG/review-attachment-38c9ab3a-b47a-460a-85e9-62063a5f1014.jpeg?type=f300_300,103m****,20.11.23.
63,4,배송도 마음에들고 침대도 좋아요,https://phinf.pstatic.net/checkout.phinf/20210308_119/1615210890678mSYoz_JPEG/review-attachment-a0c913aa-bdd5-4704-979e-249a57d5220b.jpeg?type=f300_300,blue****,20.11.18.
64,5,배송도좋고 침대도 마음에듭니다,https://phinf.pstatic.net/checkout.phinf/20210310_60/16153745594077WgYV_JPEG/review-attachment-4d080459-586f-4cf7-bbe4-f535cb9bba5f.jpeg?type=f300_300,blue****,20.11.18.
65,5,튼튼하게 오래오래 잘 사용해볼게요,https://phinf.pstatic.net/image.nmv/shopnbuyer_2021_02_08_0/96e26fb1-69ae-11eb-8a7c-505dac8c3607_03.jpg?type=ffn300_300,mimo****,20.10.24.
66,5,"선물드렸는데 맘에들어하십니다
가격대비 좋습니다",https://phinf.pstatic.net/checkout.phinf/20210325_220/16166257479352Juln_JPEG/review-attachment-c22096ea-e33f-4a2f-90b0-e4247159e593.jpeg?type=f300_300,pr01****,20.10.14.
67,5,"편하고 좋다고 하네요~ 
좋은 제품 좋은가격으로 구매해서 
 한달후기 남김니다~
앞으로도 가구 구매할꺼 있음 이용할께요~
근데 배송비가 좀 비싸서 1점뺐어요",https://phinf.pstatic.net/checkout.phinf/20210327_92/1616803493042Fjhti_JPEG/review-attachment-e85d7ba4-0757-4a3a-8472-5cad0f651168.jpeg?type=f300_300,ckha****,20.10.19.
68,5,냄새가 잘 안빠짐..ㅠ,https://phinf.pstatic.net/checkout.phinf/20210107_104/1610015800326SV0DV_JPEG/review-attachment-0641e67a-a200-444b-b05c-4abb1fbe33ab.jpeg?type=f300_300,blue****,20.11.10.
69,4,푹신하니 좋아용~~~,https://phinf.pstatic.net/checkout.phinf/20210320_196/1616206336693TnGGb_JPEG/review-attachment-6f96c771-e825-4084-a3c7-b68ac03f2da7.jpeg?type=f300_300,youn****,20.11.12.
70,4,"오늘 침대 두세트 배송받았습니다.
디자인 깔끔하고 심플해서 좋습니다. 등받이 쿠션이 있어서 등을 기대고 책읽기 좋습니다. 배송 및 설치 깔끔하게 진행해 주셔서 좋았습니다. 다음에 추가구매할 예정입니다.
가성비 좋습니다.굿.....",https://phinf.pstatic.net/checkout.phinf/20210221_195/1613906687119H30Rs_JPEG/review-attachment-88d851ad-289c-44ae-9713-647970bd446f.jpeg?type=f300_300,phw8****,20.09.17.
71,5,"배송받고 헤드쪽 봉제선이 곧 튿어질것 같아서 연락드리고 다시 교체까지 우여곡절끝에 이제 끝난것 같습니다.
헤드쿠션감 좋구요
매트리스는 좀 하드한느낌입니다.
개인적으로 저는 괜찮은편입니다,",https://phinf.pstatic.net/checkout.phinf/20210326_233/1616733550718xm6ES_JPEG/review-attachment-82ce0c68-4eea-44ca-8516-25b8964bed1e.jpeg?type=f300_300,eosk****,20.09.29.
72,4,"기사님이 친절하세 배송해주셔서 맘에 들었고,생각보다 가구가 너무크네요,,,푹신하고 디자인이 이뻐요ㅐ",https://phinf.pstatic.net/checkout.phinf/20210302_38/1614669677617STteg_JPEG/review-attachment-fe7d1778-e849-43bf-9c69-25c387d92967.jpeg?type=f300_300,soo1****,20.10.18.
73,4,가격대비 훌륭합니다.,https://phinf.pstatic.net/checkout.phinf/20210324_14/1616592268376oVcrO_JPEG/review-attachment-6944ab6a-f4c1-4229-913f-2d91456cb49f.jpeg?type=f300_300,minh****,20.10.09.
74,3,직접보면 훨씬 고급스럽고 좋습니다. 단단해보이고 매트리스는 정말 좋습니다. 지금까지 많은 침대를 경험했지만 단연코 1등 침대 매트리스라고 생각합니다.,https://phinf.pstatic.net/image.nmv/shopnbuyer_2021_03_06_0/25e12ea8-7e50-11eb-a12c-a0369ff963bc_03.jpg?type=ffn300_300,will****,20.09.15.
75,5,진짜 꿀잠자고있습니다!! 아주조아요,https://phinf.pstatic.net/checkout.phinf/20210320_105/1616223781647oNk9X_JPEG/review-attachment-8c22d43d-4e43-4bfc-828c-acfb5e3189e2.jpeg?type=f300_300,aaa7****,20.10.21.
76,5,아주만족합니다.튼튼하고 색상도이뻐요,https://phinf.pstatic.net/checkout.phinf/20210321_1/1616337351998rIa4D_JPEG/review-attachment-44706da5-1e53-42f3-ac4e-b7c0cdb6e05f.jpeg?type=f300_300,leem****,20.10.15.
77,4,배송은 잘 왔구요 사진과 같이 침대 헤드 뒷편에 찍힘 있었고 매트리스 같은걸로 두개 주문했는데 높이 다릅니다  번거로와서 그냥 씁니다,https://phinf.pstatic.net/checkout.phinf/20210316_94/1615821425969YKvG1_JPEG/review-attachment-5556215d-7f39-4994-b933-a57ce876e651.jpeg?type=f300_300,sje0****,20.08.31.
78,5,언니 이사선물로 재구매~~~가격대비 튼튼하고..좋아요~~,https://phinf.pstatic.net/checkout.phinf/20210328_213/1616917248379WGf6I_JPEG/review-attachment-e67750eb-0f79-4fdc-80c5-da6556e56e68.jpeg?type=f300_300,dong****,20.10.18.
79,5,일단 배송이 너무 빠르고 몇일써보니까 앉아서 기대기도 너무 편하고 색상 디자인까지 너무 너무 맘에들어요  감사합니다 ~^^!!,https://phinf.pstatic.net/checkout.phinf/20210327_89/1616811986472Qd3M2_JPEG/review-attachment-958007b3-d281-4d72-849b-038d15241e08.jpeg?type=f300_300,smil****,20.09.15.
80,5,"디자인과 색상이    좋아요
가격 저렴사게 잘샀어요",https://phinf.pstatic.net/image.nmv/shopnbuyer_2021_03_18_0/f50e1490-8786-11eb-8379-a0369ff968b0_03.jpg?type=ffn300_300,mell****,20.10.10.
81,5,"배송은 일주일 정도 걸렸구요, 제품은 아주 만족해요~~",https://phinf.pstatic.net/checkout.phinf/20210319_127/1616082656061z2b4a_JPEG/review-attachment-91c42776-47b4-4418-a2fa-5df698fa7f7d.jpeg?type=f300_300,miye****,20.09.15.
82,5,패밀리 사이즈 아주좋아요.,https://phinf.pstatic.net/checkout.phinf/20210320_176/16162120200768ETu1_JPEG/review-attachment-38c9ab3a-b47a-460a-85e9-62063a5f1014.jpeg?type=f300_300,leem****,20.10.15.
83,4,기사님 친절하시고 상품은 생각보다 고급스럽고 좋아요,https://phinf.pstatic.net/checkout.phinf/20210308_119/1615210890678mSYoz_JPEG/review-attachment-a0c913aa-bdd5-4704-979e-249a57d5220b.jpeg?type=f300_300,nice****,20.10.07.
84,5,가격싸고 튼튼하고 편함,https://phinf.pstatic.net/checkout.phinf/20210310_60/16153745594077WgYV_JPEG/review-attachment-4d080459-586f-4cf7-bbe4-f535cb9bba5f.jpeg?type=f300_300,tren****,20.10.09.
85,5,배달해주시는분이 친절하셔서 좋았습니다,https://phinf.pstatic.net/image.nmv/shopnbuyer_2021_02_08_0/96e26fb1-69ae-11eb-8a7c-505dac8c3607_03.jpg?type=ffn300_300,eagl****,20.10.05.
86,5,배송이 조금만 더 빠르면 좋을 거 같아용~,https://phinf.pstatic.net/checkout.phinf/20210325_220/16166257479352Juln_JPEG/review-attachment-c22096ea-e33f-4a2f-90b0-e4247159e593.jpeg?type=f300_300,blue****,20.10.05.
87,5,"가격이저렴해서 반신반의하고 구입하였는데
생각보다 너무괜잖아서 잘사용하고있읍니다
너무좋아요 고민하지말고 구입하셔도 됩니다",https://phinf.pstatic.net/checkout.phinf/20210327_92/1616803493042Fjhti_JPEG/review-attachment-e85d7ba4-0757-4a3a-8472-5cad0f651168.jpeg?type=f300_300,wjdd****,20.08.22.
88,5,일단 너무 마음에 들고 이뻐요!! ㅠㅠ 진짜 제가 딱 찾던 침대입니다ㅠㅠ 거의 한달을 서치하고 미의뜰 제품을 발견했는데 ..너무 마음에 들어요ㅠㅠ 저는 화이트 샀는데 실물은 딱 화이트입니다!완전 밝고 어느 방에나 어울릴 무난한 색입니다! 그리고 저는 벽에 침대를 붙일 수 없어서 헤드가 튼튼하고 두꺼운 침대를 찾았는데 딱입니다! 사진에서 보다시피 진짜 두껍고 튼튼해요 !! 그리고 모서리가 둥글어서 긁히거나 다칠 위험도 없어서 좋아요!! 배송은 한 일주일 걸렸고 배송기사분도 너무 친절하셨어요~!! 진짜 이 가격에 이 제품 샀다는게 믿기지않아요 너무 마음에 들어요!! 더더더 번창하세요!!,https://phinf.pstatic.net/checkout.phinf/20210107_104/1610015800326SV0DV_JPEG/review-attachment-0641e67a-a200-444b-b05c-4abb1fbe33ab.jpeg?type=f300_300,jusi****,20.07.01.
89,5,"직접 체험해보지 못하고 구매한거라 걱정이 되었는데
안정감있고, 매트리스 쿠션감도 좋아요.
가격대비 고급스러워요.",https://phinf.pstatic.net/checkout.phinf/20210320_196/1616206336693TnGGb_JPEG/review-attachment-6f96c771-e825-4084-a3c7-b68ac03f2da7.jpeg?type=f300_300,vyqj****,20.09.01.
90,4,쓸수록더잘산것같아요,https://phinf.pstatic.net/checkout.phinf/20210221_195/1613906687119H30Rs_JPEG/review-attachment-88d851ad-289c-44ae-9713-647970bd446f.jpeg?type=f300_300,yumi****,20.09.02.
91,5,"침대 최고입니다 
저희는 프레임만구매했는데 딱 제가원하던쿠션감에 아주만족합니다
기사님들께서도 아주꼼꼼하게설치해주시고 물티슈로 일일이 더러운곳 다딱고 몇번씩 자리잡힌것확인해주셔서 너무감사했어요
처음엔 매트리스하고 헤드 큐션하고차이가많이날까 걱정도했는데 판매자님께서 아주친절히 담변주시고 이곳침대 짱짱입니다
너무감사하고 또감사합니다
다들 고민마시고 사세요 가격저렴하고 품질 또한 짱입니다
냄새도 안나요 ^ ^
저놈도 침대가좋은지 내려오질안아요ㅋㅋ",https://phinf.pstatic.net/checkout.phinf/20210326_233/1616733550718xm6ES_JPEG/review-attachment-82ce0c68-4eea-44ca-8516-25b8964bed1e.jpeg?type=f300_300,lees****,20.06.09.
92,4,조으네요 이가격에 특탬했어요,https://phinf.pstatic.net/checkout.phinf/20210302_38/1614669677617STteg_JPEG/review-attachment-fe7d1778-e849-43bf-9c69-25c387d92967.jpeg?type=f300_300,ckha****,20.09.12.
93,5,"침대없이 지내도 괜찮을거라 생각했는데
ㅠㅠ점점 더 필요성을 느끼게되더라구요
몇달내내 눈여겨 보고 있었는데 리뷰도 좋고
침대 디자인도 마음에 들어서 선택했어요~
받고나니 잘 선택한거같아여 다만 매트리스는
돈 좀 더 주더라도 3번째꺼 선택할걸 후회중이에여ㅜㅜ~~

또 배송기사님도 너무너무 친절하게 잘 설치해주고 가셨습니다. !!!!",https://phinf.pstatic.net/checkout.phinf/20210324_14/1616592268376oVcrO_JPEG/review-attachment-6944ab6a-f4c1-4229-913f-2d91456cb49f.jpeg?type=f300_300,xzmw****,20.07.17.
94,5,배송 기사님 친절하시고~~색상도 만족~~디지인도 심플하고 좋아요 ~~,https://phinf.pstatic.net/image.nmv/shopnbuyer_2021_03_06_0/25e12ea8-7e50-11eb-a12c-a0369ff963bc_03.jpg?type=ffn300_300,kse5****,20.08.15.
95,5,한달정도사용중입니다. 푹신푹신하고 태어날아가생각해서 킹사이즈로 주문했는데 크기도너무맘에들어요! 잘쓰겠습니다!!,https://phinf.pstatic.net/checkout.phinf/20210320_105/1616223781647oNk9X_JPEG/review-attachment-8c22d43d-4e43-4bfc-828c-acfb5e3189e2.jpeg?type=f300_300,eunj****,20.08.27.
96,5,"지인 이사 선물로 드렸는데, 색깔도 사이즈도 쿠션감도 다 맘에 들어서 잘 쓰고 있데요~!",https://phinf.pstatic.net/checkout.phinf/20210321_1/1616337351998rIa4D_JPEG/review-attachment-44706da5-1e53-42f3-ac4e-b7c0cdb6e05f.jpeg?type=f300_300,5678****,20.08.11.
97,5,"그레이 컬러도 너무 이쁘고 고그스럽고 매우 만족입니다
배송일도 맞춰주시고
매트리스 쿠션감은 적당히 탄탄하고 좋은데 두게는 생각보다 얇아요
그거 외에는 다 매우 만족해요~~",https://phinf.pstatic.net/checkout.phinf/20210316_94/1615821425969YKvG1_JPEG/review-attachment-5556215d-7f39-4994-b933-a57ce876e651.jpeg?type=f300_300,romi****,20.08.03.
98,5,너무 기분좋은 상품~~~판매자분도 기사님도 상품도~삼박자 대박!!!최고입니다!!!,https://phinf.pstatic.net/checkout.phinf/20210328_213/1616917248379WGf6I_JPEG/review-attachment-e67750eb-0f79-4fdc-80c5-da6556e56e68.jpeg?type=f300_300,eyey****,20.09.02.
99,5,"와~우
침대 정말 최고입니다 
프레임만구매했는데 틀어짐도없고 헤드쿠션도 좋고 침대너무잘샀어요
디자인또한 너무이쁘고 고급져서 침실분위기사네요",https://phinf.pstatic.net/checkout.phinf/20210327_89/1616811986472Qd3M2_JPEG/review-attachment-958007b3-d281-4d72-849b-038d15241e08.jpeg?type=f300_300,lees****,20.07.22.
