﻿,star,review,reviewImage,customerId,reviewDate
0,5,딱 원했던 스타일이에요! 사이즈 맞게 잘 제작해주셨습니다,https://phinf.pstatic.net/image.nmv/shopnbuyer_2021_03_18_0/f50e1490-8786-11eb-8379-a0369ff968b0_03.jpg?type=ffn300_300,cloz****,20.11.19.
1,5,"구매할때 좀 비싸다 생각했는데
받아보니까 비싼값하네요
수입가구처럼 정교하고 고급스럽습니다
진짜 침실분위기 확 바뀌었어요~
강추합니다.
전화문의도 되게 친절하셨구요
제침대사이즈 다체크하셔서 이쁘게 만들엊ᆢ셨어요~감사합니다",https://phinf.pstatic.net/checkout.phinf/20210319_127/1616082656061z2b4a_JPEG/review-attachment-91c42776-47b4-4418-a2fa-5df698fa7f7d.jpeg?type=f300_300,nett****,20.03.01.
2,5,고민을 진짜많이하다가 주문했는데 완전만족합니다,https://phinf.pstatic.net/checkout.phinf/20210320_176/16162120200768ETu1_JPEG/review-attachment-38c9ab3a-b47a-460a-85e9-62063a5f1014.jpeg?type=f300_300,t665****,19.12.01.
3,5,헤드 없이 주문해서 쓰다가 헤드를 주문했어요. 벽에 기대서 쓰고나 걸쇠를 나사로 부착해야 하는데 전 걸쇠로 했습니다. 헤드가 있으니까 더 아늑해 보이네요. 제 침대는 퀸인데 칼킹이면 더 비율이 좋아보일 것 같네요. 배송 시간도 약속 잘 지켜 주셨어요.,https://phinf.pstatic.net/checkout.phinf/20210308_119/1615210890678mSYoz_JPEG/review-attachment-a0c913aa-bdd5-4704-979e-249a57d5220b.jpeg?type=f300_300,dond****,19.02.13.
4,5,원하는 디자인에 색도 좋아요~~,https://phinf.pstatic.net/checkout.phinf/20210310_60/16153745594077WgYV_JPEG/review-attachment-4d080459-586f-4cf7-bbe4-f535cb9bba5f.jpeg?type=f300_300,wldm****,19.01.25.
5,5,좋아요. 같은 브랜드 다른 디자인이랑 한참 고민하다가 주문했어요. 웹상 이미지도 똑같고 아주 깔끔합니다. 프레임 있는 패밀리침대는 방사이즈때문아니어도 싫어서 오래 찾아다닌만큼 만족해요.,https://phinf.pstatic.net/image.nmv/shopnbuyer_2021_02_08_0/96e26fb1-69ae-11eb-8a7c-505dac8c3607_03.jpg?type=ffn300_300,chon****,18.07.15.
6,5,"좋아요. 오래 다른 디자인이랑 고민하다가 선택했어요. 웹상 이미지랑 똑같이 깔끔하게 나왔습니다.
범퍼같은 저상침대가 싫어서 오래 찾아다니다가 주문한만큼 만족합니다.",https://phinf.pstatic.net/checkout.phinf/20210325_220/16166257479352Juln_JPEG/review-attachment-c22096ea-e33f-4a2f-90b0-e4247159e593.jpeg?type=f300_300,chon****,18.07.15.
7,5,마음에 들어요. 이미지랑 똑같아요.,https://phinf.pstatic.net/checkout.phinf/20210327_92/1616803493042Fjhti_JPEG/review-attachment-e85d7ba4-0757-4a3a-8472-5cad0f651168.jpeg?type=f300_300,chon****,18.07.15.
8,5,마음에 들어요.,https://phinf.pstatic.net/checkout.phinf/20210107_104/1610015800326SV0DV_JPEG/review-attachment-0641e67a-a200-444b-b05c-4abb1fbe33ab.jpeg?type=f300_300,chon****,18.07.15.
