﻿,star,review,reviewImage,customerId,reviewDate
0,4,"냄새도 없고
삐걱 거림도 없고
다만....
흠??
이가 빠진것 마냥 
자꾸 거슬려요..",https://phinf.pstatic.net/image.nmv/shopnbuyer_2021_03_18_0/f50e1490-8786-11eb-8379-a0369ff968b0_03.jpg?type=ffn300_300,rkdg****,21.03.12.
1,4,튼튼하고 크고 좋아요,https://phinf.pstatic.net/checkout.phinf/20210319_127/1616082656061z2b4a_JPEG/review-attachment-91c42776-47b4-4418-a2fa-5df698fa7f7d.jpeg?type=f300_300,red_****,21.03.18.
2,5,"서랍내부 말고 전부 고무나무원목(집성원목)으로 안내받았고, 그래서 그런지 굉장히 무게감있거 튼튼해보입니다. 다만 덩치에 비해 서랍이 작다는 점, 배송기사분 실수로 문턱에 흠집이 조금 생겼다는 점 빼고는 만족합니다.",https://phinf.pstatic.net/checkout.phinf/20210320_176/16162120200768ETu1_JPEG/review-attachment-38c9ab3a-b47a-460a-85e9-62063a5f1014.jpeg?type=f300_300,khmo****,21.02.09.
