﻿,star,review,reviewImage,customerId,reviewDate
0,5,"너무 만족하면서 쓰고 있습니다.
이주전쯤 설치했는데, 당시 배송기사님도 너무 친절하셨어요. 

다만, 하단 기둥 두개를 최초 설치시에는 안쓰니까 침대 및에 보관하면 된다고 하고, 계속 가지고만 있다가 오늘 테이블 들어와서 분위기 낼겸 꼿아봤는데 하나는 잘 들어가는데 나머지 하나가 불량이었네요ㅜ 금이가고, 나사부분도 휘어져 있고.. 기둥하나만 교환 요청 드립니다... 

너무 속상하네요. 그래도 디자인 다 맘에 들어서 별다섯개 드립니다! 다른분들은 꼭 당일 껴보시길 바래요!",https://phinf.pstatic.net/image.nmv/shopnbuyer_2021_03_18_0/f50e1490-8786-11eb-8379-a0369ff968b0_03.jpg?type=ffn300_300,bria****,21.02.05.
1,4,"약속힌 날자에 배송되었고 왼쪽 봉에 찍힌부분과 발치에 봉이 헐거워서 as받기로 했어요.
기분은 좀 별로였는데 설치후 모습이 원하던거라 만족합니다.  다른곳에서 몇번을 봐도 맘에 둘지 않았는데 투매트를 썼던거라 이게 편하고 예쁘네요.
마감부분 신경 썼주셨음 별 5개 드리는데 1개 뺐네요",https://phinf.pstatic.net/checkout.phinf/20210319_127/1616082656061z2b4a_JPEG/review-attachment-91c42776-47b4-4418-a2fa-5df698fa7f7d.jpeg?type=f300_300,joun****,21.01.06.
2,4,9월12일에 주문하고 배송지정일보다 너무 늦게와서 매트리스만 먼저 받아 지내느라 힘들었지만 프레임까지 오고난 지금은 너무 만족스럽긴하네요 ^^,https://phinf.pstatic.net/checkout.phinf/20210320_176/16162120200768ETu1_JPEG/review-attachment-38c9ab3a-b47a-460a-85e9-62063a5f1014.jpeg?type=f300_300,yeri****,20.11.29.
3,5,배송도 예정일보다 빠르고 실물이 더 웅장한 침대라 맘에 들었습니다,https://phinf.pstatic.net/checkout.phinf/20210308_119/1615210890678mSYoz_JPEG/review-attachment-a0c913aa-bdd5-4704-979e-249a57d5220b.jpeg?type=f300_300,yk19****,20.11.06.
4,5,맘에들어요 원하던 상품이네요~~,https://phinf.pstatic.net/checkout.phinf/20210310_60/16153745594077WgYV_JPEG/review-attachment-4d080459-586f-4cf7-bbe4-f535cb9bba5f.jpeg?type=f300_300,gbgk****,20.10.16.
5,4,제가 침대 하나 사려고 가구점이란 가구점 다 둘러봤는데 이만큼의 퀄리티가 높은 침대는 보지를 못했습니다. 제 지인이 여기서 산 가구를 보고 바로 미라지 가구 주문했는데요 그래도 침대가 화면이랑 너무 다르면 어쩌나 걱정을 했었는데요! 괜한 걱정이였습니다 정말 내구성이며 보는 그대로 튼튼하고 화면그대로 고급집니당!!! 정말 만족한 구매해서 너무 기분 좋습니다! 많이 번창하세요!!!:),https://phinf.pstatic.net/image.nmv/shopnbuyer_2021_02_08_0/96e26fb1-69ae-11eb-8a7c-505dac8c3607_03.jpg?type=ffn300_300,qqot****,20.07.20.
6,4,"배송.날짜마춰와주었고 기사님들 친절하셨어요  설치후 침대 앞뒤에 프래임과매트리스 사이가 너무 벌어져 있더라고요. 첨엔  불량인줄알았어요.
침대커버로  커버가되니그냥쓰긴하겠지만  보기에좋지않을만큼 벌어져있어요",https://phinf.pstatic.net/checkout.phinf/20210325_220/16166257479352Juln_JPEG/review-attachment-c22096ea-e33f-4a2f-90b0-e4247159e593.jpeg?type=f300_300,ajys****,20.04.28.
7,5,완전 편하고 좋습니다 ㅎㅎㅎ 엄청 높고 엄청 크고 완전 웅장합니다 ㅎㅎㅎ,https://phinf.pstatic.net/checkout.phinf/20210327_92/1616803493042Fjhti_JPEG/review-attachment-e85d7ba4-0757-4a3a-8472-5cad0f651168.jpeg?type=f300_300,wlwl****,20.06.24.
8,5,웅장하고 크고 진짜 예뻐요! 근데 단점은 새가구 냄새가 좀 심해요 ㅜㅜ 산지 이주가 넘었는데 아직두 안빠져서 피톤치드. 숯 다 갖다놨는디 그래도 안빠지네요ㅠㅜ 외관은 너무 고급스럽고 예뻐요~,https://phinf.pstatic.net/checkout.phinf/20210107_104/1610015800326SV0DV_JPEG/review-attachment-0641e67a-a200-444b-b05c-4abb1fbe33ab.jpeg?type=f300_300,n131****,20.04.24.
9,5,생각보다 웅장하고 좋아요 !̑̈!̑̈!만족해요,https://phinf.pstatic.net/checkout.phinf/20210320_196/1616206336693TnGGb_JPEG/review-attachment-6f96c771-e825-4084-a3c7-b68ac03f2da7.jpeg?type=f300_300,ssss****,20.03.04.
10,4,"이뻐요
근데 협탁서랍이 뻣뻣해서 잘안열리네요
그것빼면 다 만족입니다",https://phinf.pstatic.net/checkout.phinf/20210221_195/1613906687119H30Rs_JPEG/review-attachment-88d851ad-289c-44ae-9713-647970bd446f.jpeg?type=f300_300,whtn****,20.02.22.
