﻿,star,review,reviewImage,customerId,reviewDate
0,5,밟으면 삐걱거리기는하는데 거슬리는 정도는 아니고 매트를 깔고 요를 두개 깔았어요 그리고 천을 덮으니 매트리스보다 나아요. 아주 좋네요,https://phinf.pstatic.net/image.nmv/shopnbuyer_2021_03_18_0/f50e1490-8786-11eb-8379-a0369ff968b0_03.jpg?type=ffn300_300,dldm****,21.03.23.
1,5,생각보다 잘쓰고있어요 첨엔 샌딩처리가 잘안된거같았는데 몇일나무냄새나다가 무난하게 잘쓰고있네요,https://phinf.pstatic.net/checkout.phinf/20210319_127/1616082656061z2b4a_JPEG/review-attachment-91c42776-47b4-4418-a2fa-5df698fa7f7d.jpeg?type=f300_300,lchl****,21.03.19.
2,4,"나무결이 좀 거칠은 편이네요.
 맨바닥에 매트리스를 놓으면 아무래도 관리가 힘들 것 같아 주문했는데
밑으로 들어가는 먼지를 청소할 때마다 매트리스 치우고 파레트 치우고 일이 힘들겠네요ㅠㅠ",https://phinf.pstatic.net/checkout.phinf/20210320_176/16162120200768ETu1_JPEG/review-attachment-38c9ab3a-b47a-460a-85e9-62063a5f1014.jpeg?type=f300_300,chun****,21.03.12.
3,5,갈라진게 한대 있으나 사용에 문제 없어그대로 씁니다  마음에 들어요,https://phinf.pstatic.net/checkout.phinf/20210308_119/1615210890678mSYoz_JPEG/review-attachment-a0c913aa-bdd5-4704-979e-249a57d5220b.jpeg?type=f300_300,jiho****,21.03.28.
4,5,배송은 빨라요. 어차피 매트리스 받치는 역할이라 가격대비해서 나쁘지 않은 것 같아요. 나무에 덴트 있는 부분은 레진 같은 걸로 채워서 보강했고 심각한 균열 같은 건 없어 보입니다. 아랫면 받침용 고무패킹이 삐뚤빼둘하게 부착돼있는 등 여러 모로 눈에 보이는게 많지만 어차피 매트리스 덮으면 안 보이니까 상관 없을 듯 하네요. 제 역할 하는데에는 문제 없을 것 같아서 만족,https://phinf.pstatic.net/checkout.phinf/20210310_60/16153745594077WgYV_JPEG/review-attachment-4d080459-586f-4cf7-bbe4-f535cb9bba5f.jpeg?type=f300_300,tmdd****,21.03.13.
5,5,사진과 설명과 같고다만 냄새가있어서 며칠 냄새뺐어요,https://phinf.pstatic.net/image.nmv/shopnbuyer_2021_02_08_0/96e26fb1-69ae-11eb-8a7c-505dac8c3607_03.jpg?type=ffn300_300,chfh****,21.03.23.
6,5,굳지 않은 본드가 경첩에 잔뜩 묻어있어서 닦느라고 애먹었습니다. 바닥부분 균열있구요 교환번거로워 그냥 씁니다만 출고할때 검수하시면 좋을것 같아요 잘 쓰겠습니다.,https://phinf.pstatic.net/checkout.phinf/20210325_220/16166257479352Juln_JPEG/review-attachment-c22096ea-e33f-4a2f-90b0-e4247159e593.jpeg?type=f300_300,pink****,21.03.24.
7,5,화면과 같아요 좀 냄새가 심해요ㅜ,https://phinf.pstatic.net/checkout.phinf/20210327_92/1616803493042Fjhti_JPEG/review-attachment-e85d7ba4-0757-4a3a-8472-5cad0f651168.jpeg?type=f300_300,chfh****,21.03.23.
8,4,"기존 침대가 프레임은 망가지고 매트는 사용하고 싶었는데, 저상 프레임으로 잘 활용하게 되었네요. 아이들이 있어서 낮은 침대도 좋은거 같아요. 
혼자하기엔 많이 크고 무거워서 남편이랑 같이 설치했네요. 윗면은 그럭저럭 괜찮은데 옆면이랑 뒷면은 나무결이 거친 부분이 있어서 닦을 때 조심해야할 거 같아요. 후기 보니 냄새 얘기가 많았는데 괜찮았어서 한번 닦아내고 바로 설치했답니다. 사이즈보다 조금 크게 해서 여유분을 남겼더니 침대시트도 깔끔하게 말리고 좋네요",https://phinf.pstatic.net/checkout.phinf/20210107_104/1610015800326SV0DV_JPEG/review-attachment-0641e67a-a200-444b-b05c-4abb1fbe33ab.jpeg?type=f300_300,tash****,21.02.04.
9,5,"이뻐요 리뷰에 슈퍼싱글이면 딱맞아서
나무 판자가 안보일것같아서 싱글2개
구매했다는글 보고 저도 싱글 2개 구매했어요",https://phinf.pstatic.net/checkout.phinf/20210320_196/1616206336693TnGGb_JPEG/review-attachment-6f96c771-e825-4084-a3c7-b68ac03f2da7.jpeg?type=f300_300,gowo****,21.03.07.
10,5,패밀리침대로하려 구매햇는데 싸이즈딱맞게들어가네요 잘쓸께요,https://phinf.pstatic.net/checkout.phinf/20210221_195/1613906687119H30Rs_JPEG/review-attachment-88d851ad-289c-44ae-9713-647970bd446f.jpeg?type=f300_300,ey21****,21.03.10.
11,3,생각보다 정말 정말 무거워요. 여자 둘이서 겨우 옮겼어요 구르마가 있어서 겨우 옮겼네요 처음에는 물티슈로 3번 정도 닦았구요 마르고 난 뒤에 바로 사용하고 있습니다. 옹이 부분도 다른 분들은 하자가 있었지만 저는 하자 없이 잘 왔네요. 잘 쓰겠습니다,https://phinf.pstatic.net/checkout.phinf/20210326_233/1616733550718xm6ES_JPEG/review-attachment-82ce0c68-4eea-44ca-8516-25b8964bed1e.jpeg?type=f300_300,bb05****,21.02.14.
12,3,세워두니 공간활용 잘 되네요,https://phinf.pstatic.net/checkout.phinf/20210302_38/1614669677617STteg_JPEG/review-attachment-fe7d1778-e849-43bf-9c69-25c387d92967.jpeg?type=f300_300,gray****,21.03.15.
13,3,슈퍼싱글사이즈가 딱맞고 조립상태와 바닥부분 한뼘에 하나씩 실리콘재질의 받침대도 잘박혀있네요,https://phinf.pstatic.net/checkout.phinf/20210324_14/1616592268376oVcrO_JPEG/review-attachment-6944ab6a-f4c1-4229-913f-2d91456cb49f.jpeg?type=f300_300,2004****,21.01.28.
14,4,한달사용 동일합니다,https://phinf.pstatic.net/image.nmv/shopnbuyer_2021_03_06_0/25e12ea8-7e50-11eb-a12c-a0369ff963bc_03.jpg?type=ffn300_300,tnse****,21.03.16.
15,5,경첩이 세개 달렷으면 좋았을텐데 두개만 달려있어서 좀 불안불안해요,https://phinf.pstatic.net/checkout.phinf/20210320_105/1616223781647oNk9X_JPEG/review-attachment-8c22d43d-4e43-4bfc-828c-acfb5e3189e2.jpeg?type=f300_300,rhkd****,21.03.08.
16,5,사이즈도 좋고 가벼워서 좋아요~ 가볍게 설치 끝,https://phinf.pstatic.net/checkout.phinf/20210321_1/1616337351998rIa4D_JPEG/review-attachment-44706da5-1e53-42f3-ac4e-b7c0cdb6e05f.jpeg?type=f300_300,loob****,21.02.24.
17,5,슈퍼싱글 매트리스에 아주 딱 맞아요! 저는 깔판이 남지않고 매트리스와 딱 맞는걸 원했는데 아주좋아요 아주 만족합니다!,https://phinf.pstatic.net/checkout.phinf/20210316_94/1615821425969YKvG1_JPEG/review-attachment-5556215d-7f39-4994-b933-a57ce876e651.jpeg?type=f300_300,ssil****,21.02.23.
18,5,배송빠르고 저렴하게잘산거같습니다 생각보다 마감처리잘된 제품이였고  나무가루가 좀많이 날리긴하더라구요 잘써보겠습니다,https://phinf.pstatic.net/checkout.phinf/20210328_213/1616917248379WGf6I_JPEG/review-attachment-e67750eb-0f79-4fdc-80c5-da6556e56e68.jpeg?type=f300_300,lchl****,21.02.17.
19,5,잘쓰고 있어요 저상으로 쓰니 너무 편리해요,https://phinf.pstatic.net/checkout.phinf/20210327_89/1616811986472Qd3M2_JPEG/review-attachment-958007b3-d281-4d72-849b-038d15241e08.jpeg?type=f300_300,wldn****,21.03.04.
20,5,"깨끗하고 마감 좋아요
다만 한개씩 밟으면 약합니다
매트깔면 약하지 않아요
은은한 나무향 나면서 좋네요",https://phinf.pstatic.net/image.nmv/shopnbuyer_2021_03_18_0/f50e1490-8786-11eb-8379-a0369ff968b0_03.jpg?type=ffn300_300,dkdl****,21.03.12.
21,5,편하고 좋아요. 자취 할 때 좋은 듯 해요,https://phinf.pstatic.net/checkout.phinf/20210319_127/1616082656061z2b4a_JPEG/review-attachment-91c42776-47b4-4418-a2fa-5df698fa7f7d.jpeg?type=f300_300,phs7****,21.03.21.
22,4,"높이가 좀더 높으면 좋을것같애용 
냄새는 나무냄새나고 좋아서 쓰면서 큰 불편 없습니당",https://phinf.pstatic.net/checkout.phinf/20210320_176/16162120200768ETu1_JPEG/review-attachment-38c9ab3a-b47a-460a-85e9-62063a5f1014.jpeg?type=f300_300,dwje****,21.02.20.
23,5,"부모님 프레임이 높아 낮은 깔판 구매했습디다.
디자인은 이쁩니다. 깔판위에 사람이 올라가기는 조금 부담스럽구요. 가격대비 가성비 좋아요",https://phinf.pstatic.net/checkout.phinf/20210308_119/1615210890678mSYoz_JPEG/review-attachment-a0c913aa-bdd5-4704-979e-249a57d5220b.jpeg?type=f300_300,jaep****,21.02.06.
24,5,퀸사이즈 매트리스와 딱 맞았고 설치도 어렵지 않아요. 포장박스만 조심스럽게 뜯으셔요 :),https://phinf.pstatic.net/checkout.phinf/20210310_60/16153745594077WgYV_JPEG/review-attachment-4d080459-586f-4cf7-bbe4-f535cb9bba5f.jpeg?type=f300_300,oora****,21.02.17.
25,5,"목재 갈라지고 뜯어진 몇군데 회색 충전재같은걸로 땜빵한자국 4,5 군대 있는거 빼구 짱이에요
미니로 두개사니까 슈퍼싱글딱이네요
운동한다 생각하고
사포질 좀 하고 닦았어요ㅋ
막쓰고 버리려구 산건데 사포질덕에 애착생김
미니사이즈라 들기 수월해서
이사갈때 가져갈예정임ㅎㅎ
암튼 이가격에 좋아여 짱짱",https://phinf.pstatic.net/image.nmv/shopnbuyer_2021_02_08_0/96e26fb1-69ae-11eb-8a7c-505dac8c3607_03.jpg?type=ffn300_300,miss****,21.01.30.
26,4,"이쁘고 생각보다 견고합니다.
사이드쪽 노출시키고 밟고다녀도 웬만해서는 부러지지않겠어요.",https://phinf.pstatic.net/checkout.phinf/20210325_220/16166257479352Juln_JPEG/review-attachment-c22096ea-e33f-4a2f-90b0-e4247159e593.jpeg?type=f300_300,nara****,21.02.01.
27,5,마감처리도 굿 좋아요,https://phinf.pstatic.net/checkout.phinf/20210327_92/1616803493042Fjhti_JPEG/review-attachment-e85d7ba4-0757-4a3a-8472-5cad0f651168.jpeg?type=f300_300,kett****,21.03.19.
28,4,한번씩 삐그덕소리가 나네요,https://phinf.pstatic.net/checkout.phinf/20210107_104/1610015800326SV0DV_JPEG/review-attachment-0641e67a-a200-444b-b05c-4abb1fbe33ab.jpeg?type=f300_300,rayo****,21.02.27.
29,5,아주 편안 하군요.,https://phinf.pstatic.net/checkout.phinf/20210320_196/1616206336693TnGGb_JPEG/review-attachment-6f96c771-e825-4084-a3c7-b68ac03f2da7.jpeg?type=f300_300,ps21****,21.03.22.
30,5,만족해요 추천해요~,https://phinf.pstatic.net/checkout.phinf/20210221_195/1613906687119H30Rs_JPEG/review-attachment-88d851ad-289c-44ae-9713-647970bd446f.jpeg?type=f300_300,milk****,21.02.28.
31,5,"이사 후에 침대 프레임 놓을 공간이 안 나와서 고민하던 중 남편의 선택! 완전 탁월합니다.
오자마자 닦아서 말린 후 놔두니 냄새 전혀 안 나고 매트리스도 보호되니 너무 좋아요.",https://phinf.pstatic.net/checkout.phinf/20210326_233/1616733550718xm6ES_JPEG/review-attachment-82ce0c68-4eea-44ca-8516-25b8964bed1e.jpeg?type=f300_300,euny****,21.02.22.
32,5,"한달동안 잘쓰고있어요
맨바닥에  그냥쓰다가 깔았는데 좋은데~

먼지가잘들어가서 ㅎㅎ
그래두잘쓰고있어용",https://phinf.pstatic.net/checkout.phinf/20210302_38/1614669677617STteg_JPEG/review-attachment-fe7d1778-e849-43bf-9c69-25c387d92967.jpeg?type=f300_300,rsef****,21.03.05.
33,5,아주 잘 사용중입니다.,https://phinf.pstatic.net/checkout.phinf/20210324_14/1616592268376oVcrO_JPEG/review-attachment-6944ab6a-f4c1-4229-913f-2d91456cb49f.jpeg?type=f300_300,eodu****,21.02.27.
34,2,배송도 빠르고 좋아요,https://phinf.pstatic.net/image.nmv/shopnbuyer_2021_03_06_0/25e12ea8-7e50-11eb-a12c-a0369ff963bc_03.jpg?type=ffn300_300,kyle****,21.03.18.
35,4,"싸게 잘 구매한것 같아요~
잘쓸게요",https://phinf.pstatic.net/checkout.phinf/20210320_105/1616223781647oNk9X_JPEG/review-attachment-8c22d43d-4e43-4bfc-828c-acfb5e3189e2.jpeg?type=f300_300,wjdw****,21.02.17.
36,5,코켜마매매탸뎌ㅗ먀매탵,https://phinf.pstatic.net/checkout.phinf/20210321_1/1616337351998rIa4D_JPEG/review-attachment-44706da5-1e53-42f3-ac4e-b7c0cdb6e05f.jpeg?type=f300_300,jhsh****,21.03.18.
37,5,"슈퍼싱글에 쫌 남게 하고 싶어서 작은거 두개로 나눠사니까 이정도 남아요 (딱 좋음)
배송이 빨리왔구 송진가루?처럼 가루 뭍어있는 건 있었는데 닦으니 괜찮았어요
복층집이라 2층까지 올렸는데 여자 혼자 충분히 가능한데 매트리스 가 오히려 무거워서 혼자들기 힘들어요....ㅎ....",https://phinf.pstatic.net/checkout.phinf/20210316_94/1615821425969YKvG1_JPEG/review-attachment-5556215d-7f39-4994-b933-a57ce876e651.jpeg?type=f300_300,ww62****,21.01.26.
38,5,냄새가 너무 많이나요. 소독용 에탄올로 닦고 창문열고 놔둬도 몇일은 가요. 산지 20일 지나서야 안방에 넣었네요,https://phinf.pstatic.net/checkout.phinf/20210328_213/1616917248379WGf6I_JPEG/review-attachment-e67750eb-0f79-4fdc-80c5-da6556e56e68.jpeg?type=f300_300,rayo****,21.02.03.
39,5,재구입했어요 만족합니다~,https://phinf.pstatic.net/checkout.phinf/20210327_89/1616811986472Qd3M2_JPEG/review-attachment-958007b3-d281-4d72-849b-038d15241e08.jpeg?type=f300_300,redc****,21.02.17.
40,5,깨질까봐 조마조마 했는데 안깨지고 무거운 매트리스 위에도 잘 버티고 있습니다! 좋아요!,https://phinf.pstatic.net/image.nmv/shopnbuyer_2021_03_18_0/f50e1490-8786-11eb-8379-a0369ff968b0_03.jpg?type=ffn300_300,soo1****,21.03.04.
41,5,튼튼해서좋아요~~~,https://phinf.pstatic.net/checkout.phinf/20210319_127/1616082656061z2b4a_JPEG/review-attachment-91c42776-47b4-4418-a2fa-5df698fa7f7d.jpeg?type=f300_300,hbri****,21.03.14.
42,4,"작은거 두개로 나눠사서 무겁지 않았구
배송이 빨리왔구
송진가루?처럼 가루 뭍어있는 건 있었는데 닦으니 괜찮았어요
그리구 못박힌곳들 갈라진 곳 되게 많아요(근데 저는 그냥 사용하는데 지장 없어보야서 걍 써요)",https://phinf.pstatic.net/checkout.phinf/20210320_176/16162120200768ETu1_JPEG/review-attachment-38c9ab3a-b47a-460a-85e9-62063a5f1014.jpeg?type=f300_300,ww62****,21.01.26.
43,5,딱 알맞은 크기로 깔렸어요 최고예요,https://phinf.pstatic.net/checkout.phinf/20210308_119/1615210890678mSYoz_JPEG/review-attachment-a0c913aa-bdd5-4704-979e-249a57d5220b.jpeg?type=f300_300,cha2****,21.02.11.
44,5,조금 약한거같기도 해서 조심조심히 다니지만 가격대비 아주 훌륭합니다. 좋아요ㅎ,https://phinf.pstatic.net/checkout.phinf/20210310_60/16153745594077WgYV_JPEG/review-attachment-4d080459-586f-4cf7-bbe4-f535cb9bba5f.jpeg?type=f300_300,hanb****,21.02.08.
45,5,좋은 나무 냄새가 나고 이 가격에 믿을 수 없을 만큼 퀄리티가 괜찮아요.,https://phinf.pstatic.net/image.nmv/shopnbuyer_2021_02_08_0/96e26fb1-69ae-11eb-8a7c-505dac8c3607_03.jpg?type=ffn300_300,woqo****,21.02.27.
46,5,가운데가 벌서 부러졌어요... ㅜㅜ,https://phinf.pstatic.net/checkout.phinf/20210325_220/16166257479352Juln_JPEG/review-attachment-c22096ea-e33f-4a2f-90b0-e4247159e593.jpeg?type=f300_300,rleo****,21.03.12.
47,5,저렴한가격에득템했어요,https://phinf.pstatic.net/checkout.phinf/20210327_92/1616803493042Fjhti_JPEG/review-attachment-e85d7ba4-0757-4a3a-8472-5cad0f651168.jpeg?type=f300_300,ckdd****,21.03.07.
48,5,동생 사줬는데 아주 잘 사용중입니당,https://phinf.pstatic.net/checkout.phinf/20210107_104/1610015800326SV0DV_JPEG/review-attachment-0641e67a-a200-444b-b05c-4abb1fbe33ab.jpeg?type=f300_300,lihz****,21.02.15.
49,5,"너무 좋아요 근데 실수로 발로 치면 
아픔 ㅠㅠㅠ냐친구들 저거 실수로툭 쳤는데 아파서 죽을라했음 ㅋ 조심 조심",https://phinf.pstatic.net/checkout.phinf/20210320_196/1616206336693TnGGb_JPEG/review-attachment-6f96c771-e825-4084-a3c7-b68ac03f2da7.jpeg?type=f300_300,cjst****,21.02.23.
50,5,튼튼해서좋아ㅡ~~~,https://phinf.pstatic.net/checkout.phinf/20210221_195/1613906687119H30Rs_JPEG/review-attachment-88d851ad-289c-44ae-9713-647970bd446f.jpeg?type=f300_300,hbri****,21.03.14.
51,5,"침대 버릴뻔했는데
요런것도 있고좋아욧
10년만에 침대프라임 버리고
잘사용중입니닷 ㅎ
감사합니동",https://phinf.pstatic.net/checkout.phinf/20210326_233/1616733550718xm6ES_JPEG/review-attachment-82ce0c68-4eea-44ca-8516-25b8964bed1e.jpeg?type=f300_300,psy3****,21.02.01.
52,2,"저렴하게 구매해서 유용하게 잘 사용하고 있어요~
적극 추천해요",https://phinf.pstatic.net/checkout.phinf/20210302_38/1614669677617STteg_JPEG/review-attachment-fe7d1778-e849-43bf-9c69-25c387d92967.jpeg?type=f300_300,keuy****,21.02.20.
53,5,"살짝 삐걱거리는데 신경쓰이는정도는 아니에요
가격대비.만족합니다",https://phinf.pstatic.net/checkout.phinf/20210324_14/1616592268376oVcrO_JPEG/review-attachment-6944ab6a-f4c1-4229-913f-2d91456cb49f.jpeg?type=f300_300,wldn****,21.01.31.
54,5,사이즈도 맞고 좋습니다,https://phinf.pstatic.net/image.nmv/shopnbuyer_2021_03_06_0/25e12ea8-7e50-11eb-a12c-a0369ff963bc_03.jpg?type=ffn300_300,merd****,21.03.03.
55,5,"배송도빠르고 제품도 좋습니다
퀸사이즈 딱 맞아요",https://phinf.pstatic.net/checkout.phinf/20210320_105/1616223781647oNk9X_JPEG/review-attachment-8c22d43d-4e43-4bfc-828c-acfb5e3189e2.jpeg?type=f300_300,a564****,21.02.06.
56,5,"여러곳검색후 가정 저령한것같아  샀어요.
상품이 그래두 튼튼해보여요 닦고말려서 깔았는데 좋아요",https://phinf.pstatic.net/checkout.phinf/20210321_1/1616337351998rIa4D_JPEG/review-attachment-44706da5-1e53-42f3-ac4e-b7c0cdb6e05f.jpeg?type=f300_300,rsef****,21.01.25.
57,5,"견고하진 않아보이는데 괜찮아요 ~~~
저는 부스러기 많이 나오지 않앗어요",https://phinf.pstatic.net/checkout.phinf/20210316_94/1615821425969YKvG1_JPEG/review-attachment-5556215d-7f39-4994-b933-a57ce876e651.jpeg?type=f300_300,olhs****,21.02.19.
58,5,세일때 싸게산게 좋네요,https://phinf.pstatic.net/checkout.phinf/20210328_213/1616917248379WGf6I_JPEG/review-attachment-e67750eb-0f79-4fdc-80c5-da6556e56e68.jpeg?type=f300_300,teja****,21.02.08.
59,5,"언제오나 기다리고 있다가 갑자기 저녁에 배송완료가 되어 급히 받아 설치했네요. 
퀸사이즈라 걱정했는데 여성분 혼자서 설치했다는 리뷰보고, 저역시 낑낑 하긴했지만 무사히 잘 설치했어요 ㅎ 
 생각보다 견고하고 좋은데 아직 매트리스가 오기전이라, 얇은 토퍼만으로는 지지대 없는쪽을 잘못 밟으면 삐걱 하네요 (불안) 
 가장자리 둥글게 마감처리 되어있지만 나무살마다는 가시가 좀 박힐수 있을것 같아요. 설치시 혹은 이동시 장갑 필수입니다.",https://phinf.pstatic.net/checkout.phinf/20210327_89/1616811986472Qd3M2_JPEG/review-attachment-958007b3-d281-4d72-849b-038d15241e08.jpeg?type=f300_300,seon****,20.12.31.
60,5,생각보다 튼튼하고 좋아요,https://phinf.pstatic.net/image.nmv/shopnbuyer_2021_03_18_0/f50e1490-8786-11eb-8379-a0369ff968b0_03.jpg?type=ffn300_300,cult****,21.02.05.
61,5,빠름배송감사합니다^^,https://phinf.pstatic.net/checkout.phinf/20210319_127/1616082656061z2b4a_JPEG/review-attachment-91c42776-47b4-4418-a2fa-5df698fa7f7d.jpeg?type=f300_300,djse****,21.02.10.
62,4,"침대 깔판   색상과  편백 향기는 좋아요  
하지만  마감  처리는 약간  부족합니다",https://phinf.pstatic.net/checkout.phinf/20210320_176/16162120200768ETu1_JPEG/review-attachment-38c9ab3a-b47a-460a-85e9-62063a5f1014.jpeg?type=f300_300,nost****,21.02.15.
63,5,"생각보다 가루도 많이 없었구요~
냄새도 많이 나지 않았어요~
배송 관련해서 연락도 잘왔구요",https://phinf.pstatic.net/checkout.phinf/20210308_119/1615210890678mSYoz_JPEG/review-attachment-a0c913aa-bdd5-4704-979e-249a57d5220b.jpeg?type=f300_300,tnse****,21.01.22.
64,5,배송이며 상품상태 모두 만족합니다. 다만 나무제품이다보니 한번 닦아서 사용해야해요 ! 만족합니다.,https://phinf.pstatic.net/checkout.phinf/20210310_60/16153745594077WgYV_JPEG/review-attachment-4d080459-586f-4cf7-bbe4-f535cb9bba5f.jpeg?type=f300_300,dusy****,21.01.17.
65,5,좋아요! 받고나서 물수건으로 싹 닦았는데 별로 묻어나는 건 없었어요. 책상과 매트리스 사이에 공간여유가 없어서 살까말까 고민했는데 상세 사이즈랑 사이즈가 똑같아서 딱 들어갔어요. 다행. 나무향이 나서 좋고 냄새도 몇일 지나니까 안나네요. 매트리스만 깔아놓고 보일러 틀어 걱정됐는데 공간 좀 띄워 놓으니 안심이에요.,https://phinf.pstatic.net/image.nmv/shopnbuyer_2021_02_08_0/96e26fb1-69ae-11eb-8a7c-505dac8c3607_03.jpg?type=ffn300_300,nara****,21.01.19.
66,5,아주 좋아요..매트리스 아래 딱 이네요.,https://phinf.pstatic.net/checkout.phinf/20210325_220/16166257479352Juln_JPEG/review-attachment-c22096ea-e33f-4a2f-90b0-e4247159e593.jpeg?type=f300_300,ps21****,21.02.18.
67,4,튼튼해보이고 나무향도 나요,https://phinf.pstatic.net/checkout.phinf/20210327_92/1616803493042Fjhti_JPEG/review-attachment-e85d7ba4-0757-4a3a-8472-5cad0f651168.jpeg?type=f300_300,ippo****,21.02.21.
68,3,예뻐요냄새도조금만나요,https://phinf.pstatic.net/checkout.phinf/20210107_104/1610015800326SV0DV_JPEG/review-attachment-0641e67a-a200-444b-b05c-4abb1fbe33ab.jpeg?type=f300_300,dldm****,21.01.28.
69,5,좋습니다 많이 무겁지않고 한번 닦아서 쓰면 될거같아요,https://phinf.pstatic.net/checkout.phinf/20210320_196/1616206336693TnGGb_JPEG/review-attachment-6f96c771-e825-4084-a3c7-b68ac03f2da7.jpeg?type=f300_300,wlsx****,21.01.26.
70,5,필요했는데 잘사용하고있어용 ㅎㅎ,https://phinf.pstatic.net/checkout.phinf/20210221_195/1613906687119H30Rs_JPEG/review-attachment-88d851ad-289c-44ae-9713-647970bd446f.jpeg?type=f300_300,ye_o****,21.02.20.
71,5,모양도 깨끗 하고 다좋은데  내구성은   좀  별루  같아요   화물 배송도     너무  느리고  ㅠㅠ  화물 배송이야  요즘   물량이  많으니  이해합니다,https://phinf.pstatic.net/checkout.phinf/20210326_233/1616733550718xm6ES_JPEG/review-attachment-82ce0c68-4eea-44ca-8516-25b8964bed1e.jpeg?type=f300_300,nost****,21.01.11.
72,5,나무가루 나온다고 걱정햇는데 매트 올리는 면은 매끈하구요. 뒷판ㅡ바닥판에서 좀 닦여나오기는 합니다~저는 예민하지 않아서 괜찮았어요~ 바닥면에 미끄럼 방지 패치 붙여있어서 좋았어요,https://phinf.pstatic.net/checkout.phinf/20210302_38/1614669677617STteg_JPEG/review-attachment-fe7d1778-e849-43bf-9c69-25c387d92967.jpeg?type=f300_300,gus2****,21.01.03.
73,5,가격대비 만족합니다~~~~,https://phinf.pstatic.net/checkout.phinf/20210324_14/1616592268376oVcrO_JPEG/review-attachment-6944ab6a-f4c1-4229-913f-2d91456cb49f.jpeg?type=f300_300,idoi****,21.02.20.
74,5,제품이왔는데 가운데 프레임이 갈라져서 왓어요 교체하렬다가 그냥 써요....,https://phinf.pstatic.net/image.nmv/shopnbuyer_2021_03_06_0/25e12ea8-7e50-11eb-a12c-a0369ff963bc_03.jpg?type=ffn300_300,rleo****,21.02.09.
75,5,배송 제품 상태 너무 좋습니다.,https://phinf.pstatic.net/checkout.phinf/20210320_105/1616223781647oNk9X_JPEG/review-attachment-8c22d43d-4e43-4bfc-828c-acfb5e3189e2.jpeg?type=f300_300,polo****,21.01.29.
76,5,배송도 빠르고 좋아요,https://phinf.pstatic.net/checkout.phinf/20210321_1/1616337351998rIa4D_JPEG/review-attachment-44706da5-1e53-42f3-ac4e-b7c0cdb6e05f.jpeg?type=f300_300,gpfl****,21.02.19.
77,4,사진그대로깔끔하니좋아요,https://phinf.pstatic.net/checkout.phinf/20210316_94/1615821425969YKvG1_JPEG/review-attachment-5556215d-7f39-4994-b933-a57ce876e651.jpeg?type=f300_300,hanh****,21.01.26.
78,5,좋습니다 ~! 굿~!,https://phinf.pstatic.net/checkout.phinf/20210328_213/1616917248379WGf6I_JPEG/review-attachment-e67750eb-0f79-4fdc-80c5-da6556e56e68.jpeg?type=f300_300,moog****,21.02.18.
79,5,"생각보다 색깔이 예뻐서 좋았어요
배송도 엄청 빠르고요",https://phinf.pstatic.net/checkout.phinf/20210327_89/1616811986472Qd3M2_JPEG/review-attachment-958007b3-d281-4d72-849b-038d15241e08.jpeg?type=f300_300,vert****,21.01.19.
80,5,가격대비 좋은 물건입니다^^,https://phinf.pstatic.net/image.nmv/shopnbuyer_2021_03_18_0/f50e1490-8786-11eb-8379-a0369ff968b0_03.jpg?type=ffn300_300,segm****,21.02.17.
81,5,"좋아요
근데 삐걱삐걱 소리가 좀납니다",https://phinf.pstatic.net/checkout.phinf/20210319_127/1616082656061z2b4a_JPEG/review-attachment-91c42776-47b4-4418-a2fa-5df698fa7f7d.jpeg?type=f300_300,lcs4****,21.01.24.
82,4,매트리스 밑에 두고 잘 사용하고 있어요:),https://phinf.pstatic.net/checkout.phinf/20210320_176/16162120200768ETu1_JPEG/review-attachment-38c9ab3a-b47a-460a-85e9-62063a5f1014.jpeg?type=f300_300,anna****,21.01.24.
83,5,깔끔하게 모난거 없이 잘 왔어요!,https://phinf.pstatic.net/checkout.phinf/20210308_119/1615210890678mSYoz_JPEG/review-attachment-a0c913aa-bdd5-4704-979e-249a57d5220b.jpeg?type=f300_300,thdu****,21.02.14.
84,5,생각보다 튼튼하고 나무결도 깔끔했어요 가성비굿,https://phinf.pstatic.net/checkout.phinf/20210310_60/16153745594077WgYV_JPEG/review-attachment-4d080459-586f-4cf7-bbe4-f535cb9bba5f.jpeg?type=f300_300,audd****,21.01.18.
85,5,"한달을 써 보았지만, 아무런 하자를 발견하지 못했습니다.    볼때 마다  참  괜찮다는 생각이 듭니다    감사합니다..",https://phinf.pstatic.net/image.nmv/shopnbuyer_2021_02_08_0/96e26fb1-69ae-11eb-8a7c-505dac8c3607_03.jpg?type=ffn300_300,hunh****,21.01.29.
86,4,저상침대 매트 밑 프레임으로 제격!! 200% 만족!!,https://phinf.pstatic.net/checkout.phinf/20210325_220/16166257479352Juln_JPEG/review-attachment-c22096ea-e33f-4a2f-90b0-e4247159e593.jpeg?type=f300_300,fman****,21.01.24.
87,4,깔끔하고 견고한편 이 가격이면 가성비굿,https://phinf.pstatic.net/checkout.phinf/20210327_92/1616803493042Fjhti_JPEG/review-attachment-e85d7ba4-0757-4a3a-8472-5cad0f651168.jpeg?type=f300_300,audd****,21.01.18.
88,5,만족해요  사진과 같아요,https://phinf.pstatic.net/checkout.phinf/20210107_104/1610015800326SV0DV_JPEG/review-attachment-0641e67a-a200-444b-b05c-4abb1fbe33ab.jpeg?type=f300_300,milk****,21.01.21.
89,5,전에 하나사고 가성비 괜찮아서 하나더 구매합니다,https://phinf.pstatic.net/checkout.phinf/20210320_196/1616206336693TnGGb_JPEG/review-attachment-6f96c771-e825-4084-a3c7-b68ac03f2da7.jpeg?type=f300_300,kano****,21.02.07.
90,5,다좋은데 ㅠㅠ 못질하니까 조금 갈라짐이잇네요! 요것만 좀더 튼튼하면 짱일거같아요!!,https://phinf.pstatic.net/checkout.phinf/20210221_195/1613906687119H30Rs_JPEG/review-attachment-88d851ad-289c-44ae-9713-647970bd446f.jpeg?type=f300_300,wldb****,21.01.30.
91,5,"퀸사이즈랑 아주 딱 맞아요! 
약해보여서 소리가 난다는 후기가 있었는데 전혀 그렇지 않아요.
그리고 여성분들이 들기 힘들다고해서 걱정이 됐지만, 별로 무겁지 않았어요!!",https://phinf.pstatic.net/checkout.phinf/20210326_233/1616733550718xm6ES_JPEG/review-attachment-82ce0c68-4eea-44ca-8516-25b8964bed1e.jpeg?type=f300_300,arie****,21.01.02.
92,5,큰 크기에 비해 택배배송이 늦을듯 생각했는데 2일후 도착해서 설치했어요. 너무 좋게 잘 쓸수 있겠어요. 다양하게 쓸수있을듯요. 감사합니다.,https://phinf.pstatic.net/checkout.phinf/20210302_38/1614669677617STteg_JPEG/review-attachment-fe7d1778-e849-43bf-9c69-25c387d92967.jpeg?type=f300_300,sway****,21.01.24.
93,5,우선 배송이 엄청 빨랐어요. 상품도 화면과 똑같아요.,https://phinf.pstatic.net/checkout.phinf/20210324_14/1616592268376oVcrO_JPEG/review-attachment-6944ab6a-f4c1-4229-913f-2d91456cb49f.jpeg?type=f300_300,jong****,21.02.03.
94,5,사진과 똑같고 배송도 빨라요,https://phinf.pstatic.net/image.nmv/shopnbuyer_2021_03_06_0/25e12ea8-7e50-11eb-a12c-a0369ff963bc_03.jpg?type=ffn300_300,mjge****,21.02.09.
95,4,"냄새도 별로 나지 않고 나무 재질도 나쁘지 않아요
조립되어 있어 편하네요",https://phinf.pstatic.net/checkout.phinf/20210320_105/1616223781647oNk9X_JPEG/review-attachment-8c22d43d-4e43-4bfc-828c-acfb5e3189e2.jpeg?type=f300_300,5563****,21.02.01.
96,4,"냄새도 별로 나지 않고 나무 재질도 나쁘지 않아요 
조립되어 있어 편하네요",https://phinf.pstatic.net/checkout.phinf/20210321_1/1616337351998rIa4D_JPEG/review-attachment-44706da5-1e53-42f3-ac4e-b7c0cdb6e05f.jpeg?type=f300_300,5563****,21.02.01.
97,5,생각보다 훨씬좋아요,https://phinf.pstatic.net/checkout.phinf/20210316_94/1615821425969YKvG1_JPEG/review-attachment-5556215d-7f39-4994-b933-a57ce876e651.jpeg?type=f300_300,hik0****,21.02.10.
98,5,빠른 배송 감사합니다,https://phinf.pstatic.net/checkout.phinf/20210328_213/1616917248379WGf6I_JPEG/review-attachment-e67750eb-0f79-4fdc-80c5-da6556e56e68.jpeg?type=f300_300,hbri****,21.02.10.
99,5,빠른 배송 감사합니다,https://phinf.pstatic.net/checkout.phinf/20210327_89/1616811986472Qd3M2_JPEG/review-attachment-958007b3-d281-4d72-849b-038d15241e08.jpeg?type=f300_300,hbri****,21.02.10.
