﻿,star,review,reviewImage,customerId,reviewDate
0,4,헤드부분에찍힌자국이너무많네요. 반대편은괜찮은데..보이는부분이 엄청 많이찍히고눌리고... 배송은Q&A에적혀있으니..구매하시는분들은참고하시길,https://phinf.pstatic.net/image.nmv/shopnbuyer_2021_03_18_0/f50e1490-8786-11eb-8379-a0369ff968b0_03.jpg?type=ffn300_300,sins****,21.03.06.
1,5,배송도 빠르고 설치 기사님도 친절하시고 마음에 들어요,https://phinf.pstatic.net/checkout.phinf/20210319_127/1616082656061z2b4a_JPEG/review-attachment-91c42776-47b4-4418-a2fa-5df698fa7f7d.jpeg?type=f300_300,ncoo****,21.03.23.
2,5,잠이잘와요!역시원목이네요.,https://phinf.pstatic.net/checkout.phinf/20210320_176/16162120200768ETu1_JPEG/review-attachment-38c9ab3a-b47a-460a-85e9-62063a5f1014.jpeg?type=f300_300,leec****,21.03.03.
3,5,"한달동안 사용해보니 진짜 맘에 들어요!!
가성비 갑이에요
나무도 견고하고 소리도 안나고 무엇보다 디자인이 너무 맘에 들어요!!",https://phinf.pstatic.net/checkout.phinf/20210308_119/1615210890678mSYoz_JPEG/review-attachment-a0c913aa-bdd5-4704-979e-249a57d5220b.jpeg?type=f300_300,kjhu****,21.02.05.
4,5,"제품은 좋아요
배송이늦어요",https://phinf.pstatic.net/checkout.phinf/20210310_60/16153745594077WgYV_JPEG/review-attachment-4d080459-586f-4cf7-bbe4-f535cb9bba5f.jpeg?type=f300_300,hosu****,21.02.02.
5,5,"깔끔하고 튼튼해서 좋아요 
너~~무오래걸렸지만 ㅜㅠ
기다린보람이있네요",https://phinf.pstatic.net/image.nmv/shopnbuyer_2021_02_08_0/96e26fb1-69ae-11eb-8a7c-505dac8c3607_03.jpg?type=ffn300_300,shin****,21.02.02.
6,4,실제로보면 더 견고하고 예뻐요!!!!,https://phinf.pstatic.net/checkout.phinf/20210325_220/16166257479352Juln_JPEG/review-attachment-c22096ea-e33f-4a2f-90b0-e4247159e593.jpeg?type=f300_300,kjhu****,21.01.06.
7,5,"퀸사이즈 구매했는데
원목이라 냄새도 전혀없고 마감도 아주
부드럽고

대만족이예요",https://phinf.pstatic.net/checkout.phinf/20210327_92/1616803493042Fjhti_JPEG/review-attachment-e85d7ba4-0757-4a3a-8472-5cad0f651168.jpeg?type=f300_300,miri****,21.01.09.
8,5,배송은 늦었지만 평상형 프레임이 단단해보여요,https://phinf.pstatic.net/checkout.phinf/20210107_104/1610015800326SV0DV_JPEG/review-attachment-0641e67a-a200-444b-b05c-4abb1fbe33ab.jpeg?type=f300_300,soon****,21.01.25.
9,5,"전에 침대가 상판이 튼튼하지 않아 이번에는 튼튼한 제품을 찾았는데ᆢ정말  견고하고 튼튼한것 같아요. 퀸으로 두대를 사서 굴러 다녀도 될 것 처럼 방 한 가득 입니다...침대 헤드도 심플.단단하고요.일단 상판이 두꺼워서 좋아요.
메트리스는 조금 묵직해요 어차피 라텍스를 따로 구매할 예정이라 크게 신경쓰진 않았는데ᆢ크게 폭신하진 않아요~ 나무  냄새가 조금 나서 계속 문열고 냄새빼고는 있는데...은은하니.좋아요.ㅎㅎ 정말 몇달을 고르고 골랐는데..잉글랜드 제품이 제일 괜찮았던게 진작 살 것을 생각했네요.",https://phinf.pstatic.net/checkout.phinf/20210320_196/1616206336693TnGGb_JPEG/review-attachment-6f96c771-e825-4084-a3c7-b68ac03f2da7.jpeg?type=f300_300,shep****,20.11.05.
10,5,"사이즈도 좋고~ 색상도 좋아요~
딱 원하던거예요~",https://phinf.pstatic.net/checkout.phinf/20210221_195/1613906687119H30Rs_JPEG/review-attachment-88d851ad-289c-44ae-9713-647970bd446f.jpeg?type=f300_300,scha****,20.12.18.
11,4,조금 사각사각 소리가 나지만 좋음....배송은 약속 시간을 칼같이 맞춰왔음,https://phinf.pstatic.net/checkout.phinf/20210326_233/1616733550718xm6ES_JPEG/review-attachment-82ce0c68-4eea-44ca-8516-25b8964bed1e.jpeg?type=f300_300,minh****,20.12.16.
12,5,맘에 쏙들어요! 잘 쓰고 있습니다.,https://phinf.pstatic.net/checkout.phinf/20210302_38/1614669677617STteg_JPEG/review-attachment-fe7d1778-e849-43bf-9c69-25c387d92967.jpeg?type=f300_300,leec****,20.12.14.
13,5,가격대비 고급져보이고 설치기사님 조차 너무튼튼하게 잘샀다고 칭찬하실정도였어요ㅎ,https://phinf.pstatic.net/checkout.phinf/20210324_14/1616592268376oVcrO_JPEG/review-attachment-6944ab6a-f4c1-4229-913f-2d91456cb49f.jpeg?type=f300_300,rlwl****,20.12.15.
14,4,다부지고 튼튼해보여 맘에 들어요!,https://phinf.pstatic.net/image.nmv/shopnbuyer_2021_03_06_0/25e12ea8-7e50-11eb-a12c-a0369ff963bc_03.jpg?type=ffn300_300,ssuy****,20.11.13.
15,5,"침대는 튼튼해보이고 깔끔하고 맘에 듭니다.
그런데 기사님이 밑판을 놓고 오셔서 상품을 방에 방치해 놓은채 이틀을 더 기다렸어요.
기사님도 죄송하다곤 하셨는데..
좀 아쉽긴 했지만 어쨌든 지금 잘 누워쓰고
있습니다.",https://phinf.pstatic.net/checkout.phinf/20210320_105/1616223781647oNk9X_JPEG/review-attachment-8c22d43d-4e43-4bfc-828c-acfb5e3189e2.jpeg?type=f300_300,sa14****,20.10.10.
16,5,가성비 최고에요! 쿠션감도 적당하고 프레임 가운데 받침기둥도 있고 삐걱거림에 강하네요.,https://phinf.pstatic.net/checkout.phinf/20210321_1/1616337351998rIa4D_JPEG/review-attachment-44706da5-1e53-42f3-ac4e-b7c0cdb6e05f.jpeg?type=f300_300,pure****,20.10.13.
17,4,착한 가격에너무좋은 제품이라 놀랐어요.튼실해서ㅈ오래 사용할수있을것같아요,https://phinf.pstatic.net/checkout.phinf/20210316_94/1615821425969YKvG1_JPEG/review-attachment-5556215d-7f39-4994-b933-a57ce876e651.jpeg?type=f300_300,rlwl****,20.11.15.
18,5,좋아요. 배송이 느리긴해요. 참고하세요,https://phinf.pstatic.net/checkout.phinf/20210328_213/1616917248379WGf6I_JPEG/review-attachment-e67750eb-0f79-4fdc-80c5-da6556e56e68.jpeg?type=f300_300,yeaj****,20.11.12.
19,5,본가로 주문해서 사진으로 우선 확인했는데 너무 깔끔하고 이쁘네요 맘에 듭니다.,https://phinf.pstatic.net/checkout.phinf/20210327_89/1616811986472Qd3M2_JPEG/review-attachment-958007b3-d281-4d72-849b-038d15241e08.jpeg?type=f300_300,jsl0****,20.11.05.
20,4,"침대도 윈목이라 괜찮고
메트리스가 너무 괜찮아요 
잠을 푹잔거 같습니다",https://phinf.pstatic.net/image.nmv/shopnbuyer_2021_03_18_0/f50e1490-8786-11eb-8379-a0369ff968b0_03.jpg?type=ffn300_300,ts20****,20.10.26.
21,5,튼튼하게 잘 쓰고 있어요.통판이라 별 걱정없이 씁니다. 다만 누울 때나 움직일 때 삐걱 소리가 납니다. 그것 빼고는 좋아요.,https://phinf.pstatic.net/checkout.phinf/20210319_127/1616082656061z2b4a_JPEG/review-attachment-91c42776-47b4-4418-a2fa-5df698fa7f7d.jpeg?type=f300_300,topa****,20.08.31.
22,5,원목이라 색도 좋고 튼튼합니다. 나무냄세도 연하게 나서 좋네요. 사진과 같아요. 다만 배송이 너무 느려서 별하나 뺐어요!,https://phinf.pstatic.net/checkout.phinf/20210320_176/16162120200768ETu1_JPEG/review-attachment-38c9ab3a-b47a-460a-85e9-62063a5f1014.jpeg?type=f300_300,topa****,20.08.01.
23,5,"원목이라서 튼튼하고 색도 딱 제가 원하는 색이예요
너무좋아요",https://phinf.pstatic.net/checkout.phinf/20210308_119/1615210890678mSYoz_JPEG/review-attachment-a0c913aa-bdd5-4704-979e-249a57d5220b.jpeg?type=f300_300,fhfm****,20.08.24.
24,5,"생각보다 빨리 도착해서 좋았습니다
사진보다 실제 제품이 데 예쁘게나오네요
견고하고 튼튼하고 저렴한 가격이지만 제품은 
고급지는군요 적극 추천합니다",https://phinf.pstatic.net/checkout.phinf/20210310_60/16153745594077WgYV_JPEG/review-attachment-4d080459-586f-4cf7-bbe4-f535cb9bba5f.jpeg?type=f300_300,ssav****,20.06.22.
25,5,가격대비 나무도 좋고 튼튼합니다 .^^,https://phinf.pstatic.net/image.nmv/shopnbuyer_2021_02_08_0/96e26fb1-69ae-11eb-8a7c-505dac8c3607_03.jpg?type=ffn300_300,ejle****,20.08.03.
26,5,"쇼룸까지 직접가서 보고 구매했습니다
제품은 튼튼하고 마감도 깔끔하고 좋아요
내츄럴보다는 진한월넛색상이 더 고급지고 이쁘던데 딸아이가 내츄럴색상을 고집해서 구매했습니다
깔판이 통원목인게 제일 맘에 들어요
단점은,  배송이 넘 늦어요ㅜㅜ
거의 3주이상 기다렸네요",https://phinf.pstatic.net/checkout.phinf/20210325_220/16166257479352Juln_JPEG/review-attachment-c22096ea-e33f-4a2f-90b0-e4247159e593.jpeg?type=f300_300,ball****,20.05.25.
27,4,이뻐요 괜찮아요 튼튼한건쏘쏘,https://phinf.pstatic.net/checkout.phinf/20210327_92/1616803493042Fjhti_JPEG/review-attachment-e85d7ba4-0757-4a3a-8472-5cad0f651168.jpeg?type=f300_300,gusk****,20.07.16.
28,4,수평이안맞는지소리가나네요,https://phinf.pstatic.net/checkout.phinf/20210107_104/1610015800326SV0DV_JPEG/review-attachment-0641e67a-a200-444b-b05c-4abb1fbe33ab.jpeg?type=f300_300,pada****,20.06.08.
29,5,디자인은 제가 원했던 엔틱한디자인이라서 너무 마음에 들지만 원하는 날에 배송인 안되는건 조금 아쉬웠습니다ㅠㅠ그래도 침대는 너무 튼튼하고 이쁘네요,https://phinf.pstatic.net/checkout.phinf/20210320_196/1616206336693TnGGb_JPEG/review-attachment-6f96c771-e825-4084-a3c7-b68ac03f2da7.jpeg?type=f300_300,zzzy****,20.04.13.
30,5,흔들림없이 견고하고 매우좋습니다,https://phinf.pstatic.net/checkout.phinf/20210221_195/1613906687119H30Rs_JPEG/review-attachment-88d851ad-289c-44ae-9713-647970bd446f.jpeg?type=f300_300,sunh****,20.04.21.
31,4,이뻐요 튼튼하고!!만족합니당,https://phinf.pstatic.net/checkout.phinf/20210326_233/1616733550718xm6ES_JPEG/review-attachment-82ce0c68-4eea-44ca-8516-25b8964bed1e.jpeg?type=f300_300,rkrp****,20.04.28.
32,4,설치하니더이쁘네요~잘쓸께요,https://phinf.pstatic.net/checkout.phinf/20210302_38/1614669677617STteg_JPEG/review-attachment-fe7d1778-e849-43bf-9c69-25c387d92967.jpeg?type=f300_300,kjsl****,20.04.18.
33,3,회사가 배송회사와의 컨택을 잘 못해서 날짜 시간을 제대로 알 수 가 없고 일방적으로 맞춰짐 . 그냥 배송 꽝입니다. 침대는 이뻐요.,https://phinf.pstatic.net/checkout.phinf/20210324_14/1616592268376oVcrO_JPEG/review-attachment-6944ab6a-f4c1-4229-913f-2d91456cb49f.jpeg?type=f300_300,dlat****,20.04.23.
34,3,"색깔이 맘에 들어서 구입했습니다
2주 걸렸습니다
느닷없이 전화와서 내일 온다고 없으면
다음주로 미뤄진다고 ㅜㅜ
타지역에 있다가 침대 받겠다고
이동했습니다
2-3일 전이라도 미리 연락을 주면 좋으련만
왠지 이곳 배송은 소비자가 을인것 같습니다",https://phinf.pstatic.net/image.nmv/shopnbuyer_2021_03_06_0/25e12ea8-7e50-11eb-a12c-a0369ff963bc_03.jpg?type=ffn300_300,julo****,20.03.18.
35,4,딱 원하던 스타일이예요. 튼튼하고 예뻐요.,https://phinf.pstatic.net/checkout.phinf/20210320_105/1616223781647oNk9X_JPEG/review-attachment-8c22d43d-4e43-4bfc-828c-acfb5e3189e2.jpeg?type=f300_300,keun****,20.03.31.
36,5,와우~정말 좋은 제품~대만족이에요~,https://phinf.pstatic.net/checkout.phinf/20210321_1/1616337351998rIa4D_JPEG/review-attachment-44706da5-1e53-42f3-ac4e-b7c0cdb6e05f.jpeg?type=f300_300,pear****,20.04.22.
37,5,프레임을 한참고르다 선택했는데 탁월한 선택이었어요! 프레임 안 다리까지 튼튼하게 고정되어 있어 오래 사용할 것 같아요!,https://phinf.pstatic.net/checkout.phinf/20210316_94/1615821425969YKvG1_JPEG/review-attachment-5556215d-7f39-4994-b933-a57ce876e651.jpeg?type=f300_300,dlfk****,20.03.13.
