﻿,star,review,reviewImage,customerId,reviewDate
0,5,"배송도 약속한 날짜에 잘 왔고
물건도 맘에들어요",https://phinf.pstatic.net/image.nmv/shopnbuyer_2021_03_18_0/f50e1490-8786-11eb-8379-a0369ff968b0_03.jpg?type=ffn300_300,arab****,20.12.04.
1,5,너무 마음에 들어요!! 배송기사님이 고생 많으셨어요. 매트리스도 프레임 위에 올려주시고 너무 친절하셨어요. 수평도 잘 맞춰주셔서 삐그덕 소리도 안나고 무엇보다 프레임 자체가 튼튼하고 예쁩니다!!!!!!!,https://phinf.pstatic.net/checkout.phinf/20210319_127/1616082656061z2b4a_JPEG/review-attachment-91c42776-47b4-4418-a2fa-5df698fa7f7d.jpeg?type=f300_300,9210****,20.10.10.
2,5,"구매한지 열흘정도 지난듯하네요
설치해놓고보니 생각보다 더 마음에 듭니다.
배송기사님도 친절하시고 설치시간도 생각보다 오래걸리지않았어요.날씨가 습해서 특유의 냄새가 살짝났었긴했지만 싫을정도는 아니예요  볼수록 깔끔하고 마음에 들어서 잘샀다고 만족하고 있습니다~",https://phinf.pstatic.net/checkout.phinf/20210320_176/16162120200768ETu1_JPEG/review-attachment-38c9ab3a-b47a-460a-85e9-62063a5f1014.jpeg?type=f300_300,xtra****,20.07.22.
3,5,아이방에  설치했는데요.  아이도 맘에 들어하네요.  모서리부분이 둥굴게 처리된게 맘에 들어요. 색상도  이쁘게  잘나왔어요. 헤드쿠션 없이도 예쁘네요,https://phinf.pstatic.net/checkout.phinf/20210308_119/1615210890678mSYoz_JPEG/review-attachment-a0c913aa-bdd5-4704-979e-249a57d5220b.jpeg?type=f300_300,hsm1****,20.04.13.
4,5,저렴하지만 튼튼해요 삐그덕소리 하나없이 잘사용하고있어요,https://phinf.pstatic.net/checkout.phinf/20210310_60/16153745594077WgYV_JPEG/review-attachment-4d080459-586f-4cf7-bbe4-f535cb9bba5f.jpeg?type=f300_300,jinz****,20.03.20.
5,5,기대만큼 깔끔하고 예뻐요,https://phinf.pstatic.net/image.nmv/shopnbuyer_2021_02_08_0/96e26fb1-69ae-11eb-8a7c-505dac8c3607_03.jpg?type=ffn300_300,grea****,20.03.13.
6,5,"방금 두분이 오셔서 뚝딱조립해주셨고,시간도 딱맞춰주셨네요~매트리스가 아직 안와 기존꺼 올려논상태고
전에쓰던 침대보다 만족합니다.프레임튼튼하고일반적인 갈빗살이아니라 좋아요
화장대색이 초록이라 어울리는지는 모르겠으나..만족합니다",https://phinf.pstatic.net/checkout.phinf/20210325_220/16166257479352Juln_JPEG/review-attachment-c22096ea-e33f-4a2f-90b0-e4247159e593.jpeg?type=f300_300,jinz****,20.02.08.
7,5,"배송은 너무너무 오래걸렸지만 상품은 맘에들어요
거의 한달걸린거같네요 ㅠ",https://phinf.pstatic.net/checkout.phinf/20210327_92/1616803493042Fjhti_JPEG/review-attachment-e85d7ba4-0757-4a3a-8472-5cad0f651168.jpeg?type=f300_300,cour****,20.02.27.
8,5,"나무 질감도 좋고요 쿠션에 대한 후기가있어 걱정했는데 괜찮네요~ 무엇보다 전체적으로 이뻐요 ^^
가끔 삐걱소리 나는데 원목침대의 어쩔수 없는 정도(?)인것 같고 시간지나면 자리잡아서 좀 줄어들지 않을까 싶은 정도네요~ 이정도면!! 매우 만족합니다",https://phinf.pstatic.net/checkout.phinf/20210107_104/1610015800326SV0DV_JPEG/review-attachment-0641e67a-a200-444b-b05c-4abb1fbe33ab.jpeg?type=f300_300,inno****,20.01.13.
9,5,질리지않는 디자인ㆍ색감 ^^  아주아주 만족합니다 ~~~,https://phinf.pstatic.net/checkout.phinf/20210320_196/1616206336693TnGGb_JPEG/review-attachment-6f96c771-e825-4084-a3c7-b68ac03f2da7.jpeg?type=f300_300,smj2****,20.01.10.
10,5,두번이나 매장 찾아가 직접 눈으로 보고 고른 침대~비엔토 침대 시리즈 중 둥그란 모서리와 다리부분이 마음에 들어 선택했어요. 헤드쿠션이 영 내키지 않았지만...정말이지 쿠션이 옵션이었다면 만족도가 더 높았을 거에요. 쿠션은 바느질 상태마저 엉망이네요. 그나마 분리 가능하니 다행이랄까요.  화이트오크(부분이지만) 침대를 좋은 가격에 구입해서 좋아요. 깔끔하고 예쁜 침대에요.,https://phinf.pstatic.net/checkout.phinf/20210221_195/1613906687119H30Rs_JPEG/review-attachment-88d851ad-289c-44ae-9713-647970bd446f.jpeg?type=f300_300,hise****,19.11.23.
11,5,좋아요~얌전하고 예쁜 침대에요~첫인상 별로였던 헤드쿠션도 자꾸 보니 정들어서 괜찮아 보이고요~ㅎ,https://phinf.pstatic.net/checkout.phinf/20210326_233/1616733550718xm6ES_JPEG/review-attachment-82ce0c68-4eea-44ca-8516-25b8964bed1e.jpeg?type=f300_300,hise****,20.01.01.
12,5,"적당한 가격대의 오크 원목 침대를 구하기가 힘들어 선택의 여지가 많지 않네요
품질은 괜찮습니다만 광조흔... 이 좀 거슬려요 찍힌 자국처럼 보이고... 
이전에 컵장 샀을때 이미 봐서 알고 구매한 거지만 싫긴 하네요",https://phinf.pstatic.net/checkout.phinf/20210302_38/1614669677617STteg_JPEG/review-attachment-fe7d1778-e849-43bf-9c69-25c387d92967.jpeg?type=f300_300,sacr****,19.12.19.
13,5,요청일자에 배송이 잘되었고 매트리스 하단 받침대가 견고합니다,https://phinf.pstatic.net/checkout.phinf/20210324_14/1616592268376oVcrO_JPEG/review-attachment-6944ab6a-f4c1-4229-913f-2d91456cb49f.jpeg?type=f300_300,jcm7****,20.01.14.
14,5,진짜 이쁘네요 ..^^  매트리스 배송전이라 일단 토퍼만 깔아두었는데 디자인ㆍ색상 모두 만족스러워요  ...,https://phinf.pstatic.net/image.nmv/shopnbuyer_2021_03_06_0/25e12ea8-7e50-11eb-a12c-a0369ff963bc_03.jpg?type=ffn300_300,smj2****,19.11.17.
15,5,튼튼하고 삐그덕 소리도 없고 잘쓰고 있습니다,https://phinf.pstatic.net/checkout.phinf/20210320_105/1616223781647oNk9X_JPEG/review-attachment-8c22d43d-4e43-4bfc-828c-acfb5e3189e2.jpeg?type=f300_300,dj43****,19.11.18.
16,5,튼튼하고 나무결에 부드러운게 무늬까지 이쁘네요,https://phinf.pstatic.net/checkout.phinf/20210321_1/1616337351998rIa4D_JPEG/review-attachment-44706da5-1e53-42f3-ac4e-b7c0cdb6e05f.jpeg?type=f300_300,dj43****,19.09.24.
17,4,정사이즈에요 아늑하고 좋습니다,https://phinf.pstatic.net/checkout.phinf/20210316_94/1615821425969YKvG1_JPEG/review-attachment-5556215d-7f39-4994-b933-a57ce876e651.jpeg?type=f300_300,craz****,19.09.25.
18,5,좋아요 좋아요 좋아요,https://phinf.pstatic.net/checkout.phinf/20210328_213/1616917248379WGf6I_JPEG/review-attachment-e67750eb-0f79-4fdc-80c5-da6556e56e68.jpeg?type=f300_300,ghdd****,19.09.18.
19,5,생각했던대로 너무 좋네요 나무결도 좋고 사진과 똑같은 이미지에요~ 만족합니다,https://phinf.pstatic.net/checkout.phinf/20210327_89/1616811986472Qd3M2_JPEG/review-attachment-958007b3-d281-4d72-849b-038d15241e08.jpeg?type=f300_300,cms5****,19.06.27.
20,5,디자인상당히맘에들어요,https://phinf.pstatic.net/image.nmv/shopnbuyer_2021_03_18_0/f50e1490-8786-11eb-8379-a0369ff968b0_03.jpg?type=ffn300_300,tiot****,19.03.26.
21,5,디자인 매우 좋습니다. 만족합니다.,https://phinf.pstatic.net/checkout.phinf/20210319_127/1616082656061z2b4a_JPEG/review-attachment-91c42776-47b4-4418-a2fa-5df698fa7f7d.jpeg?type=f300_300,tiot****,19.02.17.
22,5,깔끔하고 좋네요~ 좋아요~,https://phinf.pstatic.net/checkout.phinf/20210320_176/16162120200768ETu1_JPEG/review-attachment-38c9ab3a-b47a-460a-85e9-62063a5f1014.jpeg?type=f300_300,mtst****,19.02.08.
23,5,6개월 이상 써봐야 견고하고 튼튼한건 알 수 있을것 같구요~ 근데 정말 예뻐요! 처녀때 이케아 사용했는데 확실히 더 튼튼한 것 같아요!,https://phinf.pstatic.net/checkout.phinf/20210308_119/1615210890678mSYoz_JPEG/review-attachment-a0c913aa-bdd5-4704-979e-249a57d5220b.jpeg?type=f300_300,bara****,18.12.23.
24,5,"프레임 튼튼하고 나무 무늬도 예뻐요 
모서리 부분이 라운드처리되어 있는 점이 좋았어요
등받이 쿠션이 탈부착이라서 골랐는데 넘 좋네요",https://phinf.pstatic.net/checkout.phinf/20210310_60/16153745594077WgYV_JPEG/review-attachment-4d080459-586f-4cf7-bbe4-f535cb9bba5f.jpeg?type=f300_300,diva****,18.11.26.
