﻿,star,review,reviewImage,customerId,reviewDate
0,5,"배송도 빠르고 실물도 예뻐서 좋습니다!
약속된 시간에 배송이 되면 더 좋겠네요!",https://phinf.pstatic.net/image.nmv/shopnbuyer_2021_03_18_0/f50e1490-8786-11eb-8379-a0369ff968b0_03.jpg?type=ffn300_300,wldu****,21.03.03.
1,5,생각보다 좋지는 않아요,https://phinf.pstatic.net/checkout.phinf/20210319_127/1616082656061z2b4a_JPEG/review-attachment-91c42776-47b4-4418-a2fa-5df698fa7f7d.jpeg?type=f300_300,capi****,21.02.11.
2,4,생각보다 좋지는 않아요,https://phinf.pstatic.net/checkout.phinf/20210320_176/16162120200768ETu1_JPEG/review-attachment-38c9ab3a-b47a-460a-85e9-62063a5f1014.jpeg?type=f300_300,capi****,21.02.11.
3,5,역쉬 일룸이죠 딸아이 방에 찰떡이네요,https://phinf.pstatic.net/checkout.phinf/20210308_119/1615210890678mSYoz_JPEG/review-attachment-a0c913aa-bdd5-4704-979e-249a57d5220b.jpeg?type=f300_300,hans****,20.10.21.
4,5,안방침대하고 어울려요 만족합니다,https://phinf.pstatic.net/checkout.phinf/20210310_60/16153745594077WgYV_JPEG/review-attachment-4d080459-586f-4cf7-bbe4-f535cb9bba5f.jpeg?type=f300_300,kyj2****,20.10.10.
5,3,"일 룸거라서 믿고 샀어요 튼튼하고 좋아보이고  아이도
너무나 좋아합니다",https://phinf.pstatic.net/image.nmv/shopnbuyer_2021_02_08_0/96e26fb1-69ae-11eb-8a7c-505dac8c3607_03.jpg?type=ffn300_300,chin****,20.07.27.
6,3,대박만족합니다 꿀잠템이예요,https://phinf.pstatic.net/checkout.phinf/20210325_220/16166257479352Juln_JPEG/review-attachment-c22096ea-e33f-4a2f-90b0-e4247159e593.jpeg?type=f300_300,phn0****,20.08.24.
7,5,너무 만족이애요ㅎㅎ,https://phinf.pstatic.net/checkout.phinf/20210327_92/1616803493042Fjhti_JPEG/review-attachment-e85d7ba4-0757-4a3a-8472-5cad0f651168.jpeg?type=f300_300,kyj2****,20.08.14.
8,5,"큰아이 바꿔주고 너무 마음에 들어서 작은 아이 방에도 사 주었어요 ~~럭셔리 그 자체 입니다.
굿이에요~~~~",https://phinf.pstatic.net/checkout.phinf/20210107_104/1610015800326SV0DV_JPEG/review-attachment-0641e67a-a200-444b-b05c-4abb1fbe33ab.jpeg?type=f300_300,yang****,20.07.17.
9,4,"화면처럼 너무 깔끔한 침대에요~ 기사님도 너무 친절하셨구요, 설치도 금방 뚝딱이었어요 :) 예전에 원목 침대를 사용하다가 버리고 저상형 침대깔판 깔고 매트리스 올리고 썼는데 벽에 기대는게 없으니 영 불편하더라구요. 원목은 사용해봤으니 이번에는 가죽 침대로 골랐는데 정말 굿 초이스네요! 다른 가죽침대들은 대체적으로 찍찍이로 서로 붙게끔 하던데 여기꺼는 클립형태로 되서 서로 위아래로 딱 끼우게 되어있으니 밀고 옮기더라도 틀어지거나 빠질일 없을 것 같구요 헤드 뒤쪽 아래 부분에 침대 하단과 고정할 수 있는 나사를 끼우는 곳도 가죽 부분에 자크를 달아서 나사가 보이는 일도 없어요.  매트리스 밀림방지가 되어있어서 매트리스 올릴때 좀 힘들었지만 그만큼 잘 되어있다는 거겠죠~ㅋㅋ 매트리스는 퀸 사이즈 입니다. 이렇게 모든게 깔끔한 침대는 처음봅니다!!! 저도 저지만  아이가 엄청 좋아하네요 ㅋㅋ 침대 위에서 폴짝폴짝 뛰어도 움직임 1도 없네요~ 정말 마음에 들어요!!! :D",https://phinf.pstatic.net/checkout.phinf/20210320_196/1616206336693TnGGb_JPEG/review-attachment-6f96c771-e825-4084-a3c7-b68ac03f2da7.jpeg?type=f300_300,kkal****,20.04.27.
10,5,상품은 다 괜찮으나 배송설치가 보통입니다.,https://phinf.pstatic.net/checkout.phinf/20210221_195/1613906687119H30Rs_JPEG/review-attachment-88d851ad-289c-44ae-9713-647970bd446f.jpeg?type=f300_300,hana****,20.07.14.
11,5,사진과 그대로에요 높이가 다소 낮다고 생각될 순 있는데 사용에 불만없이 만족합니다,https://phinf.pstatic.net/checkout.phinf/20210326_233/1616733550718xm6ES_JPEG/review-attachment-82ce0c68-4eea-44ca-8516-25b8964bed1e.jpeg?type=f300_300,l987****,20.06.29.
12,4,사진보다 색이 많이 어두워요. 6월 27일에 배송 요청을 했는데 7월 2일에 왔습니다.,https://phinf.pstatic.net/checkout.phinf/20210302_38/1614669677617STteg_JPEG/review-attachment-fe7d1778-e849-43bf-9c69-25c387d92967.jpeg?type=f300_300,drum****,20.07.03.
13,5,깔끔하고 제가 생각했던 그대로예요. 맘에 들어요.,https://phinf.pstatic.net/checkout.phinf/20210324_14/1616592268376oVcrO_JPEG/review-attachment-6944ab6a-f4c1-4229-913f-2d91456cb49f.jpeg?type=f300_300,star****,20.05.10.
14,4,"슬로우토퍼쓰다가 주문했는데 딱이네요 
넘예뻐요~",https://phinf.pstatic.net/image.nmv/shopnbuyer_2021_03_06_0/25e12ea8-7e50-11eb-a12c-a0369ff963bc_03.jpg?type=ffn300_300,haru****,20.04.17.
15,5,"디자인도 깔끔하고, 볼 수록 잘 구매했다는 생각이 들어요.
한 달 동안 그대로 쓰니, 헤드에 먼지가 쌓여있었습니다 ㅠ 그대로 방치하지 말고 헤드도 신경써주세요~",https://phinf.pstatic.net/checkout.phinf/20210320_105/1616223781647oNk9X_JPEG/review-attachment-8c22d43d-4e43-4bfc-828c-acfb5e3189e2.jpeg?type=f300_300,inth****,20.03.25.
16,3,"배송일,시간 전부 정확하게 배송해주시고 엄청 빼르게 조립해주십니다! 
주문부터 배송까지 빠르고 친절합니다!

생각보다 저상형 침대지만 제품이 좋아요!",https://phinf.pstatic.net/checkout.phinf/20210321_1/1616337351998rIa4D_JPEG/review-attachment-44706da5-1e53-42f3-ac4e-b7c0cdb6e05f.jpeg?type=f300_300,inth****,20.02.22.
17,5,"집안 분위기와 찰떡같이 어울려요! 고급져보이고, 저희 부부 대만족입니다!",https://phinf.pstatic.net/checkout.phinf/20210316_94/1615821425969YKvG1_JPEG/review-attachment-5556215d-7f39-4994-b933-a57ce876e651.jpeg?type=f300_300,jieu****,19.08.08.
