﻿,star,review,reviewImage,customerId,reviewDate
0,4,좋아요 역시 침대는 한샘이에요,https://phinf.pstatic.net/image.nmv/shopnbuyer_2021_03_18_0/f50e1490-8786-11eb-8379-a0369ff968b0_03.jpg?type=ffn300_300,yyuu****,21.03.18.
1,5,"친절한 기사님이 방문 해 주서셔 정말 꼼꼼하고 친절한 설명과 설치 해 주서셔 감사합니다!!
침대는 딱 혼자 자기 완벽한 사이즈고 물건 보관하는 수납함은 정말 견고하고 튼튼합니다!!",https://phinf.pstatic.net/checkout.phinf/20210319_127/1616082656061z2b4a_JPEG/review-attachment-91c42776-47b4-4418-a2fa-5df698fa7f7d.jpeg?type=f300_300,rnth****,21.02.21.
2,4,수납침대를 찾다가 지정배송 가능하기도해서 주문했어요. 마감깔끔하고 생각만큼 새가구냄새도 많이는 안나요. 근데 평상형이다보니 매트리스가 좌우로 움직여서 매트리스바닥에 뭔가 해야할거 같긴해요 그거빼곤 다 좋습니다!,https://phinf.pstatic.net/checkout.phinf/20210320_176/16162120200768ETu1_JPEG/review-attachment-38c9ab3a-b47a-460a-85e9-62063a5f1014.jpeg?type=f300_300,skyb****,20.09.04.
3,5,두개 구입해서 쓰고있는데 이방도 저방도 수납 정말 잘 해결했구요. 윗쪽만 벽에 붙여쓰는 제방은 매트리스가 많이 움직이는걸 어쩔수는 없네요. 장점이 많은 침대라 만족하며 쓰고 있습니다.,https://phinf.pstatic.net/checkout.phinf/20210308_119/1615210890678mSYoz_JPEG/review-attachment-a0c913aa-bdd5-4704-979e-249a57d5220b.jpeg?type=f300_300,loli****,20.09.05.
4,4,진짜 한 수납합니다. 첨부터 냄새가 심하지 않아 며칠 서랍 열고 있었고 지금은 잘쓰고 있네요. 벽에 붙여 써야 안정적입니다.,https://phinf.pstatic.net/checkout.phinf/20210310_60/16153745594077WgYV_JPEG/review-attachment-4d080459-586f-4cf7-bbe4-f535cb9bba5f.jpeg?type=f300_300,loli****,20.09.05.
5,5,너무 마음에 들어요 진짜류,https://phinf.pstatic.net/image.nmv/shopnbuyer_2021_02_08_0/96e26fb1-69ae-11eb-8a7c-505dac8c3607_03.jpg?type=ffn300_300,leej****,20.10.17.
6,5,"생각보다 크네요
서랍장 넉넉하고 좁은공간에 좋습니다~^^",https://phinf.pstatic.net/checkout.phinf/20210325_220/16166257479352Juln_JPEG/review-attachment-c22096ea-e33f-4a2f-90b0-e4247159e593.jpeg?type=f300_300,jjju****,20.09.18.
7,4,"배송 빠르고 배송기사님도 손이 빠르셔서 30분내로 다 정리해주고 가셨어요. 침대는 무엇보다 튼튼해야하니 몇일 1주일 사용해보니 완전 만족이에요. 전 키 165의 성인여자인데 좁다는 느낌은 없었고, 약간 기장이 짧긴해서 좁은방에 놔두긴 좋은것 같아요.",https://phinf.pstatic.net/checkout.phinf/20210327_92/1616803493042Fjhti_JPEG/review-attachment-e85d7ba4-0757-4a3a-8472-5cad0f651168.jpeg?type=f300_300,tony****,20.08.25.
8,5,매트별기대안했는데적당히푹신하고좋아요,https://phinf.pstatic.net/checkout.phinf/20210107_104/1610015800326SV0DV_JPEG/review-attachment-0641e67a-a200-444b-b05c-4abb1fbe33ab.jpeg?type=f300_300,kwon****,20.08.12.
9,5,같이오는 매트리스도 푹신하고 좋아요 그리고 수납도 되게 많이되고 옷 때려박았네여,https://phinf.pstatic.net/checkout.phinf/20210320_196/1616206336693TnGGb_JPEG/review-attachment-6f96c771-e825-4084-a3c7-b68ac03f2da7.jpeg?type=f300_300,chdc****,20.07.29.
10,4,친대 푹신해요 언니랑 제꺼 산건데 잘쓰고있습니다 푹신하고 좋아요,https://phinf.pstatic.net/checkout.phinf/20210221_195/1613906687119H30Rs_JPEG/review-attachment-88d851ad-289c-44ae-9713-647970bd446f.jpeg?type=f300_300,chdc****,20.07.29.
11,5,튼튼하고 수납력 대박. 진심추천합니다. 안쓰는거 넣어버리세효오~~!!,https://phinf.pstatic.net/checkout.phinf/20210326_233/1616733550718xm6ES_JPEG/review-attachment-82ce0c68-4eea-44ca-8516-25b8964bed1e.jpeg?type=f300_300,loli****,20.07.29.
12,5,방이 더 훤해졋어요. 잔짐 수납까지 하니까 일석이조,https://phinf.pstatic.net/checkout.phinf/20210302_38/1614669677617STteg_JPEG/review-attachment-fe7d1778-e849-43bf-9c69-25c387d92967.jpeg?type=f300_300,loli****,20.07.29.
13,5,패밀리 침대처럼 두 개 붙여서 연출했는데 괜찮네요. 수납할 곳도 많고,https://phinf.pstatic.net/checkout.phinf/20210324_14/1616592268376oVcrO_JPEG/review-attachment-6944ab6a-f4c1-4229-913f-2d91456cb49f.jpeg?type=f300_300,woog****,20.07.21.
14,5,"수납도 잘되고좋아요~
잘산거같아요~",https://phinf.pstatic.net/image.nmv/shopnbuyer_2021_03_06_0/25e12ea8-7e50-11eb-a12c-a0369ff963bc_03.jpg?type=ffn300_300,hy99****,20.07.28.
15,5,수납공간이 정말 최고예요~~~!! 튼튼하고 맘에 들어요 ㅎㅎ 자취방에서 쓸거라 더 저렴한거 살까했는데... 한샘꺼 사기를 잘 했네요!! 넘 만족합니다~ 매트리스는 저렴한거라 하던데 전 원래 집에서 땅바닥에서 자던 사람이라 넘 편하네욬ㅋㅋ 기사님도 더운 날씨에도 넘 친절하셨습니다~ 고민하시는 분들 모두 구매하세용!!ㅎㅎ,https://phinf.pstatic.net/checkout.phinf/20210320_105/1616223781647oNk9X_JPEG/review-attachment-8c22d43d-4e43-4bfc-828c-acfb5e3189e2.jpeg?type=f300_300,zvvv****,20.06.29.
16,5,"처음이랑 똑같이 불편함 없이 사용중입니다
서랍장도 너무 넉넉해서 한칸은 남았어욬ㅋㅋ
대신 서랍장은 끝까지 빼서 사용하면
다시 넣을때 살짝 들어서? 넣어야하네요
큰 불편함은 아니지만요!",https://phinf.pstatic.net/checkout.phinf/20210321_1/1616337351998rIa4D_JPEG/review-attachment-44706da5-1e53-42f3-ac4e-b7c0cdb6e05f.jpeg?type=f300_300,dny2****,20.07.28.
17,5,"매트리스는 정말 별론데 프레임이 맘에들어요
수납도되고
설치기사님이 너무 과격하셔서 무서웠어요 ㅠㅠ",https://phinf.pstatic.net/checkout.phinf/20210316_94/1615821425969YKvG1_JPEG/review-attachment-5556215d-7f39-4994-b933-a57ce876e651.jpeg?type=f300_300,mjak****,20.07.28.
18,5,설치해주시는 분께서 아침에 몇시쯤 오실건지 연락 미리 해주셔서 좋았어요 침대는 생각보다 큰 느낌인데 너무 깔끔하게 예뻐서 좋네요,https://phinf.pstatic.net/checkout.phinf/20210328_213/1616917248379WGf6I_JPEG/review-attachment-e67750eb-0f79-4fdc-80c5-da6556e56e68.jpeg?type=f300_300,wldb****,20.07.01.
19,5,수납장은 넉넉한데 매트리스가 허접하네요. 설치기사분들 아주 친절하고 좋았습니다,https://phinf.pstatic.net/checkout.phinf/20210327_89/1616811986472Qd3M2_JPEG/review-attachment-958007b3-d281-4d72-849b-038d15241e08.jpeg?type=f300_300,zizi****,20.07.28.
20,4,"무헤드라자리안차지하고
수납도되는
진짜가성비짱입니다~",https://phinf.pstatic.net/image.nmv/shopnbuyer_2021_03_18_0/f50e1490-8786-11eb-8379-a0369ff968b0_03.jpg?type=ffn300_300,kwon****,20.07.13.
21,5,수납공간이 정말 좋네요,https://phinf.pstatic.net/checkout.phinf/20210319_127/1616082656061z2b4a_JPEG/review-attachment-91c42776-47b4-4418-a2fa-5df698fa7f7d.jpeg?type=f300_300,blue****,20.08.02.
22,4,튼튼하고 수납장이 마음에듭니다,https://phinf.pstatic.net/checkout.phinf/20210320_176/16162120200768ETu1_JPEG/review-attachment-38c9ab3a-b47a-460a-85e9-62063a5f1014.jpeg?type=f300_300,khjt****,20.07.13.
23,5,서랍형침대로 이거저거알아보다가 결국한샘만한게없는것같아서 선택했어요 . 배송비붙고 머하면 그게그거더라고요 . 튼튼해보이고 모서리둥글고 . 오래쓸것같고 서랍 은근많이들어가요  매트는 좀딱딱한감이있으나 애가아직어려서 뛸것같아서 2년정도후에바꿀생각으로 샀어요 좋아요,https://phinf.pstatic.net/checkout.phinf/20210308_119/1615210890678mSYoz_JPEG/review-attachment-a0c913aa-bdd5-4704-979e-249a57d5220b.jpeg?type=f300_300,hiro****,20.06.22.
24,5,좋네요 고민하다 선책했는데 화이트도 약간 아이보리 빛이돌아 부드럽도 거슬리지 않습니다. 기본매트는 좋다고 할 수 없지만 저렴하니 감안해야겠죠. 기존에 흐던 메모리폼이 비해서 스프링어서 그런지 푹신한 편입니다 만족합니다,https://phinf.pstatic.net/checkout.phinf/20210310_60/16153745594077WgYV_JPEG/review-attachment-4d080459-586f-4cf7-bbe4-f535cb9bba5f.jpeg?type=f300_300,23ho****,20.06.24.
25,5,가격대비 아주 맘에 들어요,https://phinf.pstatic.net/image.nmv/shopnbuyer_2021_02_08_0/96e26fb1-69ae-11eb-8a7c-505dac8c3607_03.jpg?type=ffn300_300,moon****,20.07.19.
26,5,"가격대비 정말 좋은제품 입니다^^
특히 수납이 짱!",https://phinf.pstatic.net/checkout.phinf/20210325_220/16166257479352Juln_JPEG/review-attachment-c22096ea-e33f-4a2f-90b0-e4247159e593.jpeg?type=f300_300,doo2****,20.06.16.
27,5,아임빅  수납면에서는  아주 좋아요,https://phinf.pstatic.net/checkout.phinf/20210327_92/1616803493042Fjhti_JPEG/review-attachment-e85d7ba4-0757-4a3a-8472-5cad0f651168.jpeg?type=f300_300,cms8****,20.07.10.
28,4,심플한 디자인 깔끔하고 군더더기 없이 공간활용에 좋아요 무엇보다 마감이 깔끔해서 좋네요,https://phinf.pstatic.net/checkout.phinf/20210107_104/1610015800326SV0DV_JPEG/review-attachment-0641e67a-a200-444b-b05c-4abb1fbe33ab.jpeg?type=f300_300,iyou****,20.06.12.
29,5,"침대 안 수납공간도 넉넉해서 생각보다 부피가 큰 이불도 보관하기 좋아요! 새 매트 냄새도 심하지않고 푹신해서 완전 꿀잠잤어요~
배송이 좀 오래걸렸지만 맘에듭니다",https://phinf.pstatic.net/checkout.phinf/20210320_196/1616206336693TnGGb_JPEG/review-attachment-6f96c771-e825-4084-a3c7-b68ac03f2da7.jpeg?type=f300_300,dny2****,20.05.14.
30,5,"수납도 잘되고 좋아요^^
다만 매트리스는 좀 쓰다 바꿔야될것같아요
누울때 스프링 튕기는 소리가 나서
좀 신경쓰여요",https://phinf.pstatic.net/checkout.phinf/20210221_195/1613906687119H30Rs_JPEG/review-attachment-88d851ad-289c-44ae-9713-647970bd446f.jpeg?type=f300_300,gywl****,20.06.08.
31,5,좋아요~~~~~~~,https://phinf.pstatic.net/checkout.phinf/20210326_233/1616733550718xm6ES_JPEG/review-attachment-82ce0c68-4eea-44ca-8516-25b8964bed1e.jpeg?type=f300_300,pum1****,20.06.13.
32,5,잠이 잘와요 수납공간도 아주 넉넉해요,https://phinf.pstatic.net/checkout.phinf/20210302_38/1614669677617STteg_JPEG/review-attachment-fe7d1778-e849-43bf-9c69-25c387d92967.jpeg?type=f300_300,mks2****,20.06.13.
33,5,"초등아들사이즈로 아주 좋아요..서랍도 맘에 들고요..
구매만족 합니다^^",https://phinf.pstatic.net/checkout.phinf/20210324_14/1616592268376oVcrO_JPEG/review-attachment-6944ab6a-f4c1-4229-913f-2d91456cb49f.jpeg?type=f300_300,red2****,20.05.09.
34,4,가성비가 좋아요 만족합니다,https://phinf.pstatic.net/image.nmv/shopnbuyer_2021_03_06_0/25e12ea8-7e50-11eb-a12c-a0369ff963bc_03.jpg?type=ffn300_300,psm6****,20.05.31.
35,5,"아이가참좋아하네요
품질좋은제품저렴하게구입했습니다",https://phinf.pstatic.net/checkout.phinf/20210320_105/1616223781647oNk9X_JPEG/review-attachment-8c22d43d-4e43-4bfc-828c-acfb5e3189e2.jpeg?type=f300_300,k255****,20.05.25.
36,5,"수납장도 생각보다 넓고 튼튼합니다
벙커 수납장에 이불이랑 겨울옷들도 다 들어가네여",https://phinf.pstatic.net/checkout.phinf/20210321_1/1616337351998rIa4D_JPEG/review-attachment-44706da5-1e53-42f3-ac4e-b7c0cdb6e05f.jpeg?type=f300_300,that****,20.05.09.
37,5,아이보리 색이네요 예뻐요 배송은 좀 걸려요,https://phinf.pstatic.net/checkout.phinf/20210316_94/1615821425969YKvG1_JPEG/review-attachment-5556215d-7f39-4994-b933-a57ce876e651.jpeg?type=f300_300,zero****,20.04.24.
38,4,"원하던 사이즈입니다 서랍장도 유용합니다
설치기사님 너무 친절하셔서 감사합니다
일이 많으신지 힘들어보이셨어요 한샘에서 너무 기사님 부려먹지 않았으면 합니다",https://phinf.pstatic.net/checkout.phinf/20210328_213/1616917248379WGf6I_JPEG/review-attachment-e67750eb-0f79-4fdc-80c5-da6556e56e68.jpeg?type=f300_300,aall****,20.03.09.
39,3,수납 공간 넉넉해서 좋고 배송도 빨랐습니다. 전체적으로 만족합니다.,https://phinf.pstatic.net/checkout.phinf/20210327_89/1616811986472Qd3M2_JPEG/review-attachment-958007b3-d281-4d72-849b-038d15241e08.jpeg?type=f300_300,seon****,20.01.21.
40,4,높은 친환경등급 덕분인지 냄새가 거의 없고 배송 설치 기사님 친절하셨습니다. 배송 날짜와 시간 예약 가능한 것도 좋습니다.,https://phinf.pstatic.net/image.nmv/shopnbuyer_2021_03_18_0/f50e1490-8786-11eb-8379-a0369ff968b0_03.jpg?type=ffn300_300,sshi****,20.01.08.
41,5,좋아요 배송도 빠르거요,https://phinf.pstatic.net/checkout.phinf/20210319_127/1616082656061z2b4a_JPEG/review-attachment-91c42776-47b4-4418-a2fa-5df698fa7f7d.jpeg?type=f300_300,woo1****,20.01.31.
42,4,매트리스 퀄리티가 엄청 좋은건 아닌 것 같지만 수납도 좋고 편하게 잘 사용하고 있어요~!!!,https://phinf.pstatic.net/checkout.phinf/20210320_176/16162120200768ETu1_JPEG/review-attachment-38c9ab3a-b47a-460a-85e9-62063a5f1014.jpeg?type=f300_300,sook****,19.11.19.
43,5,침대 배송기사님이 친절하게 설치해주셔서 좋았습니다~! 서랍 표면이 조금 울퉁불퉁해서 기사분이 교환해주신다고 해서 기다리고 있어요.,https://phinf.pstatic.net/checkout.phinf/20210308_119/1615210890678mSYoz_JPEG/review-attachment-a0c913aa-bdd5-4704-979e-249a57d5220b.jpeg?type=f300_300,sook****,19.09.24.
44,4,"초등 저학년 아이가 쓰고있는데
아주 만족해 합니다",https://phinf.pstatic.net/checkout.phinf/20210310_60/16153745594077WgYV_JPEG/review-attachment-4d080459-586f-4cf7-bbe4-f535cb9bba5f.jpeg?type=f300_300,zzan****,19.08.22.
45,5,가격대비 괜찮아요ㅋ,https://phinf.pstatic.net/image.nmv/shopnbuyer_2021_02_08_0/96e26fb1-69ae-11eb-8a7c-505dac8c3607_03.jpg?type=ffn300_300,long****,19.08.23.
46,5,"양중비용 기본 55,000원부터라고 명시해주세요~ 배송기사님이 엘베없는거 확인하고 55,000원 추가부담된다 말하셔서 그때 알았네요. 예상못한 추가비용 기분좋지않아요. 수납장 사용때문인지 매트가 가볍고 약간 엉성한감이있어요. 수납때매 샀으니 감안해야겠죠. 프레임은 튼튼해보여요~ 좋다생각하고쓰면 좋겠죠~",https://phinf.pstatic.net/checkout.phinf/20210325_220/16166257479352Juln_JPEG/review-attachment-c22096ea-e33f-4a2f-90b0-e4247159e593.jpeg?type=f300_300,yish****,19.06.19.
47,4,"마감좋아요
서랍레일은 저렴이인데 그럭저럭 사용할 만 합니다
매트리스가 예상보다 좋습니다
서랍과 수납부분 좌우 바꿀수 있어 가장 좋아요",https://phinf.pstatic.net/checkout.phinf/20210327_92/1616803493042Fjhti_JPEG/review-attachment-e85d7ba4-0757-4a3a-8472-5cad0f651168.jpeg?type=f300_300,shub****,19.06.09.
48,4,침대 본체는 용도와 강도 모두 훌륭합니다. 단 매트리스에 신경을 쓰시는 분들은 업그레이드해서 구입하시기를 추천합니다. 기본 매트리스는 가격 대비 나쁘지 않지만 추천하고 싶지는 않습니다.,https://phinf.pstatic.net/checkout.phinf/20210107_104/1610015800326SV0DV_JPEG/review-attachment-0641e67a-a200-444b-b05c-4abb1fbe33ab.jpeg?type=f300_300,vero****,19.05.02.
49,5,깔끔한데 저렴해보이고 매트리스가 밀려서 불편한거 빼고는 가격대비 무난합니다,https://phinf.pstatic.net/checkout.phinf/20210320_196/1616206336693TnGGb_JPEG/review-attachment-6f96c771-e825-4084-a3c7-b68ac03f2da7.jpeg?type=f300_300,cy-l****,19.05.15.
50,4,"깔끔합니다 무헤드 추천해요
배송이 너무오래걸린게 단점이네요",https://phinf.pstatic.net/checkout.phinf/20210221_195/1613906687119H30Rs_JPEG/review-attachment-88d851ad-289c-44ae-9713-647970bd446f.jpeg?type=f300_300,wlvh****,19.03.13.
51,5,기존 매트리스도 내림 서비스 해주시고 너무 친절하셨어요 감사합니다^^,https://phinf.pstatic.net/checkout.phinf/20210326_233/1616733550718xm6ES_JPEG/review-attachment-82ce0c68-4eea-44ca-8516-25b8964bed1e.jpeg?type=f300_300,qkff****,18.10.19.
52,5,수납이 정말 암에 드네요,https://phinf.pstatic.net/checkout.phinf/20210302_38/1614669677617STteg_JPEG/review-attachment-fe7d1778-e849-43bf-9c69-25c387d92967.jpeg?type=f300_300,juli****,18.10.24.
53,3,"깔끔해요 좁은방에 딱이네요
수납도 넉넉하고 심플해서 좋아요
서랍장 반대쪽 수납공간 사용하기가 힘들다는게 담점이지만 안쓰는거 넣어두려구여",https://phinf.pstatic.net/checkout.phinf/20210324_14/1616592268376oVcrO_JPEG/review-attachment-6944ab6a-f4c1-4229-913f-2d91456cb49f.jpeg?type=f300_300,11h0****,18.05.23.
54,5,고민 오래한 보람이!! 배송도 며칠만에 오고 대만족이에요 수납공간도 많고 매트리스도 적당히 푹신해서 편해요!! 기사님도 친절하셨구요!! 강추합니다!!,https://phinf.pstatic.net/image.nmv/shopnbuyer_2021_03_06_0/25e12ea8-7e50-11eb-a12c-a0369ff963bc_03.jpg?type=ffn300_300,vero****,18.05.25.
55,5,추천 드립니다 우선 수납 공간이 많아 정말 좋습니다.  침대 쿠션도 좋고 프레임도 튼튼 합니다. 좁은 방에 딱이네요! 가격 대비 훌륭 합니다.,https://phinf.pstatic.net/checkout.phinf/20210320_105/1616223781647oNk9X_JPEG/review-attachment-8c22d43d-4e43-4bfc-828c-acfb5e3189e2.jpeg?type=f300_300,lhj9****,18.05.17.
56,5,수납장에 수납이 정말 많이 돼서 만족스러워요. 침대도 깔끔하고 조립도 지정일 맞춰 잘해주셨어요. ,https://phinf.pstatic.net/checkout.phinf/20210321_1/1616337351998rIa4D_JPEG/review-attachment-44706da5-1e53-42f3-ac4e-b7c0cdb6e05f.jpeg?type=f300_300,coal****,18.05.18.
57,5,"좋아요 비가와서 배송이 조금 늦긴 햇지만
조립도 잘 해주시고 상품도 튼튼해보이고 괜찮은 것 같네요. 
다만 새가구 냄새가 많이나네요 ㅎㅎ
그리고 생각보다 커요! ㅋㅋㅋ",https://phinf.pstatic.net/checkout.phinf/20210316_94/1615821425969YKvG1_JPEG/review-attachment-5556215d-7f39-4994-b933-a57ce876e651.jpeg?type=f300_300,3022****,18.05.12.
58,5,"크기, 공간활용, 매트리스 다 만족스러워요!!! 대만족!!!",https://phinf.pstatic.net/checkout.phinf/20210328_213/1616917248379WGf6I_JPEG/review-attachment-e67750eb-0f79-4fdc-80c5-da6556e56e68.jpeg?type=f300_300,bin9****,18.05.26.
59,5," 설치 팀장님 친절하게 설치해주셨어요
공간 활용하기에 좋고 인테리어상으로도 심플해서 좋습니다

",https://phinf.pstatic.net/checkout.phinf/20210327_89/1616811986472Qd3M2_JPEG/review-attachment-958007b3-d281-4d72-849b-038d15241e08.jpeg?type=f300_300,irea****,18.05.20.
60,4,수납공간 많고 마감이 깔끔해서 맘에들고 배송도 편리해요,https://phinf.pstatic.net/image.nmv/shopnbuyer_2021_03_18_0/f50e1490-8786-11eb-8379-a0369ff968b0_03.jpg?type=ffn300_300,dmsw****,18.05.14.
61,5,튼튼 하고 쿠션도 좋고 수납도 많이 할 수 있어 정말 좋네요!,https://phinf.pstatic.net/checkout.phinf/20210319_127/1616082656061z2b4a_JPEG/review-attachment-91c42776-47b4-4418-a2fa-5df698fa7f7d.jpeg?type=f300_300,lhj9****,18.05.17.
62,4,"배송도 빠르고 설치도 너무 잘 해주셨습니다.
제품도 역시 맘에들어요",https://phinf.pstatic.net/checkout.phinf/20210320_176/16162120200768ETu1_JPEG/review-attachment-38c9ab3a-b47a-460a-85e9-62063a5f1014.jpeg?type=f300_300,bokg****,18.05.08.
63,5,기사님도 친절하시고 튼튼하고 이쁘네요,https://phinf.pstatic.net/checkout.phinf/20210308_119/1615210890678mSYoz_JPEG/review-attachment-a0c913aa-bdd5-4704-979e-249a57d5220b.jpeg?type=f300_300,sonh****,18.05.09.
64,5,조아용~~~,https://phinf.pstatic.net/checkout.phinf/20210310_60/16153745594077WgYV_JPEG/review-attachment-4d080459-586f-4cf7-bbe4-f535cb9bba5f.jpeg?type=f300_300,3022****,18.05.12.
65,5,"수납함이 있어서 편리하구요, 잘 설치해 주셨습니다~~",https://phinf.pstatic.net/image.nmv/shopnbuyer_2021_02_08_0/96e26fb1-69ae-11eb-8a7c-505dac8c3607_03.jpg?type=ffn300_300,clow****,18.04.25.
66,5,매우만족항,https://phinf.pstatic.net/checkout.phinf/20210325_220/16166257479352Juln_JPEG/review-attachment-c22096ea-e33f-4a2f-90b0-e4247159e593.jpeg?type=f300_300,anme****,18.04.28.
67,5,"만족합니다~~
상품도 퀄리티가 생각보다 높고, 설치기사님도 친절하고 꼼꼼하게 해주셨습니다.",https://phinf.pstatic.net/checkout.phinf/20210327_92/1616803493042Fjhti_JPEG/review-attachment-e85d7ba4-0757-4a3a-8472-5cad0f651168.jpeg?type=f300_300,yuni****,18.04.09.
68,5,튼튼하고 견고합니다 ㅎㅎ 높이가 높아서 수납도 많이되고 침대가 무거워요 ㅎㅎ 튼튼한거같네요메트리도 안움직이고 편해서 잠 잘잤어요 ㅎㅎ다만 서랍에서 새 가구 냄새나는것만 잘 빼고 물건 넣어야겠어요.,https://phinf.pstatic.net/checkout.phinf/20210107_104/1610015800326SV0DV_JPEG/review-attachment-0641e67a-a200-444b-b05c-4abb1fbe33ab.jpeg?type=f300_300,heyg****,18.03.26.
69,5,"좋아요 우선 가성비가 좋아요. 이가격에 한샘 제품이면 좋죠.

공간활용 좋아요. 헤드 없어서 좁은 공간에 딱이에요.

수납공간 좋아요.",https://phinf.pstatic.net/checkout.phinf/20210320_196/1616206336693TnGGb_JPEG/review-attachment-6f96c771-e825-4084-a3c7-b68ac03f2da7.jpeg?type=f300_300,uneu****,18.04.01.
70,5,생각했던데로 침대가 이쁘네요^^ 배송기사님도 깔끔하게 설치 잘해주셨구여. ,https://phinf.pstatic.net/checkout.phinf/20210221_195/1613906687119H30Rs_JPEG/review-attachment-88d851ad-289c-44ae-9713-647970bd446f.jpeg?type=f300_300,univ****,18.03.31.
71,5,좋습니다^^,https://phinf.pstatic.net/checkout.phinf/20210326_233/1616733550718xm6ES_JPEG/review-attachment-82ce0c68-4eea-44ca-8516-25b8964bed1e.jpeg?type=f300_300,sjwt****,18.05.06.
72,5,"추천 수납 완전 많이 돼요 좋아요 추천합니다ㅏ~~! .,,.,..,.,.,.,.,.,.,.,,.",https://phinf.pstatic.net/checkout.phinf/20210302_38/1614669677617STteg_JPEG/review-attachment-fe7d1778-e849-43bf-9c69-25c387d92967.jpeg?type=f300_300,lssj****,18.04.04.
73,5,만족합니다,https://phinf.pstatic.net/checkout.phinf/20210324_14/1616592268376oVcrO_JPEG/review-attachment-6944ab6a-f4c1-4229-913f-2d91456cb49f.jpeg?type=f300_300,bboo****,18.04.05.
74,5,이거 진짜 괜찮아요!!,https://phinf.pstatic.net/image.nmv/shopnbuyer_2021_03_06_0/25e12ea8-7e50-11eb-a12c-a0369ff963bc_03.jpg?type=ffn300_300,uneu****,18.04.01.
75,5,좋아요 !,https://phinf.pstatic.net/checkout.phinf/20210320_105/1616223781647oNk9X_JPEG/review-attachment-8c22d43d-4e43-4bfc-828c-acfb5e3189e2.jpeg?type=f300_300,lssj****,18.04.04.
76,5,튼튼하고 좋네요~!,https://phinf.pstatic.net/checkout.phinf/20210321_1/1616337351998rIa4D_JPEG/review-attachment-44706da5-1e53-42f3-ac4e-b7c0cdb6e05f.jpeg?type=f300_300,heyg****,18.03.26.
77,5,좋은거 같습니다. 일단 배송이 생각보다 빨라서 좋았습니다. 수납이 필요한 침대를 찾고 있었는데 안성맞춤이네요. 새 가구라서 그런지 약간의 냄새는 나구요. 저의 경우는 크게 신경 쓰이지는 않았습니다. 하루정도 가더라구요. 그리고 설치 이후에는 꼭 걸레질 해주시기를 바라구요. 그냥 싣고 오면서 먼지 묻었으니깐요. 매트리스는 새 것이라서 그런지 처음 잔 날은 등이 아프긴 했는데 이튿날 부터는 괜찮았습니다. 무게가 많이 나가요 대신.,https://phinf.pstatic.net/checkout.phinf/20210316_94/1615821425969YKvG1_JPEG/review-attachment-5556215d-7f39-4994-b933-a57ce876e651.jpeg?type=f300_300,hobb****,17.11.02.
78,5,아이방에 두었어요 생각보다 색이 자연스럽고 예쁩니다 각각 피스로 포장되어 온것을 일일이 조립해서 설치해주셨어요 매트리스가 단단한편입니다,https://phinf.pstatic.net/checkout.phinf/20210328_213/1616917248379WGf6I_JPEG/review-attachment-e67750eb-0f79-4fdc-80c5-da6556e56e68.jpeg?type=f300_300,ttug****,17.10.23.
79,5,좋은 제품 빠른 배송 좋아요.,https://phinf.pstatic.net/checkout.phinf/20210327_89/1616811986472Qd3M2_JPEG/review-attachment-958007b3-d281-4d72-849b-038d15241e08.jpeg?type=f300_300,hobb****,17.11.02.
80,4,좋아요 침대 아래 수납공간도 되게 넓고 푹신하고 언니랑 잘쓰고있어요,https://phinf.pstatic.net/image.nmv/shopnbuyer_2021_03_18_0/f50e1490-8786-11eb-8379-a0369ff968b0_03.jpg?type=ffn300_300,chdc****,20.09.22.
81,5,계속 사용하면서 좋다고 느꼈어요 매트리스 푹신하고 좋아요,https://phinf.pstatic.net/checkout.phinf/20210319_127/1616082656061z2b4a_JPEG/review-attachment-91c42776-47b4-4418-a2fa-5df698fa7f7d.jpeg?type=f300_300,chdc****,20.09.22.
82,4,깔끔하고 괜찮습니다 ,https://phinf.pstatic.net/checkout.phinf/20210320_176/16162120200768ETu1_JPEG/review-attachment-38c9ab3a-b47a-460a-85e9-62063a5f1014.jpeg?type=f300_300,ttug****,17.10.23.
