﻿,star,review,reviewImage,customerId,reviewDate
0,5,"제가 헝그리 정신을 강조해서 원래 그 플라스틱 싼거 프레임을 썼었는데 문제는 잘때마다 뭔가 단단하게 받쳐주는 느낌이 부족하더라구요. 

잠을 잘자야 하루 일과가 편안한데 자고나면 뭔가 더 피곤한 느낌 그래서 가끔 바닥에서 자고 그러다가 이러다가 골병들다 싶어서 침대프레임을 보기와 같은 걸로 구매했는데 너무 맘에 들어요 일단 슈퍼싱글 사이즈로 자다 보니까는 칼잠자지 않아도 되구요. 잠잘때 뒹굴뒹궁 해서 좋아요.

또 프레임이 단단히 받쳐줘서 깨거나 그런것도 없구요.

정말 기분좋고 꿀잠자고 았습니다. 색깔도 그레이고 칭구들이 집에 놀러와서 프레임 좋아보인다고 북유럽감성 얼마주고 샀냐고 물어봐요.

50만원이라고 농을 던져도 다들 믿는 눈치구요.

첫번째 사진하고 두번째 사진하고 침대위치가 달라진것을 느끼셨을거에요 잘때 지구의 자기장 영향을 받아서 동쪽또는 남쪽으로 자야 좋다고 합니다. 그전에는 북쪽 방향으로 잤거든요. 

죽은 시신의 묻는 방향이 북쪽이라는것 처음알았네요.미신이 아니고 실제 자기장의 영향을 받는것이 우리 몸이라고 하니 지금이라도  침대방향 설정하시구요~~! 방크기 그렇게 크지 않다면 저처럼 한번 사용하셔도 좋을듯싶어요 가격도 생각보다 저렴하고 정말 잘사용하고 있습니다.",https://phinf.pstatic.net/image.nmv/shopnbuyer_2021_03_18_0/f50e1490-8786-11eb-8379-a0369ff968b0_03.jpg?type=ffn300_300,tkri****,21.03.25.
1,5,"대박 !이가격에 이런 퀄리티 실화인가여
아이보리는 오래 걸려서 그레이 했는데
사실 그레이 안좋아하거든요..
화면정도만 되면 괜찮은데..하고있었는데
!화면과 같은 약간 블루계열 그레이!
그대로에요!너무 이뻐요!
남편이 혼자 쓰는거라 색상도 사이즈도 딱좋아요
배송도 빨랐어요
보통 가구배송 15일 이상 기다리는게 기본인데
날짜가 어찌어찌 잘 얻어걸린건지?ㅋ
굉장히 빨리와서 놀랐어요
설치는 10-15분 내외 간단하게 끝났구요
만져보니 견고하고 좋아요
다만 옛날에 맡았던 그런 새가구냄새는 나지만
환기 시키면 사라질거같아요~
참 잘 산거같아요 ㅎㅎㅎ 매트리스도 같이 시킬걸 그랬네요 ㅜㅜ 정작 다른데서 구매한 매트리스는안와서 침대만 달랑 ㅋㅋ 
침대 좋아요 !!",https://phinf.pstatic.net/checkout.phinf/20210319_127/1616082656061z2b4a_JPEG/review-attachment-91c42776-47b4-4418-a2fa-5df698fa7f7d.jpeg?type=f300_300,pis3****,21.02.19.
2,1,프레임 한달기다렸다 설치받은건데 ..하.. 깨짐이 벌써.두달정도 쓴거같은데 이건 심한거아니가여 교환하고싶어요,https://phinf.pstatic.net/checkout.phinf/20210320_176/16162120200768ETu1_JPEG/review-attachment-38c9ab3a-b47a-460a-85e9-62063a5f1014.jpeg?type=f300_300,myro****,21.03.12.
3,4,"배송을한참기다리긴했지만
가격도저렴하고 그래서 예산도 잘맞출수있었어요. 좀 단단해서 등베기는거같아
토퍼있던거깔았어요",https://phinf.pstatic.net/checkout.phinf/20210308_119/1615210890678mSYoz_JPEG/review-attachment-a0c913aa-bdd5-4704-979e-249a57d5220b.jpeg?type=f300_300,red4****,21.03.16.
4,5,"배송이 느려서 4점 드렸어요
원목인데 튼튼하고 좋아요
냄새가 좀 납니다",https://phinf.pstatic.net/checkout.phinf/20210310_60/16153745594077WgYV_JPEG/review-attachment-4d080459-586f-4cf7-bbe4-f535cb9bba5f.jpeg?type=f300_300,caik****,21.03.09.
5,5,"예쁘고 튼튼해요 
갈빗살 침대 움직이면 삐그덕 거리기도 하던데 아직 처음이라 그런가 그런소리도 없고 좋아요 친구들도 다 예쁘대요",https://phinf.pstatic.net/image.nmv/shopnbuyer_2021_02_08_0/96e26fb1-69ae-11eb-8a7c-505dac8c3607_03.jpg?type=ffn300_300,yang****,21.03.10.
6,5,보니애가구 쇼파를 사고 마음에 들어 침대까지 구매하게 되었어요! 딸 방에 넣어 줄 화이트 프레임 침대를 찾다가 딱!! 꽂혀버린 엘스카르 원목침대!! 원목이 약하는 후기가 있어 걱정도 되었는데 생각보다 견고해요! 방에 사이즈도 생각했던 사이즈고 보자마자 너무 예뻐 딸 방에 몇번인가 들여다보며 제가 다 뿌듯했네요♡ 예쁜 제품 착한 가격에 잘 샀어요! 정말 만족합니다~~ 해피콜로 여러 번 전화주셔서 확인해주시고 관리까지도 마음에 쏙 들었어요. 감사합니다 :),https://phinf.pstatic.net/checkout.phinf/20210325_220/16166257479352Juln_JPEG/review-attachment-c22096ea-e33f-4a2f-90b0-e4247159e593.jpeg?type=f300_300,pret****,21.01.10.
7,5,리뷰대로 상처는 많이 있는 편이였어요. 그래도 가성비 좋다고 생각합니다,https://phinf.pstatic.net/checkout.phinf/20210327_92/1616803493042Fjhti_JPEG/review-attachment-e85d7ba4-0757-4a3a-8472-5cad0f651168.jpeg?type=f300_300,mall****,21.03.08.
8,1,튼튼합니다. 군더더기 없는 디자인이라 마음에 들어 구매 했는데 내구성이 좋습니다. 삐걱대는 소리도 없고 냄새도 잠깐 환기하니 안나네요. 옹이부분이 살짝 아쉽지만.. 가격대비 디자인 색상 내구성을 생각하면 그냥 넘어갈만 하네요~^^ 침대 예뻐요,https://phinf.pstatic.net/checkout.phinf/20210107_104/1610015800326SV0DV_JPEG/review-attachment-0641e67a-a200-444b-b05c-4abb1fbe33ab.jpeg?type=f300_300,jini****,21.02.18.
9,4,"샹각보다 너무 견고하고 만족스럽습니다. 우리 딸아이가 너무 좋나해요
흰색이 너무 맘에 듭니다",https://phinf.pstatic.net/checkout.phinf/20210320_196/1616206336693TnGGb_JPEG/review-attachment-6f96c771-e825-4084-a3c7-b68ac03f2da7.jpeg?type=f300_300,icar****,21.03.10.
10,4,"딸아이 방에 넣어주었어요^^
배송도 6일만에 도착해 생각보다 빨랐고, 금방 조립해주고 가셨어요~ 삐그덕 거림 전혀없고, 나무 연결부위마감이 매우 만족스럽지는 않지만 가격과 깔끔한 디자인을 고려한다면 그정도는 괜찮습니다^^ 반나절 환기시켜주고 공기청정기도 계속 틀어주니 다음날은 냄새가 덜 나요~ 딸들이 하룻밤 자보고는 매우 만족해합니다^^",https://phinf.pstatic.net/checkout.phinf/20210221_195/1613906687119H30Rs_JPEG/review-attachment-88d851ad-289c-44ae-9713-647970bd446f.jpeg?type=f300_300,shlo****,21.02.07.
11,5,"많은 사람들이 구매하고 리뷰가좋은이유를 알것같아요~^^화면처럼 깔끔하고 예쁜디자인의 튼튼한 원목 침대프레임이예요.명절전에 배송해 주신다더니 정말 일찍와주셔서 너무좋았어요.대학생 아들 전역기념으로 침대 바꿔줬는데 각잡아서 패드정리하고 매우 만족해합니다~뿌듯뿌듯~
지인들도 서로 구매하겠다하네요~^^",https://phinf.pstatic.net/checkout.phinf/20210326_233/1616733550718xm6ES_JPEG/review-attachment-82ce0c68-4eea-44ca-8516-25b8964bed1e.jpeg?type=f300_300,kms4****,21.02.06.
12,5,"배송시간과 집에 있는시간이 안맞아서 배송후,
제가 직접조립했는데...
현관에서 방으로 옮기는데 조금 고생했고
조립은 정말 간단하게 했습니다.
배송비도 따로없고
가격대비 디자인도, 색상도 너무 이쁘네요👍
좋은제품 감사히 잘쓰겠습니다^^",https://phinf.pstatic.net/checkout.phinf/20210302_38/1614669677617STteg_JPEG/review-attachment-fe7d1778-e849-43bf-9c69-25c387d92967.jpeg?type=f300_300,bull****,21.02.25.
13,3,저번주 금요일에 받을 수도 있었는데 제가 시간이 안되서 월요일로 약속 잡았습니다. 그래서 2주 정도 걸린 것 같아요. 큰가구들 이정도는 기본이라 별로 기다리지 않았습니다. 마음에 쏙 드는 디자인 찾느라 손품 많이 팔았는데 역시 받아보니 마음에 들어요ㅎㅎ 아 그리고 설치기사님이 정말 친절하셔서 기분 좋았습니다. 조립도 10분도 안걸려 뚝딱하고 박스처리도 깔끔하게 해주셨어요. 성함을 몰라서 칭찬합니다 같은 게시판에 못올리겠지만 배송 담당하신 기사님 정말 친절하셨습니다!,https://phinf.pstatic.net/checkout.phinf/20210324_14/1616592268376oVcrO_JPEG/review-attachment-6944ab6a-f4c1-4229-913f-2d91456cb49f.jpeg?type=f300_300,scor****,21.02.08.
14,5,"완전 좋아요 너무너무 잘 쓰고있어요.예쁘고요.다들 좋다며
 .특히 딸래미가 맘에 들어합니다",https://phinf.pstatic.net/image.nmv/shopnbuyer_2021_03_06_0/25e12ea8-7e50-11eb-a12c-a0369ff963bc_03.jpg?type=ffn300_300,why3****,21.03.09.
15,5,색상이 맘에 들어요 크기도 적당해요,https://phinf.pstatic.net/checkout.phinf/20210320_105/1616223781647oNk9X_JPEG/review-attachment-8c22d43d-4e43-4bfc-828c-acfb5e3189e2.jpeg?type=f300_300,haeu****,21.03.12.
16,5,"1월20일에 주문하고 2월부터 순차배송 이라는걸 알고 있었어서 쭉 기다렸습니다
설 이후에 올줄 알았지만 다행히 설 전에 막차탔네요 ㅎㅎ 후기에 처음 나무냄새가 심하다고 해서 걱정 했는데 냄새는 거의 없었고 1-2시간 정도 환기 했는데 괜찮았습니다 확실히 고가의 제품이 아니라 마감상태가 완벽하지는 않지만 매트리스 올리고 쓸거기에 많이 신경 안썼습니다 아이가 처음 혼자자는데 너무 좋아해서 다행이에요",https://phinf.pstatic.net/checkout.phinf/20210321_1/1616337351998rIa4D_JPEG/review-attachment-44706da5-1e53-42f3-ac4e-b7c0cdb6e05f.jpeg?type=f300_300,duse****,21.02.10.
17,5,대학생아들이 잘쓰고있어요.많이 홍보해서 여러명이 구입했어요~^^,https://phinf.pstatic.net/checkout.phinf/20210316_94/1615821425969YKvG1_JPEG/review-attachment-5556215d-7f39-4994-b933-a57ce876e651.jpeg?type=f300_300,kms4****,21.03.09.
18,5,마감이 좀 아쉬운부분이 있지만 착한가격에 깔끔하고 예뻐서 만족합니다,https://phinf.pstatic.net/checkout.phinf/20210328_213/1616917248379WGf6I_JPEG/review-attachment-e67750eb-0f79-4fdc-80c5-da6556e56e68.jpeg?type=f300_300,50bl****,21.03.08.
19,5,"처음 설치 받았을땨는 딱 가격만 하다 했어요
이음새도 부실하고요
아이가 쓰는거라 중간에 바꿔줄 요량으로 쓰기엔 충분 합니다
가볍지만 움직이거나 삐그덕 거리진 않아요",https://phinf.pstatic.net/checkout.phinf/20210327_89/1616811986472Qd3M2_JPEG/review-attachment-958007b3-d281-4d72-849b-038d15241e08.jpeg?type=f300_300,fwds****,21.02.23.
20,5,사진으로보던것과 동일하고 만족합니다 ^^,https://phinf.pstatic.net/image.nmv/shopnbuyer_2021_03_18_0/f50e1490-8786-11eb-8379-a0369ff968b0_03.jpg?type=ffn300_300,heeu****,21.03.14.
21,5,"깔끔하니.... 
근데 배송이 한달걸려서 ....취소할까말까 고민했어요",https://phinf.pstatic.net/checkout.phinf/20210319_127/1616082656061z2b4a_JPEG/review-attachment-91c42776-47b4-4418-a2fa-5df698fa7f7d.jpeg?type=f300_300,lovi****,21.03.12.
22,1,깔끔하고 이뻐요. 가벼운 아이들이 쓰는거라 큰문제 없네요.,https://phinf.pstatic.net/checkout.phinf/20210320_176/16162120200768ETu1_JPEG/review-attachment-38c9ab3a-b47a-460a-85e9-62063a5f1014.jpeg?type=f300_300,gozj****,21.02.25.
23,4,배송은 느렸지만 가격대비만족패요,https://phinf.pstatic.net/checkout.phinf/20210308_119/1615210890678mSYoz_JPEG/review-attachment-a0c913aa-bdd5-4704-979e-249a57d5220b.jpeg?type=f300_300,miny****,21.03.11.
24,5,생각보다 너무 괜찮아요 아들이 침대밖으로 안나와요,https://phinf.pstatic.net/checkout.phinf/20210310_60/16153745594077WgYV_JPEG/review-attachment-4d080459-586f-4cf7-bbe4-f535cb9bba5f.jpeg?type=f300_300,pure****,21.03.06.
25,5,빠른 배송 감사 드립니다,https://phinf.pstatic.net/image.nmv/shopnbuyer_2021_02_08_0/96e26fb1-69ae-11eb-8a7c-505dac8c3607_03.jpg?type=ffn300_300,sooj****,21.03.09.
26,5,비슷한 디자인을 이케*에서 보고 산거에요. 훨씬 싸게 샀어요. 생각보다 견고하고 땔래미도 만족하네요. 매트리스가 템퍼라 일부러 공기가 잘통하는 매트판이 필요했는데 딱이었어요. 다만 매트리스가 폭이 7센치 정도 더 넓어서 벽쪽으로 넉넉하게 놓기는 했어요. 잘산것 같아요.,https://phinf.pstatic.net/checkout.phinf/20210325_220/16166257479352Juln_JPEG/review-attachment-c22096ea-e33f-4a2f-90b0-e4247159e593.jpeg?type=f300_300,duco****,21.02.14.
27,3,"이 가격에 이 품질 정말 좋은 제품입니다~! 가족 중에 몸무게 좀 있는 남자가 쓰는데 튼튼합니다~ 좋은 가격, 좋은 제품 정말 고맙습니다! ^^  
설치 기사님이 미리 연락주시고 저희 이사 날짜 맞춰서 배송 일자 조정해주신 것도 정말 고맙습니다!!",https://phinf.pstatic.net/checkout.phinf/20210327_92/1616803493042Fjhti_JPEG/review-attachment-e85d7ba4-0757-4a3a-8472-5cad0f651168.jpeg?type=f300_300,vers****,21.02.20.
28,5,"디자인 예쁘고 색상도
예뻐요",https://phinf.pstatic.net/checkout.phinf/20210107_104/1610015800326SV0DV_JPEG/review-attachment-0641e67a-a200-444b-b05c-4abb1fbe33ab.jpeg?type=f300_300,yesu****,21.03.11.
29,5,늦게 받앗지만 나름잘사용하고 있어요,https://phinf.pstatic.net/checkout.phinf/20210320_196/1616206336693TnGGb_JPEG/review-attachment-6f96c771-e825-4084-a3c7-b68ac03f2da7.jpeg?type=f300_300,jins****,21.03.11.
30,5,전만족합니다 이쁘고 몇일째 쓰고잇는데 기본 매트리스만 추가했는데 편해요 숙면중ㅋ설치기사님 전날에 연락해 주셨고 깔끔하게 설치해주셨어요 침대 약간 사진상 흔적들이 있긴하지만 가성비좋은만큼 신경은 많이 안써요 오래사용했으면좋겠네요,https://phinf.pstatic.net/checkout.phinf/20210221_195/1613906687119H30Rs_JPEG/review-attachment-88d851ad-289c-44ae-9713-647970bd446f.jpeg?type=f300_300,mkh1****,21.01.31.
31,5,선물해줫는데 좋아해요 감사합니다,https://phinf.pstatic.net/checkout.phinf/20210326_233/1616733550718xm6ES_JPEG/review-attachment-82ce0c68-4eea-44ca-8516-25b8964bed1e.jpeg?type=f300_300,cate****,21.03.11.
32,5,일단 디자인이 너어무 예뻐요! 후기에 스크래치 또는 크랙이 생긴다 하는데 첫날에 확인해보니 약간의 스크래치가 보였지만 우드 특성상 어쩔수없다 생각합니다. 그래도 가격대비 매우 만족중이에요~,https://phinf.pstatic.net/checkout.phinf/20210302_38/1614669677617STteg_JPEG/review-attachment-fe7d1778-e849-43bf-9c69-25c387d92967.jpeg?type=f300_300,pink****,21.02.11.
33,5,"깔끔해서 좋고요.  매트리스 기본으로했는데 갠적으로  딱딱해서 따로 메모리폼 구매하려고요. 
배송 전날 연락주셧구 잘 설치해주셧습니다~",https://phinf.pstatic.net/checkout.phinf/20210324_14/1616592268376oVcrO_JPEG/review-attachment-6944ab6a-f4c1-4229-913f-2d91456cb49f.jpeg?type=f300_300,luvl****,21.02.18.
34,5,"원하는날짜에  잘받았습니다.
디자인도 예뻐요
다만 도장제품인데 군데군데  찍힌곳이 있네요",https://phinf.pstatic.net/image.nmv/shopnbuyer_2021_03_06_0/25e12ea8-7e50-11eb-a12c-a0369ff963bc_03.jpg?type=ffn300_300,k216****,21.02.26.
35,3,"프레임이 어두울까봐 걱정했는데 실제보니 원하던 색상이라 마음에 쏙~들어요..아들도 너무 좋다네요~
배송도 적당하고 원목냄새 과하지않아요^^",https://phinf.pstatic.net/checkout.phinf/20210320_105/1616223781647oNk9X_JPEG/review-attachment-8c22d43d-4e43-4bfc-828c-acfb5e3189e2.jpeg?type=f300_300,bbou****,21.01.23.
36,5,"딸아이들이 중학교 가며 화이트톤으로 방을 꾸며달래서 주문했어요.
이 가격에 이런 침대 프레임을 살 수 있단게 신기하네요. 넘나 깔끔하고 견고해서 맘에 쏙들어요.
강추강추입니다.",https://phinf.pstatic.net/checkout.phinf/20210321_1/1616337351998rIa4D_JPEG/review-attachment-44706da5-1e53-42f3-ac4e-b7c0cdb6e05f.jpeg?type=f300_300,supe****,21.01.22.
37,4,"대박대박~ 정말 견고하고 튼튼합니다.
배송 날짜도 요청한 날짜로 맞춰주시고, 배송 시간도 정확히 지켜주셔서 너무 감사했어요. 무엇보다 배송전 연락주셔서 친절하게 안내해주셔서 더욱 좋았습니다.
추운 날씨에 기분좋게 설치배송해주셨는데...
제품은 더욱 마음에 듭니다. 후기보고 믿고 구매했는데~~ 다 이유가 있네요. 이렇게 기분좋은 제품찾기힘든데~~ 꼬옥 구매하세요!  오래사용할수있을것 같아요~♡ 사장님, 감사합니다~*",https://phinf.pstatic.net/checkout.phinf/20210316_94/1615821425969YKvG1_JPEG/review-attachment-5556215d-7f39-4994-b933-a57ce876e651.jpeg?type=f300_300,myde****,21.01.09.
38,4,침대아래 힘받는부분이 넘약해요ㅜㅜ,https://phinf.pstatic.net/checkout.phinf/20210328_213/1616917248379WGf6I_JPEG/review-attachment-e67750eb-0f79-4fdc-80c5-da6556e56e68.jpeg?type=f300_300,jeon****,21.03.05.
39,4,집안 리모델링공사 중 침대를 배송받은 관계로 우여곡절이 많았지만 친절한 상담과 깔끔한 디자인의 가성비 뛰어난 제품에 감사드려요ㆍ공사가 끝난 후 침대를  장소 이동하면서 부속을 잘못 끼워 프레임파손으로 A/S를 받게 되었는데 역시나 친절한 상담직원과 서비스기사님으로 튼튼한 침대로 편안한 숙면을 취하고 있어요 ㆍ감사드려요^^,https://phinf.pstatic.net/checkout.phinf/20210327_89/1616811986472Qd3M2_JPEG/review-attachment-958007b3-d281-4d72-849b-038d15241e08.jpeg?type=f300_300,rshd****,21.02.07.
40,5,너무 마음에 들어요!,https://phinf.pstatic.net/image.nmv/shopnbuyer_2021_03_18_0/f50e1490-8786-11eb-8379-a0369ff968b0_03.jpg?type=ffn300_300,mari****,21.03.06.
41,5,"디자인 색상 모두 마음에 들어요~~ 
어디에든 잘어울리는 고급스런 디자인 입니다~",https://phinf.pstatic.net/checkout.phinf/20210319_127/1616082656061z2b4a_JPEG/review-attachment-91c42776-47b4-4418-a2fa-5df698fa7f7d.jpeg?type=f300_300,ten5****,21.03.07.
42,1,"배송도 빨랐고 침대도 예뻐요!
소파도 구매했는데, 가구들 다 맘에 들어요~",https://phinf.pstatic.net/checkout.phinf/20210320_176/16162120200768ETu1_JPEG/review-attachment-38c9ab3a-b47a-460a-85e9-62063a5f1014.jpeg?type=f300_300,king****,21.02.18.
43,4,침대 가격대비 훌륭합니다.매트도 괜찮구요.냄새 전혀 나지 않아서 바로 누워서 취침했습니다.,https://phinf.pstatic.net/checkout.phinf/20210308_119/1615210890678mSYoz_JPEG/review-attachment-a0c913aa-bdd5-4704-979e-249a57d5220b.jpeg?type=f300_300,wisj****,21.02.07.
44,5,"좋은 제품 저렴하게 잘 샀어요
마음에 듭니다",https://phinf.pstatic.net/checkout.phinf/20210310_60/16153745594077WgYV_JPEG/review-attachment-4d080459-586f-4cf7-bbe4-f535cb9bba5f.jpeg?type=f300_300,kis9****,21.03.13.
45,5,"이 가격에 받기 미안할 정도로 마음에 듭니다^^
견고하고 색상도 진한 우유빛 색상으로 두껍게 칠해져 있어서 예뻐요. 배송기사님도 혼자서 신속히 친절히 설치해 주고 가셨어요. 감사해요. 예쁘게 잘 쓸께요^^",https://phinf.pstatic.net/image.nmv/shopnbuyer_2021_02_08_0/96e26fb1-69ae-11eb-8a7c-505dac8c3607_03.jpg?type=ffn300_300,bles****,21.02.05.
46,5,"너무 만족해요 ㅎㅎ
가격대비 박퍼~~~
아이들도 너무 좋아하고 아이랑 같이 자도 불편하지 않고 좋습니다",https://phinf.pstatic.net/checkout.phinf/20210325_220/16166257479352Juln_JPEG/review-attachment-c22096ea-e33f-4a2f-90b0-e4247159e593.jpeg?type=f300_300,hkyo****,21.02.15.
47,5,불안정함 없이 아직까지도 튼튼해서 잘 쓰는 중이예요~ 색도 질리지 않고 맘에 드네요,https://phinf.pstatic.net/checkout.phinf/20210327_92/1616803493042Fjhti_JPEG/review-attachment-e85d7ba4-0757-4a3a-8472-5cad0f651168.jpeg?type=f300_300,nanc****,21.02.11.
48,5,"냄새가 너무 심햬요.
이 겨울에 냄새를 어떻게 빼야 할지ㅜ
보이는 부분은 화면과 비슷한데 ㅂᆢ이지 않는부분은 나무결도 일어나고 제품의 질은 딱 가격정도 입니다. 냄새만 안나면 그럭저럭 쓸만해요",https://phinf.pstatic.net/checkout.phinf/20210107_104/1610015800326SV0DV_JPEG/review-attachment-0641e67a-a200-444b-b05c-4abb1fbe33ab.jpeg?type=f300_300,jine****,21.02.07.
49,5,예쁘긴한데 튼튼해 보이진 않아 조금은 아쉽네요,https://phinf.pstatic.net/checkout.phinf/20210320_196/1616206336693TnGGb_JPEG/review-attachment-6f96c771-e825-4084-a3c7-b68ac03f2da7.jpeg?type=f300_300,poro****,21.03.16.
50,4,"배송은 오래 걸렸지만 이 부분은 이미 예상하고 있던 부분이라서 별로 신경 안 썼어요

원래 있던 매트리스랑 사이즈 딱 맞고 심플하고 예뻐요 프레임이 흰색이라 이불만 바꿔주면 분위기 확확 바뀔것 같아서 맘에 듭니다
페인트 냄새도 걱정 살짝 했는데 심한 정도는 아니었어요 환기 좀 시키면 괜찮을 것 같아요

전체적으로 예쁘고 맘에 듭니다!",https://phinf.pstatic.net/checkout.phinf/20210221_195/1613906687119H30Rs_JPEG/review-attachment-88d851ad-289c-44ae-9713-647970bd446f.jpeg?type=f300_300,ping****,21.01.21.
51,5,배송은 좀 느렸지만 화면에서 보던것과 같아요,https://phinf.pstatic.net/checkout.phinf/20210326_233/1616733550718xm6ES_JPEG/review-attachment-82ce0c68-4eea-44ca-8516-25b8964bed1e.jpeg?type=f300_300,pure****,21.03.14.
52,5,배송도 친절히 잘해주시고 깔끔하니 좋네요ᆢ,https://phinf.pstatic.net/checkout.phinf/20210302_38/1614669677617STteg_JPEG/review-attachment-fe7d1778-e849-43bf-9c69-25c387d92967.jpeg?type=f300_300,dlwl****,21.02.20.
53,5,"너무 좋아요
또 주문할게요",https://phinf.pstatic.net/checkout.phinf/20210324_14/1616592268376oVcrO_JPEG/review-attachment-6944ab6a-f4c1-4229-913f-2d91456cb49f.jpeg?type=f300_300,fren****,21.02.22.
54,2,생각보다 빨리왔어요 연휴 지날줄 알았는데 제품 생각한것과 같아요 딸아이도 마음에 들어 해서 좋네요,https://phinf.pstatic.net/image.nmv/shopnbuyer_2021_03_06_0/25e12ea8-7e50-11eb-a12c-a0369ff963bc_03.jpg?type=ffn300_300,kyj0****,21.02.09.
55,4,지금 막 설치 하고 가셨어요 이쁘네요 냄새가 좀 나서 환기중이에요. 그거 빼고는 마음에 쏙 들어요,https://phinf.pstatic.net/checkout.phinf/20210320_105/1616223781647oNk9X_JPEG/review-attachment-8c22d43d-4e43-4bfc-828c-acfb5e3189e2.jpeg?type=f300_300,why3****,21.02.05.
56,5,견고 하고 사진과 똑같습니다,https://phinf.pstatic.net/checkout.phinf/20210321_1/1616337351998rIa4D_JPEG/review-attachment-44706da5-1e53-42f3-ac4e-b7c0cdb6e05f.jpeg?type=f300_300,magi****,21.02.23.
57,5,초등입학하는  딸아이가 쓸꺼예요  좋아합니다,https://phinf.pstatic.net/checkout.phinf/20210316_94/1615821425969YKvG1_JPEG/review-attachment-5556215d-7f39-4994-b933-a57ce876e651.jpeg?type=f300_300,mhp8****,21.02.13.
58,5,2개 샀는데 흠집도 없고  포장이 매우 잘되어서 와서 깜짝 놀랬네요 기사님도 매우 친절하셔도 좋았답니다,https://phinf.pstatic.net/checkout.phinf/20210328_213/1616917248379WGf6I_JPEG/review-attachment-e67750eb-0f79-4fdc-80c5-da6556e56e68.jpeg?type=f300_300,iney****,21.02.07.
59,5,"이가격에 이런 퀄리티 좋은제품 실화인가요?
매트리스 넣을때 칠이 살짝 벗겨졌는데 견고하고 좋아서 괜차나요
이쁩니다~^^",https://phinf.pstatic.net/checkout.phinf/20210327_89/1616811986472Qd3M2_JPEG/review-attachment-958007b3-d281-4d72-849b-038d15241e08.jpeg?type=f300_300,rane****,21.02.05.
60,5,좋은 제품 저렴하게 잘 샀어요,https://phinf.pstatic.net/image.nmv/shopnbuyer_2021_03_18_0/f50e1490-8786-11eb-8379-a0369ff968b0_03.jpg?type=ffn300_300,kis9****,21.03.13.
61,5,좋은 제품 저렴하게 잘 샀어요,https://phinf.pstatic.net/checkout.phinf/20210319_127/1616082656061z2b4a_JPEG/review-attachment-91c42776-47b4-4418-a2fa-5df698fa7f7d.jpeg?type=f300_300,kis9****,21.03.13.
62,1,침대 매트리스 가 넘쿠션이 안좋아요~,https://phinf.pstatic.net/checkout.phinf/20210320_176/16162120200768ETu1_JPEG/review-attachment-38c9ab3a-b47a-460a-85e9-62063a5f1014.jpeg?type=f300_300,cmfn****,21.03.11.
63,4,"생각보다 배송 빨랐어요.  주말끼고도 며칠안걸렸네요. 초딩 딸아이가 좋아하네요.
가격대비 괘안은듯 해요.
냄새 너무심해서 환기계속 시켰는데도 아직 좀 나네요.. 시간지나면 괘안지겠지 하고 잘쓰겠습니다.",https://phinf.pstatic.net/checkout.phinf/20210308_119/1615210890678mSYoz_JPEG/review-attachment-a0c913aa-bdd5-4704-979e-249a57d5220b.jpeg?type=f300_300,good****,21.01.14.
64,5,"엄청 맘에 듭니다.
배송기사님도 친절하시고요.
아이도 좋아하네요.",https://phinf.pstatic.net/checkout.phinf/20210310_60/16153745594077WgYV_JPEG/review-attachment-4d080459-586f-4cf7-bbe4-f535cb9bba5f.jpeg?type=f300_300,wogu****,21.02.11.
65,5,색이 좀 많이 어둡네요,https://phinf.pstatic.net/image.nmv/shopnbuyer_2021_02_08_0/96e26fb1-69ae-11eb-8a7c-505dac8c3607_03.jpg?type=ffn300_300,leem****,21.03.12.
66,4,"화이트 정말 이뻐요~~~
싱글하곤 다르게 좀 더 이쁜거같아요 
어떤 침구를 써도 화사하고  깨끗하고 예뻐보이는건 기본이고 작은듯 작지않아 너무좋아요
침대바꾸기전에 에몬..땡 썼는데 공간차지도 많고 패드한번 바꾸기도 힘들고 무엇보다 매트 한번 바꾸려면 기본 100이넘어서 작은거로 매트 2년에 한번씩 자주 바꾸자!하고 심플하게 요녀석 구입한건데 가성비 갑이네요
그냥 보기엔 약해보이기도한데 약하지 않아요
삐그덕 소리 난다고 하시는분들도 계시던데 소리 안나구요 흔들거리지 않네요
비싸고 두꺼운 원목 두께는 아니지만 합판아닌 원목이라 좋구요 
프레임도 헤드 심플하고 발아래도 이쁘게... 러블리해서 너~~무 좋아요^^
미니멀시대에  딱인 착한 침대 추천합니다.",https://phinf.pstatic.net/checkout.phinf/20210325_220/16166257479352Juln_JPEG/review-attachment-c22096ea-e33f-4a2f-90b0-e4247159e593.jpeg?type=f300_300,kose****,20.12.04.
67,4,침대 아래 가운데 지지대 ?가 흔들거려요 ㅠ 가격은저렴하나 부실합니다 .,https://phinf.pstatic.net/checkout.phinf/20210327_92/1616803493042Fjhti_JPEG/review-attachment-e85d7ba4-0757-4a3a-8472-5cad0f651168.jpeg?type=f300_300,tyny****,21.02.06.
68,3,잘 받아서 쓰고 있읍니다.,https://phinf.pstatic.net/checkout.phinf/20210107_104/1610015800326SV0DV_JPEG/review-attachment-0641e67a-a200-444b-b05c-4abb1fbe33ab.jpeg?type=f300_300,aloa****,21.03.11.
69,4,"퀄리티 좋습니다. 배송은 좀 걸렸지만 저렴하게  잘 산것 같아요 매트 너무 좋아요 이전에 시몬스만 섰는데 그것 못지 않네요. 허리가 좀 안좋은데 자고 나면 허리가 안 아파서 신기했어요. 
배송설치기사님 친절하십니다.",https://phinf.pstatic.net/checkout.phinf/20210320_196/1616206336693TnGGb_JPEG/review-attachment-6f96c771-e825-4084-a3c7-b68ac03f2da7.jpeg?type=f300_300,hyun****,21.01.01.
70,5,굿 재구매했어요 ㅎㅎ 아이들이좋아해요,https://phinf.pstatic.net/checkout.phinf/20210221_195/1613906687119H30Rs_JPEG/review-attachment-88d851ad-289c-44ae-9713-647970bd446f.jpeg?type=f300_300,1alg****,21.02.11.
71,4,"가격대비 제품 괜찬습니다
설치도 잘해주세요
잘사용하겠습니다",https://phinf.pstatic.net/checkout.phinf/20210326_233/1616733550718xm6ES_JPEG/review-attachment-82ce0c68-4eea-44ca-8516-25b8964bed1e.jpeg?type=f300_300,wing****,21.02.07.
72,5,"배송기사님도 친절하시고 설치도 잘해주셨어요
가격대비 만족합니다~~",https://phinf.pstatic.net/checkout.phinf/20210302_38/1614669677617STteg_JPEG/review-attachment-fe7d1778-e849-43bf-9c69-25c387d92967.jpeg?type=f300_300,hyoj****,21.02.07.
73,4,갈비살이니 다소 약해보여요. 아이듳 절대로 못뛰게하구요.  침대가 잘 움직여서 불편했어요. 디자인은 예쁘구요,https://phinf.pstatic.net/checkout.phinf/20210324_14/1616592268376oVcrO_JPEG/review-attachment-6944ab6a-f4c1-4229-913f-2d91456cb49f.jpeg?type=f300_300,khr0****,21.02.17.
74,4,"배송은 사실 좀 느린데 그 만큼... 가성비도 좋고 너무 예뻐요.... 견고하구요 !!! 자취 새로 시작하고 귀엽고 좋은 침대 쓰고 싶어서 많이 찾아보다가 고른 침대인데 진짜 원가격으로 보이고 전혀 현재 가격으로 보이지 않아요.. 이렇게 파셔도 괜찮은건가요!!??? ...괜찮으신가요...? 매트도 이벤트로 위에 라텍스? 깔아주셨다는데 너무 견고하고 편하더라구요... 기대도 없었는데.. 여러,방면으로 배송적인 부분만 그냥 해탈하고 계시면 너무 만족하실거..같아요 구매자님들이 !",https://phinf.pstatic.net/image.nmv/shopnbuyer_2021_03_06_0/25e12ea8-7e50-11eb-a12c-a0369ff963bc_03.jpg?type=ffn300_300,9139****,21.01.05.
75,5,배송기사님도 친절하고 상품도 넘 좋고. 좋은상품 저렴하게 잘샀어요.  넘 좋아좋아요. 전에 품절되서 급해서 작은아이방은 다른제품삿거든요. 이상품과 비교하니 속상해요. 품절되지마세요 ㅎㅎ. 망설이지말고 빨리사세요. 품절되면 못사요.,https://phinf.pstatic.net/checkout.phinf/20210320_105/1616223781647oNk9X_JPEG/review-attachment-8c22d43d-4e43-4bfc-828c-acfb5e3189e2.jpeg?type=f300_300,lind****,21.02.06.
76,4,"설치도 무지빠르시고 생각보다 크고 
친절하세요",https://phinf.pstatic.net/checkout.phinf/20210321_1/1616337351998rIa4D_JPEG/review-attachment-44706da5-1e53-42f3-ac4e-b7c0cdb6e05f.jpeg?type=f300_300,wonb****,21.02.10.
77,5,가성비 최고입니다. 꼭 사세요^^,https://phinf.pstatic.net/checkout.phinf/20210316_94/1615821425969YKvG1_JPEG/review-attachment-5556215d-7f39-4994-b933-a57ce876e651.jpeg?type=f300_300,supe****,21.01.22.
78,5,"이 가격에 이런제품을 구매할수있나요,,
너무 만족스럽습니다^^
아이 방에 깔끔한 침대 찾던중 구매했어요
배송기사님도 친절하시고 뚝딱 설치해주셨어요",https://phinf.pstatic.net/checkout.phinf/20210328_213/1616917248379WGf6I_JPEG/review-attachment-e67750eb-0f79-4fdc-80c5-da6556e56e68.jpeg?type=f300_300,hanb****,21.01.23.
79,4,"딸아이 방에 너무 예쁘게 들였네요~
가격도 디자인도 품질도 만족 입니다~",https://phinf.pstatic.net/checkout.phinf/20210327_89/1616811986472Qd3M2_JPEG/review-attachment-958007b3-d281-4d72-849b-038d15241e08.jpeg?type=f300_300,ongh****,21.01.24.
80,5,배송 늦었지만 만족합니다,https://phinf.pstatic.net/image.nmv/shopnbuyer_2021_03_18_0/f50e1490-8786-11eb-8379-a0369ff968b0_03.jpg?type=ffn300_300,cogi****,21.02.11.
81,5,"침대 이뻐요.
근데 나무라 상처 부분이 있어 별 하나 뺏어요..",https://phinf.pstatic.net/checkout.phinf/20210319_127/1616082656061z2b4a_JPEG/review-attachment-91c42776-47b4-4418-a2fa-5df698fa7f7d.jpeg?type=f300_300,lemo****,21.01.30.
82,1,저렴한  가격에 비해  아주 좋은거 같아요~~이쁘기도 하구요~~,https://phinf.pstatic.net/checkout.phinf/20210320_176/16162120200768ETu1_JPEG/review-attachment-38c9ab3a-b47a-460a-85e9-62063a5f1014.jpeg?type=f300_300,ench****,21.01.30.
83,4,"헤드부분 마감이 아쉽습니다. 보강제나 기타 방법 알려주시면, 해보겠습니다. 이외에는 만족합니다. 냄새도 거의 안납니다.",https://phinf.pstatic.net/checkout.phinf/20210308_119/1615210890678mSYoz_JPEG/review-attachment-a0c913aa-bdd5-4704-979e-249a57d5220b.jpeg?type=f300_300,myth****,21.01.10.
84,5,침대가 좀 잘 움직여요.  디자인은 만족합니다. 견고함은 떨어져요,https://phinf.pstatic.net/checkout.phinf/20210310_60/16153745594077WgYV_JPEG/review-attachment-4d080459-586f-4cf7-bbe4-f535cb9bba5f.jpeg?type=f300_300,khr0****,21.02.17.
85,5,싱글사이즈쓰다가 슈퍼싱그로 바꿨는데 20센티차이가 크네요 정말 편하고 이쁩니다,https://phinf.pstatic.net/image.nmv/shopnbuyer_2021_02_08_0/96e26fb1-69ae-11eb-8a7c-505dac8c3607_03.jpg?type=ffn300_300,tkri****,21.01.31.
86,5,"아이방침대로 구매했는데 무난하니 깔끔하고 튼튼한것같아요 가격대비 대만족입니다 아이도좋아하구요
배송은좀 느렸지만 제품은 만족합니다~^^",https://phinf.pstatic.net/checkout.phinf/20210325_220/16166257479352Juln_JPEG/review-attachment-c22096ea-e33f-4a2f-90b0-e4247159e593.jpeg?type=f300_300,love****,21.01.18.
87,4,깨끗하고 맘에 들어요^^,https://phinf.pstatic.net/checkout.phinf/20210327_92/1616803493042Fjhti_JPEG/review-attachment-e85d7ba4-0757-4a3a-8472-5cad0f651168.jpeg?type=f300_300,pms3****,21.01.13.
88,5,"8,6세 남매가 자다가 내침대에서 자고 싶다며 자꾸 사라져요^^  너무 좋아해요~~ 시간이 몇일 지났는데 아랫쪽 지지대가 약하긴하지만 가격대비 좋아요~",https://phinf.pstatic.net/checkout.phinf/20210107_104/1610015800326SV0DV_JPEG/review-attachment-0641e67a-a200-444b-b05c-4abb1fbe33ab.jpeg?type=f300_300,cell****,21.01.16.
89,5,"8,6세 남매가 자다가 내침대에서 자고 싶다며 자꾸 사라져요^^  너무 좋아해요~~ 시간이 몇일 지났는데 아랫쪽 지지대가 약하긴하지만 가격대비 좋아요~",https://phinf.pstatic.net/checkout.phinf/20210320_196/1616206336693TnGGb_JPEG/review-attachment-6f96c771-e825-4084-a3c7-b68ac03f2da7.jpeg?type=f300_300,cell****,21.01.16.
90,4,하얀색 침대 이뻐요~~~,https://phinf.pstatic.net/checkout.phinf/20210221_195/1613906687119H30Rs_JPEG/review-attachment-88d851ad-289c-44ae-9713-647970bd446f.jpeg?type=f300_300,impe****,21.02.07.
91,4,색도 깔끔하니 좋고 너무 어두운 컬러가 아니어서 만족스러워요~ 침대 이불과도 색 조합을 해치지 않았던것 같아요,https://phinf.pstatic.net/checkout.phinf/20210326_233/1616733550718xm6ES_JPEG/review-attachment-82ce0c68-4eea-44ca-8516-25b8964bed1e.jpeg?type=f300_300,nanc****,21.02.05.
92,5,좋아요 배송도빠르고 집안에 잘 설치해주시고 가셨어요,https://phinf.pstatic.net/checkout.phinf/20210302_38/1614669677617STteg_JPEG/review-attachment-fe7d1778-e849-43bf-9c69-25c387d92967.jpeg?type=f300_300,kims****,21.01.27.
93,5,좋아요 배송도빠르고 집안에 잘 설치해주시고 가셨어요,https://phinf.pstatic.net/checkout.phinf/20210324_14/1616592268376oVcrO_JPEG/review-attachment-6944ab6a-f4c1-4229-913f-2d91456cb49f.jpeg?type=f300_300,kims****,21.01.27.
94,5,좋아요 배송도빠르고 집안에 잘 설치해주시고 가셨어요~,https://phinf.pstatic.net/image.nmv/shopnbuyer_2021_03_06_0/25e12ea8-7e50-11eb-a12c-a0369ff963bc_03.jpg?type=ffn300_300,kims****,21.01.27.
95,5,"일단 설치 기사님의 친절도가 최고입니다.
정해진 시간에 방문해주셨습니다.
침대는 화면보다 훨씬 이쁩니다. 가성비 최고애요.
저는 무조건 추천합니다.
아들래미 침대도 조만간 주문할 예정입니다.",https://phinf.pstatic.net/checkout.phinf/20210320_105/1616223781647oNk9X_JPEG/review-attachment-8c22d43d-4e43-4bfc-828c-acfb5e3189e2.jpeg?type=f300_300,haen****,21.01.13.
96,5,이 가격에 이런침대라니. 무척 마음에 듭니다. 매트리스도 기본으로 샀는데 만족스러워요. 보니에 다른 가구도 구경가야겠어요!,https://phinf.pstatic.net/checkout.phinf/20210321_1/1616337351998rIa4D_JPEG/review-attachment-44706da5-1e53-42f3-ac4e-b7c0cdb6e05f.jpeg?type=f300_300,syse****,21.02.05.
97,4,할아버지가 쓰시는데 편하다고 하십니다,https://phinf.pstatic.net/checkout.phinf/20210316_94/1615821425969YKvG1_JPEG/review-attachment-5556215d-7f39-4994-b933-a57ce876e651.jpeg?type=f300_300,dkfm****,21.02.20.
98,5,만족합니당 혼자써도 넓은게 좋아서 퀸사이즈ㅛㅏㅆ어요,https://phinf.pstatic.net/checkout.phinf/20210328_213/1616917248379WGf6I_JPEG/review-attachment-e67750eb-0f79-4fdc-80c5-da6556e56e68.jpeg?type=f300_300,haru****,21.02.04.
99,5,잘받았습니다!^^ 아이방에 놓았는데 너무 예쁘네요!! 안전하게 잘 배송되어 오고 설치도 잘 해주셨습니다.,https://phinf.pstatic.net/checkout.phinf/20210327_89/1616811986472Qd3M2_JPEG/review-attachment-958007b3-d281-4d72-849b-038d15241e08.jpeg?type=f300_300,over****,21.02.07.
