﻿,star,review,reviewImage,customerId,reviewDate
0,5,메트리스가 쿠션감이 있어서 저상침대 테이블 부분이 좀 걸리적 거립니다. 그 외엔 불편한 점 없이 아늑하고 좋네요,https://phinf.pstatic.net/image.nmv/shopnbuyer_2021_03_18_0/f50e1490-8786-11eb-8379-a0369ff968b0_03.jpg?type=ffn300_300,lovi****,21.03.23.
1,5,배송아저씨는 친절했습니다.,https://phinf.pstatic.net/checkout.phinf/20210319_127/1616082656061z2b4a_JPEG/review-attachment-91c42776-47b4-4418-a2fa-5df698fa7f7d.jpeg?type=f300_300,hjh0****,21.01.27.
2,4,"동생이 사용하려고  구매했는데

수납공간도 있고  침대에 앉아서   노트북 하기도 편하다고 하네요 ^^ 

배송도 생각보다 엄청 빨리왔습니다 ㅎ",https://phinf.pstatic.net/checkout.phinf/20210320_176/16162120200768ETu1_JPEG/review-attachment-38c9ab3a-b47a-460a-85e9-62063a5f1014.jpeg?type=f300_300,fprh****,20.07.10.
3,4,디자인과 실용성은 좋은데 좀더 견고하면 금상첨화일것 같아요,https://phinf.pstatic.net/checkout.phinf/20210308_119/1615210890678mSYoz_JPEG/review-attachment-a0c913aa-bdd5-4704-979e-249a57d5220b.jpeg?type=f300_300,todn****,20.04.26.
4,5,생가한것 보다 너무 좋아요~,https://phinf.pstatic.net/checkout.phinf/20210310_60/16153745594077WgYV_JPEG/review-attachment-4d080459-586f-4cf7-bbe4-f535cb9bba5f.jpeg?type=f300_300,godx****,20.01.27.
5,3,부모님께  따로 따로  사드렸는데   마음에   쏙 들어하시네요  배송도 빠르고  좋더라고요,https://phinf.pstatic.net/image.nmv/shopnbuyer_2021_02_08_0/96e26fb1-69ae-11eb-8a7c-505dac8c3607_03.jpg?type=ffn300_300,kmy5****,19.12.13.
6,5,"부모님께 선물 했는데   아주  만족 하시더라고 
집에 오시는분들이  다 부러워  했어요",https://phinf.pstatic.net/checkout.phinf/20210325_220/16166257479352Juln_JPEG/review-attachment-c22096ea-e33f-4a2f-90b0-e4247159e593.jpeg?type=f300_300,kmy5****,19.12.13.
7,4,좋아요좋아요 좋아용,https://phinf.pstatic.net/checkout.phinf/20210327_92/1616803493042Fjhti_JPEG/review-attachment-e85d7ba4-0757-4a3a-8472-5cad0f651168.jpeg?type=f300_300,jskl****,20.01.13.
8,4,"아주좋습니다
어머니가 좋아하시면 장땡입니다~^^",https://phinf.pstatic.net/checkout.phinf/20210107_104/1610015800326SV0DV_JPEG/review-attachment-0641e67a-a200-444b-b05c-4abb1fbe33ab.jpeg?type=f300_300,scri****,19.12.09.
9,5,좋아요 좋아요 좋아요,https://phinf.pstatic.net/checkout.phinf/20210320_196/1616206336693TnGGb_JPEG/review-attachment-6f96c771-e825-4084-a3c7-b68ac03f2da7.jpeg?type=f300_300,jskl****,19.11.01.
10,5,맨바닥에 매트리스만 놓는거 시켰다고 욕 바가지로 먹었네요,https://phinf.pstatic.net/checkout.phinf/20210221_195/1613906687119H30Rs_JPEG/review-attachment-88d851ad-289c-44ae-9713-647970bd446f.jpeg?type=f300_300,ysg0****,19.09.19.
11,5,딸방에놔줬어요   그냥 문안합ㄴ니다,https://phinf.pstatic.net/checkout.phinf/20210326_233/1616733550718xm6ES_JPEG/review-attachment-82ce0c68-4eea-44ca-8516-25b8964bed1e.jpeg?type=f300_300,pf3r****,19.08.03.
12,5,튼튼하고  수납공간도있고 식탁용으로 이용할수있는 다이가있어 넘편합니다,https://phinf.pstatic.net/checkout.phinf/20210302_38/1614669677617STteg_JPEG/review-attachment-fe7d1778-e849-43bf-9c69-25c387d92967.jpeg?type=f300_300,pf3r****,19.05.30.
13,5,너무너무좋아여 테이블도움직일수잇고 맥주먹기딱조아요,https://phinf.pstatic.net/checkout.phinf/20210324_14/1616592268376oVcrO_JPEG/review-attachment-6944ab6a-f4c1-4229-913f-2d91456cb49f.jpeg?type=f300_300,cmh9****,19.04.27.
14,1,마음에 드는데... 주문한거랑 반대방향으로 배송이 왔어영........또르르... 제가 원한대로 침대를 못놓게되었지만... 제품자체는 나름 만족합니닫...,https://phinf.pstatic.net/image.nmv/shopnbuyer_2021_03_06_0/25e12ea8-7e50-11eb-a12c-a0369ff963bc_03.jpg?type=ffn300_300,gree****,19.04.03.
15,3,"수납장이 옆에 붙어 있는 점이 가장 맘에 듭니다. 매트리스는 라돈 수치가 적다고 하니 안심인데 다른 부분에서 냄새가 많이 나네요
환기 잘 시키며 쓰고 있습니다.",https://phinf.pstatic.net/checkout.phinf/20210320_105/1616223781647oNk9X_JPEG/review-attachment-8c22d43d-4e43-4bfc-828c-acfb5e3189e2.jpeg?type=f300_300,sara****,19.03.25.
16,5,수납이 있어서 좋았어요. 저상형 말고 높은 침대도 있었으면 좋겠어요. 수납에 전기를 꽂을 수 있게 뒤에 구멍이 뚫렸어도 좋았을 것 같아요,https://phinf.pstatic.net/checkout.phinf/20210321_1/1616337351998rIa4D_JPEG/review-attachment-44706da5-1e53-42f3-ac4e-b7c0cdb6e05f.jpeg?type=f300_300,n__n****,19.01.16.
17,5,"침대사이즈나 디자인 다 맘에들어요
활용성까지 있으니. 저렴한가격에 좋은제품을 구입해서 쓰니 넘 만족합니다.",https://phinf.pstatic.net/checkout.phinf/20210316_94/1615821425969YKvG1_JPEG/review-attachment-5556215d-7f39-4994-b933-a57ce876e651.jpeg?type=f300_300,kuo0****,19.01.12.
18,5,생각보다 좋네요 가성비좋고요,https://phinf.pstatic.net/checkout.phinf/20210328_213/1616917248379WGf6I_JPEG/review-attachment-e67750eb-0f79-4fdc-80c5-da6556e56e68.jpeg?type=f300_300,js22****,19.01.03.
19,4,만족합니다만족하니다,https://phinf.pstatic.net/checkout.phinf/20210327_89/1616811986472Qd3M2_JPEG/review-attachment-958007b3-d281-4d72-849b-038d15241e08.jpeg?type=f300_300,yoon****,18.12.03.
20,5,중간에 제품문제가 좀 있었는데 깔끔하게 해결해주셨고 배송도 빨리 해주셨어요. 설치기사님도 연락도 잘해주시고 꼼꼼히 설치 해주셨습니다. 수납공간이 있어서 좋고 예뻐요. ,https://phinf.pstatic.net/image.nmv/shopnbuyer_2021_03_18_0/f50e1490-8786-11eb-8379-a0369ff968b0_03.jpg?type=ffn300_300,n__n****,18.11.08.
21,5,"좋아요 중간에 배송문제가 있었는데 깔끔하게 해결해주시고 배송도 빨리 해주셨습니다. 설치기사님도 연락도 잘해주시고 꼼꼼히 설치해주셨구요, 수납공간이 있어서 활용도가 높고 예뻐요.",https://phinf.pstatic.net/checkout.phinf/20210319_127/1616082656061z2b4a_JPEG/review-attachment-91c42776-47b4-4418-a2fa-5df698fa7f7d.jpeg?type=f300_300,n__n****,18.11.08.
22,4,디자인이뿌고 튼튼해서좋네요,https://phinf.pstatic.net/checkout.phinf/20210320_176/16162120200768ETu1_JPEG/review-attachment-38c9ab3a-b47a-460a-85e9-62063a5f1014.jpeg?type=f300_300,kang****,18.11.26.
23,4,가성비 너무 좋아료,https://phinf.pstatic.net/checkout.phinf/20210308_119/1615210890678mSYoz_JPEG/review-attachment-a0c913aa-bdd5-4704-979e-249a57d5220b.jpeg?type=f300_300,wpdu****,18.12.01.
24,5,"침대는 마음에 들었는데 조립하시는 분이 조금 답답하셨나봐요
선물로 드리는건데 기사분이랑 부딪치신거같아 좀 아쉽네요
",https://phinf.pstatic.net/checkout.phinf/20210310_60/16153745594077WgYV_JPEG/review-attachment-4d080459-586f-4cf7-bbe4-f535cb9bba5f.jpeg?type=f300_300,ho15****,18.11.06.
25,5,강아지때문에 강아지를 키우고 있어서 저상형침대를 알아보던중 조타침대를 알게됬어요배송은 적당히 걸렸고 설치해주시는 분도 그럭저럭 친절했어요~근데 사용하다보니 불편한게 있다면 네개가 다 뚫려있어서 베개가 자꾸 들어가요ㅋㅋ그래서 크기에 맞는 바구니 구입해서 막아놨답니다 ㅋㅋ참고하세용,https://phinf.pstatic.net/image.nmv/shopnbuyer_2021_02_08_0/96e26fb1-69ae-11eb-8a7c-505dac8c3607_03.jpg?type=ffn300_300,hhyj****,18.10.07.
26,5,너무 편해서 좋아요,https://phinf.pstatic.net/checkout.phinf/20210325_220/16166257479352Juln_JPEG/review-attachment-c22096ea-e33f-4a2f-90b0-e4247159e593.jpeg?type=f300_300,sins****,18.10.31.
27,5,"이쁜데 불편함 보기에 이뻐보여서 주문했는데요
그냥 어느정도 높이있고 매트리스가 좋은 침대를 살걸그랬네요 가격도 비슷하던데..
후기보고 기본 매트리스도 좋다고해서 기본으로 구매했는데 허리아프구요 딱딱합니다...그리고 잘때 수납공간에 부딪힙니다...실용적인걸 생각을 못했어요 노트북? 그 위에두고 보지도않아요 은근 약하고 부실합니다
배송오고 기사분이 조립해주시고 가서 매트리가 너무 별로길래 다음날 매트리스만 더 좋은걸로 교환가능하냐니까 이미 뜯어버려서 불가라합니다 그럼 이 침대 전체 반품하겠다 하니까 이미 포장 뜯어버려서 안된다네요? 
인터넷 잘보고사세요 전 가구들은 직접 보고 만져보고 사는게 맞다는걸 새삼느끼네여..뭐 이쁘긴합니다 근데내가불편..^^ ..",https://phinf.pstatic.net/checkout.phinf/20210327_92/1616803493042Fjhti_JPEG/review-attachment-e85d7ba4-0757-4a3a-8472-5cad0f651168.jpeg?type=f300_300,18ek****,18.08.07.
28,3,"좋아요 실물이 더 예뻐요
가죽이 오래 쓰기엔 좀 약해보이긴 하지만
침대 가격 생각하면 무난한것 같아요
수납공간 편하고 턴테이블은 태블릿이나 노트북 올려놓고 쓰기 좋아요!
기사님 친절하시고 설치도 금방 끝났어요~",https://phinf.pstatic.net/checkout.phinf/20210107_104/1610015800326SV0DV_JPEG/review-attachment-0641e67a-a200-444b-b05c-4abb1fbe33ab.jpeg?type=f300_300,ryrh****,18.08.21.
29,4,괜찮고 디자인귯 디자인은 이쁘고 제 생각보다 컸어요 근데 책상 활용성은 쫌떨어지구 등받이랑 책상이 너무 멀리 떨어져았어서 그것만 빼면 괨찮을둣합니다 아 그리고 이제 확인했는데 흠집이 나있던데 전 이런거 별로 쿠게 신경안써서 그냥 쓸려구요~,https://phinf.pstatic.net/checkout.phinf/20210320_196/1616206336693TnGGb_JPEG/review-attachment-6f96c771-e825-4084-a3c7-b68ac03f2da7.jpeg?type=f300_300,sch9****,18.07.24.
30,5,어머님은굉장히좋아하세요 움직이는 상판은 굉장히 불안해요ㅠㅠ 신박하긴한데... 많이흔들려서 뭐올려놓고쓰기가...ㅠㅠ 그래도 싸게산것같아서 맘에는들어요,https://phinf.pstatic.net/checkout.phinf/20210221_195/1613906687119H30Rs_JPEG/review-attachment-88d851ad-289c-44ae-9713-647970bd446f.jpeg?type=f300_300,jy90****,18.08.22.
31,2,가격이저렴한것같아요 ㅠㅠ 프레임에 쿠션이부족해서 정강이박았는데 멍들었어요...ㅠㅠ 그래도 가격생각하면 훌륭해요,https://phinf.pstatic.net/checkout.phinf/20210326_233/1616733550718xm6ES_JPEG/review-attachment-82ce0c68-4eea-44ca-8516-25b8964bed1e.jpeg?type=f300_300,jy90****,18.08.22.
32,5,어머님사드렸는데 굉장히좋아하세요~ 움직이는 상판은 사용하려하니 많이흔들려서 ㅠㅠ 굳이쓸필요는없을것같아요 ㅠㅠ ,https://phinf.pstatic.net/checkout.phinf/20210302_38/1614669677617STteg_JPEG/review-attachment-fe7d1778-e849-43bf-9c69-25c387d92967.jpeg?type=f300_300,jy90****,18.08.22.
33,4,어머님사드렸는데 좋아하세요 그런데 프레임에 쿠션이 부족해서 정강이박았는데 멍들었어요 아파죽겠어요...ㅠㅠ,https://phinf.pstatic.net/checkout.phinf/20210324_14/1616592268376oVcrO_JPEG/review-attachment-6944ab6a-f4c1-4229-913f-2d91456cb49f.jpeg?type=f300_300,jy90****,18.08.22.
34,3,"가격대비 쏘쏘! 우선 배송이 며칠전 미리가 아니라 하루전에 
연락이 오셔서 며칠 미뤄 받앗네요
그래도 연락받으시는 사무실 여직원분 친절하셧어요
침대는 생각보다 낮앗어요
프레임은 생각보다 튼튼햇고 다만 블랙이라 잔기스들이 많앗네요 ㅠ  제가 일이잇어 기사분 계실때 이것저것 체크를 못해서 좀전에 발견햇어요
사용하면 같은자리에 날 상처들이라 그냥쓰기러햇네요
그리고 더운날씨 기사분 엄청 고생하셧어요 친절하셧구요 ~ 아파트 들어오시는거때매 왓다갓다 짜증나셧을법도 한데 웃으며 말씀해주시더라구요
잘쓰겟습니다",https://phinf.pstatic.net/image.nmv/shopnbuyer_2021_03_06_0/25e12ea8-7e50-11eb-a12c-a0369ff963bc_03.jpg?type=ffn300_300,ssun****,18.06.22.
35,4,"이뻐보이고 실용적인것 같아서 샀어요
보기엔 이쁜데 자기엔 불편합니다 ...
기본 매트리스 괜찮다해서 후기보고 믿고 구매했는데 딱딱함 허리아프더라고요 반품도안된다네요 포장뜯어서ㅋ",https://phinf.pstatic.net/checkout.phinf/20210320_105/1616223781647oNk9X_JPEG/review-attachment-8c22d43d-4e43-4bfc-828c-acfb5e3189e2.jpeg?type=f300_300,18ek****,18.08.07.
36,5,"사기꾼들입니다 옵션넣은 매트릭스아닌다른매트릭스로바까치기하내요
그리고 031대표번호전화받는 여자 말 너무 뭣같이하고 말도안대는소리만하는 이런가구회사꺼사지마세요 퀄리티 실제받아보면 조접하고 돈갑절반도안대게느껴지는 하급도안대는쓰래기급이고  서울외지역은 한달걸리고 그후문제제기해도 대처 뭐같이해요  절대비추입니다",https://phinf.pstatic.net/checkout.phinf/20210321_1/1616337351998rIa4D_JPEG/review-attachment-44706da5-1e53-42f3-ac4e-b7c0cdb6e05f.jpeg?type=f300_300,k_do****,18.07.30.
37,5,"저상형 침대~ 슈퍼싱글 쓰던 딸을 퀸침대로 바꾸기 위해 여러사이트를 보다가 마티노 가구를 알게되었어요~
반신반의 하면서 주문해서 사용하고 있는데 너무 편하고 좋습니다~
책장이 생각했던것 보다 휠씬 커서 좋아요~
딸이 너무 좋아해서 다행이에요~
설치기사분도 시간도 잘 지키시고 친절하셨어요~
내년 삼월에 입주하는데 안방에 넣을 침대 마티노 가구로 결정했답니다~~^^",https://phinf.pstatic.net/checkout.phinf/20210316_94/1615821425969YKvG1_JPEG/review-attachment-5556215d-7f39-4994-b933-a57ce876e651.jpeg?type=f300_300,6636****,18.07.29.
38,3,늦은시간배송해주시냐고 고생하셧어요~이쁘네요ㅎ,https://phinf.pstatic.net/checkout.phinf/20210328_213/1616917248379WGf6I_JPEG/review-attachment-e67750eb-0f79-4fdc-80c5-da6556e56e68.jpeg?type=f300_300,haho****,18.08.20.
39,2,"빠른배송  갑자기 이사하는바람에 침대가 급히필요했는데 주문하자마자 바로다음날 배송되는 기적이일어났네요ㅎㅎ
기사님도 친절하시구 ~~빠른설치 감사드려요
침대사이즈도 좋고 수납공간도있고 너무마음에 들어요~~!!",https://phinf.pstatic.net/checkout.phinf/20210327_89/1616811986472Qd3M2_JPEG/review-attachment-958007b3-d281-4d72-849b-038d15241e08.jpeg?type=f300_300,zzz2****,18.07.11.
40,5,더운날 에어컨도 없는집에서  고생해주시고  생각보다넓고 매트리스가 좀 딱딱하긴하지만 나름  만족해요,https://phinf.pstatic.net/image.nmv/shopnbuyer_2021_03_18_0/f50e1490-8786-11eb-8379-a0369ff968b0_03.jpg?type=ffn300_300,qkrp****,18.08.15.
41,5,예뻐요 수납도 편해요,https://phinf.pstatic.net/checkout.phinf/20210319_127/1616082656061z2b4a_JPEG/review-attachment-91c42776-47b4-4418-a2fa-5df698fa7f7d.jpeg?type=f300_300,ryrh****,18.08.21.
42,4,배송일에 배송해주셔셔 너무 만족합니다~ 엄청 맘에 들어요!!!,https://phinf.pstatic.net/checkout.phinf/20210320_176/16162120200768ETu1_JPEG/review-attachment-38c9ab3a-b47a-460a-85e9-62063a5f1014.jpeg?type=f300_300,xume****,18.08.12.
43,4,"저상형 침대는 처음 사용하는데 너무 맘에 듭니다~
깔끔하고 수납할수 있어서 좋아요~~
설치해주시는 아저씨도 친절하시고 좋았습니다~",https://phinf.pstatic.net/checkout.phinf/20210308_119/1615210890678mSYoz_JPEG/review-attachment-a0c913aa-bdd5-4704-979e-249a57d5220b.jpeg?type=f300_300,6636****,18.07.29.
44,5,"이쁘긴한데 책상이 노트북두고 영화볼땐좋지만 책상위에서 뭘하는건 쫌 불안하네요 계속 움직여서 
그래도 이쁘고 굿",https://phinf.pstatic.net/checkout.phinf/20210310_60/16153745594077WgYV_JPEG/review-attachment-4d080459-586f-4cf7-bbe4-f535cb9bba5f.jpeg?type=f300_300,sch9****,18.07.24.
45,5,생각보다 예뻐요^^,https://phinf.pstatic.net/image.nmv/shopnbuyer_2021_02_08_0/96e26fb1-69ae-11eb-8a7c-505dac8c3607_03.jpg?type=ffn300_300,kiju****,18.08.14.
46,5,"좋아요 생각했던것보다 훨씬 마음에 드네요..
지정일배송두 실수없이 해주셔서 좋구요..가격보다 고급스러워보이네요",https://phinf.pstatic.net/checkout.phinf/20210325_220/16166257479352Juln_JPEG/review-attachment-c22096ea-e33f-4a2f-90b0-e4247159e593.jpeg?type=f300_300,xfdt****,18.07.13.
47,5,"좋아요ㅎ 가죽쪽에 살짝 페인트가 묻어있었지만
잘 응대도해주시고...
기사분도 잘해주셨구요..
페인트때문에 기분은 그랬지만 응대를 잘해주시고
페인트도지워져서 번거로운일은 없었고요
배송도 너무 빨랐고~
아직 까진 불편함없이 잘쓰고있습니당ㅎ",https://phinf.pstatic.net/checkout.phinf/20210327_92/1616803493042Fjhti_JPEG/review-attachment-e85d7ba4-0757-4a3a-8472-5cad0f651168.jpeg?type=f300_300,cyou****,18.07.08.
48,5,이뻐요 깔끔하고 기사분도 친절하고 마음에들어요~많이파세요,https://phinf.pstatic.net/checkout.phinf/20210107_104/1610015800326SV0DV_JPEG/review-attachment-0641e67a-a200-444b-b05c-4abb1fbe33ab.jpeg?type=f300_300,wlsg****,18.07.21.
49,5,좋아요!!,https://phinf.pstatic.net/checkout.phinf/20210320_196/1616206336693TnGGb_JPEG/review-attachment-6f96c771-e825-4084-a3c7-b68ac03f2da7.jpeg?type=f300_300,ovox****,18.08.08.
50,5,교환 기사님이 설치중이실때 옆에보다가 사진을 찍었습니다 (기사님계실때 확인) 기사님이 사진찍어가면서 교체해주신다고 말씀하셨지만 혹시나 까먹으셔 전달을 못하실까봐 글올림니다 교체 부탁드리겠습니다,https://phinf.pstatic.net/checkout.phinf/20210221_195/1613906687119H30Rs_JPEG/review-attachment-88d851ad-289c-44ae-9713-647970bd446f.jpeg?type=f300_300,dta4****,18.06.22.
51,5,"너무 마음에 들어요 배송기사님 친절하고 좋으세요
침대 설치 꼼꼼히 해주시고 어떻게 사용해라 말씀해주시고 더우신데도 참 감사했어요",https://phinf.pstatic.net/checkout.phinf/20210326_233/1616733550718xm6ES_JPEG/review-attachment-82ce0c68-4eea-44ca-8516-25b8964bed1e.jpeg?type=f300_300,eunj****,18.06.20.
52,5,배송 한달걸리니 지방이신분은  추천안하고요 저나해도 배우 불친절하고 사려면사고 말려면 말어라식이고 받아보니 중국산 퀄리티임  책상도 피면 쳐지고 닫을때걸려서 안닫혀요  ,https://phinf.pstatic.net/checkout.phinf/20210302_38/1614669677617STteg_JPEG/review-attachment-fe7d1778-e849-43bf-9c69-25c387d92967.jpeg?type=f300_300,k_do****,18.07.05.
53,5,"배송일 지정날짜에 정확한 배송 감사합니다.
배송기사분도 친절하시고 제품도 맘에 들어요
선반은 여러므로 사용가능해서 좋습니다.
책상은 노트북정도 무게까지는 사용가능하네요
",https://phinf.pstatic.net/checkout.phinf/20210324_14/1616592268376oVcrO_JPEG/review-attachment-6944ab6a-f4c1-4229-913f-2d91456cb49f.jpeg?type=f300_300,flug****,18.07.06.
54,3,설치하고 나니 정말 좋아보여요!,https://phinf.pstatic.net/image.nmv/shopnbuyer_2021_03_06_0/25e12ea8-7e50-11eb-a12c-a0369ff963bc_03.jpg?type=ffn300_300,gjwn****,18.07.23.
55,5,애들 자취방에 놓았네요.날씨도 더운데  기사님 친절하게 설치해 주시고 설명도 해주시고...매트도 생각보다 괜찮아요..,https://phinf.pstatic.net/checkout.phinf/20210320_105/1616223781647oNk9X_JPEG/review-attachment-8c22d43d-4e43-4bfc-828c-acfb5e3189e2.jpeg?type=f300_300,leet****,18.07.05.
56,5,짱짱 좋아요 !!  생각보다 그 수납 책상은 약하네요 ㅠ 그래도 넘 예쁘고 조음 ,https://phinf.pstatic.net/checkout.phinf/20210321_1/1616337351998rIa4D_JPEG/review-attachment-44706da5-1e53-42f3-ac4e-b7c0cdb6e05f.jpeg?type=f300_300,tngu****,18.07.05.
57,5,아주좋아용ㅋㅋㅋ,https://phinf.pstatic.net/checkout.phinf/20210316_94/1615821425969YKvG1_JPEG/review-attachment-5556215d-7f39-4994-b933-a57ce876e651.jpeg?type=f300_300,leey****,18.07.25.
58,5,기사님 완전친절 업체도 친절해서 금방 배송받을 수 있었습니다. 설치 기사님도 친절하고요. 많이 파세요~~!,https://phinf.pstatic.net/checkout.phinf/20210328_213/1616917248379WGf6I_JPEG/review-attachment-e67750eb-0f79-4fdc-80c5-da6556e56e68.jpeg?type=f300_300,eom0****,18.07.06.
59,5,생각보다 훨씬 예쁘고 괜찮네요~,https://phinf.pstatic.net/checkout.phinf/20210327_89/1616811986472Qd3M2_JPEG/review-attachment-958007b3-d281-4d72-849b-038d15241e08.jpeg?type=f300_300,xfdt****,18.07.13.
60,5,"프레임에 스크래치가 많아요 ㅠ
블랙이라 더 잘보이네요
움직이는 선반 아래도 큰 자국이 남아잇엇어요ㅠ
다만 기사분이 너무 친절하셔서 그냥씁니다",https://phinf.pstatic.net/image.nmv/shopnbuyer_2021_03_18_0/f50e1490-8786-11eb-8379-a0369ff968b0_03.jpg?type=ffn300_300,ssun****,18.06.22.
61,5,"생각보다 정말 좋아요. 우선 배송이 빠르고 프레임 정말 튼튼하고 실용적이라 좋아요. 또한 매트리스도 이상한거 오면 어쩌나 걱정했는데 너무 편하고 좋아요. 후회하지 않으실껍니다.
적극추천합니다^^*
많이 파세요^^*",https://phinf.pstatic.net/checkout.phinf/20210319_127/1616082656061z2b4a_JPEG/review-attachment-91c42776-47b4-4418-a2fa-5df698fa7f7d.jpeg?type=f300_300,chae****,18.05.26.
62,4,좋아요ㅎㅎ,https://phinf.pstatic.net/checkout.phinf/20210320_176/16162120200768ETu1_JPEG/review-attachment-38c9ab3a-b47a-460a-85e9-62063a5f1014.jpeg?type=f300_300,aaa1****,18.07.18.
63,4,아이보리 짱 예쁘고 수납공간많고~~~생각보다 더 마음에 들지만 색상이 아쉬워요..아이보리보단 누리끼리 해여ㅠ,https://phinf.pstatic.net/checkout.phinf/20210308_119/1615210890678mSYoz_JPEG/review-attachment-a0c913aa-bdd5-4704-979e-249a57d5220b.jpeg?type=f300_300,duda****,18.05.26.
64,3,배송기사님도 사진찍어가시고 그자리에서 교체해주신다고 말씀하셨고 혹시나 까먹고 전달을 안하실까봐 글 올림니다 서랍장 파손 교체 부탁드립니다,https://phinf.pstatic.net/checkout.phinf/20210310_60/16153745594077WgYV_JPEG/review-attachment-4d080459-586f-4cf7-bbe4-f535cb9bba5f.jpeg?type=f300_300,dta4****,18.06.22.
65,5,"추천해요! 오늘 배송받고 누워서 후기쓰는중입니다
배송도 빠르고 너무 좋아요~~~
저상형이다 보니 앉았다일어났다 조금 힘들줄알았는데 생각보다 힘들지않네오 ㅎㅎ",https://phinf.pstatic.net/image.nmv/shopnbuyer_2021_02_08_0/96e26fb1-69ae-11eb-8a7c-505dac8c3607_03.jpg?type=ffn300_300,swon****,18.05.24.
66,3,좋아요 ㅎㅎ,https://phinf.pstatic.net/checkout.phinf/20210325_220/16166257479352Juln_JPEG/review-attachment-c22096ea-e33f-4a2f-90b0-e4247159e593.jpeg?type=f300_300,zzz2****,18.07.11.
67,4,배송도 안전하게 설치도 친절하게 잘 해주셨어요^^,https://phinf.pstatic.net/checkout.phinf/20210327_92/1616803493042Fjhti_JPEG/review-attachment-e85d7ba4-0757-4a3a-8472-5cad0f651168.jpeg?type=f300_300,ms85****,18.06.29.
68,3,잘 받았습니다.,https://phinf.pstatic.net/checkout.phinf/20210107_104/1610015800326SV0DV_JPEG/review-attachment-0641e67a-a200-444b-b05c-4abb1fbe33ab.jpeg?type=f300_300,jean****,18.07.05.
69,5,매우  좋아요 설치  기사님이  매우  친절하시고요  꼼꼼이  설치 및  정리도  깔끔하게  하셨네요.   설치  후  잠깐  낮잠을  잣는데  매우  편하니  꿀잠을  잣어요.,https://phinf.pstatic.net/checkout.phinf/20210320_196/1616206336693TnGGb_JPEG/review-attachment-6f96c771-e825-4084-a3c7-b68ac03f2da7.jpeg?type=f300_300,amiy****,18.06.13.
70,5,굿 배송이 좀 느리긴했지만 설치기사분도 친절하시고 설치후 보니깐 너무 편하고 이쁘네요 많이파세요,https://phinf.pstatic.net/checkout.phinf/20210221_195/1613906687119H30Rs_JPEG/review-attachment-88d851ad-289c-44ae-9713-647970bd446f.jpeg?type=f300_300,lawd****,18.06.18.
71,5,추천!!! 침대 색깔도 좋고 침대 높이도 딱 좋아요!!! 매트릭스도 같이 시켯는데 같이 잘산거 같아요!!! 수랍장 높이가 더 높앗다면 더 좋았을테데 란ㄴ 생각이 드네요~!!,https://phinf.pstatic.net/checkout.phinf/20210326_233/1616733550718xm6ES_JPEG/review-attachment-82ce0c68-4eea-44ca-8516-25b8964bed1e.jpeg?type=f300_300,lnh_****,18.05.19.
72,5,"좋아요 침대가 생각했던거보다 더 튼튼하고 좋아요 ㅋㅋ 매트리스도 추가로 옵션바꿔떠니
좋아요 ㅋㅋ 이쁘고 강아지도 낮아서 좋아해요",https://phinf.pstatic.net/checkout.phinf/20210302_38/1614669677617STteg_JPEG/review-attachment-fe7d1778-e849-43bf-9c69-25c387d92967.jpeg?type=f300_300,zznz****,18.05.19.
73,5,"조타 저상형 색상이 아이보리 색보단. 누런 노랑색인게 좀 아쉬웟어요 
배송하시는 분도 친절하고 좋앗는데 
급하게 하셧나봐요.. 몇군데는 조그만 나무가시 같은게 박혀잇고 나무가 긁혀잇네여 ㅠ
방수매트도 주문해서 깔앗는데 .. 방수안될거 같이 생겻어여 ㅠ 
맘에 드는건 침대 구조 디자인이 너무 좋아요 서랍도 많고",https://phinf.pstatic.net/checkout.phinf/20210324_14/1616592268376oVcrO_JPEG/review-attachment-6944ab6a-f4c1-4229-913f-2d91456cb49f.jpeg?type=f300_300,yosu****,18.05.15.
74,4,딸 선물로 사줫는데 완전 좋아합니다.가격대비 넘고급스럽고 매트리스도 상담후 라텍스로 업해서 주문하길잘한거같아요^^매일꿀잠잡니다 ㅋ배송기사님도 넘친절하시고 좋았어요~^^,https://phinf.pstatic.net/image.nmv/shopnbuyer_2021_03_06_0/25e12ea8-7e50-11eb-a12c-a0369ff963bc_03.jpg?type=ffn300_300,ook4****,18.05.31.
75,5,쓰기에 굉장히 편합니다.침대주위에 여러 물건들을 놓고 쓸수있어서요~^^,https://phinf.pstatic.net/checkout.phinf/20210320_105/1616223781647oNk9X_JPEG/review-attachment-8c22d43d-4e43-4bfc-828c-acfb5e3189e2.jpeg?type=f300_300,skmy****,18.06.07.
76,4,잘받았어요  설치기가님도  친절하시고요,https://phinf.pstatic.net/checkout.phinf/20210321_1/1616337351998rIa4D_JPEG/review-attachment-44706da5-1e53-42f3-ac4e-b7c0cdb6e05f.jpeg?type=f300_300,amiy****,18.06.13.
77,4,침대는 정말 예뻐요 다만 부득이하게 배송 도중에 일하러 가야해서 완성 사진 부탁드리고 갔는데 사진은 커녕 다했다는 문자 한통 없이 그냥 가셨더군요,https://phinf.pstatic.net/checkout.phinf/20210316_94/1615821425969YKvG1_JPEG/review-attachment-5556215d-7f39-4994-b933-a57ce876e651.jpeg?type=f300_300,sunl****,18.05.27.
78,5,정말 좋네요 ~,https://phinf.pstatic.net/checkout.phinf/20210328_213/1616917248379WGf6I_JPEG/review-attachment-e67750eb-0f79-4fdc-80c5-da6556e56e68.jpeg?type=f300_300,ckdh****,18.06.23.
79,3,"가성비 좋습니다. 가격대비 
품질좋고 
배송정확하고
저렴하고
아직 오래사용해보진 않았으나 현재로서는 만족합니다.
번창하세요",https://phinf.pstatic.net/checkout.phinf/20210327_89/1616811986472Qd3M2_JPEG/review-attachment-958007b3-d281-4d72-849b-038d15241e08.jpeg?type=f300_300,dust****,18.05.26.
80,5,너무너무 마음에들어요,https://phinf.pstatic.net/image.nmv/shopnbuyer_2021_03_18_0/f50e1490-8786-11eb-8379-a0369ff968b0_03.jpg?type=ffn300_300,eunj****,18.06.20.
81,5,좋긴한데 책상에 따로 고정장치가 없어서 너무 불안하네요 힘 받으면 부러질것 같아요.. ,https://phinf.pstatic.net/checkout.phinf/20210319_127/1616082656061z2b4a_JPEG/review-attachment-91c42776-47b4-4418-a2fa-5df698fa7f7d.jpeg?type=f300_300,dsba****,18.06.04.
82,4,"사진 그대로!! 아이보리 컬러 너무예쁘고 매트리스도 푹신하니 좋아요ㅎㅎ 설치해주시는 분도 친절하셨고 
서랍장이 많아서 좋아용
침대높이가 생각보단 높더라구요!
완전 낮은거 생각했었는데ㅎㅎ높이 확인 안하고 샀지만 그래도 좋습니다!!추천해요!!",https://phinf.pstatic.net/checkout.phinf/20210320_176/16162120200768ETu1_JPEG/review-attachment-38c9ab3a-b47a-460a-85e9-62063a5f1014.jpeg?type=f300_300,rnld****,18.05.16.
83,4,괜찮네요 배송은 일주일 조금 더걸렸고 지방이라 하루전 문자받아서 별문제는없었어요 침대는 기대보다 위에도 아래도 아니었어요,https://phinf.pstatic.net/checkout.phinf/20210308_119/1615210890678mSYoz_JPEG/review-attachment-a0c913aa-bdd5-4704-979e-249a57d5220b.jpeg?type=f300_300,yuum****,18.05.27.
84,5,배송도 4일 정도만에 도착하고 배달 기사님이 너무너무 친절하세욥!,https://phinf.pstatic.net/checkout.phinf/20210310_60/16153745594077WgYV_JPEG/review-attachment-4d080459-586f-4cf7-bbe4-f535cb9bba5f.jpeg?type=f300_300,sjy9****,18.06.08.
85,3,"생각보다는그다지 톡으로문의했더니정말친절하게안내해주셔서
많이도움이됐고
지방인데도배송이이틀만에온다해서
여기까진좋았는데
설치하니는걸보니영싼티가나요",https://phinf.pstatic.net/image.nmv/shopnbuyer_2021_02_08_0/96e26fb1-69ae-11eb-8a7c-505dac8c3607_03.jpg?type=ffn300_300,okhe****,18.05.22.
86,5,좋습니다~!,https://phinf.pstatic.net/checkout.phinf/20210325_220/16166257479352Juln_JPEG/review-attachment-c22096ea-e33f-4a2f-90b0-e4247159e593.jpeg?type=f300_300,eom0****,18.07.06.
87,3,침대 실용성 좋습니다. 수납공간 및 간이책상 너무 편하구요. 매트리스도 좋네요. 기사님도 엘레베이터 없는데 4층까지 고생하셨는데도 친절하게 잘 해주셨습니다.,https://phinf.pstatic.net/checkout.phinf/20210327_92/1616803493042Fjhti_JPEG/review-attachment-e85d7ba4-0757-4a3a-8472-5cad0f651168.jpeg?type=f300_300,kose****,18.05.14.
88,5,"배송도 빠르고 제품은 더 좋고 프레임, 매트리스 모두 만족합니다. 많이 파세요^^*",https://phinf.pstatic.net/checkout.phinf/20210107_104/1610015800326SV0DV_JPEG/review-attachment-0641e67a-a200-444b-b05c-4abb1fbe33ab.jpeg?type=f300_300,chae****,18.05.25.
89,3,위쪽가죽이 생각보다 저렴한느낌이나고 책상이 안정감이 없네요. 배송은 일주일조금 넘게 걸렸어요,https://phinf.pstatic.net/checkout.phinf/20210320_196/1616206336693TnGGb_JPEG/review-attachment-6f96c771-e825-4084-a3c7-b68ac03f2da7.jpeg?type=f300_300,yuum****,18.05.27.
90,5,"배송은이틀걸린거 같구요
기사님도 친절하셨고  구매하고 가죽에뭐가묻어
빠른처리도해주셨고
괜찮아요ㅋㅋ 그 움직이는상판이 생각보다 너무얇고부실해서 아직써보지는못했지만요",https://phinf.pstatic.net/checkout.phinf/20210221_195/1613906687119H30Rs_JPEG/review-attachment-88d851ad-289c-44ae-9713-647970bd446f.jpeg?type=f300_300,cyou****,18.05.16.
91,5,"좋아요 냄새가 조금 나지만..
아이보리 보다는 색이 살짝 누리끼리~",https://phinf.pstatic.net/checkout.phinf/20210326_233/1616733550718xm6ES_JPEG/review-attachment-82ce0c68-4eea-44ca-8516-25b8964bed1e.jpeg?type=f300_300,duda****,18.05.26.
92,5,"이뻐요 배송이 느려 취소할까 고민 많았어요
기다리고기다리고 드뎌 받았습니다
기사님이 설치다하고 사진 보내주셨구요
너무 감사해요",https://phinf.pstatic.net/checkout.phinf/20210302_38/1614669677617STteg_JPEG/review-attachment-fe7d1778-e849-43bf-9c69-25c387d92967.jpeg?type=f300_300,skek****,18.04.29.
93,3,제가 생각했던 이미지랑 침대랑 너무 같아서 짱좋아요 매트릭스도 괜찮고 근데 수랍장높이가 의외로 낮아서 아쉽네용,https://phinf.pstatic.net/checkout.phinf/20210324_14/1616592268376oVcrO_JPEG/review-attachment-6944ab6a-f4c1-4229-913f-2d91456cb49f.jpeg?type=f300_300,lnh_****,18.05.19.
94,3,침대 굿~ 딸방에 침대 바꾸면서 앉아서 공부할 수있는책상있는침대로 바꿨어요 튼튼하진 않지만 노트북 올려놓고 공부 열심히 하고 있네요 낮아서 방이 좀더 넓어보이는 효과도 있어요,https://phinf.pstatic.net/image.nmv/shopnbuyer_2021_03_06_0/25e12ea8-7e50-11eb-a12c-a0369ff963bc_03.jpg?type=ffn300_300,yoon****,18.05.14.
95,5,"정말 추천! 방에 깔끔하게 설치해놓으니
원룸이 넓어보이고, 물건수납장도
달리 필요없어요.
높이도 적당하고,
책을 자주보는데 침대에 누워서 책꺼내기
정말 편하고 침대 디자인도 예쁩니다.
공기청정기 옆에두고자기 좋아요^^
무엇보다도
기본매트도 걱정했었는데
기대이상으로 편안해서 만족스러워요!!
배송기사님이 설치해주셨는데
무거운거하나하나 나르시고
박스 재활용까지 해주시고가셔서
정말 편했습니다.
너무 고생많으셨어요^^",https://phinf.pstatic.net/checkout.phinf/20210320_105/1616223781647oNk9X_JPEG/review-attachment-8c22d43d-4e43-4bfc-828c-acfb5e3189e2.jpeg?type=f300_300,kirs****,18.04.26.
96,5,배송도 빠르고 설치도 잘 해주셔서 너무 좋습니다! 잘쓸게요~~!ㅎㅎ,https://phinf.pstatic.net/checkout.phinf/20210321_1/1616337351998rIa4D_JPEG/review-attachment-44706da5-1e53-42f3-ac4e-b7c0cdb6e05f.jpeg?type=f300_300,swon****,18.05.23.
97,5,빠른배송 ^^ 주문한지 하루만에 해피콜이 왔네요 오후2시쯤 도착 기사분이 조립해주시고 갔네요 일단 혼자쓰는 침대에 Q사이즈로 왔는데 보기보다 넓어 보여서 방이 좀 좁아 보이네요..^^조립도 깔끔하게 해주시고 감사 합니다.,https://phinf.pstatic.net/checkout.phinf/20210316_94/1615821425969YKvG1_JPEG/review-attachment-5556215d-7f39-4994-b933-a57ce876e651.jpeg?type=f300_300,ryup****,18.05.05.
98,4,가격대비 만족합니다.,https://phinf.pstatic.net/checkout.phinf/20210328_213/1616917248379WGf6I_JPEG/review-attachment-e67750eb-0f79-4fdc-80c5-da6556e56e68.jpeg?type=f300_300,dust****,18.05.26.
99,5,이뻐요 편해요,https://phinf.pstatic.net/checkout.phinf/20210327_89/1616811986472Qd3M2_JPEG/review-attachment-958007b3-d281-4d72-849b-038d15241e08.jpeg?type=f300_300,lawd****,18.06.18.
