﻿,star,review,reviewImage,customerId,reviewDate
0,5,"저희 집은 거실에 놔두고 쓰는데
집에 있을땐 slou위에서만 생활하는거 같아요
책도 읽고 커피도 마시고 TV도 보고
넷플릭스 보다가 스르르 잠들면 행복해요!!ㅋㅋ
자주 사용하다 보니 때가 타네요 ㅋㅋㅋ 커버 하나더 구매하려구요~~",https://phinf.pstatic.net/image.nmv/shopnbuyer_2021_03_18_0/f50e1490-8786-11eb-8379-a0369ff968b0_03.jpg?type=ffn300_300,mmin****,21.03.23.
1,5,"아주 만족스럽습니다. 2021버전 퀸사이즈이구요. 이모델 출고도 늦었고 블로그나 리뷰글 조차도 없어 걱정했어요. 

허리가 썩좋지않아 라텍스는 싫었는데 이건 쫀쫀하니 좋구요. 모션모터도 조용하게 작동 잘합니다.",https://phinf.pstatic.net/checkout.phinf/20210319_127/1616082656061z2b4a_JPEG/review-attachment-91c42776-47b4-4418-a2fa-5df698fa7f7d.jpeg?type=f300_300,jang****,21.03.25.
2,5,공간을 많이 차지하지 않으면서도 안락한 수면을 할 수 있게 해준다고 하네요. 가격등락이 심해 1년 기다렸다 구매한 보람이 있네요. 사용하다 좁게 느껴지면 하나 더 사서 붙여서 사용하면 되니 실용성도 있고요.,https://phinf.pstatic.net/checkout.phinf/20210320_176/16162120200768ETu1_JPEG/review-attachment-38c9ab3a-b47a-460a-85e9-62063a5f1014.jpeg?type=f300_300,soci****,21.03.17.
3,5,템퍼에 비해서 훨씬 가격이 합리적이고 슬로우 브랜드 자체가 친환경공법으로 만들어서 더 믿음이 가네요,https://phinf.pstatic.net/checkout.phinf/20210308_119/1615210890678mSYoz_JPEG/review-attachment-a0c913aa-bdd5-4704-979e-249a57d5220b.jpeg?type=f300_300,9720****,21.03.19.
4,5,수면패턴이 달라서 부부침대로 슈퍼싱글 2개 들였네요.생각보다 사이즈가 커요. tv볼때도 기대어 보니 넘 편안해서 자꾸 영화 보고싶어지네요. 기존에 퀸침대서 부대끼며 잤는데 어제 설치하고 따로 자니 완전 꿀잠잤어요ㅠㅠ 면도 넘 부드러워서 촉감 좋아요.기존 높은 침대를 사용했어서 다리가 없다는 후기 보고 너무 낮은거 아니야 했는데 낮아도 괜찮았어요. 설치기사님들도 넘 친절하셨어요.,https://phinf.pstatic.net/checkout.phinf/20210310_60/16153745594077WgYV_JPEG/review-attachment-4d080459-586f-4cf7-bbe4-f535cb9bba5f.jpeg?type=f300_300,shri****,21.02.19.
5,5,낮잠잘때 속이 부대끼지 않아서 편하게 잘수 있어 좋아요. 밤에는 잘때 숨 쉬는게 불편했는데 높낮이를 조절할수 있어서 만족스럽네요^^ 쿠션감이 좋아 높낮이 조절을 하지 않아도 자는데 부담이 없는것 같아요. 오가닉 시트라 피부에 닿을때도 부드러운 느낌이 좋아요. 패드가 분리되어 세탁을 마음껏 할 수 있는점도 만족스러운 부분 중 하나 입니다. 할인할때 물건을 구입해서 저렴하게 살수 있었어요. 가성비 좋은 제품인것 같아요. 나중에 하나 더 사서 부부 침실에 나란히 놓으려고 합니다. 좋은 제품 감사합니다^^,https://phinf.pstatic.net/image.nmv/shopnbuyer_2021_02_08_0/96e26fb1-69ae-11eb-8a7c-505dac8c3607_03.jpg?type=ffn300_300,angm****,21.02.12.
6,5,"모션베드의 가장중요한점이 스무스한 움직임과 편안한 각도인거라고 생각하는1인인데 그점에서 만족하고 더 나아가 매트리스의 안정적인 푹신함도 좋았습니다~다른 후기들처럼 가격이 일반침대보다는 좀  더 비싸지만 그만한 값어치를 하네요~
무중력상태로 한다음 누우면 일어나기가 싫어 큰일났네요~😂",https://phinf.pstatic.net/checkout.phinf/20210325_220/16166257479352Juln_JPEG/review-attachment-c22096ea-e33f-4a2f-90b0-e4247159e593.jpeg?type=f300_300,zzon****,21.03.11.
7,5,"일년동안 고민하다 구매했는데 괜히 고민했네요 
기대만큼 굿~~~👍
배송기사님도 친절하셨어요 ^^",https://phinf.pstatic.net/checkout.phinf/20210327_92/1616803493042Fjhti_JPEG/review-attachment-e85d7ba4-0757-4a3a-8472-5cad0f651168.jpeg?type=f300_300,jimi****,21.03.06.
8,5,기대 이상이여요~~  완전추천해요,https://phinf.pstatic.net/checkout.phinf/20210107_104/1610015800326SV0DV_JPEG/review-attachment-0641e67a-a200-444b-b05c-4abb1fbe33ab.jpeg?type=f300_300,soyo****,21.03.19.
9,5,"디자인도 좋구여 ㅎㅎㅎ
저희집은 그래서 거실에서 소파겸 데이베드로 써요 ㅎㅎ 티비보다 스르르 잠들면 행복해요 ㅋㅋㅋ",https://phinf.pstatic.net/checkout.phinf/20210320_196/1616206336693TnGGb_JPEG/review-attachment-6f96c771-e825-4084-a3c7-b68ac03f2da7.jpeg?type=f300_300,mmin****,21.02.11.
10,5,"배송예정일에 딱 맞춰서 받았구요, 설치기사분들은 아주 친절하셨습니다. 속천에서 조금 바스락거리는 소리가 신경쓰였는데, 베개 받히면 괜찮은것 같구요, 긴다리가 구성품에 안들어있어서 그점은 설연휴끝나고 고객센타에 문의해봐야겠네요.  긴다리없어도 불편하진 않네요. 기본 높이도 높은편이고 모션 작동하면 더 높아져요.  기존 침대에 올리는 경우라면 너무 높아져서  불편할 것  같아요.",https://phinf.pstatic.net/checkout.phinf/20210221_195/1613906687119H30Rs_JPEG/review-attachment-88d851ad-289c-44ae-9713-647970bd446f.jpeg?type=f300_300,libe****,21.02.12.
11,5,"신형 받침대 없읍니다 
두번째구매에 신경못썼는데 
놓처네요 참고하세요",https://phinf.pstatic.net/checkout.phinf/20210326_233/1616733550718xm6ES_JPEG/review-attachment-82ce0c68-4eea-44ca-8516-25b8964bed1e.jpeg?type=f300_300,kkzz****,21.03.12.
12,5,"기사님 친절하게 잘 설치해 주셨습니다.
소음도 거의 없고, 쿠션감도 좋습니다.
전 너무 푹신한거는 싫어했는데 아주 적당한거 같아요.
다른 제품의 모션매트리스보다는 좀 비싸긴 하지만 
그만큼 좋아요!",https://phinf.pstatic.net/checkout.phinf/20210302_38/1614669677617STteg_JPEG/review-attachment-fe7d1778-e849-43bf-9c69-25c387d92967.jpeg?type=f300_300,myid****,21.01.12.
13,5,"왜 이걸 이제야 샀는지 모르겠다는 후기가 많던데, 딱 그표현입니다. 

잠이 솔솔오고 피로가 확풀려요. 강추입니다",https://phinf.pstatic.net/checkout.phinf/20210324_14/1616592268376oVcrO_JPEG/review-attachment-6944ab6a-f4c1-4229-913f-2d91456cb49f.jpeg?type=f300_300,rimo****,21.02.24.
14,5,잘 받았습니다. 감사합니다.,https://phinf.pstatic.net/image.nmv/shopnbuyer_2021_03_06_0/25e12ea8-7e50-11eb-a12c-a0369ff963bc_03.jpg?type=ffn300_300,sbbu****,21.03.09.
15,4,좋아요~~~~ ^^,https://phinf.pstatic.net/checkout.phinf/20210320_105/1616223781647oNk9X_JPEG/review-attachment-8c22d43d-4e43-4bfc-828c-acfb5e3189e2.jpeg?type=f300_300,lskb****,21.03.17.
16,5,역시 최고의 침대 입니다. 구매에 후회는 없는 제품 입니다. 리모컨이 다소 보기 불편한것 같습니다.,https://phinf.pstatic.net/checkout.phinf/20210321_1/1616337351998rIa4D_JPEG/review-attachment-44706da5-1e53-42f3-ac4e-b7c0cdb6e05f.jpeg?type=f300_300,yubb****,21.02.20.
17,5,아주 만족합니다. 밤마다 꿀잠자요,https://phinf.pstatic.net/checkout.phinf/20210316_94/1615821425969YKvG1_JPEG/review-attachment-5556215d-7f39-4994-b933-a57ce876e651.jpeg?type=f300_300,jang****,21.02.08.
18,5,아주만족해요. 굿굿굿 베리굿,https://phinf.pstatic.net/checkout.phinf/20210328_213/1616917248379WGf6I_JPEG/review-attachment-e67750eb-0f79-4fdc-80c5-da6556e56e68.jpeg?type=f300_300,jang****,21.02.08.
19,5,"슬로우 모션베드  맘에 속 들어요
쿠션감도  크기도..",https://phinf.pstatic.net/checkout.phinf/20210327_89/1616811986472Qd3M2_JPEG/review-attachment-958007b3-d281-4d72-849b-038d15241e08.jpeg?type=f300_300,hj11****,21.02.22.
20,5,무중력자세로 누우니 정말 편하네요,https://phinf.pstatic.net/image.nmv/shopnbuyer_2021_03_18_0/f50e1490-8786-11eb-8379-a0369ff968b0_03.jpg?type=ffn300_300,bowc****,21.02.04.
21,5,예전부터 살까 말까 고민하다가 코로나로 집에 있는 시간이 많아지면서 구매했는데 편해서 좋네요 ㅎㅎ 진작 살걸 ~,https://phinf.pstatic.net/checkout.phinf/20210319_127/1616082656061z2b4a_JPEG/review-attachment-91c42776-47b4-4418-a2fa-5df698fa7f7d.jpeg?type=f300_300,rhrh****,21.01.20.
22,5,"4주년 행사라 원가격보다 싸게 사서 좋았습니다.
다리도  긴것 작은것 두개라 높이 취향에 맞게 조절 할수 있고 프레임이 없어도 깔끔하고 침대 밑 청소가 편리합니다.",https://phinf.pstatic.net/checkout.phinf/20210320_176/16162120200768ETu1_JPEG/review-attachment-38c9ab3a-b47a-460a-85e9-62063a5f1014.jpeg?type=f300_300,3707****,21.01.14.
23,5,"군더더기 없이 깔끔하고 가격도 적당한거 같아요~
모션베드의 역할을 부족함없이 잘 하네요~",https://phinf.pstatic.net/checkout.phinf/20210308_119/1615210890678mSYoz_JPEG/review-attachment-a0c913aa-bdd5-4704-979e-249a57d5220b.jpeg?type=f300_300,mss6****,21.02.04.
24,5,"믿고 쓰려고 두번째 구매입니다
각자 쓰면 좋습니다.",https://phinf.pstatic.net/checkout.phinf/20210310_60/16153745594077WgYV_JPEG/review-attachment-4d080459-586f-4cf7-bbe4-f535cb9bba5f.jpeg?type=f300_300,jean****,21.01.29.
25,5,겨울엔 춥고 여름엔 너무 덥네요,https://phinf.pstatic.net/image.nmv/shopnbuyer_2021_02_08_0/96e26fb1-69ae-11eb-8a7c-505dac8c3607_03.jpg?type=ffn300_300,gkal****,21.02.22.
26,4,"모션매트리스 3대째 구매 했습니다.
아이들 먼저 쓰다가 만족도가 높아 부모님도 사드렸습니다.
제품자체는 너무 좋습니다.

다만 할인율 정책에는 문제가 많아보입니다.
고가인 침대 할인율을 너무 자주 바꿔서 좋은제품 잘샀다고 느끼다가도
금액이 훨씬 더 낮아져 버리면 기존 구매고객들은 기만으로 느껴질수도 있을것 같습니다. 
3대째 구매라 말씀드렸습니다.",https://phinf.pstatic.net/checkout.phinf/20210325_220/16166257479352Juln_JPEG/review-attachment-c22096ea-e33f-4a2f-90b0-e4247159e593.jpeg?type=f300_300,kiro****,20.12.19.
27,4,"오래고민 후 구매했는데요, 만족합니다",https://phinf.pstatic.net/checkout.phinf/20210327_92/1616803493042Fjhti_JPEG/review-attachment-e85d7ba4-0757-4a3a-8472-5cad0f651168.jpeg?type=f300_300,libe****,21.02.12.
28,5,쿠션감도 좋고 다양한 각도가 가능해서 좋습니다.,https://phinf.pstatic.net/checkout.phinf/20210107_104/1610015800326SV0DV_JPEG/review-attachment-0641e67a-a200-444b-b05c-4abb1fbe33ab.jpeg?type=f300_300,zzgo****,21.01.17.
29,4,편하고 좋은데 겨울엔 생각보다 춥고 여름엔 더워요,https://phinf.pstatic.net/checkout.phinf/20210320_196/1616206336693TnGGb_JPEG/review-attachment-6f96c771-e825-4084-a3c7-b68ac03f2da7.jpeg?type=f300_300,gkal****,21.01.26.
30,4,"엄청나게 오래 고민하고 다른 브랜드의 모션베드와 비교 고민하다가 가격대비 심플하고 회사브랜드를 믿고, 매장에도 안가보고 덜컥 구매했습니다.
매트리스 쿠션은 생각보다 푹신한데 허리에 나쁘진 않네요. 모터소리도 조용하고 움직임도 나쁘지 않아요. 다만 베드다리가 애매하게 높아요. 
다리를 빼자니 너무 낮고, 끼우고 베드의 각도를 높이니 너무 높아서 적응하는데 며칠 걸릴듯 합니다. 다리높이만 지금의 절반 정도의 높이로 조정 할 수 있다면 만점이겠네요.
좀 더 사용해봐야겠지만 아직은 좋으네요.",https://phinf.pstatic.net/checkout.phinf/20210221_195/1613906687119H30Rs_JPEG/review-attachment-88d851ad-289c-44ae-9713-647970bd446f.jpeg?type=f300_300,arde****,20.11.09.
31,5,원래 슈퍼 싱글로 사용하고 있었는데 하나 더 구입하여 신랑과 편히 자고 있어요 임산부가 사용하기 편해요. 요즘은 모션베드가 짱^^,https://phinf.pstatic.net/checkout.phinf/20210326_233/1616733550718xm6ES_JPEG/review-attachment-82ce0c68-4eea-44ca-8516-25b8964bed1e.jpeg?type=f300_300,toto****,20.10.19.
32,5,원래부터 눈여겨오던 제품이에요. 점 더 싸게 구입할수 있어서 좋았구요.. 등받이 조정 다리조정 등 다유자재로 움직일수 있고.. 자리도 많이 차지하지않아서 참 좋아요 저흰 침대 밑에 또 두어서 동시에 사용해요,https://phinf.pstatic.net/checkout.phinf/20210302_38/1614669677617STteg_JPEG/review-attachment-fe7d1778-e849-43bf-9c69-25c387d92967.jpeg?type=f300_300,cool****,20.10.18.
33,4,모션메트리스 검색하다가 평이 너무 좋아서 구매하게 되었습니다. 주문하고 배송기간까지 조금 일정이 걸렸지만 기사님도 친절하시고 안전배송해주셨어요. 비오는날이라 매트리스 박스가 다 젖고 눅눅해서 들고오기 힘들었을텐데 정말 안전하게 잘배송해주셔서 감사드려요. 다리없이 매트리스 설치를 원했어서 낮게 설치하고 완료 했는데 침구랑 안어울려서 제가 다리를 다시 달았어요 ㅋㅋ 작동도 너무 잘되고 사이즈도 큼직해서 아주 마음에 듭니다. 매트리스 커버도 주문했는데 어서 오길 바래요 ㅎㅎ 아! 매트리스는 앉으면 푹신해서 잠자리가 불편할까 걱정했는데 누우면 생각보다 탄탄합니다( 전 탄탄한 매트리스를 선호하거든요.)리모콘도 잘되고 다양한 동작버튼이 있어서 편할것같아요. 잘쓰겠습니다,https://phinf.pstatic.net/checkout.phinf/20210324_14/1616592268376oVcrO_JPEG/review-attachment-6944ab6a-f4c1-4229-913f-2d91456cb49f.jpeg?type=f300_300,anns****,20.08.08.
34,4,좋네요 정말 탁월합니다,https://phinf.pstatic.net/image.nmv/shopnbuyer_2021_03_06_0/25e12ea8-7e50-11eb-a12c-a0369ff963bc_03.jpg?type=ffn300_300,mine****,20.11.14.
35,5,조금 더 딱딱한 느낌이 있으면 좋겠는데 기사님이 제품 좋다고 하신걸 믿어볼께요,https://phinf.pstatic.net/checkout.phinf/20210320_105/1616223781647oNk9X_JPEG/review-attachment-8c22d43d-4e43-4bfc-828c-acfb5e3189e2.jpeg?type=f300_300,yoig****,20.10.16.
36,5,"생각했던데로 좋네요
조용합니다  쿠션감도 굿",https://phinf.pstatic.net/checkout.phinf/20210321_1/1616337351998rIa4D_JPEG/review-attachment-44706da5-1e53-42f3-ac4e-b7c0cdb6e05f.jpeg?type=f300_300,mdkk****,20.10.10.
37,5,좋습니다. 설치기사 깔끔하게 친절하게 설치 아래바닥에 15만원짜리 편백깔판이용 위에 설치 할꺼라하니 잘 깔아서 설치해줌 편백깔판은 미리 택배로 받아 바닥에 이사시 깔아 놨는데 잘 어울림,https://phinf.pstatic.net/checkout.phinf/20210316_94/1615821425969YKvG1_JPEG/review-attachment-5556215d-7f39-4994-b933-a57ce876e651.jpeg?type=f300_300,nami****,20.08.22.
38,5,좋아요. 잘 사용하고 있습니다. 푹신하고 편안합니다. 냄새는 조금 나요,https://phinf.pstatic.net/checkout.phinf/20210328_213/1616917248379WGf6I_JPEG/review-attachment-e67750eb-0f79-4fdc-80c5-da6556e56e68.jpeg?type=f300_300,yool****,20.10.16.
39,5,"기사님도 재시간에 와서 친절하게 설치해주시고,
상품도좋구..
딱좋아요",https://phinf.pstatic.net/checkout.phinf/20210327_89/1616811986472Qd3M2_JPEG/review-attachment-958007b3-d281-4d72-849b-038d15241e08.jpeg?type=f300_300,lsk2****,20.10.08.
40,5,이미 사용하고 있던거라 하나 더 추가로 구매했어요. 허리 안 좋아서 아무 침대나 사용하지 못하는데 적당한 쿠션감이  말이 필요없죠,https://phinf.pstatic.net/image.nmv/shopnbuyer_2021_03_18_0/f50e1490-8786-11eb-8379-a0369ff968b0_03.jpg?type=ffn300_300,cai7****,20.09.28.
41,5,"역시 매트리스는 쇼룸가서 체험 해보고 사야는데 후기들만 보고 구매했더니 저한텐 너무 소프트하네요 자면서 뒤척일 때 허리가 아프면서 무리가는게 느껴집니다 몸이 꺼지면서 약간 더운 느낌도 있구요 물론 메모리폼 메트리스라 완전 하드할 순 없고 적응기간이 있어야는것도 아는데....
약간 하드한거 원하시거나 허리 안좋은 분들은 구매하지 마세요 머리, 다리 부분 올려서 폰 만지거나 영화보기는 좋네요 침대를 산건데 소파로 사용중....ㅋ  매트리스는 자봐야 아는건데
비닐 제거말고 2-3일 사용 후 정말 원하는사람은
반품해주는 사항이 있어야할듯요",https://phinf.pstatic.net/checkout.phinf/20210319_127/1616082656061z2b4a_JPEG/review-attachment-91c42776-47b4-4418-a2fa-5df698fa7f7d.jpeg?type=f300_300,aldc****,20.08.28.
42,5,아들이 침대랑 한 몸이 되어 일어나질 않네요,https://phinf.pstatic.net/checkout.phinf/20210320_176/16162120200768ETu1_JPEG/review-attachment-38c9ab3a-b47a-460a-85e9-62063a5f1014.jpeg?type=f300_300,junu****,20.10.11.
43,5,아침에 일으켜줘서 넘 좋네요ㅎ,https://phinf.pstatic.net/checkout.phinf/20210308_119/1615210890678mSYoz_JPEG/review-attachment-a0c913aa-bdd5-4704-979e-249a57d5220b.jpeg?type=f300_300,peej****,20.10.12.
44,5,"모션배드는 처음인데 생각보다 소음도 적고 쓸만합니다.
쿠션또한 너무 하드하지않고 적당히 소프트하여 편하구요
다만 사람 몸이 움직일때 일반 침대와는 다른 사각거리는 소리가 조금 거실리기는 하는데.. 그래도 이가격에 만족합니다.
SS사이즈 구매했고 생각보다 사이즈는 넓지않습니다.
기존사용하던 시몬스침대와 높이가 비슷해 연결해서 쓰기도 좋구요
ss사이즈 다음에 추가 구매해서 가족침대로 쓸께요",https://phinf.pstatic.net/checkout.phinf/20210310_60/16153745594077WgYV_JPEG/review-attachment-4d080459-586f-4cf7-bbe4-f535cb9bba5f.jpeg?type=f300_300,pilo****,20.07.27.
45,1,편하고 좋아요 근데 프레임이 없으니 좀 애매하네요,https://phinf.pstatic.net/image.nmv/shopnbuyer_2021_02_08_0/96e26fb1-69ae-11eb-8a7c-505dac8c3607_03.jpg?type=ffn300_300,pear****,20.09.30.
46,5,사이즈도 아담해서 저리도 덜 차지하고 생각했것보다 매트히스 두께도 두껍고 느낌도 엄청 편안하네요 배송해주신 기사님 두분 모두 친절하고 설명도 잘 해주셨어요,https://phinf.pstatic.net/checkout.phinf/20210325_220/16166257479352Juln_JPEG/review-attachment-c22096ea-e33f-4a2f-90b0-e4247159e593.jpeg?type=f300_300,tcbm****,20.08.23.
47,4,생각외로 마음에 드네요 비싼게 탈이지만 조만간 막내거도 사주려고합니다,https://phinf.pstatic.net/checkout.phinf/20210327_92/1616803493042Fjhti_JPEG/review-attachment-e85d7ba4-0757-4a3a-8472-5cad0f651168.jpeg?type=f300_300,kkzz****,20.08.21.
48,5,푹신하고내맘대로다리도올렸다내렸다상체도움직여앉아책도보고아주편해요쿠션감도아주푹신하지도않고내몸을잘감싸주네요흠은배송이아주느리다는거슬로우라그런가?,https://phinf.pstatic.net/checkout.phinf/20210107_104/1610015800326SV0DV_JPEG/review-attachment-0641e67a-a200-444b-b05c-4abb1fbe33ab.jpeg?type=f300_300,jiae****,20.09.08.
49,5,ㅗ최고의 제품입니다,https://phinf.pstatic.net/checkout.phinf/20210320_196/1616206336693TnGGb_JPEG/review-attachment-6f96c771-e825-4084-a3c7-b68ac03f2da7.jpeg?type=f300_300,juli****,20.09.06.
50,5,전동침대 말로만 들었는데 써보니까 더 좋아요!! 넘 푹신하고 버튼하나로 작동하다니!! 다만 프레임을 안사고 방수커버를 위에 덧씌웠더니 약간 마사지베드 같은 느낌이 들긴하네요~ 여름용 커버 사고 싶은데 넘 비싸요ㅠㅠ,https://phinf.pstatic.net/checkout.phinf/20210221_195/1613906687119H30Rs_JPEG/review-attachment-88d851ad-289c-44ae-9713-647970bd446f.jpeg?type=f300_300,gkal****,20.08.06.
51,5,쿠션좋구요 아주 만족해요,https://phinf.pstatic.net/checkout.phinf/20210326_233/1616733550718xm6ES_JPEG/review-attachment-82ce0c68-4eea-44ca-8516-25b8964bed1e.jpeg?type=f300_300,shja****,20.09.20.
52,5,"기대이상이여요
우선 하나 주문했고 곧 하나 더 주문 힐게요...2개를 하나로 사용해도 될것 같고 쿠션감 적당하고 편하고 좋습니다
좋은 제품 감사해요",https://phinf.pstatic.net/checkout.phinf/20210302_38/1614669677617STteg_JPEG/review-attachment-fe7d1778-e849-43bf-9c69-25c387d92967.jpeg?type=f300_300,hwao****,20.07.24.
53,5,뭐 할말 있나요??ㅋㅋㅋ워낙 유명해서 엄마가 엄청 좋아해요,https://phinf.pstatic.net/checkout.phinf/20210324_14/1616592268376oVcrO_JPEG/review-attachment-6944ab6a-f4c1-4229-913f-2d91456cb49f.jpeg?type=f300_300,able****,20.08.25.
54,5,완전 좋아요^^   디자인도 심플하고   매트리스도 너무너무 좋아요,https://phinf.pstatic.net/image.nmv/shopnbuyer_2021_03_06_0/25e12ea8-7e50-11eb-a12c-a0369ff963bc_03.jpg?type=ffn300_300,vndn****,20.07.27.
55,5,리모콘 세팅이 잘못되어 있는지 무중력 모드를 누르면 -자로 그냥 쭉 펴지네요; 그냥 귀찮아서 쓰고 있습니다.,https://phinf.pstatic.net/checkout.phinf/20210320_105/1616223781647oNk9X_JPEG/review-attachment-8c22d43d-4e43-4bfc-828c-acfb5e3189e2.jpeg?type=f300_300,happ****,20.08.05.
56,5,어머니 선물로 사드렸는데 좋다고 하시네요,https://phinf.pstatic.net/checkout.phinf/20210321_1/1616337351998rIa4D_JPEG/review-attachment-44706da5-1e53-42f3-ac4e-b7c0cdb6e05f.jpeg?type=f300_300,bine****,20.07.19.
57,5,"생각보다 푹신한건 모르겠어요
설치하러 온 기사가 바빳는지 너무 대충하고 간 기분이네요",https://phinf.pstatic.net/checkout.phinf/20210316_94/1615821425969YKvG1_JPEG/review-attachment-5556215d-7f39-4994-b933-a57ce876e651.jpeg?type=f300_300,wlrm****,20.07.21.
58,5,묵직하고 생각보다 튼튼하네요. 전동 모터도 소리없이 잘 움직입니다,https://phinf.pstatic.net/checkout.phinf/20210328_213/1616917248379WGf6I_JPEG/review-attachment-e67750eb-0f79-4fdc-80c5-da6556e56e68.jpeg?type=f300_300,male****,20.06.22.
59,4,"요즘 김태희씨가 선전하는 제품 렌트하려다가 각자 움직이고싶을때 움직이는게 낫겠다싶어 알아보고 픽한 슬로우입니다.
우선 전 프레임 있는걸 선호해서 추가비용이 들었지만 깔끔해서 만족스럽네요.
움직일때 사각거리는 소리가 아주 쪼오금 거실리지만
편하고 잠도 꿀잠자요
주변에 추천의사 있습니다^^*",https://phinf.pstatic.net/checkout.phinf/20210327_89/1616811986472Qd3M2_JPEG/review-attachment-958007b3-d281-4d72-849b-038d15241e08.jpeg?type=f300_300,novi****,20.05.11.
60,5,좋아요 좋아요 좋아요.,https://phinf.pstatic.net/image.nmv/shopnbuyer_2021_03_18_0/f50e1490-8786-11eb-8379-a0369ff968b0_03.jpg?type=ffn300_300,al05****,20.08.13.
61,5,"처음써보는 모션베드 우선은 만족합니다.
침대에서 사그락 소리가 좀 나지만 적응해 볼렵니다.",https://phinf.pstatic.net/checkout.phinf/20210319_127/1616082656061z2b4a_JPEG/review-attachment-91c42776-47b4-4418-a2fa-5df698fa7f7d.jpeg?type=f300_300,dgd0****,20.06.29.
62,5,전동침대는 처음인데 너무 좋습니다~ 원하는 자레로 세팅 가능하고 티비볼때나 책볼때 기댈수 있어서 너무 좋구요~ 무중력 모드 하면 부은 다리 쉬게 해줄수 있어 편합니다. 저보다 와이프와 아이들이 더 좋아하는 것 같아요 ^^,https://phinf.pstatic.net/checkout.phinf/20210320_176/16162120200768ETu1_JPEG/review-attachment-38c9ab3a-b47a-460a-85e9-62063a5f1014.jpeg?type=f300_300,wond****,20.06.08.
63,5,조아여 잘사용하고잇어요,https://phinf.pstatic.net/checkout.phinf/20210308_119/1615210890678mSYoz_JPEG/review-attachment-a0c913aa-bdd5-4704-979e-249a57d5220b.jpeg?type=f300_300,opan****,20.06.09.
64,5,"허리 아프지 않아요.
 적당한 탄력  있어요.
약간의 냄새는 금방 빠져요.",https://phinf.pstatic.net/checkout.phinf/20210310_60/16153745594077WgYV_JPEG/review-attachment-4d080459-586f-4cf7-bbe4-f535cb9bba5f.jpeg?type=f300_300,jinm****,20.06.17.
65,5,엄마 등골절로 급하게 주문했는데 배송예정일에 정확히 도착했습니다. 빌라 고층인데 친절하게 배송해주시고 기능도 맘에 드네요 하나 더 사려고 합니다.,https://phinf.pstatic.net/image.nmv/shopnbuyer_2021_02_08_0/96e26fb1-69ae-11eb-8a7c-505dac8c3607_03.jpg?type=ffn300_300,magi****,20.05.27.
66,5,넘나 조아요~~~💚,https://phinf.pstatic.net/checkout.phinf/20210325_220/16166257479352Juln_JPEG/review-attachment-c22096ea-e33f-4a2f-90b0-e4247159e593.jpeg?type=f300_300,hikg****,20.06.01.
67,4,전에사보구 좋아서 하나더 주문했어요,https://phinf.pstatic.net/checkout.phinf/20210327_92/1616803493042Fjhti_JPEG/review-attachment-e85d7ba4-0757-4a3a-8472-5cad0f651168.jpeg?type=f300_300,junu****,20.04.29.
68,5,좋네요 잘쓸게여 ~,https://phinf.pstatic.net/checkout.phinf/20210107_104/1610015800326SV0DV_JPEG/review-attachment-0641e67a-a200-444b-b05c-4abb1fbe33ab.jpeg?type=f300_300,opan****,20.04.17.
69,5,"친절배송 .사은품은 택배로 먼저 배송 감사.
일룸오프매장애서 구입할려다가 슬로우로 결정.자화사이기 때문에 제품력을 믿습니다.",https://phinf.pstatic.net/checkout.phinf/20210320_196/1616206336693TnGGb_JPEG/review-attachment-6f96c771-e825-4084-a3c7-b68ac03f2da7.jpeg?type=f300_300,ting****,20.04.21.
70,5,설치 잘받고 친절하게 설명해주네요,https://phinf.pstatic.net/checkout.phinf/20210221_195/1613906687119H30Rs_JPEG/review-attachment-88d851ad-289c-44ae-9713-647970bd446f.jpeg?type=f300_300,yoch****,20.04.11.
71,5,생각보다 괜찮은거 같아요,https://phinf.pstatic.net/checkout.phinf/20210326_233/1616733550718xm6ES_JPEG/review-attachment-82ce0c68-4eea-44ca-8516-25b8964bed1e.jpeg?type=f300_300,male****,20.04.03.
72,5,잘 쓰고있습니다! 모션베드는 처음써봤는데 엄청 편하네요! 슈퍼싱글살까 싱글살까 고민 많이했는데 그냥 싱글로 샀는데 나름 괜찮아요..! 제가 잘때 많이 움직이는 편이 아니라 그런지 싱글도 좁진 않네요 ㅎㅎ,https://phinf.pstatic.net/checkout.phinf/20210302_38/1614669677617STteg_JPEG/review-attachment-fe7d1778-e849-43bf-9c69-25c387d92967.jpeg?type=f300_300,hanj****,20.02.02.
73,5,아무래도 모션인데 훨좋지요~ 편편한 침대보다는~책보기도  티비보기도~,https://phinf.pstatic.net/checkout.phinf/20210324_14/1616592268376oVcrO_JPEG/review-attachment-6944ab6a-f4c1-4229-913f-2d91456cb49f.jpeg?type=f300_300,hnyb****,20.02.27.
74,4,"일단 하루써봤습니다 괜찮은 것 같아요
매트리스 커버같은것도 패키지로 팔면 좋을 듯
합니다",https://phinf.pstatic.net/image.nmv/shopnbuyer_2021_03_06_0/25e12ea8-7e50-11eb-a12c-a0369ff963bc_03.jpg?type=ffn300_300,fjkf****,20.02.04.
75,5,1+1으로 사서 싸게 잘 구매햇어요~,https://phinf.pstatic.net/checkout.phinf/20210320_105/1616223781647oNk9X_JPEG/review-attachment-8c22d43d-4e43-4bfc-828c-acfb5e3189e2.jpeg?type=f300_300,else****,20.01.01.
76,5,사이즈도 딱 적당하구 쿠션감도 좋아~,https://phinf.pstatic.net/checkout.phinf/20210321_1/1616337351998rIa4D_JPEG/review-attachment-44706da5-1e53-42f3-ac4e-b7c0cdb6e05f.jpeg?type=f300_300,taur****,20.01.08.
77,5,"10월 20일에 주문하고 25일(토)에 배송된다고 문자 받았으나 25일에 오지 않으셨고 연락도 없었습니다. 27일(월)에 제가 콜센터 전화 드려서 11월 2일 배송 확인 받았는데 2일(토)에 다리가 없이 배송되어 기사분께서 측판 프레임 설치 못하고 가셨습니다. 4일(월) 쯤 연락올거라고 했으나 연락 없으셨습니다. 5일(화)에 본사에서 전화주셔서 주말 배송/설치 부탁 드렸고 스케줄 확인해주신다고 하셨으나 연락 없으셔서 6일(수) 오후에 제가 다시 콜센터로 연락 드리니 11월 11일(월) 기사님 방문하시는 걸로 스케줄 잡혀 있다고 하시네요.이후에 설치 후 A/S용 시리얼넘버 주고 가셨는데 등록하니 유효하지 않다고 하여 콜센터 전화해서 시리얼넘버 다시 받았고, 모션베드 컨트롤 앱을 설치했더니 리모콘이랑 뭐가 꼬인건지 무중력모드를 누르면 플랫, 플랫 누르면 접힙니다. 이외에도 소소한 건이 더 있으나 생략하겠습니다. 아직 상품이 전반적으로 체계가 잡히지 않은 것 같습니다.",https://phinf.pstatic.net/checkout.phinf/20210316_94/1615821425969YKvG1_JPEG/review-attachment-5556215d-7f39-4994-b933-a57ce876e651.jpeg?type=f300_300,nar8****,19.11.17.
78,5,배송해주시는 아저씨가 설명서 보라며  설명없이 가신것 이외에는 좋아요~,https://phinf.pstatic.net/checkout.phinf/20210328_213/1616917248379WGf6I_JPEG/review-attachment-e67750eb-0f79-4fdc-80c5-da6556e56e68.jpeg?type=f300_300,hnyb****,19.12.18.
79,5,"편하고 좋아요 
매트리스 자체가 모션이 되서 공간활용이 좋네요

집에 환자가 있어서 거실에 설치햇어요",https://phinf.pstatic.net/checkout.phinf/20210327_89/1616811986472Qd3M2_JPEG/review-attachment-958007b3-d281-4d72-849b-038d15241e08.jpeg?type=f300_300,else****,19.11.08.
80,5,지인이 써보고 너무 좋다고해서 허리아프던차에 여러군데 비교해보고 이 사이트가 가장 저렴해 구매했습니다. 매트리스가 너무 푹신하지도 딱딱하지도 않아 허리가 안좋은 제게 딱이네요!! 사이즈도 넉넉해서 패밀리 침대로 써도 될것같아요^^ 대만족입니다!,https://phinf.pstatic.net/image.nmv/shopnbuyer_2021_03_18_0/f50e1490-8786-11eb-8379-a0369ff968b0_03.jpg?type=ffn300_300,rhkr****,19.10.24.
81,5,디자인이 심플하고 쿠션감은 너무 딱딱하지도 무르지도 않아 좋아요,https://phinf.pstatic.net/checkout.phinf/20210319_127/1616082656061z2b4a_JPEG/review-attachment-91c42776-47b4-4418-a2fa-5df698fa7f7d.jpeg?type=f300_300,isui****,19.11.13.
82,5,다리 올리고 자고 싶을 때나 아이 가래기침할때 살짝 세워 재우는데 다리 붓기에도 좋고 기분탓인지 아이도 목이 덜 잠기는것같아요. 좋습니다. ^^,https://phinf.pstatic.net/checkout.phinf/20210320_176/16162120200768ETu1_JPEG/review-attachment-38c9ab3a-b47a-460a-85e9-62063a5f1014.jpeg?type=f300_300,miss****,19.10.24.
83,5,"사용해보니 편하고 좋네요~
적극 추천합니다~",https://phinf.pstatic.net/checkout.phinf/20210308_119/1615210890678mSYoz_JPEG/review-attachment-a0c913aa-bdd5-4704-979e-249a57d5220b.jpeg?type=f300_300,emic****,19.10.29.
84,5,"생각만큼 좋은제품이네요
잘쓸께요",https://phinf.pstatic.net/checkout.phinf/20210310_60/16153745594077WgYV_JPEG/review-attachment-4d080459-586f-4cf7-bbe4-f535cb9bba5f.jpeg?type=f300_300,orli****,19.10.16.
85,5,허리가 아파요~생각만큼 편하지않네요~,https://phinf.pstatic.net/image.nmv/shopnbuyer_2021_02_08_0/96e26fb1-69ae-11eb-8a7c-505dac8c3607_03.jpg?type=ffn300_300,kimy****,19.10.09.
86,5,배송도 만족하고 기사님도 친절하셨어요,https://phinf.pstatic.net/checkout.phinf/20210325_220/16166257479352Juln_JPEG/review-attachment-c22096ea-e33f-4a2f-90b0-e4247159e593.jpeg?type=f300_300,cras****,19.09.30.
87,5,"저희는 수면 시간이나 생활패턴이 달라서 슈퍼싱글2개로 트윈룸처럼 쓰고있어요. 진짜 편안하고 잠도 잘와요~! 
신랑이 코골이가 심했는데 요즘은 거의 골지않고 자서 개운하다고하네요^^~~",https://phinf.pstatic.net/checkout.phinf/20210327_92/1616803493042Fjhti_JPEG/review-attachment-e85d7ba4-0757-4a3a-8472-5cad0f651168.jpeg?type=f300_300,asdf****,19.08.16.
88,5,모션기능을 통해서 밤에는 일자로 낮에는 무중력 모션이나 쇼파처럼 상체를 세워서 다양하게 사용할 수 있는 장점이 있어요,https://phinf.pstatic.net/checkout.phinf/20210107_104/1610015800326SV0DV_JPEG/review-attachment-0641e67a-a200-444b-b05c-4abb1fbe33ab.jpeg?type=f300_300,bumj****,19.08.22.
89,2,"넘 좋아요 근데 리모컨 반응이
느려요",https://phinf.pstatic.net/checkout.phinf/20210320_196/1616206336693TnGGb_JPEG/review-attachment-6f96c771-e825-4084-a3c7-b68ac03f2da7.jpeg?type=f300_300,ilov****,19.08.30.
90,5,침대는 만족하나 나름 행사할때 구매했는데 한달후에 10만원 더 저렴한 이벤트해서 기분은 안좋네요.,https://phinf.pstatic.net/checkout.phinf/20210221_195/1613906687119H30Rs_JPEG/review-attachment-88d851ad-289c-44ae-9713-647970bd446f.jpeg?type=f300_300,clav****,19.08.21.
91,5,일단 3일 사용해봤는데 넘 만족스럽습니다... 배송기사님도 친절하셨고용... 아주 편하네용~~~,https://phinf.pstatic.net/checkout.phinf/20210326_233/1616733550718xm6ES_JPEG/review-attachment-82ce0c68-4eea-44ca-8516-25b8964bed1e.jpeg?type=f300_300,cami****,19.07.27.
92,5,자리차지안하고 필요한기능만 있는 심플한침대라 만족스러워요 쿠션감은 딱 라텍스같네요 다리없이 저상형으론 너무 낮은느낌이라 다리연결했는데 높이도 적절하고 좋아요 리모컨반응시간은 좀 느립니다 안되는거같아서 여러번누르게되네요 자꾸;,https://phinf.pstatic.net/checkout.phinf/20210302_38/1614669677617STteg_JPEG/review-attachment-fe7d1778-e849-43bf-9c69-25c387d92967.jpeg?type=f300_300,jigi****,19.06.26.
93,5,아~  피로가 풀립니다. 풀려요,https://phinf.pstatic.net/checkout.phinf/20210324_14/1616592268376oVcrO_JPEG/review-attachment-6944ab6a-f4c1-4229-913f-2d91456cb49f.jpeg?type=f300_300,sayi****,19.07.23.
94,5,"전에 쓰던  매트가  매트같지 않다고 생각 될만큼 편하게 잘 쓰고 있습니다.
아쉬운건 리모컨이 감지를 잘 못해서 이리저리 움직이면서 작동 시켜 보곤 합니다.
이점 빼곤 다 좋아요.",https://phinf.pstatic.net/image.nmv/shopnbuyer_2021_03_06_0/25e12ea8-7e50-11eb-a12c-a0369ff963bc_03.jpg?type=ffn300_300,extr****,19.07.24.
95,5,침대 필요 없다던 아이가 침대에서 안내려오네요...,https://phinf.pstatic.net/checkout.phinf/20210320_105/1616223781647oNk9X_JPEG/review-attachment-8c22d43d-4e43-4bfc-828c-acfb5e3189e2.jpeg?type=f300_300,leea****,19.08.05.
96,5,폭신해서 체형을 잡아주는듯 편안해요 다리가 아플때 올려서 사용하니 너무 시원하고 좋아요! 휴대폰 볼때도 등을 세워서 기대니 허리가 굽거나 목이 굽는 자세를 적게해 통증도 줄었구요;; 남편 코골때 위쪽으로 조금 높여주면 조용해집니다ㅎㅎ,https://phinf.pstatic.net/checkout.phinf/20210321_1/1616337351998rIa4D_JPEG/review-attachment-44706da5-1e53-42f3-ac4e-b7c0cdb6e05f.jpeg?type=f300_300,cute****,19.06.18.
97,5,"실물을 보지않고 주문해서 좀 불안했는데 제품 아주 좋네요. 쿠션감도 많이 푹신하다는 느낌없이 적당하고, 낮게 사용할수 있어 떨어질걱정도 없고, 딱딱한 플레임이 없어 부딪혀도 다칠염려없고, 어린이나 노인분들이 사용하기에 좋을듯합니다. 딱 제가 찾던제품이네요. ss사이즈도 맘에듭니다. 행사해서 저렴하게 구입했어요. 좋아요.",https://phinf.pstatic.net/checkout.phinf/20210316_94/1615821425969YKvG1_JPEG/review-attachment-5556215d-7f39-4994-b933-a57ce876e651.jpeg?type=f300_300,chun****,19.06.03.
98,4,독서할때 좋네요 편안하게 다리무거울때도 올릴수있고,https://phinf.pstatic.net/checkout.phinf/20210328_213/1616917248379WGf6I_JPEG/review-attachment-e67750eb-0f79-4fdc-80c5-da6556e56e68.jpeg?type=f300_300,pmk3****,19.06.23.
99,5,수술을 앞두고 구입했는데 푹신하니 잠도 잘오고 무엇보다 수술후 등받이 세움기능을 유용하게 쓸거 같아요~,https://phinf.pstatic.net/checkout.phinf/20210327_89/1616811986472Qd3M2_JPEG/review-attachment-958007b3-d281-4d72-849b-038d15241e08.jpeg?type=f300_300,step****,19.06.03.
