﻿,star,review,reviewImage,customerId,reviewDate
0,3,"편하고 폭신해서 아들이 좋아합니다
둘째아들  사주고 만족해서
재구매했는데 큰아들도 만족합니다",https://phinf.pstatic.net/image.nmv/shopnbuyer_2021_01_13_0/1227392e-55a4-11eb-a12c-a0369ff963bc_03.jpg?type=ffn300_300,nurs****,20.07.25.
1,5,"물건의 배송원하는 날짜에 맞춰서 잘 왔고
쿠션감은  매우 푹신해서 불편할줄 알았는데
막상 잠을 자보니 편해서
큰아들용으로 재구매 합니다.",https://phinf.pstatic.net/checkout.phinf/20210326_102/1616758882099t5Hei_JPEG/review-attachment-2d960b3a-f409-4420-a294-313347cc17bf.jpeg?type=f300_300,nurs****,20.07.13.
2,5,제품이 너무 푹신하네요. 발육인 아이들에겐 어떠한 영향이 있을지.,https://phinf.pstatic.net/checkout.phinf/20210320_138/16162329796237AoJA_JPEG/review-attachment-f89c70ef-3fc8-460d-8a0d-b9071e7026f1.jpeg?type=f300_300,wuk2****,20.07.16.
3,5,"아이들 침대 매트리스 바꿔줄려고 구매했는데 
좋네요~~",https://phinf.pstatic.net/checkout.phinf/20210327_149/1616805817864nD86Q_JPEG/review-attachment-c34a256c-2cb5-4630-b804-9c92584721cd.jpeg?type=f300_300,kim8****,20.07.17.
4,5,매트리스가 많이 푹신합니다.,https://phinf.pstatic.net/checkout.phinf/20210318_234/1616032710714lN6nJ_JPEG/review-attachment-daeadafd-04e6-400d-89c3-72f2b89a9ae9.jpeg?type=f300_300,jeh1****,20.05.25.
5,3,"좋아요
푹신푹신하네요
포장도 신기했어요
박스가 캐리어처럼
손잡이가 있고 바퀴 두개가 달렸어요
방에 끌고오기 쉬웠어요
밀봉한거 뜯으니까 바로 쑥하고
매트리스가 커졌네요",https://phinf.pstatic.net/checkout.phinf/20210218_102/1613654591564qIaOp_JPEG/review-attachment-347078c2-96e5-4cf5-9cb9-55b5a6b6e6f3.jpeg?type=f300_300,babo****,20.04.28.
6,5,배송이 늦어서 4점 다른건 좋아요~,https://phinf.pstatic.net/checkout.phinf/20210323_102/1616473257588le5h3_JPEG/review-attachment-b2473737-5628-41e6-9d5e-6556dd33e3ed.jpeg?type=f300_300,kkm9****,20.06.06.
7,3,배송이 늦어서 4점 다른건 좋아요~,https://phinf.pstatic.net/checkout.phinf/20210324_207/1616546730062MQmof_JPEG/review-attachment-5f808cd5-7e67-45c2-b4f6-1418686bed77.jpeg?type=f300_300,kkm9****,20.06.06.
8,5,배송이 늦긴했지만 푹신하고 너무 좋네요. 꿀잠잡니다.^^,https://phinf.pstatic.net/checkout.phinf/20210306_113/1614988103659xctYM_JPEG/review-attachment-d363b779-7f72-4791-a962-77b8be67f6d2.jpeg?type=f300_300,jytu****,20.05.23.
9,4,"생각보다 많이 푹신해요.
진공 포장이 잘되어왔네요. 신기해요.",https://phinf.pstatic.net/checkout.phinf/20210308_84/1615173126207gPym3_JPEG/review-attachment-dd18a272-8fb0-416f-b044-35b74dde830c.jpeg?type=f300_300,gele****,20.01.20.
10,4,"진공포장상태로 와서 설치도 쉽게 할수있고
쿠션감도아주좋습니다",https://phinf.pstatic.net/checkout.phinf/20210215_6/16133550147777T3hl_JPEG/review-attachment-47327de1-38a4-494c-baac-5ac847e1e48d.jpeg?type=f300_300,kal2****,20.01.18.
11,5,아들이 푹신하다고 좋아하네요~,https://phinf.pstatic.net/checkout.phinf/20210308_139/1615173034699THkps_JPEG/review-attachment-aae5d8cd-3a94-441b-9bbb-e13a32da25ed.jpeg?type=f300_300,peta****,19.12.14.
12,5,"배송이 오래 걸려 별하나 빼요
나머지는 대만족",https://phinf.pstatic.net/checkout.phinf/20210225_194/1614257312087P2X8e_JPEG/review-attachment-e018ce9c-18eb-4194-ae69-6cf63dfdd931.jpeg?type=f300_300,pene****,19.10.23.
