﻿,star,review,reviewImage,customerId,reviewDate
0,5,허리가 아파서 적당히 푹신하고 적당히 단단한걸 찾고있었는데 딱입니다 허리가 안아프고 좋아요,https://phinf.pstatic.net/image.nmv/shopnbuyer_2021_01_13_0/1227392e-55a4-11eb-a12c-a0369ff963bc_03.jpg?type=ffn300_300,hipe****,21.01.16.
1,5,이거 2주기다려서 받았어요 애기방 엄마방에 딱 이에요,https://phinf.pstatic.net/checkout.phinf/20210326_102/1616758882099t5Hei_JPEG/review-attachment-2d960b3a-f409-4420-a294-313347cc17bf.jpeg?type=f300_300,nawo****,20.12.09.
2,5,한달걸렸네요. 매트리스 소프트한걸로 했어요.,https://phinf.pstatic.net/checkout.phinf/20210320_138/16162329796237AoJA_JPEG/review-attachment-f89c70ef-3fc8-460d-8a0d-b9071e7026f1.jpeg?type=f300_300,nawo****,20.12.09.
3,5,적당히 푹신하고 좋네요. 만족합니다,https://phinf.pstatic.net/checkout.phinf/20210327_149/1616805817864nD86Q_JPEG/review-attachment-c34a256c-2cb5-4630-b804-9c92584721cd.jpeg?type=f300_300,laon****,20.11.29.
4,5,"두께가 예상보다 많이 두꺼워서 침대위로 한참 올라오지만
넘 푹신합니다ㅠㅠ 투자할 가치가 있었어요!
매트리스 색상이 그레이여서 더러워져도 잘 안보일 것 같아요ㅋㅋㅋ
감사합니다~~",https://phinf.pstatic.net/checkout.phinf/20210318_234/1616032710714lN6nJ_JPEG/review-attachment-daeadafd-04e6-400d-89c3-72f2b89a9ae9.jpeg?type=f300_300,spri****,20.06.29.
5,5,"실은사놓고아직도못누워봤네요ㅜ
신혼집이미완성이라ㅠ
두툼하니안정적으로보이네요ㅎ
눌러봤을때부드럽게폭신하고요~
기대됩니다^^",https://phinf.pstatic.net/checkout.phinf/20210218_102/1613654591564qIaOp_JPEG/review-attachment-347078c2-96e5-4cf5-9cb9-55b5a6b6e6f3.jpeg?type=f300_300,sora****,20.03.20.
6,5,만족해요. 스프링이 정말 탄탄한게 느껴져요. 그래서 슈퍼싱글 매트리스 까지 추가 주문했습니다.,https://phinf.pstatic.net/checkout.phinf/20210323_102/1616473257588le5h3_JPEG/review-attachment-b2473737-5628-41e6-9d5e-6556dd33e3ed.jpeg?type=f300_300,eazy****,20.03.03.
7,5,좋아요~ 배송시 일정 조율 등 택배기사님들이 불친절하셨지만. 그 이외 구매업체에서는매친절히게 대응을 잘 해주셨어여~,https://phinf.pstatic.net/checkout.phinf/20210324_207/1616546730062MQmof_JPEG/review-attachment-5f808cd5-7e67-45c2-b4f6-1418686bed77.jpeg?type=f300_300,outr****,20.02.08.
8,5,좋아요~ 배송시 일정 조율 등 택배기사님들이 불친절하셨지만. 그 이외 구매업체에서는 대응을 잘 해주셨어여~,https://phinf.pstatic.net/checkout.phinf/20210306_113/1614988103659xctYM_JPEG/review-attachment-d363b779-7f72-4791-a962-77b8be67f6d2.jpeg?type=f300_300,outr****,20.02.08.
9,4,아이가 괜찮다고 좋다고 하네요...,https://phinf.pstatic.net/checkout.phinf/20210308_84/1615173126207gPym3_JPEG/review-attachment-dd18a272-8fb0-416f-b044-35b74dde830c.jpeg?type=f300_300,thf7****,20.02.09.
10,5,적당히 딱딱하구 적당히 푹신합니다 허리가 안좋아 고민을 많이하며 고른 매트리스 딱 좋습니다,https://phinf.pstatic.net/checkout.phinf/20210215_6/16133550147777T3hl_JPEG/review-attachment-47327de1-38a4-494c-baac-5ac847e1e48d.jpeg?type=f300_300,bada****,19.12.16.
