﻿,star,review,reviewImage,customerId,reviewDate
0,5,"집에 있는 프레임에 딱 맞아서 좋았어요.
너무 푹신한 재질이 아니라서 저는 더 좋은 것 같아요.",https://phinf.pstatic.net/image.nmv/shopnbuyer_2021_01_13_0/1227392e-55a4-11eb-a12c-a0369ff963bc_03.jpg?type=ffn300_300,cact****,21.03.03.
1,5,"좋네요
만족합니다
재구매의사있읍니다",https://phinf.pstatic.net/checkout.phinf/20210326_102/1616758882099t5Hei_JPEG/review-attachment-2d960b3a-f409-4420-a294-313347cc17bf.jpeg?type=f300_300,lees****,21.01.13.
2,5,"아이와함께 쓰려고 두번째 구매해요
부모님도 보시더니 맘에 들어하세요 가성비좋네여",https://phinf.pstatic.net/checkout.phinf/20210320_138/16162329796237AoJA_JPEG/review-attachment-f89c70ef-3fc8-460d-8a0d-b9071e7026f1.jpeg?type=f300_300,disk****,20.11.28.
3,5,적당히 잘 지탱해주는 것 같아요.,https://phinf.pstatic.net/checkout.phinf/20210327_149/1616805817864nD86Q_JPEG/review-attachment-c34a256c-2cb5-4630-b804-9c92584721cd.jpeg?type=f300_300,gytj****,20.11.26.
4,4,"아이가 쓸거라 오가닉으로 했는데 
그래도 냄새가 아주 없지는 않아요~ 
매트는 짱짱하고 단단한 편이네요~ 
라텍스탑을 했으면 더 좋았을거 같아요~",https://phinf.pstatic.net/checkout.phinf/20210318_234/1616032710714lN6nJ_JPEG/review-attachment-daeadafd-04e6-400d-89c3-72f2b89a9ae9.jpeg?type=f300_300,idny****,20.02.14.
5,5,두달 넘게 사용하고 있는데 꿀잠자요 ㅎㅎ,https://phinf.pstatic.net/checkout.phinf/20210218_102/1613654591564qIaOp_JPEG/review-attachment-347078c2-96e5-4cf5-9cb9-55b5a6b6e6f3.jpeg?type=f300_300,msym****,20.01.17.
6,5,좋아요 잠이 잘와요 냄새안요,https://phinf.pstatic.net/checkout.phinf/20210323_102/1616473257588le5h3_JPEG/review-attachment-b2473737-5628-41e6-9d5e-6556dd33e3ed.jpeg?type=f300_300,tkdd****,19.12.26.
7,5,"3일 써보고 리뷰남겨요 ㅎㅎ 3일동안 꿀잠잤어요 ~^^ 너무 좋아요 ㅎ너무 딱딱하면 위에 라텍스 얹으려 했는데 적당히 포근하고 좋아요.

배송 시간이 안맞아서 ㅠ 집앞에 놓고 가셔서 들고 들어오느라 좀 힘들긴 했는데... 그래도 무거운거 집 앞까지 올려주고 가셔서 감사해용 ㅎ",https://phinf.pstatic.net/checkout.phinf/20210324_207/1616546730062MQmof_JPEG/review-attachment-5f808cd5-7e67-45c2-b4f6-1418686bed77.jpeg?type=f300_300,msym****,19.10.20.
8,5,너무잘샀구 편해요~!!,https://phinf.pstatic.net/checkout.phinf/20210306_113/1614988103659xctYM_JPEG/review-attachment-d363b779-7f72-4791-a962-77b8be67f6d2.jpeg?type=f300_300,huye****,19.09.09.
9,5,냄새도 없고ㅡ좋으네요,https://phinf.pstatic.net/checkout.phinf/20210308_84/1615173126207gPym3_JPEG/review-attachment-dd18a272-8fb0-416f-b044-35b74dde830c.jpeg?type=f300_300,kjk5****,19.05.30.
10,5,매트리스 배송은 빨랐는데 비닐에 시커먼 먼지가 잔뜩.... 찜찜 했어요..,https://phinf.pstatic.net/checkout.phinf/20210215_6/16133550147777T3hl_JPEG/review-attachment-47327de1-38a4-494c-baac-5ac847e1e48d.jpeg?type=f300_300,sk12****,19.05.23.
11,3,"너무 무르지도 단단하지도 않고 딱 좋아요
냄새 없습니다",https://phinf.pstatic.net/checkout.phinf/20210308_139/1615173034699THkps_JPEG/review-attachment-aae5d8cd-3a94-441b-9bbb-e13a32da25ed.jpeg?type=f300_300,acer****,19.04.01.
