﻿,star,review,reviewImage,customerId,reviewDate
0,5,"생각보다너무좋아서 깜놀
비싼거 안사도 충분히좋아요
적당히 푹신하고 넓고 높고!",https://phinf.pstatic.net/image.nmv/shopnbuyer_2021_01_13_0/1227392e-55a4-11eb-a12c-a0369ff963bc_03.jpg?type=ffn300_300,gami****,21.02.15.
1,5,"먼저 기사님이 친절하셔서 좋았습니다 

제품도 푹신푹신 맘에 들구요
방수커버 보내주신것도 잘 쓰겠습니다!!",https://phinf.pstatic.net/checkout.phinf/20210326_102/1616758882099t5Hei_JPEG/review-attachment-2d960b3a-f409-4420-a294-313347cc17bf.jpeg?type=f300_300,gpqn****,21.01.12.
2,5,"..처음 배송됬을때 놀랐습니다.
가장큰사이즈로 시켰거든요..
캘리포니아킹사이즈로 시켰는데..
정말큽니다. 큰걸좋아해서 대만족
그리고 마감도 좋습니다. 콘센트추가해서 불들어오는것도 너무좋구요. 
매트리스는 2m  ×2m 여서 둘이눕기에는 더할나위없이 좋습니다. 제일저렴한매트리스로 했는데도
누워보니 적당히하드해서 많이 불편하지않고
편하네요...
이래저래 잘쓰겠습니다  감사합니다",https://phinf.pstatic.net/checkout.phinf/20210320_138/16162329796237AoJA_JPEG/review-attachment-f89c70ef-3fc8-460d-8a0d-b9071e7026f1.jpeg?type=f300_300,kimj****,20.06.11.
3,5,"전  배계를  두개나  베고  잘  정도로  높개 
배는  편  인데요  지금은  하나만  배고자도  어깨가  
아프지  않아요!
정말  가격대비에  비해  맘애  꼭  듭니다",https://phinf.pstatic.net/checkout.phinf/20210327_149/1616805817864nD86Q_JPEG/review-attachment-c34a256c-2cb5-4630-b804-9c92584721cd.jpeg?type=f300_300,hill****,20.05.22.
