﻿,star,review,reviewImage,customerId,reviewDate
0,5,딱딱하면서도 적당한 쿠션감이 마음에듭니다. 리앤브릭스 침대로 퀸사이즈 주문해서 쓰고 있던차에 아들 침대 매트리스가 너무 허리가아프다고해서 마침 저희 부부가 쓰고있던 리앤브릭스침대매트리스가 너무 만족스러워 아들도 수퍼싱글로 하나 더 구매하게되었습니다.  적당히 쿠션감이 있으면서 허리를 완벽히 받쳐주는 부분이 제일  마음에 듭니다. 여러모로 너무 좋습니다~,https://phinf.pstatic.net/image.nmv/shopnbuyer_2021_01_13_0/1227392e-55a4-11eb-a12c-a0369ff963bc_03.jpg?type=ffn300_300,h991****,20.09.10.
1,5,"옆면 터짐이있어 좀속상하지만 3번째 구매에
2번이나 문제있는 제품을 받아 좀그렇네요",https://phinf.pstatic.net/checkout.phinf/20210326_102/1616758882099t5Hei_JPEG/review-attachment-2d960b3a-f409-4420-a294-313347cc17bf.jpeg?type=f300_300,ldja****,20.03.30.
2,5,하드하지만 괜찮아요!,https://phinf.pstatic.net/checkout.phinf/20210320_138/16162329796237AoJA_JPEG/review-attachment-f89c70ef-3fc8-460d-8a0d-b9071e7026f1.jpeg?type=f300_300,wpff****,19.07.20.
3,3,탄탄하고 고급져요 믿고 선택해도 될듯해요,https://phinf.pstatic.net/checkout.phinf/20210327_149/1616805817864nD86Q_JPEG/review-attachment-c34a256c-2cb5-4630-b804-9c92584721cd.jpeg?type=f300_300,vipe****,19.06.01.
4,5,"착오로 인해 기존에 있던 매트리스를 사용 못하게 되어 급하게 주문하게 되었는데,다행히 집 근처라 배송도 빨랐고 배송해주신분도 친절하고 좋았습니다.약간 하드한 느낌이네요.",https://phinf.pstatic.net/checkout.phinf/20210318_234/1616032710714lN6nJ_JPEG/review-attachment-daeadafd-04e6-400d-89c3-72f2b89a9ae9.jpeg?type=f300_300,kms0****,19.01.22.
5,5,아주 만족하고 잘쓰고 있습니다,https://phinf.pstatic.net/checkout.phinf/20210218_102/1613654591564qIaOp_JPEG/review-attachment-347078c2-96e5-4cf5-9cb9-55b5a6b6e6f3.jpeg?type=f300_300,odre****,18.12.15.
6,5,잘사용하고있습니다,https://phinf.pstatic.net/checkout.phinf/20210323_102/1616473257588le5h3_JPEG/review-attachment-b2473737-5628-41e6-9d5e-6556dd33e3ed.jpeg?type=f300_300,poon****,18.10.13.
7,5,잘 받았습니다.,https://phinf.pstatic.net/checkout.phinf/20210324_207/1616546730062MQmof_JPEG/review-attachment-5f808cd5-7e67-45c2-b4f6-1418686bed77.jpeg?type=f300_300,9981****,18.09.12.
8,5,잘 받았습니다.,https://phinf.pstatic.net/checkout.phinf/20210306_113/1614988103659xctYM_JPEG/review-attachment-d363b779-7f72-4791-a962-77b8be67f6d2.jpeg?type=f300_300,9981****,18.09.12.
9,5,모두만족 굿좋아요,https://phinf.pstatic.net/checkout.phinf/20210308_84/1615173126207gPym3_JPEG/review-attachment-dd18a272-8fb0-416f-b044-35b74dde830c.jpeg?type=f300_300,cham****,18.04.27.
10,5,너무좋아요,https://phinf.pstatic.net/checkout.phinf/20210215_6/16133550147777T3hl_JPEG/review-attachment-47327de1-38a4-494c-baac-5ac847e1e48d.jpeg?type=f300_300,cham****,18.04.27.
11,5,허리가 안 좋아 좀 하드한 타입을 원해서 구매했는데 대만족입니다,https://phinf.pstatic.net/checkout.phinf/20210308_139/1615173034699THkps_JPEG/review-attachment-aae5d8cd-3a94-441b-9bbb-e13a32da25ed.jpeg?type=f300_300,smar****,18.01.24.
12,5,"좋아요 허리가아퍼서 하드한 느낌의 매트리스를 찾았는데 문의로 친절하게 답해주셔서 인터넷으로 매트리스를 구매했네요.
원하던느낌의 매트리스인데 허리는 조금 아프네요",https://phinf.pstatic.net/checkout.phinf/20210225_194/1614257312087P2X8e_JPEG/review-attachment-e018ce9c-18eb-4194-ae69-6cf63dfdd931.jpeg?type=f300_300,poon****,17.12.28.
13,5,내가 원하는 적당히크고 단단하긴한데 허리가 완전 안아프진 않네요 ,https://phinf.pstatic.net/checkout.phinf/20210227_151/161441372745871Xby_JPEG/review-attachment-7200f33e-601e-4927-9ccf-dbb741192b95.jpeg?type=f300_300,poon****,17.12.28.
