﻿,star,review,reviewImage,customerId,reviewDate
0,5,"폭신하면서 탄력있고 너무좋아요
기대이상입니다
진드기방지 알러지 방수커버 씌우고
침대 프릴 내리고 해서
깨끗하게 잘관리해서 잘쓸수 있을것 같아요",https://phinf.pstatic.net/image.nmv/shopnbuyer_2021_01_13_0/1227392e-55a4-11eb-a12c-a0369ff963bc_03.jpg?type=ffn300_300,miri****,21.01.09.
1,5,포근하고 도톰해서 좋아요,https://phinf.pstatic.net/checkout.phinf/20210326_102/1616758882099t5Hei_JPEG/review-attachment-2d960b3a-f409-4420-a294-313347cc17bf.jpeg?type=f300_300,shin****,21.02.02.
