﻿,star,review,reviewImage,customerId,reviewDate
0,5,"생각보다 더 푹신하네요 ㅎㅎ
써봐야 알겠지만 괜찮은거 같아요!",https://phinf.pstatic.net/image.nmv/shopnbuyer_2021_01_13_0/1227392e-55a4-11eb-a12c-a0369ff963bc_03.jpg?type=ffn300_300,hano****,20.11.14.
1,5,하드여서 너무 딱딱할까.걱정했는데 적당하네요 꿀잠자고 있어요,https://phinf.pstatic.net/checkout.phinf/20210326_102/1616758882099t5Hei_JPEG/review-attachment-2d960b3a-f409-4420-a294-313347cc17bf.jpeg?type=f300_300,rhj0****,20.08.17.
2,5,허리가 안좋아서 하드 제품을 샀는데 제가 딱 원하던 쿠션감이에요,https://phinf.pstatic.net/checkout.phinf/20210320_138/16162329796237AoJA_JPEG/review-attachment-f89c70ef-3fc8-460d-8a0d-b9071e7026f1.jpeg?type=f300_300,tmzl****,20.07.01.
3,5,좋아요좋아요좋아요좋아요,https://phinf.pstatic.net/checkout.phinf/20210327_149/1616805817864nD86Q_JPEG/review-attachment-c34a256c-2cb5-4630-b804-9c92584721cd.jpeg?type=f300_300,kuke****,20.07.08.
4,5,엔슬립이랑 붙여쓰는데 좋아요,https://phinf.pstatic.net/checkout.phinf/20210318_234/1616032710714lN6nJ_JPEG/review-attachment-daeadafd-04e6-400d-89c3-72f2b89a9ae9.jpeg?type=f300_300,bamb****,20.04.26.
5,5,"생각보단 덜 푹신했어요
하드랑 고민했는데 소프트 하길 잘 한거같아요
원래 안좋은 매트리스 쓰다가 자고 일어나면
항상 몸이 뿌서질거같았는데
이건 체형에 맞춰서 쑥 들어가는게 너무 편해요
저희 네살 아기 절대 베개를 안하고 자는데
저 베개에서 계속 잘 자고 있어요 너무 신기하네요
남편 베개였는데 딸한테 뺏겨서 
베개 따로 또 구입했답니다",https://phinf.pstatic.net/checkout.phinf/20210218_102/1613654591564qIaOp_JPEG/review-attachment-347078c2-96e5-4cf5-9cb9-55b5a6b6e6f3.jpeg?type=f300_300,dpwp****,20.03.20.
6,5,세트처럼 딱 맞고 좋아요~~  딸이 너무 좋아라 하네요,https://phinf.pstatic.net/checkout.phinf/20210323_102/1616473257588le5h3_JPEG/review-attachment-b2473737-5628-41e6-9d5e-6556dd33e3ed.jpeg?type=f300_300,kosi****,20.02.27.
7,5,푹신해서 완전 편하소 좋아요,https://phinf.pstatic.net/checkout.phinf/20210324_207/1616546730062MQmof_JPEG/review-attachment-5f808cd5-7e67-45c2-b4f6-1418686bed77.jpeg?type=f300_300,kjl3****,20.03.23.
8,5,"허리가 좋지 않은 편이라 하 타입으로 주문했는데요. 제가 원하는 쿠션감이라 무척 만족합니다.

방문기사가 올 줄 알았는데, 택배 배송이라하여 놀랐지만, 여자 둘이 설치하기 어렵지 않았습니다.
비닐만 제거하면 쿠션이 빵빵하게 올라오더라고요 !

다만..런칭 기념 이벤트로 주시는 방수커버와 베개는
매트리스 배송일에 같이 오지 않고 누락돼서요.
상품 문의에 글을 올렸더니
5일 정도 시차를 두고, 
""방수커버-> 베개"" 순으로 배송해주셨어요
이렇게 배송 받기까지 시일이 소요됐어요ㅜㅜ
(인내심이 많이 필요합니다)

배송은 느리지만
상품 하나는 기막히게 좋아요 !
요새 꿀잠 자요 ~",https://phinf.pstatic.net/checkout.phinf/20210306_113/1614988103659xctYM_JPEG/review-attachment-d363b779-7f72-4791-a962-77b8be67f6d2.jpeg?type=f300_300,jyun****,20.01.06.
9,4,미끄러지지 않아서 좋네요,https://phinf.pstatic.net/checkout.phinf/20210308_84/1615173126207gPym3_JPEG/review-attachment-dd18a272-8fb0-416f-b044-35b74dde830c.jpeg?type=f300_300,bsba****,20.03.03.
10,4,"상품은 무척 좋은데요
배송이 느리고 불편해서 별 하나 빼요 
사은품 커버와 베개 그리고 침대가 다 따로 배송되었고
커버만 리바트 직원분이 배송해 주시고 베개랑 침대는 다 택배로 왔어요 
택배로 올때는 연락도 없이 상품만 두고 가셔서 당황했습니다 
배송만 개선하면 상품은 정말 괜찮아요 냄새도 안나고요",https://phinf.pstatic.net/checkout.phinf/20210215_6/16133550147777T3hl_JPEG/review-attachment-47327de1-38a4-494c-baac-5ac847e1e48d.jpeg?type=f300_300,etoi****,20.01.22.
11,5,잘받앗어요 잘쓸께요,https://phinf.pstatic.net/checkout.phinf/20210308_139/1615173034699THkps_JPEG/review-attachment-aae5d8cd-3a94-441b-9bbb-e13a32da25ed.jpeg?type=f300_300,wh60****,19.12.17.
