﻿,star,review,reviewImage,customerId,reviewDate
0,4,"딱원하는 높이 재질 입니다 
배송이 늦어져서 쫌 그랬지만.",https://phinf.pstatic.net/image.nmv/shopnbuyer_2021_01_13_0/1227392e-55a4-11eb-a12c-a0369ff963bc_03.jpg?type=ffn300_300,wwed****,21.01.04.
1,3,"벙커침대 위해 구입했어요-
스프링 없어서 푹 꺼지지 않을까 걱정했는데 단단하고 쿠션감도 좋아서 아이들이 편하게 잘자요-
숙면했데요",https://phinf.pstatic.net/checkout.phinf/20210326_102/1616758882099t5Hei_JPEG/review-attachment-2d960b3a-f409-4420-a294-313347cc17bf.jpeg?type=f300_300,oxic****,20.11.03.
2,5,"여기서 사지 마세요
물건질을 떠나서
배송이 최악이네요
지방이라 배송이 언제 될지도 모르고
갑자기 휴일 저녁에 문자와서
지금 답장 안주면 내일 못받는다 그러고
받기는 했어요.
근데 구매페이지에서는 아직 배송준비중이라고 떠있고, 물건은 3월 초에 이미 받았는데
4월말 되서야 배송완료되었다고 뜨네요.
그때는 급해서 샀는데
사고 보니 다른곳에도 비슷한거 파네요",https://phinf.pstatic.net/checkout.phinf/20210320_138/16162329796237AoJA_JPEG/review-attachment-f89c70ef-3fc8-460d-8a0d-b9071e7026f1.jpeg?type=f300_300,qmff****,19.04.22.
3,5,괜찮은거 같아요하지만너무딱딱해요,https://phinf.pstatic.net/checkout.phinf/20210327_149/1616805817864nD86Q_JPEG/review-attachment-c34a256c-2cb5-4630-b804-9c92584721cd.jpeg?type=f300_300,wgiw****,19.04.26.
4,5,마음에 들어요. 많이파세요,https://phinf.pstatic.net/checkout.phinf/20210318_234/1616032710714lN6nJ_JPEG/review-attachment-daeadafd-04e6-400d-89c3-72f2b89a9ae9.jpeg?type=f300_300,kjk7****,19.03.23.
5,5,"S를 시킨다는게 손과 눈이 착각을 해서 SS를 시킨거있죠
그냥 아빠가 바닥에 깔고 잡니다
맨 방바닥보다는 낫다는데 저는 그냥 불편하네요",https://phinf.pstatic.net/checkout.phinf/20210218_102/1613654591564qIaOp_JPEG/review-attachment-347078c2-96e5-4cf5-9cb9-55b5a6b6e6f3.jpeg?type=f300_300,ann5****,19.01.26.
6,1,매트리스는 전반적으로 만족합니다만 3달걸쳐서 받아 다시는 시키고싶지않습니다..,https://phinf.pstatic.net/checkout.phinf/20210323_102/1616473257588le5h3_JPEG/review-attachment-b2473737-5628-41e6-9d5e-6556dd33e3ed.jpeg?type=f300_300,jenn****,19.01.26.
7,4,아이들이 편하다고 좋아하네요,https://phinf.pstatic.net/checkout.phinf/20210324_207/1616546730062MQmof_JPEG/review-attachment-5f808cd5-7e67-45c2-b4f6-1418686bed77.jpeg?type=f300_300,neop****,19.02.17.
8,5,얇고 가볍고 적당히 단단함.가격대비 괜찮다.,https://phinf.pstatic.net/checkout.phinf/20210306_113/1614988103659xctYM_JPEG/review-attachment-d363b779-7f72-4791-a962-77b8be67f6d2.jpeg?type=f300_300,oran****,18.12.14.
9,4,2층침대용으로 딱이예요 이층침대에 일만 매트리스를 놓자니 너무 높이가 높아질거같아 얇은 견면매트리스 놓고 위에 푹신한 매트를 찾아서 올렸더니 높이도 아주 딱이고 안정감 있어요 ! 매트도 얇은데 견고하네요높이가 키 작은 제 기준엔 너무 딱 맞아서 머리를 숙이지 않아도 되서 최고입니다 !!,https://phinf.pstatic.net/checkout.phinf/20210308_84/1615173126207gPym3_JPEG/review-attachment-dd18a272-8fb0-416f-b044-35b74dde830c.jpeg?type=f300_300,mehy****,18.10.30.
10,3,딱딱해서좋았는데 조금쓰다보니 쿠션이 마니죽었어요,https://phinf.pstatic.net/checkout.phinf/20210215_6/16133550147777T3hl_JPEG/review-attachment-47327de1-38a4-494c-baac-5ac847e1e48d.jpeg?type=f300_300,park****,18.12.13.
11,5,빠른배송 좋은제품이에요~^^,https://phinf.pstatic.net/checkout.phinf/20210308_139/1615173034699THkps_JPEG/review-attachment-aae5d8cd-3a94-441b-9bbb-e13a32da25ed.jpeg?type=f300_300,flow****,18.11.17.
12,4,"만족하고 잘 사용하고 있어요.
빠른배송 감사합니다",https://phinf.pstatic.net/checkout.phinf/20210225_194/1614257312087P2X8e_JPEG/review-attachment-e018ce9c-18eb-4194-ae69-6cf63dfdd931.jpeg?type=f300_300,cona****,18.10.31.
13,5,벙커침대에 딱! 완전 좋습니다!딱딱한데 누우면 또 괜찮아요벙커침대에 딱 입니다 추천드려요 전 배송도 빠르게 왔어요,https://phinf.pstatic.net/checkout.phinf/20210227_151/161441372745871Xby_JPEG/review-attachment-7200f33e-601e-4927-9ccf-dbb741192b95.jpeg?type=f300_300,hait****,18.10.24.
14,3,아직 사용전이라 품질은 사용해 봐야겠지만 생각보다 탄탄하고 깔끔하네요~,https://phinf.pstatic.net/checkout.phinf/20210214_282/1613291515023I51bA_JPEG/review-attachment-40ffa4c3-4541-4e61-a1f2-afec4357cac0.jpeg?type=f300_300,mehy****,18.10.23.
15,5,많이 딱딱하지도 많이 물렁거리지도 않아 좋았습니다,https://phinf.pstatic.net/checkout.phinf/20210215_3/16133861016882whsY_JPEG/review-attachment-204c3dd2-2e37-4efc-b22d-cadb472966fc.jpeg?type=f300_300,papa****,18.11.20.
16,2,받은 매트리스는 적당한 단단함에 두께로 만족합니다. 다만 지방이라서 화물배송이 없으면 사전 안내 등이 필요해 보입니다. ,https://phinf.pstatic.net/checkout.phinf/20210328_62/1616865136498mAySg_JPEG/review-attachment-f041fe81-f860-4786-8ff7-5d7f026d8e05.jpeg?type=f300_300,haze****,18.10.11.
17,5,벙커침대에 딱! 딱딱한가 싶은데 또 쓰다보면 그건 아니고 딱 좋아요두께감도 벙커침대에 딱입니다완전 배송도 빨랐고 저는 대만족입니다!!,https://phinf.pstatic.net/checkout.phinf/20210310_96/1615344690636vQycO_JPEG/review-attachment-fcd4b186-1de8-46a0-83ef-00246e0ca661.jpeg?type=f300_300,0117****,18.10.12.
18,5,"너무 좋아요.
배송도 엄청 빨랐어요.
이제서야 구매확정하지만요.
감사합니다~~",https://phinf.pstatic.net/checkout.phinf/20210301_209/1614564832564jImAi_JPEG/review-attachment-32ad8e1e-cbee-4fce-8a04-6be1c66acad2.jpeg?type=f300_300,sswa****,18.10.13.
19,4,좋아요 강추~,https://phinf.pstatic.net/checkout.phinf/20210227_177/1614404207833MLWES_JPEG/review-attachment-f9b84f2d-5193-47f3-9b21-b51c5b1edf1f.jpeg?type=f300_300,hait****,18.10.24.
20,4,굿굿굿 굿나잇 ,https://phinf.pstatic.net/image.nmv/shopnbuyer_2021_01_13_0/1227392e-55a4-11eb-a12c-a0369ff963bc_03.jpg?type=ffn300_300,choh****,18.10.29.
21,3,탄탄하니 아들이 편하고 좋데요 허리가 편하데요,https://phinf.pstatic.net/checkout.phinf/20210326_102/1616758882099t5Hei_JPEG/review-attachment-2d960b3a-f409-4420-a294-313347cc17bf.jpeg?type=f300_300,houj****,18.09.23.
22,5,좋아요 최고,https://phinf.pstatic.net/checkout.phinf/20210320_138/16162329796237AoJA_JPEG/review-attachment-f89c70ef-3fc8-460d-8a0d-b9071e7026f1.jpeg?type=f300_300,0117****,18.10.01.
23,5,너무딱딱하네요.,https://phinf.pstatic.net/checkout.phinf/20210327_149/1616805817864nD86Q_JPEG/review-attachment-c34a256c-2cb5-4630-b804-9c92584721cd.jpeg?type=f300_300,harr****,18.09.14.
24,5,"판매자님도 친절하시고
좋은 제품 잘 받았습니다..",https://phinf.pstatic.net/checkout.phinf/20210318_234/1616032710714lN6nJ_JPEG/review-attachment-daeadafd-04e6-400d-89c3-72f2b89a9ae9.jpeg?type=f300_300,chan****,18.07.26.
25,5,잘 쓰고 있습니다,https://phinf.pstatic.net/checkout.phinf/20210218_102/1613654591564qIaOp_JPEG/review-attachment-347078c2-96e5-4cf5-9cb9-55b5a6b6e6f3.jpeg?type=f300_300,baka****,18.06.11.
26,5,좋아요  이층침대 매트리스 로 구매했어요  배송도 빠르고 좋네요 적당히 단단하고 쿠션감 나름 괜찮은 듯,https://phinf.pstatic.net/checkout.phinf/20210323_102/1616473257588le5h3_JPEG/review-attachment-b2473737-5628-41e6-9d5e-6556dd33e3ed.jpeg?type=f300_300,isle****,18.05.23.
27,3,쿠션감 포장 좋아요,https://phinf.pstatic.net/checkout.phinf/20210324_207/1616546730062MQmof_JPEG/review-attachment-5f808cd5-7e67-45c2-b4f6-1418686bed77.jpeg?type=f300_300,isle****,18.05.23.
28,5,"가격대비 좋아요 3단침대를 맞춤제작해서 사용할예정이였어서
높은매트리스는 살수가 없었어요
그래서 검색하고 검색하고 알게되서 고민고민하다 산건데

저희집은 가격대비 완전 만족이에요
딱딱하다는 후기가 많아서 좀  걱정했는데
편하더라구요~~~",https://phinf.pstatic.net/checkout.phinf/20210306_113/1614988103659xctYM_JPEG/review-attachment-d363b779-7f72-4791-a962-77b8be67f6d2.jpeg?type=f300_300,kims****,18.04.11.
29,5,사이즈가 딱!  진즉 구매해서 잘 쓰고 있네요 사이즈도 딱이고 금액도 합리적이어서 넘 흡족하게 잘 쓰고잇습니다~^^ 일룸 벙커 침대위에 올려놓고 쓰는데 아주 대만족이에요~,https://phinf.pstatic.net/checkout.phinf/20210308_84/1615173126207gPym3_JPEG/review-attachment-dd18a272-8fb0-416f-b044-35b74dde830c.jpeg?type=f300_300,yooh****,18.03.16.
30,5,한달정도 사용했는데 좋아요,https://phinf.pstatic.net/checkout.phinf/20210215_6/16133550147777T3hl_JPEG/review-attachment-47327de1-38a4-494c-baac-5ac847e1e48d.jpeg?type=f300_300,kims****,18.04.11.
31,5,잘쓰고 있습니다~~ 감사합니다~~,https://phinf.pstatic.net/checkout.phinf/20210308_139/1615173034699THkps_JPEG/review-attachment-aae5d8cd-3a94-441b-9bbb-e13a32da25ed.jpeg?type=f300_300,9913****,18.04.04.
32,5,"좋아요 배송 빠르고 재품도 좋네요
직접 배송해주시고 상태나 포장도 너무 마음에 듭니다
저렴한 가격까지",https://phinf.pstatic.net/checkout.phinf/20210225_194/1614257312087P2X8e_JPEG/review-attachment-e018ce9c-18eb-4194-ae69-6cf63dfdd931.jpeg?type=f300_300,sayf****,18.03.09.
33,5,수제 침대에 딱 맞아요.참 좋습니다.^^ ,https://phinf.pstatic.net/checkout.phinf/20210227_151/161441372745871Xby_JPEG/review-attachment-7200f33e-601e-4927-9ccf-dbb741192b95.jpeg?type=f300_300,ljh7****,18.03.13.
34,5,좋은 제품입니다,https://phinf.pstatic.net/checkout.phinf/20210214_282/1613291515023I51bA_JPEG/review-attachment-40ffa4c3-4541-4e61-a1f2-afec4357cac0.jpeg?type=f300_300,sayf****,18.03.09.
35,5,생각보다 단단해서 적응하는데 시간이 좀 걸렸어요. 지퍼 열어봤더니 오래 써도 바스러지는 재질은 아니네요. 굉장히 만족해요,https://phinf.pstatic.net/checkout.phinf/20210215_3/16133861016882whsY_JPEG/review-attachment-204c3dd2-2e37-4efc-b22d-cadb472966fc.jpeg?type=f300_300,jiny****,18.02.12.
36,5,아주 탄탄하고 좋네요^^,https://phinf.pstatic.net/checkout.phinf/20210328_62/1616865136498mAySg_JPEG/review-attachment-f041fe81-f860-4786-8ff7-5d7f026d8e05.jpeg?type=f300_300,fine****,18.02.17.
37,5,잘받았습니다,https://phinf.pstatic.net/checkout.phinf/20210310_96/1615344690636vQycO_JPEG/review-attachment-fcd4b186-1de8-46a0-83ef-00246e0ca661.jpeg?type=f300_300,myid****,18.02.08.
38,5,배송도빠르고 좋은 가격에 좋은 상품 잘 구매한것같아요^^,https://phinf.pstatic.net/checkout.phinf/20210301_209/1614564832564jImAi_JPEG/review-attachment-32ad8e1e-cbee-4fce-8a04-6be1c66acad2.jpeg?type=f300_300,yooh****,18.01.30.
39,5,어린이 매트리스 벙커침대용 매트리스를 찾다가 발견한 제품인데 아이가 2층에서 뛸것을 이상해 라텍스보다는 더 단단해야겠다싶어 구매했는데 생각보다 더 단단해 편안한 감은 좀 없지만 통통튀고 깔끔한데다 냄새가 적어 다행이네요.,https://phinf.pstatic.net/checkout.phinf/20210227_177/1614404207833MLWES_JPEG/review-attachment-f9b84f2d-5193-47f3-9b21-b51c5b1edf1f.jpeg?type=f300_300,huks****,17.12.19.
40,4,좋아요 우선 배송이빨랐구요~ 배송기사님 눈오는날 길이미끄러워 고생많으셨을텐데 무척 친절하셔서 너무감사했어요~ 신생아용으로구입하는거라 고민많이했는데 받아보니 냄새도안나고 단단해서 잘사용할것같아요 만족합니다^^!,https://phinf.pstatic.net/image.nmv/shopnbuyer_2021_01_13_0/1227392e-55a4-11eb-a12c-a0369ff963bc_03.jpg?type=ffn300_300,papi****,17.12.24.
41,3,좋습니다 매우,https://phinf.pstatic.net/checkout.phinf/20210326_102/1616758882099t5Hei_JPEG/review-attachment-2d960b3a-f409-4420-a294-313347cc17bf.jpeg?type=f300_300,styl****,18.01.05.
42,5,배송도빠르고 받아보니 만족합니다,https://phinf.pstatic.net/checkout.phinf/20210320_138/16162329796237AoJA_JPEG/review-attachment-f89c70ef-3fc8-460d-8a0d-b9071e7026f1.jpeg?type=f300_300,papi****,17.12.24.
43,5,배송 빨라 좋아요. 제품도 깨끗하고 냄새도 적네요.,https://phinf.pstatic.net/checkout.phinf/20210327_149/1616805817864nD86Q_JPEG/review-attachment-c34a256c-2cb5-4630-b804-9c92584721cd.jpeg?type=f300_300,huks****,17.12.19.
44,5,아기침대위에 놓고 잘쓰고 있어요,https://phinf.pstatic.net/checkout.phinf/20210318_234/1616032710714lN6nJ_JPEG/review-attachment-daeadafd-04e6-400d-89c3-72f2b89a9ae9.jpeg?type=f300_300,yezz****,17.10.25.
45,5,괜찮은거같아요,https://phinf.pstatic.net/checkout.phinf/20210218_102/1613654591564qIaOp_JPEG/review-attachment-347078c2-96e5-4cf5-9cb9-55b5a6b6e6f3.jpeg?type=f300_300,joto****,17.10.28.
46,5,괜찮은거같아요,https://phinf.pstatic.net/checkout.phinf/20210323_102/1616473257588le5h3_JPEG/review-attachment-b2473737-5628-41e6-9d5e-6556dd33e3ed.jpeg?type=f300_300,joto****,17.10.28.
47,5,좋아요ㅋ 이번에 벙커침대구입하면서 매트리스 알아보다 싸이즈가딱 맞아서 구매하게됐습니다.원단두좋구 매트리스도 생각보다 단단한것같아 만좁합니다.매트리스커버두 사야겠네요ㅋ,https://phinf.pstatic.net/checkout.phinf/20210324_207/1616546730062MQmof_JPEG/review-attachment-5f808cd5-7e67-45c2-b4f6-1418686bed77.jpeg?type=f300_300,ipip****,17.09.13.
48,5,마음에 들어요 가구점에서 침대살때 15만원 달라고 해서 안샀는데 가구점보다 저렴하고 냄새도 적게 나서 잘 산 느낌입니다,https://phinf.pstatic.net/checkout.phinf/20210306_113/1614988103659xctYM_JPEG/review-attachment-d363b779-7f72-4791-a962-77b8be67f6d2.jpeg?type=f300_300,khjh****,17.09.13.
49,5,"적극추천! 재질도 보들보들하고, 딴딴하니 아주 좋아요~ 배송도 빠른편이예요, 아들이 자고서 아주 좋아하네요~ 
가성비가 아주 좋네요!",https://phinf.pstatic.net/checkout.phinf/20210308_84/1615173126207gPym3_JPEG/review-attachment-dd18a272-8fb0-416f-b044-35b74dde830c.jpeg?type=f300_300,kssp****,17.09.06.
50,5,깔끔하고 냄새도 적어서 마음에 들어요~,https://phinf.pstatic.net/checkout.phinf/20210215_6/16133550147777T3hl_JPEG/review-attachment-47327de1-38a4-494c-baac-5ac847e1e48d.jpeg?type=f300_300,khjh****,17.09.13.
51,5,"아주 좋습니다! 보들보들하고, 딴딴하고, 좋아용!!",https://phinf.pstatic.net/checkout.phinf/20210308_139/1615173034699THkps_JPEG/review-attachment-aae5d8cd-3a94-441b-9bbb-e13a32da25ed.jpeg?type=f300_300,kssp****,17.09.06.
52,5,만족합니다,https://phinf.pstatic.net/checkout.phinf/20210225_194/1614257312087P2X8e_JPEG/review-attachment-e018ce9c-18eb-4194-ae69-6cf63dfdd931.jpeg?type=f300_300,ipip****,17.09.13.
53,5,잘 받았습니다. ,https://phinf.pstatic.net/checkout.phinf/20210227_151/161441372745871Xby_JPEG/review-attachment-7200f33e-601e-4927-9ccf-dbb741192b95.jpeg?type=f300_300,8818****,17.08.18.
54,5,"적극추천 오래고민하고 구매했는데 진작살껄 그랬네요 
오래누워있어도 불편한지 모르겠고 만족합니다 
추천드리고 싶어요",https://phinf.pstatic.net/checkout.phinf/20210214_282/1613291515023I51bA_JPEG/review-attachment-40ffa4c3-4541-4e61-a1f2-afec4357cac0.jpeg?type=f300_300,eunj****,17.05.25.
55,5,"오래고민하고 구매했는데 진작살껄
그랬네요 오래누워있어도 불편한지 모르겠고
만족합니다.",https://phinf.pstatic.net/checkout.phinf/20210215_3/16133861016882whsY_JPEG/review-attachment-204c3dd2-2e37-4efc-b22d-cadb472966fc.jpeg?type=f300_300,eunj****,17.05.25.
56,5,딱딱하고 상품도 사이즈도 좋고 좋아요.  그런데 운임비가 안내에 써 있는거랑 다르네요. 인천이라 서울/경기에 들어갈거라 생각했는데 경기외곽이라고 하시면서 이만원 받아가셨어요. ,https://phinf.pstatic.net/checkout.phinf/20210328_62/1616865136498mAySg_JPEG/review-attachment-f041fe81-f860-4786-8ff7-5d7f026d8e05.jpeg?type=f300_300,idea****,17.04.16.
57,5,느리네요 20일 걸렸어요... 수고하세요 ,https://phinf.pstatic.net/checkout.phinf/20210310_96/1615344690636vQycO_JPEG/review-attachment-fcd4b186-1de8-46a0-83ef-00246e0ca661.jpeg?type=f300_300,ruma****,17.04.06.
58,5,"신생아용으로 구입 신생아는 딱딱한 견면매트리스가 좋다고 해서 구매했어요
실제 받아보니 딱딱하고 깔끔한 디자인도 마음에 들어요 ^^",https://phinf.pstatic.net/checkout.phinf/20210301_209/1614564832564jImAi_JPEG/review-attachment-32ad8e1e-cbee-4fce-8a04-6be1c66acad2.jpeg?type=f300_300,msoy****,16.12.08.
59,5,"출산준비물로 신생아 때부터 쓰려고 견면매트리스 구매했어요
딱딱하고 깔끔해서 좋아요!^^",https://phinf.pstatic.net/checkout.phinf/20210227_177/1614404207833MLWES_JPEG/review-attachment-f9b84f2d-5193-47f3-9b21-b51c5b1edf1f.jpeg?type=f300_300,msoy****,16.12.08.
60,4,아이들 침대매트리스로 좋네요^^,https://phinf.pstatic.net/image.nmv/shopnbuyer_2021_01_13_0/1227392e-55a4-11eb-a12c-a0369ff963bc_03.jpg?type=ffn300_300,skyd****,16.12.17.
61,3,"7개월 아기 침대 돌 전 아기는 딱딱한 침대가 좋다고해서
스프링 매트리스 말고 유아용으로 구매했어요
아기 숨막힐 걱정은 안해도 되겠어요
만족합니다 배송도 2-3주 예상이었는데 일주일만에 왔어요",https://phinf.pstatic.net/checkout.phinf/20210326_102/1616758882099t5Hei_JPEG/review-attachment-2d960b3a-f409-4420-a294-313347cc17bf.jpeg?type=f300_300,ghep****,16.11.16.
62,5,"배송 2-3주 예상이라고 했는데 일주일만에 왔어요
아기가 쓸 매트리스라서 푹신하지 않고 좋네요",https://phinf.pstatic.net/checkout.phinf/20210320_138/16162329796237AoJA_JPEG/review-attachment-f89c70ef-3fc8-460d-8a0d-b9071e7026f1.jpeg?type=f300_300,ghep****,16.11.16.
63,5,"배송은 좀 오래걸렸어요~ 제작해서 온다고 2~3주 걸린다고하더라구요ㅋㅋ2주된듯ㅋㅋ
사이즈잘맞아요~ 푹신하진않고 통통튕기는 느낌",https://phinf.pstatic.net/checkout.phinf/20210327_149/1616805817864nD86Q_JPEG/review-attachment-c34a256c-2cb5-4630-b804-9c92584721cd.jpeg?type=f300_300,ming****,16.09.08.
