﻿,star,review,reviewImage,customerId,reviewDate
0,5,매트리스 편하고 잠자고 있을때 누가 옆에 누워도 못느낌~~,https://phinf.pstatic.net/image.nmv/shopnbuyer_2021_01_13_0/1227392e-55a4-11eb-a12c-a0369ff963bc_03.jpg?type=ffn300_300,momo****,21.03.03.
1,5,고급진 쿠션감이에요!!,https://phinf.pstatic.net/checkout.phinf/20210326_102/1616758882099t5Hei_JPEG/review-attachment-2d960b3a-f409-4420-a294-313347cc17bf.jpeg?type=f300_300,sksr****,21.01.24.
2,5,약속 날짜에 배송 해주셔서 감사합니다.      너무 너무 좋아요 ^^,https://phinf.pstatic.net/checkout.phinf/20210320_138/16162329796237AoJA_JPEG/review-attachment-f89c70ef-3fc8-460d-8a0d-b9071e7026f1.jpeg?type=f300_300,momo****,21.01.02.
3,5,가성비 좋고 견고하고 방누커버까지 주셔서 좋아요~,https://phinf.pstatic.net/checkout.phinf/20210327_149/1616805817864nD86Q_JPEG/review-attachment-c34a256c-2cb5-4630-b804-9c92584721cd.jpeg?type=f300_300,amka****,20.09.10.
4,5,매트리스가 푹신하지도 딱딱하지도 않은 정말 편안한 정도입니다.,https://phinf.pstatic.net/checkout.phinf/20210318_234/1616032710714lN6nJ_JPEG/review-attachment-daeadafd-04e6-400d-89c3-72f2b89a9ae9.jpeg?type=f300_300,cdgu****,20.08.16.
5,5,한달동안 사용하면서 너무 좋았습니다,https://phinf.pstatic.net/checkout.phinf/20210218_102/1613654591564qIaOp_JPEG/review-attachment-347078c2-96e5-4cf5-9cb9-55b5a6b6e6f3.jpeg?type=f300_300,fmlt****,20.07.11.
6,5,최고는아니지만 괜찮으네요,https://phinf.pstatic.net/checkout.phinf/20210323_102/1616473257588le5h3_JPEG/review-attachment-b2473737-5628-41e6-9d5e-6556dd33e3ed.jpeg?type=f300_300,iopw****,20.07.07.
7,5,너무좋아요 사이즈가 2070이라 돌려사용회야하는거 빼곤 ㅎ 방수커버도 잘받았구요 배송도 친절하셨어요~♡,https://phinf.pstatic.net/checkout.phinf/20210324_207/1616546730062MQmof_JPEG/review-attachment-5f808cd5-7e67-45c2-b4f6-1418686bed77.jpeg?type=f300_300,fmlt****,20.05.25.
8,5,"간만에 호텔에서처럼 푹~잘 잤어요
약간 소프트한게 편안했어요.
다만, 방수커버가 안 왔어요ㅠ ㅠ",https://phinf.pstatic.net/checkout.phinf/20210306_113/1614988103659xctYM_JPEG/review-attachment-d363b779-7f72-4791-a962-77b8be67f6d2.jpeg?type=f300_300,jens****,20.04.09.
9,5,빠른배송.좋은상품이네요,https://phinf.pstatic.net/checkout.phinf/20210308_84/1615173126207gPym3_JPEG/review-attachment-dd18a272-8fb0-416f-b044-35b74dde830c.jpeg?type=f300_300,iopw****,20.04.14.
