﻿,star,review,reviewImage,customerId,reviewDate
0,5,"매트리스 가성비 갑인것 같습니다.
가평 본사 전시장 방문하여 직접 여러가지 비교해보고 직원분 추천 받아서 샀는데 만족스럽습니다.",https://phinf.pstatic.net/image.nmv/shopnbuyer_2021_01_13_0/1227392e-55a4-11eb-a12c-a0369ff963bc_03.jpg?type=ffn300_300,mant****,20.07.29.
1,5,매트리스 진짜 만족해요. 잘 샀어요. 옆에서 뒤척거려도 잘 느껴지지 않고 잠도 편하게 잘 수 있어요.,https://phinf.pstatic.net/checkout.phinf/20210326_102/1616758882099t5Hei_JPEG/review-attachment-2d960b3a-f409-4420-a294-313347cc17bf.jpeg?type=f300_300,gpsd****,19.10.27.
2,5,"좋은가격에 잘쓰고있어여~
꺼짐없이 오래썼으면 하는~^^",https://phinf.pstatic.net/checkout.phinf/20210320_138/16162329796237AoJA_JPEG/review-attachment-f89c70ef-3fc8-460d-8a0d-b9071e7026f1.jpeg?type=f300_300,2758****,19.10.08.
3,5,가성비좋고 적당히 푹신한거 찾고있었는데 좋아요!!,https://phinf.pstatic.net/checkout.phinf/20210327_149/1616805817864nD86Q_JPEG/review-attachment-c34a256c-2cb5-4630-b804-9c92584721cd.jpeg?type=f300_300,qkrd****,19.10.27.
4,5,"생각보다 사이즈가 더커보이구
높이도 굉장히~ 높아용~
기사분께서 좋은매트리스 구매하신거같다고
해주셔서 더기분좋았어영~ 
사진찍는기술이 너무 부족해서
제대로 담지못해 아쉽네용~잘쓸게용~
좋은가격에 득템한듯~👍",https://phinf.pstatic.net/checkout.phinf/20210318_234/1616032710714lN6nJ_JPEG/review-attachment-daeadafd-04e6-400d-89c3-72f2b89a9ae9.jpeg?type=f300_300,2758****,19.08.18.
5,5,가격에 완전 좋으네요,https://phinf.pstatic.net/checkout.phinf/20210218_102/1613654591564qIaOp_JPEG/review-attachment-347078c2-96e5-4cf5-9cb9-55b5a6b6e6f3.jpeg?type=f300_300,koko****,19.10.12.
6,5,"보니애 전 매장가서 신혼제품 샀었어요.그래서 믿음가요. 애기가 어려서 침대가 너무 높아서 버리기도 아깝고, 쓰자니 불안했는데
마침 조카가 침대가 필요해서, 우린 매트만 쓰고 프레임주고, 매트리스 하나 추가로 구매했어요. 조카가 고1인데 이 침대가 단점이 있다면 5시반에 알람 맞춰도 일어날수가 없다고 하네요ㅎㅎ 7시8시 일어나게 된다면서^^ 추가로 동생도 싱글도 또 주문했어요",https://phinf.pstatic.net/checkout.phinf/20210323_102/1616473257588le5h3_JPEG/review-attachment-b2473737-5628-41e6-9d5e-6556dd33e3ed.jpeg?type=f300_300,rlag****,19.07.06.
7,5,광장히 푹신하고 부드럽습니다.처음엔 푹신해서 적응이 안되었는데 이제는 잠이 잘 오네요~^^,https://phinf.pstatic.net/checkout.phinf/20210324_207/1616546730062MQmof_JPEG/review-attachment-5f808cd5-7e67-45c2-b4f6-1418686bed77.jpeg?type=f300_300,misu****,19.07.24.
8,5,"사이즈가 엄청크고 저희집 복도가 좁아서 사다리차 이용했습니다 :) 새제품 냄새가 살짝 나서 환기시키고 사용하려구요! (위에 폼은 손으로 누르면 푹신한데, 실제로 누우면 엄청 푹신푹신하진 않아요 ㅎㅎ 적당하게 몸 잡아주는 정도에요.)",https://phinf.pstatic.net/checkout.phinf/20210306_113/1614988103659xctYM_JPEG/review-attachment-d363b779-7f72-4791-a962-77b8be67f6d2.jpeg?type=f300_300,dear****,19.03.18.
9,4,아이들 높은 매트리스를 원해서 고민하다 구입했습니다. 그런데 첫날 자고 난 아침에 꿀잠 잤다며 완전 좋아하네요.,https://phinf.pstatic.net/checkout.phinf/20210308_84/1615173126207gPym3_JPEG/review-attachment-dd18a272-8fb0-416f-b044-35b74dde830c.jpeg?type=f300_300,mini****,19.04.15.
10,5,받아보고 쌈짝놀랐어요 너무 푹신하고 두껍고 최고에요 ㅎㅎ,https://phinf.pstatic.net/checkout.phinf/20210215_6/16133550147777T3hl_JPEG/review-attachment-47327de1-38a4-494c-baac-5ac847e1e48d.jpeg?type=f300_300,moon****,19.02.20.
11,5,푹신하고 구께도 마음에 들어요,https://phinf.pstatic.net/checkout.phinf/20210308_139/1615173034699THkps_JPEG/review-attachment-aae5d8cd-3a94-441b-9bbb-e13a32da25ed.jpeg?type=f300_300,kyi5****,19.02.22.
