﻿,star,review,reviewImage,customerId,reviewDate
0,5,일주일 됐는데 아침 저녁으로 피톤치드 뿌렸는데 아직도 냄새가 좀 쎄요. 저한텐 좀 푹신한데 아직 허리가 적응 중인지 자다깨다 해요. 남편은 잘 자는데 전 좀더 있어봐야 겠어요.,https://phinf.pstatic.net/image.nmv/shopnbuyer_2021_01_13_0/1227392e-55a4-11eb-a12c-a0369ff963bc_03.jpg?type=ffn300_300,shab****,21.02.08.
1,5,"매트리스 사이즈 맞게 잘왔고 쿠션감이 너무 좋습니다.
사이즈가 커서 들어오는데 애좀 먹었는데 마음에 들어요~",https://phinf.pstatic.net/checkout.phinf/20210326_102/1616758882099t5Hei_JPEG/review-attachment-2d960b3a-f409-4420-a294-313347cc17bf.jpeg?type=f300_300,m464****,21.02.11.
2,5,"배송은 며칠전에 했으며, 어제 이사해서 처음 ㅅ ㅏ용했는데 넘 편하게 잘잤어요~",https://phinf.pstatic.net/checkout.phinf/20210320_138/16162329796237AoJA_JPEG/review-attachment-f89c70ef-3fc8-460d-8a0d-b9071e7026f1.jpeg?type=f300_300,pyh0****,21.03.05.
3,5,매스리스 처음부터 적응이 필요없이 적당히 폭신하면서 단단해서 허리 잘 받쳐주고 좋아요,https://phinf.pstatic.net/checkout.phinf/20210327_149/1616805817864nD86Q_JPEG/review-attachment-c34a256c-2cb5-4630-b804-9c92584721cd.jpeg?type=f300_300,ohui****,21.02.08.
4,5,"시*스 사려다 그냥 침대 같이 주문했는데 토퍼도 붙어 있어서 적당히 폭신하고 좋아요
매드리스바꾸면 적응이 필요한데 첫 날부터 편안하게 잘 잤어요 허리도 안아파요^^
냄새는 좀 나서 냄새빼는데 3~4일정도 걸렸어요ㅜㅜ 환경로는 잘 안빠지고 페브리즈는 더 냄새만 섞여서 독하고 편백수 수시로 뿌려서 뺐어요",https://phinf.pstatic.net/checkout.phinf/20210318_234/1616032710714lN6nJ_JPEG/review-attachment-daeadafd-04e6-400d-89c3-72f2b89a9ae9.jpeg?type=f300_300,ohui****,21.01.19.
5,5,"정말 이렇게까지 좋을줄은 상상도 못했어요.
잠자리가 편안하니 넘 좋아요.
아주 살짝 하드하다고 느낄수 있는 쿠션감~워낙 소프트한걸 안좋아하다보니 탱글탱글
함이 넘좋습니다~~^^",https://phinf.pstatic.net/checkout.phinf/20210218_102/1613654591564qIaOp_JPEG/review-attachment-347078c2-96e5-4cf5-9cb9-55b5a6b6e6f3.jpeg?type=f300_300,ious****,21.01.11.
6,5,"허리에 부담가지 않게 잘 맞는 것 같아요, 클라우드로 좀더 푹신하게 가져가면 어땠을까라는 생각도 들지만 너무 좋네요! 처음 매트리스 시작을 밀라노리빙과 함께 해서 좋습니다. 배치한 사진은 방이 더러워서 못찍고 배송된 상태로 올립니다",https://phinf.pstatic.net/checkout.phinf/20210323_102/1616473257588le5h3_JPEG/review-attachment-b2473737-5628-41e6-9d5e-6556dd33e3ed.jpeg?type=f300_300,na11****,20.12.03.
7,5,"생각했던것보다 푹신푹신해요  하드할줄알았는뎁
처음 누워봤을때느낌은 포근하고 푹신한데 

오래사용하면 허리 안아플지는 
한달정도사용해봐야 알것같아요 

매트리스는 이불에덮히면 안보이긴하지만
디자인도이쁘고 색도 이쁘고 맘에들어용",https://phinf.pstatic.net/checkout.phinf/20210324_207/1616546730062MQmof_JPEG/review-attachment-5f808cd5-7e67-45c2-b4f6-1418686bed77.jpeg?type=f300_300,ttow****,20.09.10.
8,4,상담. 설치 모두 만족합니다. 이사갈때 다시 재구매 할듯해요,https://phinf.pstatic.net/checkout.phinf/20210306_113/1614988103659xctYM_JPEG/review-attachment-d363b779-7f72-4791-a962-77b8be67f6d2.jpeg?type=f300_300,u151****,20.04.02.
9,5,너무 잘쓰고 있어여 옆에서 뒤척이면 잘깨는편인데 흔들림 못느끼고 꿀잠자여~^^,https://phinf.pstatic.net/checkout.phinf/20210308_84/1615173126207gPym3_JPEG/review-attachment-dd18a272-8fb0-416f-b044-35b74dde830c.jpeg?type=f300_300,pkj0****,20.02.12.
10,5,프레임 구입하면서 평이좋아 구입했는데 탁월한 선택이었어여 가격대비 넘 만좁합니다,https://phinf.pstatic.net/checkout.phinf/20210215_6/16133550147777T3hl_JPEG/review-attachment-47327de1-38a4-494c-baac-5ac847e1e48d.jpeg?type=f300_300,pkj0****,19.12.22.
11,5,"사진이 못나온듯해요
오늘 받았는데 기사님도 너무친절하시고
실물이  너무 이뿌고 맘에 듭니다
색깔을 많이 망설엿는데 받아보니 색도
고급스럽습니다 너무 만족해요
앞으로 a/s  부분에서만 잘 응대해주신다면 더할나위 없겟죠^^  번창하세요",https://phinf.pstatic.net/checkout.phinf/20210308_139/1615173034699THkps_JPEG/review-attachment-aae5d8cd-3a94-441b-9bbb-e13a32da25ed.jpeg?type=f300_300,mafi****,19.04.16.
12,5,일단 그냥 침대를 인터넷으로 산다는게 사실 조금 두려웠어요 그래서 판매자님에게 이것저것 엄청 많이 여쭤봣는데 그때 마다 항상 친절하게 답해주시고 기다려주셧죠. 침대를 보니 도대체 왜 고민햇을까 생각이 들정도러 너무 마음에 듭니다. 최고예요! 밀라노 리빙은 사랑입니다,https://phinf.pstatic.net/checkout.phinf/20210225_194/1614257312087P2X8e_JPEG/review-attachment-e018ce9c-18eb-4194-ae69-6cf63dfdd931.jpeg?type=f300_300,ui24****,19.03.12.
