﻿,star,review,reviewImage,customerId,reviewDate
0,5,이때까지 타사 라텍스 사용했었는데 이번에 한번 바꿔보자하고 매트리스와 베개 다 바꿔봤는데 아주 좋은데요? 전엔 밀도 입방미터당 97짜리 사용해서 약간 딱딱한감이 있었는데 80짜리 사용해보니까 전 이게 맞는 것 같아요! 완전 푹 꺼지지도 않아서 허리도 안아프고 아주 좋습니다. 15cm 짜리 구입할 껄 그랬습니다. 다음번에도 80짜리 파시면 15짜리로 구매해봐야겠습니다!,https://phinf.pstatic.net/image.nmv/shopnbuyer_2021_01_13_0/1227392e-55a4-11eb-a12c-a0369ff963bc_03.jpg?type=ffn300_300,mrli****,21.03.23.
1,5,"좋아요 한달넘게 쓰고잇는데 신혼때 태국서산
라텍스랑 별차이를 모르겟네요
괜히 비싼돈주고 태국서삿다구 후회됨요",https://phinf.pstatic.net/checkout.phinf/20210326_102/1616758882099t5Hei_JPEG/review-attachment-2d960b3a-f409-4420-a294-313347cc17bf.jpeg?type=f300_300,memo****,21.03.09.
2,5,"아직까진꺼짐이심한곳은없네요
살만한거같아요",https://phinf.pstatic.net/checkout.phinf/20210320_138/16162329796237AoJA_JPEG/review-attachment-f89c70ef-3fc8-460d-8a0d-b9071e7026f1.jpeg?type=f300_300,lee_****,21.03.17.
3,5,"두툼하고 커버도 이쁘고 부드럽네요
무거운 만큼 쿠션감도 좋습니다
방수커버 사은품도 좋습니다",https://phinf.pstatic.net/checkout.phinf/20210327_149/1616805817864nD86Q_JPEG/review-attachment-c34a256c-2cb5-4630-b804-9c92584721cd.jpeg?type=f300_300,gees****,21.02.24.
4,5,5년전에도 샀는데 동생이 원룸구해서 또 구입했어요,https://phinf.pstatic.net/checkout.phinf/20210318_234/1616032710714lN6nJ_JPEG/review-attachment-daeadafd-04e6-400d-89c3-72f2b89a9ae9.jpeg?type=f300_300,t102****,21.03.04.
5,5,"너무 푹신한 것도 아니고 적당한 쿠션감 있어요.
베개도 같이 주문했는데 만족해요",https://phinf.pstatic.net/checkout.phinf/20210218_102/1613654591564qIaOp_JPEG/review-attachment-347078c2-96e5-4cf5-9cb9-55b5a6b6e6f3.jpeg?type=f300_300,terr****,21.02.18.
6,5,방바닥에 깔고 자는데 좋아요,https://phinf.pstatic.net/checkout.phinf/20210323_102/1616473257588le5h3_JPEG/review-attachment-b2473737-5628-41e6-9d5e-6556dd33e3ed.jpeg?type=f300_300,leey****,21.03.13.
7,5,"돌침대 위에
 5쎈티자리 7년쓰고 7,5센티로
재구매 했어요
넘 좋아서 꿀잠 자요
좋은 라텍스 감사합니다~~^^",https://phinf.pstatic.net/checkout.phinf/20210324_207/1616546730062MQmof_JPEG/review-attachment-5f808cd5-7e67-45c2-b4f6-1418686bed77.jpeg?type=f300_300,kcs1****,21.02.21.
8,4,"쓰던 라텍스를 버리고 나니
도저히 잠을 못자 구매했어요.
사용 첫날 간만에 꿀잠 잣다능요.
한달 써보고 후기 올리겠슴다",https://phinf.pstatic.net/checkout.phinf/20210306_113/1614988103659xctYM_JPEG/review-attachment-d363b779-7f72-4791-a962-77b8be67f6d2.jpeg?type=f300_300,jeun****,21.02.17.
9,5,델라텍스 좋습니다 냄새도 많이 안나요,https://phinf.pstatic.net/checkout.phinf/20210308_84/1615173126207gPym3_JPEG/review-attachment-dd18a272-8fb0-416f-b044-35b74dde830c.jpeg?type=f300_300,juic****,21.02.20.
10,5,아직더써봐야존건지나쁜지알거가테요,https://phinf.pstatic.net/checkout.phinf/20210215_6/16133550147777T3hl_JPEG/review-attachment-47327de1-38a4-494c-baac-5ac847e1e48d.jpeg?type=f300_300,lee_****,21.02.01.
11,5,생각한거보다 훨씬 더 좋아요 어머니께도 드리려고 하나 더 구매했습니다. 라텍스 베개도 정말 너무 편하네요,https://phinf.pstatic.net/checkout.phinf/20210308_139/1615173034699THkps_JPEG/review-attachment-aae5d8cd-3a94-441b-9bbb-e13a32da25ed.jpeg?type=f300_300,fsma****,21.01.17.
12,4,두번째 구매예요. 냄새없고 푹신하고 잘쓰고 있습니다.,https://phinf.pstatic.net/checkout.phinf/20210225_194/1614257312087P2X8e_JPEG/review-attachment-e018ce9c-18eb-4194-ae69-6cf63dfdd931.jpeg?type=f300_300,sora****,21.02.06.
13,4,"가격대비 만족하나 지금은 숨이 조금 죽은거같아요.
개인적으로 조금 더 탄탄한걸 고를걸 그랬습니다
그리고 미끄럼 방지가 있어도 미끌거려서 벨로아 부분로 깔아놓으니 안미끌어지네요.",https://phinf.pstatic.net/checkout.phinf/20210227_151/161441372745871Xby_JPEG/review-attachment-7200f33e-601e-4927-9ccf-dbb741192b95.jpeg?type=f300_300,ksli****,20.12.30.
14,5,"신혼여행때 태국가서 사온 바가지쓴 라텍스랑
비슷하네요 만족합니다
후기에 냄새난다는분이 계셔서 걱정햇는데
저희는 막 코라 그런가 괜찮네요
방수커버도 사은품으로 와서 좋앗습니다
가격대비 좋다고 생각듭니다
번창하세요~",https://phinf.pstatic.net/checkout.phinf/20210214_282/1613291515023I51bA_JPEG/review-attachment-40ffa4c3-4541-4e61-a1f2-afec4357cac0.jpeg?type=f300_300,memo****,20.12.29.
15,5,이가격에  이정도면 나쁘진 않아요,https://phinf.pstatic.net/checkout.phinf/20210215_3/16133861016882whsY_JPEG/review-attachment-204c3dd2-2e37-4efc-b22d-cadb472966fc.jpeg?type=f300_300,hsyo****,21.02.03.
16,5,"몇년전에 코스트코에서 산 라텍스 쓰다가 바꿨는데
7센티라서 그런지 높이도 제법 있고 탄탄하고 아이가 좋다고 합니다",https://phinf.pstatic.net/checkout.phinf/20210328_62/1616865136498mAySg_JPEG/review-attachment-f041fe81-f860-4786-8ff7-5d7f026d8e05.jpeg?type=f300_300,wynt****,20.12.31.
17,4,이번이 세번째 구매에요 침대매트보다 훨씬좋아요,https://phinf.pstatic.net/checkout.phinf/20210310_96/1615344690636vQycO_JPEG/review-attachment-fcd4b186-1de8-46a0-83ef-00246e0ca661.jpeg?type=f300_300,namo****,21.01.15.
18,5,배송 엄청빠르네요 감사합니당,https://phinf.pstatic.net/checkout.phinf/20210301_209/1614564832564jImAi_JPEG/review-attachment-32ad8e1e-cbee-4fce-8a04-6be1c66acad2.jpeg?type=f300_300,park****,21.01.23.
19,3,바닥에 자려고 샀어요. 추천받아 산건데 아주 만족합니다. ^^,https://phinf.pstatic.net/checkout.phinf/20210227_177/1614404207833MLWES_JPEG/review-attachment-f9b84f2d-5193-47f3-9b21-b51c5b1edf1f.jpeg?type=f300_300,jklo****,20.12.23.
20,5,쿠션이 넘 좋은게 나에게는 약간의 단점인것 같아요,https://phinf.pstatic.net/image.nmv/shopnbuyer_2021_01_13_0/1227392e-55a4-11eb-a12c-a0369ff963bc_03.jpg?type=ffn300_300,leey****,21.01.17.
21,5,동생 선물로도 보내주고 저희집에서도 두개째 구매했어요. 잠을 편한게 잘 수 있어서 좋아요.,https://phinf.pstatic.net/checkout.phinf/20210326_102/1616758882099t5Hei_JPEG/review-attachment-2d960b3a-f409-4420-a294-313347cc17bf.jpeg?type=f300_300,eve2****,20.12.13.
22,5,항상 믿고 구매하는 델라텍스입니다!,https://phinf.pstatic.net/checkout.phinf/20210320_138/16162329796237AoJA_JPEG/review-attachment-f89c70ef-3fc8-460d-8a0d-b9071e7026f1.jpeg?type=f300_300,jsen****,20.12.26.
23,5,"적당한 쿠션과 부드러운 커버 깔끔한 패턴의 색상 모두 만족합니다
고민하며 주문했는데 잘 선택해씀니다
기사님 입주일 날짜도 맞추어 주셨어요 고민하시는 분들 요상품 강추합니다",https://phinf.pstatic.net/checkout.phinf/20210327_149/1616805817864nD86Q_JPEG/review-attachment-c34a256c-2cb5-4630-b804-9c92584721cd.jpeg?type=f300_300,heav****,20.12.07.
24,4,한달 사용해 본 결과 푹신하고 아주 좋습니다,https://phinf.pstatic.net/checkout.phinf/20210318_234/1616032710714lN6nJ_JPEG/review-attachment-daeadafd-04e6-400d-89c3-72f2b89a9ae9.jpeg?type=f300_300,mich****,21.01.07.
25,5,처음 사고 만족스러워서 두번째 삽니다. 빠르게 도착했음해서 이야기 했더니 택배박스에 빠르게 전달해달라는 메세지까지 붙였더군요 감동했습니다.,https://phinf.pstatic.net/checkout.phinf/20210218_102/1613654591564qIaOp_JPEG/review-attachment-347078c2-96e5-4cf5-9cb9-55b5a6b6e6f3.jpeg?type=f300_300,a310****,20.12.25.
26,5,잘쓰고있ㅇ요 !!!,https://phinf.pstatic.net/checkout.phinf/20210323_102/1616473257588le5h3_JPEG/review-attachment-b2473737-5628-41e6-9d5e-6556dd33e3ed.jpeg?type=f300_300,tbtb****,21.01.12.
27,5,딱딱하지도 넘 푹신하지도 않고 참 좋아요. 오래전 선물 받아 잘 쓰고 있는데 넘 좋아서 하나 더 구매했어요,https://phinf.pstatic.net/checkout.phinf/20210324_207/1616546730062MQmof_JPEG/review-attachment-5f808cd5-7e67-45c2-b4f6-1418686bed77.jpeg?type=f300_300,vnfm****,20.12.18.
28,5,"이전에도 썼던 브랜드라 믿고 구입했습니다.
확실히 새걸로 교체하니 숨도 안죽고 탄탄하니
좋네요! 잘 쓰겠습니다.",https://phinf.pstatic.net/checkout.phinf/20210306_113/1614988103659xctYM_JPEG/review-attachment-d363b779-7f72-4791-a962-77b8be67f6d2.jpeg?type=f300_300,ksli****,20.11.05.
29,5,"메모리폼쓰다가 교체할 시기가 되어 라텍스 매트를 구입하게 되었는데, 너무너무 좋네요. 메모리폼보다 푹신하고 잠 잘옵니다.",https://phinf.pstatic.net/checkout.phinf/20210308_84/1615173126207gPym3_JPEG/review-attachment-dd18a272-8fb0-416f-b044-35b74dde830c.jpeg?type=f300_300,6548****,20.12.02.
30,3,배송 빠르고 싸고 좋아요,https://phinf.pstatic.net/checkout.phinf/20210215_6/16133550147777T3hl_JPEG/review-attachment-47327de1-38a4-494c-baac-5ac847e1e48d.jpeg?type=f300_300,mich****,20.12.05.
31,5,"좋아요 잘받았습니다 
하하하 욱둑둑",https://phinf.pstatic.net/checkout.phinf/20210308_139/1615173034699THkps_JPEG/review-attachment-aae5d8cd-3a94-441b-9bbb-e13a32da25ed.jpeg?type=f300_300,tbtb****,20.11.24.
32,5,"아주 좋아요
배송도 빠르고",https://phinf.pstatic.net/checkout.phinf/20210225_194/1614257312087P2X8e_JPEG/review-attachment-e018ce9c-18eb-4194-ae69-6cf63dfdd931.jpeg?type=f300_300,subo****,20.11.05.
33,5,배송 잴 되엌씁니다,https://phinf.pstatic.net/checkout.phinf/20210227_151/161441372745871Xby_JPEG/review-attachment-7200f33e-601e-4927-9ccf-dbb741192b95.jpeg?type=f300_300,cros****,20.10.10.
34,5,푹신하고 편하고 좋습니다~,https://phinf.pstatic.net/checkout.phinf/20210214_282/1613291515023I51bA_JPEG/review-attachment-40ffa4c3-4541-4e61-a1f2-afec4357cac0.jpeg?type=f300_300,jjwh****,20.04.04.
35,4,침대가 별로라면 구매하는 것을 추천. 바닥에서 자는 것을 좋아하는 분들이라면 무조건 구매하시길 바람. 몸무게가 좀 가벼운 분들이 이것을 선택하시면 탁월한 선택.,https://phinf.pstatic.net/checkout.phinf/20210215_3/16133861016882whsY_JPEG/review-attachment-204c3dd2-2e37-4efc-b22d-cadb472966fc.jpeg?type=f300_300,aksg****,20.01.04.
36,5,이불보다는 훨 낫습니다. 가성비 좋네요,https://phinf.pstatic.net/checkout.phinf/20210328_62/1616865136498mAySg_JPEG/review-attachment-f041fe81-f860-4786-8ff7-5d7f026d8e05.jpeg?type=f300_300,jjur****,19.09.20.
37,5,"기존에 쓰던 라텍스도 델라텍스여서 재구매했어요
원래 좀 딱딱한 편이었는데 이번에 구매한건
너무 푹신하네요

그리고 대충 검색했더니 몇만원 더 비싸게 구매했네요 ㅋㅋ
여러군데에 다른 가격으로 올려놓는 모양이니 구매하실 분들은 잘 검색해보고 사세요",https://phinf.pstatic.net/checkout.phinf/20210310_96/1615344690636vQycO_JPEG/review-attachment-fcd4b186-1de8-46a0-83ef-00246e0ca661.jpeg?type=f300_300,nois****,19.08.08.
38,4,인생이 승거같으면서도,https://phinf.pstatic.net/checkout.phinf/20210301_209/1614564832564jImAi_JPEG/review-attachment-32ad8e1e-cbee-4fce-8a04-6be1c66acad2.jpeg?type=f300_300,colo****,19.09.05.
39,5,배개와 매트리스 너무 잘 사용하고있습니다. 평소 아팟던 목도 안아프고 너무 좋네요,https://phinf.pstatic.net/checkout.phinf/20210227_177/1614404207833MLWES_JPEG/review-attachment-f9b84f2d-5193-47f3-9b21-b51c5b1edf1f.jpeg?type=f300_300,avia****,19.03.20.
40,5,냄새난다는분들계셔서 걱정했는데  하나도 안나요,https://phinf.pstatic.net/image.nmv/shopnbuyer_2021_01_13_0/1227392e-55a4-11eb-a12c-a0369ff963bc_03.jpg?type=ffn300_300,pcga****,19.04.01.
41,5,좋습니다~~~~~~~,https://phinf.pstatic.net/checkout.phinf/20210326_102/1616758882099t5Hei_JPEG/review-attachment-2d960b3a-f409-4420-a294-313347cc17bf.jpeg?type=f300_300,dkdl****,19.02.26.
42,5,"말랑말랑 하고 좋아요
허리에 라텍스 좋다해서 샀는데 그건 잘 모르겠고
폭신 해서 좋킨 하네요",https://phinf.pstatic.net/checkout.phinf/20210320_138/16162329796237AoJA_JPEG/review-attachment-f89c70ef-3fc8-460d-8a0d-b9071e7026f1.jpeg?type=f300_300,sail****,18.11.28.
43,5,집에 퀸사이즈 하나더있어요. 쓸만한매트임. 4년넘게썼는데 별로 안딱딱해져서 괜찮은거같아요,https://phinf.pstatic.net/checkout.phinf/20210327_149/1616805817864nD86Q_JPEG/review-attachment-c34a256c-2cb5-4630-b804-9c92584721cd.jpeg?type=f300_300,lieb****,18.10.31.
44,5,좋습니다. 잘 사용하고 있습니다.,https://phinf.pstatic.net/checkout.phinf/20210318_234/1616032710714lN6nJ_JPEG/review-attachment-daeadafd-04e6-400d-89c3-72f2b89a9ae9.jpeg?type=f300_300,21ct****,18.11.12.
45,5,"냄새가 심하다고 하던데 저는 크게 잘 모르겠어서
하루정도 환기시키고 오늘은 라텍스 위에서 자려고요~
배송도 빠르네요
월요일 주문했는데 수요일 받았어요",https://phinf.pstatic.net/checkout.phinf/20210218_102/1613654591564qIaOp_JPEG/review-attachment-347078c2-96e5-4cf5-9cb9-55b5a6b6e6f3.jpeg?type=f300_300,sail****,18.10.18.
46,5,좋은 가격에 좋은 제품 산것 같네요. 배송도 빠르고 만족스럽습니다,https://phinf.pstatic.net/checkout.phinf/20210323_102/1616473257588le5h3_JPEG/review-attachment-b2473737-5628-41e6-9d5e-6556dd33e3ed.jpeg?type=f300_300,gio2****,18.08.22.
47,5,"정말 시원해보이고 무게감있고.. 사계절용 딱 맞는것 같아요 커버 잘 보면 조금 흠이 있는데 내부 봤는데 깔끔하고 좋아요.. 눌려져 있단 분도 있었는데
그런거 하나도 못봤구.. 저보다 신랑이 먼저 자봤는데 참 잘자네요..
피곤하기도 그랬거니와 아주 푹신하지않고 적당히 무게감도 있고, 신랑이 허리도 안좋은데
일어나서도 좋았다고 하더라구요.. 시간을 맞춰서 받아야 하는 상황인데 톡톡 주시면서 
날짜 맞춰서 주셨어요.. 감사합니다~ 오래 썼으면 좋겠네요~~",https://phinf.pstatic.net/checkout.phinf/20210324_207/1616546730062MQmof_JPEG/review-attachment-5f808cd5-7e67-45c2-b4f6-1418686bed77.jpeg?type=f300_300,kjhs****,18.06.28.
48,5,색깔이 너무 이뻐요~ ,https://phinf.pstatic.net/checkout.phinf/20210306_113/1614988103659xctYM_JPEG/review-attachment-d363b779-7f72-4791-a962-77b8be67f6d2.jpeg?type=f300_300,jody****,18.08.25.
49,5,네 개째 구매입니다.. 4년쯤 전에 세 개 이번에 한 개 더 구매했어요. 편하고 좋긴 한데... 4년 전에 산 매트리스들이.. 가장자리와 일부분이 속커버와 딱 붙었고...색깔도 누렇게 되면서 가루로 부서지는 부분도 있어요...  사용기한이 4년이 안되는듯...예전 매트리스를 버리려니...그 무겁고 큰 걸 어떻게 버리나 걱정이 됩니다.,https://phinf.pstatic.net/checkout.phinf/20210308_84/1615173126207gPym3_JPEG/review-attachment-dd18a272-8fb0-416f-b044-35b74dde830c.jpeg?type=f300_300,heey****,18.06.22.
50,5,너무너무 만족해요~~ 친절하게 날짜 맞춰주시구^^,https://phinf.pstatic.net/checkout.phinf/20210215_6/16133550147777T3hl_JPEG/review-attachment-47327de1-38a4-494c-baac-5ac847e1e48d.jpeg?type=f300_300,kjhs****,18.06.28.
51,5,푹신푹신 ㅅㅌㄴㅈㄱㅈㄱㄷㄱㅈㄱㅈㅅㅈㄱㅅㅈ딪ㄱㅈㄴㅈㅂㅈㄴㅈㄴㅈㄹㄷㅂㅈㄷㄴㄷㄴㅊㄹㅌㄱㄷㄴㅅㅈㄹㅊㄴㅈㅅㅈㅅㅈㅅ,https://phinf.pstatic.net/checkout.phinf/20210308_139/1615173034699THkps_JPEG/review-attachment-aae5d8cd-3a94-441b-9bbb-e13a32da25ed.jpeg?type=f300_300,tjsa****,18.07.10.
52,5,이번이 세번째 구입입니다. 만족합니다~,https://phinf.pstatic.net/checkout.phinf/20210225_194/1614257312087P2X8e_JPEG/review-attachment-e018ce9c-18eb-4194-ae69-6cf63dfdd931.jpeg?type=f300_300,heey****,18.05.30.
53,4,잘 받았습니다 ,https://phinf.pstatic.net/checkout.phinf/20210227_151/161441372745871Xby_JPEG/review-attachment-7200f33e-601e-4927-9ccf-dbb741192b95.jpeg?type=f300_300,pele****,18.04.29.
54,5,asdadasd,https://phinf.pstatic.net/checkout.phinf/20210214_282/1613291515023I51bA_JPEG/review-attachment-40ffa4c3-4541-4e61-a1f2-afec4357cac0.jpeg?type=f300_300,luci****,18.05.17.
55,5,퀸사이즈구입 라텍스 매트리스가 좋다길래 반신반의하면서 구매했는데 가격대비 괜찮은것같아요~베개랑 방석도 주시구~ 잘 써볼께요 ㅎ,https://phinf.pstatic.net/checkout.phinf/20210215_3/16133861016882whsY_JPEG/review-attachment-204c3dd2-2e37-4efc-b22d-cadb472966fc.jpeg?type=f300_300,dusl****,18.03.19.
56,5,걱정했는데 괜찮네요,https://phinf.pstatic.net/checkout.phinf/20210328_62/1616865136498mAySg_JPEG/review-attachment-f041fe81-f860-4786-8ff7-5d7f026d8e05.jpeg?type=f300_300,dusl****,18.03.19.
57,5,잠자리의 퀄리티가 달라집니다ㅋㅋ 좀 무겁긴 해요,https://phinf.pstatic.net/checkout.phinf/20210310_96/1615344690636vQycO_JPEG/review-attachment-fcd4b186-1de8-46a0-83ef-00246e0ca661.jpeg?type=f300_300,love****,18.02.27.
58,5,좋아요빠르구,https://phinf.pstatic.net/checkout.phinf/20210301_209/1614564832564jImAi_JPEG/review-attachment-32ad8e1e-cbee-4fce-8a04-6be1c66acad2.jpeg?type=f300_300,yoan****,18.02.27.
59,4,배송도 엄청 튼튼하고 꼼꼼하게 잘왔어요. 델라텍스 두번째 이용하는데 냄새없어서 바로 사용할수있겠어요. 전 너무 만족스러워요.,https://phinf.pstatic.net/checkout.phinf/20210227_177/1614404207833MLWES_JPEG/review-attachment-f9b84f2d-5193-47f3-9b21-b51c5b1edf1f.jpeg?type=f300_300,shst****,17.12.08.
60,5,좋아용~~~,https://phinf.pstatic.net/image.nmv/shopnbuyer_2021_01_13_0/1227392e-55a4-11eb-a12c-a0369ff963bc_03.jpg?type=ffn300_300,pooh****,17.12.27.
61,5,처음이라 냄새나는것 빼고는 만족스럽습니다,https://phinf.pstatic.net/checkout.phinf/20210326_102/1616758882099t5Hei_JPEG/review-attachment-2d960b3a-f409-4420-a294-313347cc17bf.jpeg?type=f300_300,soul****,17.11.12.
62,5,폭신하고 좋아요ㅋㅋ,https://phinf.pstatic.net/checkout.phinf/20210320_138/16162329796237AoJA_JPEG/review-attachment-f89c70ef-3fc8-460d-8a0d-b9071e7026f1.jpeg?type=f300_300,bbob****,17.11.02.
63,5,만족합니다 ~,https://phinf.pstatic.net/checkout.phinf/20210327_149/1616805817864nD86Q_JPEG/review-attachment-c34a256c-2cb5-4630-b804-9c92584721cd.jpeg?type=f300_300,oppa****,17.10.25.
64,5,처음이라 냄새는 나는데 괜찮아지겠죠? ,https://phinf.pstatic.net/checkout.phinf/20210318_234/1616032710714lN6nJ_JPEG/review-attachment-daeadafd-04e6-400d-89c3-72f2b89a9ae9.jpeg?type=f300_300,papa****,17.10.16.
65,5,"구성이좋아요 방석, 방수커버, 베개 2개
라텍스도 좋은거 같아요
고무냄새는 조금 나지만 심하진 않아요
ㅎㅎ",https://phinf.pstatic.net/checkout.phinf/20210218_102/1613654591564qIaOp_JPEG/review-attachment-347078c2-96e5-4cf5-9cb9-55b5a6b6e6f3.jpeg?type=f300_300,lhc3****,17.09.27.
66,5,배송은 하루 더 걸렸지만 좋아요,https://phinf.pstatic.net/checkout.phinf/20210323_102/1616473257588le5h3_JPEG/review-attachment-b2473737-5628-41e6-9d5e-6556dd33e3ed.jpeg?type=f300_300,lhc3****,17.09.27.
67,3,또 사야겠어요 오 푹신하다 싶다가도 막 너무 푹신하지 않아서 적당해서 딱 좋구요 한마디로 딱 적당한 푹신함!졸리긴 졸려야 되지만 ㅋㅋ 잠도 잘 오구요잘 샀어요또 사야겠어요 다만 킹사이즈로 세트 팔면 더 좋았을텐데 싶어요이제 접이식 필요해서 접이식 살까 생각해요,https://phinf.pstatic.net/checkout.phinf/20210324_207/1616546730062MQmof_JPEG/review-attachment-5f808cd5-7e67-45c2-b4f6-1418686bed77.jpeg?type=f300_300,yeni****,17.08.28.
68,5,굿 정말 만족합니다 배송도 빠르고 상품도 만족 스럽고 구성도 좋고 일단 원하던 그대로 였네요 ㅎ,https://phinf.pstatic.net/checkout.phinf/20210306_113/1614988103659xctYM_JPEG/review-attachment-d363b779-7f72-4791-a962-77b8be67f6d2.jpeg?type=f300_300,ads1****,17.09.14.
69,5,만족합니다,https://phinf.pstatic.net/checkout.phinf/20210308_84/1615173126207gPym3_JPEG/review-attachment-dd18a272-8fb0-416f-b044-35b74dde830c.jpeg?type=f300_300,ads1****,17.09.14.
70,5,정말 너무편안하고 잠이 잘오네요 대만족!,https://phinf.pstatic.net/checkout.phinf/20210215_6/16133550147777T3hl_JPEG/review-attachment-47327de1-38a4-494c-baac-5ac847e1e48d.jpeg?type=f300_300,good****,17.08.30.
71,5,"좋아요 잘 샀어요
적당히 푹신하고 잠도 잘옵니다
다음에 또 사야겠어요",https://phinf.pstatic.net/checkout.phinf/20210308_139/1615173034699THkps_JPEG/review-attachment-aae5d8cd-3a94-441b-9bbb-e13a32da25ed.jpeg?type=f300_300,yeni****,17.08.28.
72,5,정말 고가랑은차이가 남 좋다고해서 샀는데 진짜 백만원짜리랑은 차이가 마니 나네요. 그래도 가성비는 좋아요. 반품할까하다가 귀찮아서 써요. 눈 높으신 분들은 백화점가서 누워보고 사시길. 차이가 좀 나긴합니다.,https://phinf.pstatic.net/checkout.phinf/20210225_194/1614257312087P2X8e_JPEG/review-attachment-e018ce9c-18eb-4194-ae69-6cf63dfdd931.jpeg?type=f300_300,hyun****,17.08.10.
73,5,두번째 구매에요 편해요^^,https://phinf.pstatic.net/checkout.phinf/20210227_151/161441372745871Xby_JPEG/review-attachment-7200f33e-601e-4927-9ccf-dbb741192b95.jpeg?type=f300_300,kyun****,17.08.30.
74,5,가격대비 높은 만족도..!! 좋은제품 감사합니다~묵직한 느낌이 드는 라텍스제품은 아니지만가격을 생각햇을때로는 상당히 마음에 드는 제품입니다~처음에는 냄새가 좀 나는군요 ㅠ,https://phinf.pstatic.net/checkout.phinf/20210214_282/1613291515023I51bA_JPEG/review-attachment-40ffa4c3-4541-4e61-a1f2-afec4357cac0.jpeg?type=f300_300,qlql****,17.08.10.
75,5,완전만족합니다,https://phinf.pstatic.net/checkout.phinf/20210215_3/16133861016882whsY_JPEG/review-attachment-204c3dd2-2e37-4efc-b22d-cadb472966fc.jpeg?type=f300_300,myks****,17.09.03.
76,3,"좋아요 두껍고 편해요 라텍스 처음써봐요 결혼하고 4년동안 고민만 하다가 침대버리고 라텍스깔았어요ㅡㅎ
전 침대보다 이게 좋네요 아기가 어려서 침대사용이 어려워 버리고이사왔지만 나중에 다시사게되면 매트리스 위에 올리려고 퀸사이즈 시켰어요 무개가 어마어마합니다. 힘이나름 센 30대중반 여자인데 끌고다니는것도 버겁네요 옮겨다니지 말아야 할듯ㅎㅎ신랑은 좋긴한데여름엔 너무 덥겠대요 본인처럼 몸에열이많은 사람들은 라텍스가 안맞는거냐며 물어보더라구요. 전 몸에 열없는 사람이라서 별로 대수롭지않게 넘겻어요ㅎㅎ
프리미엄세트로 주문하여 빠진상품없이 다 잘받았구요,
다만 추가로온 오가닉 커버는 원래 뒤집혀서 오는건가요? 자크가안쪽에 있어서 이걸 어찌 열어야 하나 난감하네요^^;;관리자분께서 확인하시면 연락을 주시는건지..따로 전화해서 물어봐야하는지..일단 지금 커버바꿀일은 없어 접어서 넣어뒀는데 잘못온건지 모르겠네요",https://phinf.pstatic.net/checkout.phinf/20210328_62/1616865136498mAySg_JPEG/review-attachment-f041fe81-f860-4786-8ff7-5d7f026d8e05.jpeg?type=f300_300,nani****,17.07.07.
77,5,푹신하규 아주 좋습니다 ,https://phinf.pstatic.net/checkout.phinf/20210310_96/1615344690636vQycO_JPEG/review-attachment-fcd4b186-1de8-46a0-83ef-00246e0ca661.jpeg?type=f300_300,rnra****,17.08.29.
78,5,"두번째구매 일반형 접이형 두가지를 구매하였는데,두가지 제품다 너무나도 마음에 듭니다~감사합니다 !^^",https://phinf.pstatic.net/checkout.phinf/20210301_209/1614564832564jImAi_JPEG/review-attachment-32ad8e1e-cbee-4fce-8a04-6be1c66acad2.jpeg?type=f300_300,qlql****,17.08.20.
79,5,만족합니다. 근데 방수커버는 겉커버를 벗기고 안에 씌우는 건가요??,https://phinf.pstatic.net/checkout.phinf/20210227_177/1614404207833MLWES_JPEG/review-attachment-f9b84f2d-5193-47f3-9b21-b51c5b1edf1f.jpeg?type=f300_300,beta****,17.08.14.
80,5,"느낌좋고 수면의 질도 높아졌네요/
번창하세요",https://phinf.pstatic.net/image.nmv/shopnbuyer_2021_01_13_0/1227392e-55a4-11eb-a12c-a0369ff963bc_03.jpg?type=ffn300_300,toby****,17.08.21.
81,5,"좀 무겁긴하지만, 편하고 좋아요
",https://phinf.pstatic.net/checkout.phinf/20210326_102/1616758882099t5Hei_JPEG/review-attachment-2d960b3a-f409-4420-a294-313347cc17bf.jpeg?type=f300_300,khkh****,17.08.22.
82,5,아가랑 너무 편안하게 잘 자고있어요,https://phinf.pstatic.net/checkout.phinf/20210320_138/16162329796237AoJA_JPEG/review-attachment-f89c70ef-3fc8-460d-8a0d-b9071e7026f1.jpeg?type=f300_300,hoho****,17.08.15.
83,5,만족합니다,https://phinf.pstatic.net/checkout.phinf/20210327_149/1616805817864nD86Q_JPEG/review-attachment-c34a256c-2cb5-4630-b804-9c92584721cd.jpeg?type=f300_300,qlql****,17.08.20.
84,5,만족합니다,https://phinf.pstatic.net/checkout.phinf/20210318_234/1616032710714lN6nJ_JPEG/review-attachment-daeadafd-04e6-400d-89c3-72f2b89a9ae9.jpeg?type=f300_300,duzo****,17.08.18.
85,5,"완전대박입니다 일단  배송에서  깜짝놀랐어요!!
배송이 총알배송이구요
라텍스처음 사봤는데 역시 너무좋아요
색상도 굿굿 폭신폭신하고
강추입니다♡♡",https://phinf.pstatic.net/checkout.phinf/20210218_102/1613654591564qIaOp_JPEG/review-attachment-347078c2-96e5-4cf5-9cb9-55b5a6b6e6f3.jpeg?type=f300_300,sksw****,17.07.05.
86,5,푹신푹신 좋아요^^ 택배아저씨 고맙심다~~,https://phinf.pstatic.net/checkout.phinf/20210323_102/1616473257588le5h3_JPEG/review-attachment-b2473737-5628-41e6-9d5e-6556dd33e3ed.jpeg?type=f300_300,semi****,17.08.06.
87,5,예전꺼보다 더 좋아진 느낌이네요.,https://phinf.pstatic.net/checkout.phinf/20210324_207/1616546730062MQmof_JPEG/review-attachment-5f808cd5-7e67-45c2-b4f6-1418686bed77.jpeg?type=f300_300,lave****,17.08.09.
88,5,두번째 구매를 했습니다. 상품은 만족한데 바닥 미끄럼 방지 처리가 안된 제품을 구할 수 있으면 더 좋았을텐데 그것이 아쉽습니다. 다음엔 커버를 선택할떼 그렇게 될수 있기를 바랍니다,https://phinf.pstatic.net/checkout.phinf/20210306_113/1614988103659xctYM_JPEG/review-attachment-d363b779-7f72-4791-a962-77b8be67f6d2.jpeg?type=f300_300,hiko****,17.07.13.
89,5,만족합니다~!,https://phinf.pstatic.net/checkout.phinf/20210308_84/1615173126207gPym3_JPEG/review-attachment-dd18a272-8fb0-416f-b044-35b74dde830c.jpeg?type=f300_300,qlql****,17.08.10.
90,5,"접어서 쓸수있어서 좋습니다
허리도 안아파요.",https://phinf.pstatic.net/checkout.phinf/20210215_6/16133550147777T3hl_JPEG/review-attachment-47327de1-38a4-494c-baac-5ac847e1e48d.jpeg?type=f300_300,tipa****,17.08.01.
91,5,좋아요 좋습니다. 전에 구매했다가 괜찮아서 재구매 합니다. 많이 파세요 수고하세요 라텍스 중에서는 괜찮은 브랜드 같아요,https://phinf.pstatic.net/checkout.phinf/20210308_139/1615173034699THkps_JPEG/review-attachment-aae5d8cd-3a94-441b-9bbb-e13a32da25ed.jpeg?type=f300_300,aehc****,17.07.17.
92,5,배송도 빠르고 맘에 듭니다!,https://phinf.pstatic.net/checkout.phinf/20210225_194/1614257312087P2X8e_JPEG/review-attachment-e018ce9c-18eb-4194-ae69-6cf63dfdd931.jpeg?type=f300_300,lion****,17.08.02.
93,5,적극추천합니다. 천연 라텍스 통몰드 가격 참 착하게 잘나왔네요... 대전소비자센터에서 유해물질 검출됐다고해서 알아본결과 150도 이상에서 검출되기때문에 실생활에서 나올확률 제로네요...  라텍스중에 가장 안전하다고 생각했던 판다림은 가격이 너무비싸서 선택을 안했지만 통몰드 라텍스 강추합니다.,https://phinf.pstatic.net/checkout.phinf/20210227_151/161441372745871Xby_JPEG/review-attachment-7200f33e-601e-4927-9ccf-dbb741192b95.jpeg?type=f300_300,newr****,17.07.02.
94,5,빠른배송 좋은 품질 감사드립니다.. 부자되세요...^^,https://phinf.pstatic.net/checkout.phinf/20210214_282/1613291515023I51bA_JPEG/review-attachment-40ffa4c3-4541-4e61-a1f2-afec4357cac0.jpeg?type=f300_300,yosh****,17.07.29.
95,5,"배송 품질 만족해요 배송도 2일만에 와서 생각보다 빠른 배송에 기분 좋았어요. 제품은 접이식인제 접히는 면적이 혹여 불편할까 걱정했는데 전혀 불편하지 않고, 냄새도 안나고 개인적으론 이 것만 깔고 자도 전혀 등베김 없어요(높이 비교 사진 참조하세요) 가격도 타사 유사 사양 대비 저렴하고 매우 만족합니다^^",https://phinf.pstatic.net/checkout.phinf/20210215_3/16133861016882whsY_JPEG/review-attachment-204c3dd2-2e37-4efc-b22d-cadb472966fc.jpeg?type=f300_300,enth****,17.05.31.
96,5,택배 오늘 온대서 광주에서 나주로 왓는데 내일 가져오신대서 택시로 가지러 갔네요 그외만족합ㄴ다,https://phinf.pstatic.net/checkout.phinf/20210328_62/1616865136498mAySg_JPEG/review-attachment-f041fe81-f860-4786-8ff7-5d7f026d8e05.jpeg?type=f300_300,tpgl****,17.07.06.
97,5,잘쓰겠습니다,https://phinf.pstatic.net/checkout.phinf/20210310_96/1615344690636vQycO_JPEG/review-attachment-fcd4b186-1de8-46a0-83ef-00246e0ca661.jpeg?type=f300_300,bmhj****,17.07.19.
98,5,좋은데 세탁은 어떻게,https://phinf.pstatic.net/checkout.phinf/20210301_209/1614564832564jImAi_JPEG/review-attachment-32ad8e1e-cbee-4fce-8a04-6be1c66acad2.jpeg?type=f300_300,thdr****,17.07.16.
99,5,적극추천합니다. 통몰드 천연라텍스 이가격에 구매할수있다니 강추,https://phinf.pstatic.net/checkout.phinf/20210227_177/1614404207833MLWES_JPEG/review-attachment-f9b84f2d-5193-47f3-9b21-b51c5b1edf1f.jpeg?type=f300_300,newr****,17.07.02.
