﻿,star,review,reviewImage,customerId,reviewDate
0,5,배송도 생각보다 빠르고 포장상태도 워낙 꼼꼼하게 압축진공으로.. 이게 진짜 매트리스가 맞나 신기했어요. 오픈하자마자 매트리스가 2초컷으로 탄생!!!! 정말 매트리스 신세계 경험했네요. 자고 일어나도 찌뿌둥하고 아이도 함께 사용할 매트리스가 필요했는데 이만한게 없어요.먼지도 안날리고 냄새도 전혀안났어요. 보풀도 안생기고 아이 피부에 닿아도 전혀 걱정없는 소재라 안심하고 일주일 넘게 사용중이에요. (∗❛⌄❛∗) 신체 골고루 압력이 고루 분산되서 누워도 허리도 안아프고 프레임 따로 구입하시게되더라도 스타일링이 다양하게 연출되는 매트리스에요. 가성비 최고!,https://phinf.pstatic.net/image.nmv/shopnbuyer_2021_01_13_0/1227392e-55a4-11eb-a12c-a0369ff963bc_03.jpg?type=ffn300_300,iitt****,21.02.05.
1,5,"아이랑 쓸 매트리스로 골랐어요.
독립스프링매트리스라 아이 자고있을 때 슬쩍일어나도 안깨네요 ㅋㅋ
그동안 왜 라텍스, 메모리폼만 고집했는지 모르겠을 정도로
아침이 만족스럽고요~ 적당한 소프트탑이라 잠자리가 더 편해요.
소재까지 친환경이라 더 좋네요!",https://phinf.pstatic.net/checkout.phinf/20210326_102/1616758882099t5Hei_JPEG/review-attachment-2d960b3a-f409-4420-a294-313347cc17bf.jpeg?type=f300_300,diyb****,21.02.14.
2,5,"롤팩으로와서 너무나 신기했어요!! 
압축된거 찢으니 후루룩 팽창되는거보고 
더 신기했습니다 ㅎㅎㅎ
일부러 하루 자보고 리뷰쓰는건데 옆에서 뒤척여도 잘 모를정도로 괜찮은것 같아요. 
만족스러워요!!!",https://phinf.pstatic.net/checkout.phinf/20210320_138/16162329796237AoJA_JPEG/review-attachment-f89c70ef-3fc8-460d-8a0d-b9071e7026f1.jpeg?type=f300_300,eric****,21.02.01.
3,5,"매트리스 가성비 끝판왕 제품이라고 생각합니다.
체압 분산이 효과적이라 다음날 허리도 안아프고 숙면을 취하기에 문제 없어요.",https://phinf.pstatic.net/checkout.phinf/20210327_149/1616805817864nD86Q_JPEG/review-attachment-c34a256c-2cb5-4630-b804-9c92584721cd.jpeg?type=f300_300,iitt****,21.03.07.
4,5,"와 !! 
  전 매트리스가 택배로 올꺼라고 상상도 못했어요 
그리고 이게 이렇게 작은데 커질줄이야 !!!!!!!!!! 
 정말 너무 신기했고 
         막 타사브랜드 몇백하는것보다 훨씬 가성비갑에 잠도 솔솔 너무 만족합니다 ! 

     아이들껏도 바꿔줘야겠다 싶네요 !",https://phinf.pstatic.net/checkout.phinf/20210318_234/1616032710714lN6nJ_JPEG/review-attachment-daeadafd-04e6-400d-89c3-72f2b89a9ae9.jpeg?type=f300_300,jmdm****,21.01.29.
5,5,매트리스를 살려고 자꾸 알아보던중 타업체들은 직접 배송이다보니 배송료나 배송조율에 관련된 내용들에서 지레 겁을 먹게 되더라구요~ 그런데 더식스 매트스는 택배로 이 폭신한 아이가 온다는게 진짜 완전 큰 메리트였그요. 그 박스에 구겨 들어가지는거면 완전 안편한거아니냐 라는 생각을 완전히 뒤집어엎는 !?? 폭신하게 몸을 감싸는 맛 ㅠㅠ 저도 놀랬지만 엄마가 너무 좋아하셔서 적지않게 놀랬답니다.. ㅋㅋㅋ 침대에서 시키지도 않은 사진과 영상을 계속 보내며 칭찬을 아끼지 않으셨어요 ㅠㅠ 효도가 +1 쌓였네요 ㅋㅋ 부모님 사드리면 완전 뿌듯하실거에요. 누워보니 진짜 편안하고 고급 매트리스 흔들리지않는편안함도 똑같아여ㅠㅠ 진짜최곱니다 두번 사세여.. 이가격에 이건 물건이에요 진짜,https://phinf.pstatic.net/checkout.phinf/20210218_102/1613654591564qIaOp_JPEG/review-attachment-347078c2-96e5-4cf5-9cb9-55b5a6b6e6f3.jpeg?type=f300_300,park****,20.11.19.
6,5,"기사님이 집에 들어와서 설치해 줄 필요도 없고, 택배 박스를 개봉해서 내용물을 펼치고 전용 커터로 비닐을 뜯어주면 끝! 인스턴트 식품을 전자렌지에 데워서 먹듯이 뭔가 엄청 간편한 느낌이에요! ㅎㅎㅎ
비닐 개봉 시 거의 90%정도 확 부풀어 오르고, 원래의 형태로 완전히 팽창하는데까지는 24~48시간 정도가 소요된다고 합니다.
쿠션감도 너무 물렁하거나 단단하지 않으면서 몸을 전체적으로 균일하게 떠받쳐 주는 느낌으로 적당한 탄력감을 갖추고 있습니다. 또한 통기성이 좋을 것 같은 감촉이라 덥거나 땀이 차지 않을 것 같아요.
어떤 자세로 누워도 몸이 배기지 않고 편안해서 우리 부부용 침대임에도 불구하고 아이가 더 좋아합니다. ^^",https://phinf.pstatic.net/checkout.phinf/20210323_102/1616473257588le5h3_JPEG/review-attachment-b2473737-5628-41e6-9d5e-6556dd33e3ed.jpeg?type=f300_300,ksig****,20.11.21.
7,5,"허리가 안좋아서 잠자리가 중요한데 매트 바꾸고 확실히 좋아졌어요! 
너무 푹신하고 좋아요!",https://phinf.pstatic.net/checkout.phinf/20210324_207/1616546730062MQmof_JPEG/review-attachment-5f808cd5-7e67-45c2-b4f6-1418686bed77.jpeg?type=f300_300,adm4****,21.01.31.
8,5,"아이들이 어린데다 껌딱지라 바닥취침하다가 도저히 더이상은 힘들고 허리도 너무 아파 침대에서 자는데. 신혼살림으로 마련했던 매트리스라 시간이 지나 매트리스 상태도 별로고 둘째가 쉬야 실수까지 해서 바꿔야했어요.
더식스 매트리스 롤팩매트리스로 택배배송되어 오니 신기했는데. 커터로 압축팩 개봉하자마자 부풀어오르는게 정말 신기하더라구요 ㅎㅎ
안전한 자재와 라돈 검사까지 마친 매트리스라 나쁜 냄새도 없었구요.
쿠션감 너무 푹신해도 별로, 딱딱해도 별론데
신체 잘 받쳐줄만큼 적당히 탄탄하니 쿠션감 좋더라구요.
텐셀 소재도 보들보들 너무 좋고 >_< 수면의 변화 기대됩니다^ㅇ^",https://phinf.pstatic.net/checkout.phinf/20210306_113/1614988103659xctYM_JPEG/review-attachment-d363b779-7f72-4791-a962-77b8be67f6d2.jpeg?type=f300_300,girl****,20.09.11.
9,5,"배송 빠르고 좋아요!
처음에 사이즈만 보고 토퍼 아닌가 싶을 정도로 작은 박스에 들어왔는데
제대로 압축이 되어있더라구요.
개봉하니 두께도 두껍고 너무 푹신하고 좋네요 ㅎㅎㅎ
너무 만족스러워요. 
맨날 자면서 뒤척이는데 꿀잠을 기대해봅니다! ㅎ",https://phinf.pstatic.net/checkout.phinf/20210308_84/1615173126207gPym3_JPEG/review-attachment-dd18a272-8fb0-416f-b044-35b74dde830c.jpeg?type=f300_300,adm4****,20.11.15.
10,5,"일주일 정도 사용해봤는데, 아직은 좀 더 사용해봐야 알겠지만, 이 매트리스에서 잠을 자고 난 뒤로는 새벽에 깬 적이 한번도 없네요. 그런 느낌이 계속 지속되었으면 좋겠습니다~!!",https://phinf.pstatic.net/checkout.phinf/20210215_6/16133550147777T3hl_JPEG/review-attachment-47327de1-38a4-494c-baac-5ac847e1e48d.jpeg?type=f300_300,abou****,20.09.18.
11,5,"롤팩으로 되어있어서 너무 편하구요
뜯자마자 서서히 부풀어 오르는게 넘 신기했어요-
몸을 감싸주는 폭신한 매트리스! 잠시 누워 보았는데 넘 편하더라구요",https://phinf.pstatic.net/checkout.phinf/20210308_139/1615173034699THkps_JPEG/review-attachment-aae5d8cd-3a94-441b-9bbb-e13a32da25ed.jpeg?type=f300_300,jo_m****,20.09.10.
