﻿,star,review,reviewImage,customerId,reviewDate
0,5,두꺼워서 좋아요 솜이 두개가 분리되있어 자꾸 움직이는것 빼면 만족해요,https://phinf.pstatic.net/image.nmv/shopnbuyer_2021_01_13_0/1227392e-55a4-11eb-a12c-a0369ff963bc_03.jpg?type=ffn300_300,adni****,20.07.29.
1,4,푹신한 편은 아니고  적당한  쿠션이구요.  디자인 제품 서비스 모두 만족합니다. 다만 커버색이 좀 화사한것도 있으면 좋겠어요.,https://phinf.pstatic.net/checkout.phinf/20210326_102/1616758882099t5Hei_JPEG/review-attachment-2d960b3a-f409-4420-a294-313347cc17bf.jpeg?type=f300_300,dann****,20.06.25.
2,5,적당히  딱딱하고 저하고는 맞아요,https://phinf.pstatic.net/checkout.phinf/20210320_138/16162329796237AoJA_JPEG/review-attachment-f89c70ef-3fc8-460d-8a0d-b9071e7026f1.jpeg?type=f300_300,woor****,20.07.07.
3,5,매트는 쓸만한데 받는과정이 좀 별로여서 마냥 만족스럽진 않네요,https://phinf.pstatic.net/checkout.phinf/20210327_149/1616805817864nD86Q_JPEG/review-attachment-c34a256c-2cb5-4630-b804-9c92584721cd.jpeg?type=f300_300,yeon****,20.06.19.
4,5,좋아요등안베기네요 ㅎㅎ,https://phinf.pstatic.net/checkout.phinf/20210318_234/1616032710714lN6nJ_JPEG/review-attachment-daeadafd-04e6-400d-89c3-72f2b89a9ae9.jpeg?type=f300_300,shdm****,20.06.04.
5,5,쿠션감이 조금 부족,https://phinf.pstatic.net/checkout.phinf/20210218_102/1613654591564qIaOp_JPEG/review-attachment-347078c2-96e5-4cf5-9cb9-55b5a6b6e6f3.jpeg?type=f300_300,malb****,20.04.05.
6,4,아직 손님이 안와서 못쓰고익어요...,https://phinf.pstatic.net/checkout.phinf/20210323_102/1616473257588le5h3_JPEG/review-attachment-b2473737-5628-41e6-9d5e-6556dd33e3ed.jpeg?type=f300_300,kink****,20.02.12.
7,3,배송빨라와서 좋엇어용,https://phinf.pstatic.net/checkout.phinf/20210324_207/1616546730062MQmof_JPEG/review-attachment-5f808cd5-7e67-45c2-b4f6-1418686bed77.jpeg?type=f300_300,kink****,20.01.08.
