﻿,star,review,reviewImage,customerId,reviewDate
0,3,"3월 6일에 주문해서 16, 17일에 쇼파, 쿠션 따로 받았어요. 기사님은 매우 친절하셔 기분 좋았어요. 쇼파 먼저와서 뜯어봤을 땐 원룸에서 편하게 쓸 수 잇을거같아서 만족했는데. 오늘 쿠션받아보고 넘 힘들었어요...쇼파, 쿠션 둘 다 화학냄새가나서 냄새좀 빼고 커버를 씻으려고 분리하는데 쿠션은 도대체 어떻게 빼라고 지퍼부분이 그렇게 좁은건지 모르겠어요.. 제 손에 멕아리가 없는건지 쿠션 스펀지는 접히지도 빠지지도 않고..팔에 쥐나고..  혼자 난리치다 지퍼 끝쪽 10cm 가량 찢어지니까 그제서야 나오더라고욤. 너무 슬퍼요. 제가 제대로 못한건지.. 암튼 힘드네요..",https://phinf.pstatic.net/image.nmv/shopnbuyer_2021_01_13_0/1227392e-55a4-11eb-a12c-a0369ff963bc_03.jpg?type=ffn300_300,a199****,21.03.17.
1,4,접이식에 두꺼워서 좋아요 자취방에 딱이네요 쿠션감도 너무 푹신하지않고 좋습니다,https://phinf.pstatic.net/checkout.phinf/20210326_102/1616758882099t5Hei_JPEG/review-attachment-2d960b3a-f409-4420-a294-313347cc17bf.jpeg?type=f300_300,dlwj****,21.03.24.
2,5,배송도 좋고 다 좋은데 좀 푹신해요ㅎ,https://phinf.pstatic.net/checkout.phinf/20210320_138/16162329796237AoJA_JPEG/review-attachment-f89c70ef-3fc8-460d-8a0d-b9071e7026f1.jpeg?type=f300_300,leol****,21.03.22.
3,1,"빠른배송 친절한기사
잘쓸게요",https://phinf.pstatic.net/checkout.phinf/20210327_149/1616805817864nD86Q_JPEG/review-attachment-c34a256c-2cb5-4630-b804-9c92584721cd.jpeg?type=f300_300,kyle****,21.03.17.
4,3,12/20에 주문했는데 1/7에 배송왔네요. 연말이고 물량 많아서 어느정도는 이해가 되는데 안내는 7일 정도 걸린다고 해서 의아했어요. 차라리 배송이 늦는다고 안내해주면 좋았을텐데... 제품은 냄새 따로 안빼고 바로 써도 될 정도이고 적당히 단단해서 좋아요! 만족합니다,https://phinf.pstatic.net/checkout.phinf/20210318_234/1616032710714lN6nJ_JPEG/review-attachment-daeadafd-04e6-400d-89c3-72f2b89a9ae9.jpeg?type=f300_300,dyj0****,21.01.11.
5,5,정말 진짜 찾던 매트리스에요! 2단으로 접을 수 있어 공간 활용도도 높고 높이가 높은 편이라 토퍼보다 편하고 좋습니다ㅠㅠㅠ💕 커버도 극세사라 따듯해요,https://phinf.pstatic.net/checkout.phinf/20210218_102/1613654591564qIaOp_JPEG/review-attachment-347078c2-96e5-4cf5-9cb9-55b5a6b6e6f3.jpeg?type=f300_300,haju****,21.01.08.
6,4,비닐도 엄청 더러운 상태에서 씌워져서 오고 바로 뜯어보니까 실밥도 뜯어져 있고 색상이나 매트 느낌도 진짜 별로에요.,https://phinf.pstatic.net/checkout.phinf/20210323_102/1616473257588le5h3_JPEG/review-attachment-b2473737-5628-41e6-9d5e-6556dd33e3ed.jpeg?type=f300_300,dnv5****,21.01.09.
7,5,푹신하고 갠친네요.,https://phinf.pstatic.net/checkout.phinf/20210324_207/1616546730062MQmof_JPEG/review-attachment-5f808cd5-7e67-45c2-b4f6-1418686bed77.jpeg?type=f300_300,airm****,21.01.23.
8,4,"주문한디 3일만에 받았습니다. 배송하시는 분 매우 친절하셨고, 물건도 가격 대비 매우 만족스럽네요.",https://phinf.pstatic.net/checkout.phinf/20210306_113/1614988103659xctYM_JPEG/review-attachment-d363b779-7f72-4791-a962-77b8be67f6d2.jpeg?type=f300_300,moon****,20.12.16.
9,5,푹신하지 않아서 좋구요. 편하네요.,https://phinf.pstatic.net/checkout.phinf/20210308_84/1615173126207gPym3_JPEG/review-attachment-dd18a272-8fb0-416f-b044-35b74dde830c.jpeg?type=f300_300,alon****,20.12.23.
10,1,주문생산이리 받는데좀걸렷지만 좋습니나,https://phinf.pstatic.net/checkout.phinf/20210215_6/16133550147777T3hl_JPEG/review-attachment-47327de1-38a4-494c-baac-5ac847e1e48d.jpeg?type=f300_300,airm****,20.12.19.
11,5,좋네요!! 예쁘요 귿귿,https://phinf.pstatic.net/checkout.phinf/20210308_139/1615173034699THkps_JPEG/review-attachment-aae5d8cd-3a94-441b-9bbb-e13a32da25ed.jpeg?type=f300_300,self****,20.11.27.
12,5,"이제까지 쓴 저가형 매트리스중에 가장 좋은
단점은 배송이느림",https://phinf.pstatic.net/checkout.phinf/20210225_194/1614257312087P2X8e_JPEG/review-attachment-e018ce9c-18eb-4194-ae69-6cf63dfdd931.jpeg?type=f300_300,gkdl****,20.10.27.
13,5,좋아요~~~~~이거 좋네요ㅎㅎㅎ,https://phinf.pstatic.net/checkout.phinf/20210227_151/161441372745871Xby_JPEG/review-attachment-7200f33e-601e-4927-9ccf-dbb741192b95.jpeg?type=f300_300,suji****,20.09.30.
14,5,"강아지랑 같이 쓸려고 낮은 쇼파 찾다가 써보니
편안하고 강아지도 무릎걱정없이 올라올수 있어서 맘에들어요",https://phinf.pstatic.net/checkout.phinf/20210214_282/1613291515023I51bA_JPEG/review-attachment-40ffa4c3-4541-4e61-a1f2-afec4357cac0.jpeg?type=f300_300,sssi****,20.09.09.
15,5,굿.......굿굿,https://phinf.pstatic.net/checkout.phinf/20210215_3/16133861016882whsY_JPEG/review-attachment-204c3dd2-2e37-4efc-b22d-cadb472966fc.jpeg?type=f300_300,bang****,20.09.09.
16,5,배송되기까지 오래걸렸지만 배송기사님이 친절하게 설치까지해주셨어요 색상도 이쁘고 생각보다 폭신하네요,https://phinf.pstatic.net/checkout.phinf/20210328_62/1616865136498mAySg_JPEG/review-attachment-f041fe81-f860-4786-8ff7-5d7f026d8e05.jpeg?type=f300_300,rope****,20.07.09.
17,5,한달째 매트리스 꺼짐없이 잘 사용하고 있어요^^,https://phinf.pstatic.net/checkout.phinf/20210310_96/1615344690636vQycO_JPEG/review-attachment-fcd4b186-1de8-46a0-83ef-00246e0ca661.jpeg?type=f300_300,shr2****,20.07.14.
18,5,리뷰보고 고민하다가 샀는대 왜 사람들이 한개 사고 또 하나 사는줄 알것같네요 자고 일어나면 허리가 아퍼서 알아보다가 속는셈치고 샀는대 완전 만족합니다^^감사합니다!,https://phinf.pstatic.net/checkout.phinf/20210301_209/1614564832564jImAi_JPEG/review-attachment-32ad8e1e-cbee-4fce-8a04-6be1c66acad2.jpeg?type=f300_300,ppot****,20.06.02.
19,5,"마루에서 자는 아들 사줄려고
여기저기 둘러보고 고민하다 구입하게 되었는데
생각보다 폭신하고 부드럽습니다
아들도 너무 좋다고 편안하다고 하네요~
후회는 없습니다~",https://phinf.pstatic.net/checkout.phinf/20210227_177/1614404207833MLWES_JPEG/review-attachment-f9b84f2d-5193-47f3-9b21-b51c5b1edf1f.jpeg?type=f300_300,leem****,20.05.17.
20,3,안좋은 평들만 봐서 걱정했는데 쿠션감도 좋구 두께도 두꺼워서 엉덩이도 안베기고 좋네요,https://phinf.pstatic.net/image.nmv/shopnbuyer_2021_01_13_0/1227392e-55a4-11eb-a12c-a0369ff963bc_03.jpg?type=ffn300_300,shr2****,20.06.08.
21,4,"설명 그대로네요
만족하고갑니다",https://phinf.pstatic.net/checkout.phinf/20210326_102/1616758882099t5Hei_JPEG/review-attachment-2d960b3a-f409-4420-a294-313347cc17bf.jpeg?type=f300_300,moon****,20.06.24.
22,5,가격대비에 정말 좋아요,https://phinf.pstatic.net/checkout.phinf/20210320_138/16162329796237AoJA_JPEG/review-attachment-f89c70ef-3fc8-460d-8a0d-b9071e7026f1.jpeg?type=f300_300,choi****,20.06.24.
23,1,예상했던거보다 품질이 훨씬 좋아요~~,https://phinf.pstatic.net/checkout.phinf/20210327_149/1616805817864nD86Q_JPEG/review-attachment-c34a256c-2cb5-4630-b804-9c92584721cd.jpeg?type=f300_300,gaed****,20.04.17.
24,5,누워있기에 딱 좋습니다 만족해요,https://phinf.pstatic.net/checkout.phinf/20210318_234/1616032710714lN6nJ_JPEG/review-attachment-daeadafd-04e6-400d-89c3-72f2b89a9ae9.jpeg?type=f300_300,qotk****,20.02.29.
25,5,"아기가너무좋아해요
이쁘고요",https://phinf.pstatic.net/checkout.phinf/20210218_102/1613654591564qIaOp_JPEG/review-attachment-347078c2-96e5-4cf5-9cb9-55b5a6b6e6f3.jpeg?type=f300_300,skyh****,20.02.20.
26,5,배송 겁나느리고 물류센터랑 커뮤니케이션이 개똥인지 배송지도 오류나고 배송 새로받을려면 또 한주 기다려야한다고 하길래 열받아서 그냥 제가 받아왔습니다. 뭐 고객센터는 폼으로있는지 원 그리고 생각보다 길어서 쇼파처럼 쓰기 불편해요,https://phinf.pstatic.net/checkout.phinf/20210323_102/1616473257588le5h3_JPEG/review-attachment-b2473737-5628-41e6-9d5e-6556dd33e3ed.jpeg?type=f300_300,skdb****,20.02.03.
27,5,좋아요 디자인도 잘빠졌고 실용적이에요 손님오면 매트리스로 쓸려구요,https://phinf.pstatic.net/checkout.phinf/20210324_207/1616546730062MQmof_JPEG/review-attachment-5f808cd5-7e67-45c2-b4f6-1418686bed77.jpeg?type=f300_300,toaa****,20.01.20.
28,5,폭신하고  맘에듭니다,https://phinf.pstatic.net/checkout.phinf/20210306_113/1614988103659xctYM_JPEG/review-attachment-d363b779-7f72-4791-a962-77b8be67f6d2.jpeg?type=f300_300,daeh****,20.01.03.
29,4,"좋아요 쇼파보단 편하게 누워서 티비볼 쇼파베드 찾다가 이쁜거같아 샀어요 실용적이고 마음에 듭니다
생각보다 많이 두껍고 편하네요 너무푹신하면 쇼파로 쓰기 불편할거같은데 적당히 푹신해요 
두개를 들고오시느라 기사님이 고생하셨네요 너무 감사드립니다",https://phinf.pstatic.net/checkout.phinf/20210308_84/1615173126207gPym3_JPEG/review-attachment-dd18a272-8fb0-416f-b044-35b74dde830c.jpeg?type=f300_300,toaa****,19.12.11.
30,1,가격대비 잘쓰고 있어요. 가끔 양옆 부분이 푹 꺼지기도 하는데 큰 불편은 없어요.,https://phinf.pstatic.net/checkout.phinf/20210215_6/16133550147777T3hl_JPEG/review-attachment-47327de1-38a4-494c-baac-5ac847e1e48d.jpeg?type=f300_300,jool****,19.12.26.
31,5,써보니 편하고 좋아요,https://phinf.pstatic.net/checkout.phinf/20210308_139/1615173034699THkps_JPEG/review-attachment-aae5d8cd-3a94-441b-9bbb-e13a32da25ed.jpeg?type=f300_300,diam****,19.12.11.
32,5,"딸  독립할 때   구입해서   넘 좋아
아들도   사줬어요.    가성비  짱이예요.
지인에게도  추천 할  예정이예요.",https://phinf.pstatic.net/checkout.phinf/20210225_194/1614257312087P2X8e_JPEG/review-attachment-e018ce9c-18eb-4194-ae69-6cf63dfdd931.jpeg?type=f300_300,kimm****,19.12.12.
33,5,일반 매트리스보다 푹신하고 너무 좋아요!,https://phinf.pstatic.net/checkout.phinf/20210227_151/161441372745871Xby_JPEG/review-attachment-7200f33e-601e-4927-9ccf-dbb741192b95.jpeg?type=f300_300,kuj3****,19.12.17.
34,4,배송은 구매평보고 2주 예상했는데 그것보단 일찍와서 좋았어요 감사합니다,https://phinf.pstatic.net/checkout.phinf/20210214_282/1613291515023I51bA_JPEG/review-attachment-40ffa4c3-4541-4e61-a1f2-afec4357cac0.jpeg?type=f300_300,dndi****,19.11.20.
35,5,"다른 접이식 매트리스들보다 두툼해서 좋아요
다만 한달정도 쓰는중인데 벌써부터 가운데 허리부분?이 꺼지고 있는것같은 기분이 드네요;; 
가격대비 좋긴 합니다만 오래는 못쓸것같네요!",https://phinf.pstatic.net/checkout.phinf/20210215_3/16133861016882whsY_JPEG/review-attachment-204c3dd2-2e37-4efc-b22d-cadb472966fc.jpeg?type=f300_300,winh****,19.11.09.
36,5,잘쓰구 있어요 엄청 푹신한건 아닌데 그래서 되려 나은듯..,https://phinf.pstatic.net/checkout.phinf/20210328_62/1616865136498mAySg_JPEG/review-attachment-f041fe81-f860-4786-8ff7-5d7f026d8e05.jpeg?type=f300_300,swee****,19.11.20.
37,5,"제품은 좋지만 배송이 굉장히 느려요..
구입 전에 문의했을 때 분명히 배달 시간 어느정도 조정가능하다고 했지만 일방적 통보만 하시네요ㅠ",https://phinf.pstatic.net/checkout.phinf/20210310_96/1615344690636vQycO_JPEG/review-attachment-fcd4b186-1de8-46a0-83ef-00246e0ca661.jpeg?type=f300_300,jool****,19.11.06.
38,4,"일단 배송이 너무느렸구요 
메트리스 상태는 좋았어요ㅎㅎ
178/100 누워도 쿠션안죽어요ㅋㅋ",https://phinf.pstatic.net/checkout.phinf/20210301_209/1614564832564jImAi_JPEG/review-attachment-32ad8e1e-cbee-4fce-8a04-6be1c66acad2.jpeg?type=f300_300,lloo****,19.10.17.
39,4,"배송이 느려요.....아무리 주문후 제작이라고해도 
9월 26일에 시켰는데 10월 11일에 받았어여...",https://phinf.pstatic.net/checkout.phinf/20210227_177/1614404207833MLWES_JPEG/review-attachment-f9b84f2d-5193-47f3-9b21-b51c5b1edf1f.jpeg?type=f300_300,swee****,19.10.11.
40,3,배송도 빠르고 푹신하고 두께감도 두꺼워서좋아요,https://phinf.pstatic.net/image.nmv/shopnbuyer_2021_01_13_0/1227392e-55a4-11eb-a12c-a0369ff963bc_03.jpg?type=ffn300_300,kimj****,19.09.04.
41,4,생각보다 더 두껍고 너무 푹신하지도 딱딱하지도않게 적당히하드? 해서 제가 딱 좋아하는 쿠션감이라 잠자리가 편안합니다.,https://phinf.pstatic.net/checkout.phinf/20210326_102/1616758882099t5Hei_JPEG/review-attachment-2d960b3a-f409-4420-a294-313347cc17bf.jpeg?type=f300_300,li33****,19.06.29.
42,5,폭신폭신하고 혼자쓰기에 완전짱이에요,https://phinf.pstatic.net/checkout.phinf/20210320_138/16162329796237AoJA_JPEG/review-attachment-f89c70ef-3fc8-460d-8a0d-b9071e7026f1.jpeg?type=f300_300,kimj****,19.07.24.
43,1,편한데 조금 너무푹신해서 오래있으면 허리가 아파요,https://phinf.pstatic.net/checkout.phinf/20210327_149/1616805817864nD86Q_JPEG/review-attachment-c34a256c-2cb5-4630-b804-9c92584721cd.jpeg?type=f300_300,tidn****,19.06.26.
44,5,두껍고 푹신합니다.!좋아요,https://phinf.pstatic.net/checkout.phinf/20210318_234/1616032710714lN6nJ_JPEG/review-attachment-daeadafd-04e6-400d-89c3-72f2b89a9ae9.jpeg?type=f300_300,chae****,19.06.26.
45,5,"작은방에서 쓰기 좋은 사이즈예요.
높이도 적당하네요.",https://phinf.pstatic.net/checkout.phinf/20210218_102/1613654591564qIaOp_JPEG/review-attachment-347078c2-96e5-4cf5-9cb9-55b5a6b6e6f3.jpeg?type=f300_300,knam****,19.06.23.
46,5,튼튼해보여요. 근데 생각보다 크기가 커서 놀랐음,https://phinf.pstatic.net/checkout.phinf/20210323_102/1616473257588le5h3_JPEG/review-attachment-b2473737-5628-41e6-9d5e-6556dd33e3ed.jpeg?type=f300_300,tidn****,19.05.23.
47,3,가격대비 상당히 만족합니다. 원룸에서 침대용 쇼파용으로 매우 효율적으로 사용할 수 있습니다. 두께감도 있어서 푹신푹신 하구요. 냄새는 나지 않았습니다. 오래 쾌적하게 사용하려면 위에 덮개를 깔고 사용하는게 좋을것 같네요. 암튼 만족합니다!,https://phinf.pstatic.net/checkout.phinf/20210324_207/1616546730062MQmof_JPEG/review-attachment-5f808cd5-7e67-45c2-b4f6-1418686bed77.jpeg?type=f300_300,luck****,19.05.15.
48,5,감촉도 좋고 푹신하고 넓어서 좋아요,https://phinf.pstatic.net/checkout.phinf/20210306_113/1614988103659xctYM_JPEG/review-attachment-d363b779-7f72-4791-a962-77b8be67f6d2.jpeg?type=f300_300,tkdd****,19.06.14.
49,5,"좋아요 배송하신분도 친절하시고
원룸에서 혼자쓰기딱입니당",https://phinf.pstatic.net/checkout.phinf/20210308_84/1615173126207gPym3_JPEG/review-attachment-dd18a272-8fb0-416f-b044-35b74dde830c.jpeg?type=f300_300,ws2w****,19.05.05.
50,3,쿠션감 좋고 나쁘지 않습니다.,https://phinf.pstatic.net/checkout.phinf/20210215_6/16133550147777T3hl_JPEG/review-attachment-47327de1-38a4-494c-baac-5ac847e1e48d.jpeg?type=f300_300,atom****,19.05.10.
51,5,냄새도 별로안나서 바로쓸수있엇고 푹신푹신 좋아요,https://phinf.pstatic.net/checkout.phinf/20210308_139/1615173034699THkps_JPEG/review-attachment-aae5d8cd-3a94-441b-9bbb-e13a32da25ed.jpeg?type=f300_300,rsrs****,19.04.24.
52,5,생각보다 퀄리티가 좋네요 매우 만족이에요 ㅎㅎ 쿠션감은 푹 들어가지않고 메모리폼같이 적당해서 더 맘에 들어요 생각보다 사이즈가 작은 듯 했으나 몇번 자니까 적응됐어요 잘 쓸게요 ㅎㅎ,https://phinf.pstatic.net/checkout.phinf/20210225_194/1614257312087P2X8e_JPEG/review-attachment-e018ce9c-18eb-4194-ae69-6cf63dfdd931.jpeg?type=f300_300,7425****,19.03.30.
53,5,두껍고 좋아요! 다만 엄청 두꺼운데 또 엄청 푹신해서 밟을때마다 적응은 안돼네용!! 그래도 좋습니다,https://phinf.pstatic.net/checkout.phinf/20210227_151/161441372745871Xby_JPEG/review-attachment-7200f33e-601e-4927-9ccf-dbb741192b95.jpeg?type=f300_300,hy75****,19.04.22.
54,4,적당한 쿠션감이여서 만족해요~!,https://phinf.pstatic.net/checkout.phinf/20210214_282/1613291515023I51bA_JPEG/review-attachment-40ffa4c3-4541-4e61-a1f2-afec4357cac0.jpeg?type=f300_300,bril****,19.05.05.
55,5,"두번째구매~ 
저렴한가격에 폭신하고 좋습니다",https://phinf.pstatic.net/checkout.phinf/20210215_3/16133861016882whsY_JPEG/review-attachment-204c3dd2-2e37-4efc-b22d-cadb472966fc.jpeg?type=f300_300,losa****,19.03.19.
56,5,가격에 비해 두껍고 푹신해요~,https://phinf.pstatic.net/checkout.phinf/20210328_62/1616865136498mAySg_JPEG/review-attachment-f041fe81-f860-4786-8ff7-5d7f026d8e05.jpeg?type=f300_300,dlst****,19.03.18.
57,5,"두껍고 탄탄해요 
접어서 쓰진 않고 펴놓고 씁니다~
이거 사고 잠이 늘었어요 완전 잠쏟아짐ㅎ
쇼파로 쓰기엔 너무 2단 정사각형인것ㅎㅎ",https://phinf.pstatic.net/checkout.phinf/20210310_96/1615344690636vQycO_JPEG/review-attachment-fcd4b186-1de8-46a0-83ef-00246e0ca661.jpeg?type=f300_300,pian****,19.02.28.
58,4,잘받았습니다~ 잘 사용할게요~,https://phinf.pstatic.net/checkout.phinf/20210301_209/1614564832564jImAi_JPEG/review-attachment-32ad8e1e-cbee-4fce-8a04-6be1c66acad2.jpeg?type=f300_300,munw****,19.03.18.
59,5,자취방 최적화에요 사세요!,https://phinf.pstatic.net/checkout.phinf/20210227_177/1614404207833MLWES_JPEG/review-attachment-f9b84f2d-5193-47f3-9b21-b51c5b1edf1f.jpeg?type=f300_300,glfh****,19.03.15.
60,3,넘나리 편하구 좋아요 꺼짐도없어요 ㅎㅎ,https://phinf.pstatic.net/image.nmv/shopnbuyer_2021_01_13_0/1227392e-55a4-11eb-a12c-a0369ff963bc_03.jpg?type=ffn300_300,wigh****,19.04.03.
61,4,푹신하고 좋아요  만족해요,https://phinf.pstatic.net/checkout.phinf/20210326_102/1616758882099t5Hei_JPEG/review-attachment-2d960b3a-f409-4420-a294-313347cc17bf.jpeg?type=f300_300,tlst****,19.03.13.
62,5,하나더구매했는데좋네요,https://phinf.pstatic.net/checkout.phinf/20210320_138/16162329796237AoJA_JPEG/review-attachment-f89c70ef-3fc8-460d-8a0d-b9071e7026f1.jpeg?type=f300_300,ghtj****,19.03.27.
63,1,접이식인데 이렇게 두꺼운거 찾기 힘든데 두꺼워서 좋았어요! 그레이색도 마음에 들구요ㅎㅎ 배송해주시는 아저씨도 직업의식 확실하신 분이어서 좋았습니다..! 이사할 집에 배송한거였는데 저 없는데도 집 바로 앞까지 직접 넣어주시고 가셨어요!  만족합니다:),https://phinf.pstatic.net/checkout.phinf/20210327_149/1616805817864nD86Q_JPEG/review-attachment-c34a256c-2cb5-4630-b804-9c92584721cd.jpeg?type=f300_300,amyh****,19.02.04.
64,5,대박 짱편해요 매일 허리가 아팠는데 몇번 안 잣는데도 허리가 짱편해요 지금 친구들 다 추천해가지구 저로인해서 3명이 더삿어요 베디스는 저한테 홍보비 줘야대여!,https://phinf.pstatic.net/checkout.phinf/20210318_234/1616032710714lN6nJ_JPEG/review-attachment-daeadafd-04e6-400d-89c3-72f2b89a9ae9.jpeg?type=f300_300,wigh****,19.02.27.
65,5,자취생 필수에오!!!!,https://phinf.pstatic.net/checkout.phinf/20210218_102/1613654591564qIaOp_JPEG/review-attachment-347078c2-96e5-4cf5-9cb9-55b5a6b6e6f3.jpeg?type=f300_300,ssu1****,19.03.23.
66,5,"침대 대신 사용하는데
안락하고 푹신해서 좋아요",https://phinf.pstatic.net/checkout.phinf/20210323_102/1616473257588le5h3_JPEG/review-attachment-b2473737-5628-41e6-9d5e-6556dd33e3ed.jpeg?type=f300_300,yyh1****,19.03.14.
67,5,"배송은좀걸렸어요 아직자보진않았지만
가격대비만족합니다",https://phinf.pstatic.net/checkout.phinf/20210324_207/1616546730062MQmof_JPEG/review-attachment-5f808cd5-7e67-45c2-b4f6-1418686bed77.jpeg?type=f300_300,altn****,19.02.21.
68,5,자취방 선물용으로 샀는데 일반 침대 처럼 정말 두껍고 폭신폭신 하네요! 평소 허리가 안좋은데 편히 잘수있을것 같습니다..👍👍,https://phinf.pstatic.net/checkout.phinf/20210306_113/1614988103659xctYM_JPEG/review-attachment-d363b779-7f72-4791-a962-77b8be67f6d2.jpeg?type=f300_300,hy75****,19.02.14.
69,5,친구 원룸에 선물했는데 좋아서 하나더 사게되었어요 진짜 쿠션이 꺼지지도않고 이가격에 이두께에 가성비는 최고인거 같아요~,https://phinf.pstatic.net/checkout.phinf/20210308_84/1615173126207gPym3_JPEG/review-attachment-dd18a272-8fb0-416f-b044-35b74dde830c.jpeg?type=f300_300,juni****,19.01.14.
70,5,쿠션감이나 디자인은 맘에드나 먼가 기댔을때 편안함은들해요 등쿠션기대서 누우면 발밑에 먼가받쳐야편해요 ~~,https://phinf.pstatic.net/checkout.phinf/20210215_6/16133550147777T3hl_JPEG/review-attachment-47327de1-38a4-494c-baac-5ac847e1e48d.jpeg?type=f300_300,ruby****,19.02.05.
71,4,"평소에 침대에 잘 안누워있는 편이어서 잘때만 쓰는 공간이라 원룸 같이 좁은곳에선 공간이 아까웠는데, 평소엔 접어쓰고 잘때만 펼 수 있어서 공간활용이 뛰어납니다. 냄새도 안나고 위에 얇은 토퍼 올려쓰면 완벽할것 같아요!",https://phinf.pstatic.net/checkout.phinf/20210308_139/1615173034699THkps_JPEG/review-attachment-aae5d8cd-3a94-441b-9bbb-e13a32da25ed.jpeg?type=f300_300,atae****,18.12.27.
72,5,몸무게가 가벼운편임에도 스펀지라 그런지 올라갈때 좀 푹꺼지는 느낌은있습니다. 그에 비해 누웠을때 그렇게 푹신한 느낌은아니구요 자는데는 문제없을거같아요. 배송이좀 걸릴뿐 가성비하나는 좋습니다.,https://phinf.pstatic.net/checkout.phinf/20210225_194/1614257312087P2X8e_JPEG/review-attachment-e018ce9c-18eb-4194-ae69-6cf63dfdd931.jpeg?type=f300_300,dr5s****,19.01.18.
73,5,생각보다 커요 ㅋㅋ 편해요 잠잘와요,https://phinf.pstatic.net/checkout.phinf/20210227_151/161441372745871Xby_JPEG/review-attachment-7200f33e-601e-4927-9ccf-dbb741192b95.jpeg?type=f300_300,rlad****,19.01.30.
74,4,"길이-170 이하가 쓰기좋을듯^^
폭-보통 (넓지는 않아요)
색-예쁨 !!!
탄성이 좋아요, 달리말하면 조금 딱딱?ㅎ
근데 전 꿀렁보다는 이런 느낌을 선호해서
좋습니다! 
접이식이라 샀는데 은근 무거워서 안접고
그냥 펼쳐놓은 상태로 써요 ㅎㅎㅎ
배송전화도 넘 친절하셨고,
생각보다 배송도 빨랐어요~워낙 느릴줄
알고 기대안했거든요^^:::
전반적으로 괜찮은 상품입니다~",https://phinf.pstatic.net/checkout.phinf/20210214_282/1613291515023I51bA_JPEG/review-attachment-40ffa4c3-4541-4e61-a1f2-afec4357cac0.jpeg?type=f300_300,pian****,18.12.01.
75,5,가격도 저렴하고 편하게 사용할수 있어서 좋습니다.,https://phinf.pstatic.net/checkout.phinf/20210215_3/16133861016882whsY_JPEG/review-attachment-204c3dd2-2e37-4efc-b22d-cadb472966fc.jpeg?type=f300_300,hoji****,19.01.23.
76,5,접이식 매트치고 짱짱하고 좋아용 ㅎㅎ기사님도 친절하시구요,https://phinf.pstatic.net/checkout.phinf/20210328_62/1616865136498mAySg_JPEG/review-attachment-f041fe81-f860-4786-8ff7-5d7f026d8e05.jpeg?type=f300_300,suh2****,19.01.17.
77,4,완전완전완전 푹신하고 몸이 숙하고 들어가요. 냄새도 거의 안나고 좋네요~~ 두께도 어느정도 높고 위에 장판올리고 사용해도 괜찮아요!,https://phinf.pstatic.net/checkout.phinf/20210310_96/1615344690636vQycO_JPEG/review-attachment-fcd4b186-1de8-46a0-83ef-00246e0ca661.jpeg?type=f300_300,euna****,18.12.15.
78,3,제품엔 만족하나 배송이 느린건 지방이니 이해한다치고.. 연락도없이 집앞에 던져놓고가는건 무슨경운가요 어이가없네요,https://phinf.pstatic.net/checkout.phinf/20210301_209/1614564832564jImAi_JPEG/review-attachment-32ad8e1e-cbee-4fce-8a04-6be1c66acad2.jpeg?type=f300_300,mkld****,19.01.04.
79,4,"가격대비가격대비 성비가 좋습니다
배송만 빨랐다면",https://phinf.pstatic.net/checkout.phinf/20210227_177/1614404207833MLWES_JPEG/review-attachment-f9b84f2d-5193-47f3-9b21-b51c5b1edf1f.jpeg?type=f300_300,jiyo****,19.01.14.
80,3,"고급칭대에 누워잏는 느낌 입니다
애들이 정말좋아해요",https://phinf.pstatic.net/image.nmv/shopnbuyer_2021_01_13_0/1227392e-55a4-11eb-a12c-a0369ff963bc_03.jpg?type=ffn300_300,les6****,19.01.12.
81,4,생각보다 배송도 빠르고 푹신하니 좋내영ㅎㅎ,https://phinf.pstatic.net/checkout.phinf/20210326_102/1616758882099t5Hei_JPEG/review-attachment-2d960b3a-f409-4420-a294-313347cc17bf.jpeg?type=f300_300,olcr****,19.01.15.
82,5,두번째구매라 바로 구매확정 질러버립니다 ^^믿고 쓰는겁니다용,https://phinf.pstatic.net/checkout.phinf/20210320_138/16162329796237AoJA_JPEG/review-attachment-f89c70ef-3fc8-460d-8a0d-b9071e7026f1.jpeg?type=f300_300,wark****,18.12.07.
83,1,완전추천합니다 바닥에 이불만 깔고 자다가 등이 베겨서 매트리스를 알아보던중에 인터넷글을 보고 구매하게 되었어요ㅎㅎ집꾸미는 사이트였는데 원룸에서 이 매트리스위에 토퍼를 깔고 잔다는글을 봐서 알아보게 되었는데 좋은후기들도 많아 구매하게 되었어요!! 배송이 일주일정도 걸리긴 했지만 막상받아보니 생각보다 크고 두꺼워서 가라앉을 일은 없겠네요 약간 딱딱한 감이 있어 이 위에  다른걸 깔고 누워야 할듯 싶어요!,https://phinf.pstatic.net/checkout.phinf/20210327_149/1616805817864nD86Q_JPEG/review-attachment-c34a256c-2cb5-4630-b804-9c92584721cd.jpeg?type=f300_300,aldo****,18.11.11.
84,5,최고입니다 강력추천!,https://phinf.pstatic.net/checkout.phinf/20210318_234/1616032710714lN6nJ_JPEG/review-attachment-daeadafd-04e6-400d-89c3-72f2b89a9ae9.jpeg?type=f300_300,dang****,18.12.15.
85,4,가격대비 품질이 괜찮은 편인거 같습ㄴ다,https://phinf.pstatic.net/checkout.phinf/20210218_102/1613654591564qIaOp_JPEG/review-attachment-347078c2-96e5-4cf5-9cb9-55b5a6b6e6f3.jpeg?type=f300_300,cmst****,18.12.11.
86,5,"일단 배송은 예상대로 느렸습니다 포장은 비닐로만 포장되었고 직배송입니다
두께가 두껍고 한명이 눕기에 적당합니다",https://phinf.pstatic.net/checkout.phinf/20210323_102/1616473257588le5h3_JPEG/review-attachment-b2473737-5628-41e6-9d5e-6556dd33e3ed.jpeg?type=f300_300,sunh****,18.11.29.
87,5,두깨감은 좋은데 너무 푹신해서 허리가 좀 불편해요..,https://phinf.pstatic.net/checkout.phinf/20210324_207/1616546730062MQmof_JPEG/review-attachment-5f808cd5-7e67-45c2-b4f6-1418686bed77.jpeg?type=f300_300,hk91****,18.12.09.
88,5,두툼하니 나쁘지않네요.,https://phinf.pstatic.net/checkout.phinf/20210306_113/1614988103659xctYM_JPEG/review-attachment-d363b779-7f72-4791-a962-77b8be67f6d2.jpeg?type=f300_300,kell****,18.12.11.
89,3,기존 커버 빼고 ㅋ무인양품 커버 씌웠는데 ㅋ중간에 틈이 계속 생기네요...ㅜ생각보다 침대가 큽니다,https://phinf.pstatic.net/checkout.phinf/20210308_84/1615173126207gPym3_JPEG/review-attachment-dd18a272-8fb0-416f-b044-35b74dde830c.jpeg?type=f300_300,rlad****,18.11.25.
90,4,생각보다 두껍고 쓰기 좋아요,https://phinf.pstatic.net/checkout.phinf/20210215_6/16133550147777T3hl_JPEG/review-attachment-47327de1-38a4-494c-baac-5ac847e1e48d.jpeg?type=f300_300,pijk****,18.12.05.
91,4,한달동안 사용중인데 꺼짐도 거의 없고 아버님께서 따뜻하고 포근하게 잠 잘 주무신다고 하시네요~^^,https://phinf.pstatic.net/checkout.phinf/20210308_139/1615173034699THkps_JPEG/review-attachment-aae5d8cd-3a94-441b-9bbb-e13a32da25ed.jpeg?type=f300_300,dpff****,18.11.25.
92,4,배송기간 너무 오래걸림..3주이상걸렸고..배송도.저녁8시에 옴 배송기사 시간약속 안지키고 미리연락도없었음 그외 쿠션감이랑 디자인은 마음에드나 냄새가 조금있음,https://phinf.pstatic.net/checkout.phinf/20210225_194/1614257312087P2X8e_JPEG/review-attachment-e018ce9c-18eb-4194-ae69-6cf63dfdd931.jpeg?type=f300_300,wodl****,18.11.17.
93,3,생각보다 두꺼워서 좋아요 !!,https://phinf.pstatic.net/checkout.phinf/20210227_151/161441372745871Xby_JPEG/review-attachment-7200f33e-601e-4927-9ccf-dbb741192b95.jpeg?type=f300_300,sy75****,18.12.01.
94,5,너무편해서 일주일에 3번은 지각하는듯,https://phinf.pstatic.net/checkout.phinf/20210214_282/1613291515023I51bA_JPEG/review-attachment-40ffa4c3-4541-4e61-a1f2-afec4357cac0.jpeg?type=f300_300,sibu****,18.11.27.
95,5,여자친구 사줬는데 너무 만족한다네요.,https://phinf.pstatic.net/checkout.phinf/20210215_3/16133861016882whsY_JPEG/review-attachment-204c3dd2-2e37-4efc-b22d-cadb472966fc.jpeg?type=f300_300,slnp****,18.11.24.
96,3,생각보다 크고 두꺼워서 놀랐어요 !!! 성인여자가 눕기엔 딱인데 남자는 작을듯 싶네요,https://phinf.pstatic.net/checkout.phinf/20210328_62/1616865136498mAySg_JPEG/review-attachment-f041fe81-f860-4786-8ff7-5d7f026d8e05.jpeg?type=f300_300,aldo****,18.11.11.
97,5,"탄럭이있고 가끔씩 앞뒤로 뒤집어 사용하며 접을수 있어 좋아요~
 가격도 색상도 마음에 듭니다~~
재구매 했어요~~",https://phinf.pstatic.net/checkout.phinf/20210310_96/1615344690636vQycO_JPEG/review-attachment-fcd4b186-1de8-46a0-83ef-00246e0ca661.jpeg?type=f300_300,jkze****,18.10.30.
98,5,만족합니다 생각보다 높이가 있어서 더 침대같은 느낌이 있네요 푹신푹신하고 가격대비 만족합니다 배송도 저는 나름 빨랐어요,https://phinf.pstatic.net/checkout.phinf/20210301_209/1614564832564jImAi_JPEG/review-attachment-32ad8e1e-cbee-4fce-8a04-6be1c66acad2.jpeg?type=f300_300,pijk****,18.10.22.
99,5,만족합니다.,https://phinf.pstatic.net/checkout.phinf/20210227_177/1614404207833MLWES_JPEG/review-attachment-f9b84f2d-5193-47f3-9b21-b51c5b1edf1f.jpeg?type=f300_300,jywo****,18.11.14.
