﻿,star,review,reviewImage,customerId,reviewDate
0,4,튼튼하고 괜찮네요 싸이즈도좋아요,https://phinf.pstatic.net/image.nmv/shopnbuyer_2021_01_13_0/1227392e-55a4-11eb-a12c-a0369ff963bc_03.jpg?type=ffn300_300,ihee****,21.03.05.
1,5,마음에 들어요  아주 푹신합니다요 ㅎㅎ,https://phinf.pstatic.net/checkout.phinf/20210326_102/1616758882099t5Hei_JPEG/review-attachment-2d960b3a-f409-4420-a294-313347cc17bf.jpeg?type=f300_300,miii****,21.03.02.
2,5,배송기사님도 친절하시고 매트리스도 너무 푹신하지도 딱딱하지도 않아서 좋아요 :),https://phinf.pstatic.net/checkout.phinf/20210320_138/16162329796237AoJA_JPEG/review-attachment-f89c70ef-3fc8-460d-8a0d-b9071e7026f1.jpeg?type=f300_300,zhzh****,20.12.13.
3,5,"가격대비 성능 괜찮습니다 
날짜도 희망일에 배송해주샸어요",https://phinf.pstatic.net/checkout.phinf/20210327_149/1616805817864nD86Q_JPEG/review-attachment-c34a256c-2cb5-4630-b804-9c92584721cd.jpeg?type=f300_300,euns****,20.07.31.
4,4,가격대비 나쁘지 않나요,https://phinf.pstatic.net/checkout.phinf/20210318_234/1616032710714lN6nJ_JPEG/review-attachment-daeadafd-04e6-400d-89c3-72f2b89a9ae9.jpeg?type=f300_300,only****,20.07.05.
5,5,아직 안누워봤지만 만족합니다.,https://phinf.pstatic.net/checkout.phinf/20210218_102/1613654591564qIaOp_JPEG/review-attachment-347078c2-96e5-4cf5-9cb9-55b5a6b6e6f3.jpeg?type=f300_300,youn****,19.11.13.
