﻿,star,review,reviewImage,customerId,reviewDate
0,4,배송은 해피콜로 원하는날짜에 맞춰서 잘 받았습니다. 그런데 상세설명과다르게 끝에앉으면 엣지폼이 전혀느껴지지 않을정도로 푹꺼져서 별하나 뺍니다. 누웠을땐 적당히 푹신해서 마음에들어요.,https://phinf.pstatic.net/image.nmv/shopnbuyer_2021_01_13_0/1227392e-55a4-11eb-a12c-a0369ff963bc_03.jpg?type=ffn300_300,ioal****,20.10.11.
1,3,"침대 만족스럽게 잘쓰고 있습니다. 약간의 냄새가 나긴했지만, 새제품이라 그런것 같고 사시는 걸 추천드립니다.",https://phinf.pstatic.net/checkout.phinf/20210326_102/1616758882099t5Hei_JPEG/review-attachment-2d960b3a-f409-4420-a294-313347cc17bf.jpeg?type=f300_300,didt****,20.07.23.
2,4,매트리스가 편해서 좋네요.,https://phinf.pstatic.net/checkout.phinf/20210320_138/16162329796237AoJA_JPEG/review-attachment-f89c70ef-3fc8-460d-8a0d-b9071e7026f1.jpeg?type=f300_300,best****,20.07.22.
3,4,푹신하고좋아요!!!,https://phinf.pstatic.net/checkout.phinf/20210327_149/1616805817864nD86Q_JPEG/review-attachment-c34a256c-2cb5-4630-b804-9c92584721cd.jpeg?type=f300_300,http****,20.08.04.
