﻿,star,review,reviewImage,customerId,reviewDate
0,5,"기성이 좋은 상품입니다.
배송도 빠르고 좋아요^^",https://phinf.pstatic.net/image.nmv/shopnbuyer_2021_01_13_0/1227392e-55a4-11eb-a12c-a0369ff963bc_03.jpg?type=ffn300_300,vita****,21.03.26.
1,5,푹신해서 잠이 잘와요! 보통 그냥 푹신한건 자고일어나면 허리아프던데 허리도 안아프고 너무 좋네요!,https://phinf.pstatic.net/checkout.phinf/20210326_102/1616758882099t5Hei_JPEG/review-attachment-2d960b3a-f409-4420-a294-313347cc17bf.jpeg?type=f300_300,keyw****,21.02.26.
2,4,가격대비 제품 좋네요 잘쓰고있어요,https://phinf.pstatic.net/checkout.phinf/20210320_138/16162329796237AoJA_JPEG/review-attachment-f89c70ef-3fc8-460d-8a0d-b9071e7026f1.jpeg?type=f300_300,kmin****,21.02.28.
3,4,남자아이라 수시로 매트리스 교체하는데 이번 지누스는 정말 맘에 듭니다.,https://phinf.pstatic.net/checkout.phinf/20210327_149/1616805817864nD86Q_JPEG/review-attachment-c34a256c-2cb5-4630-b804-9c92584721cd.jpeg?type=f300_300,juny****,21.02.24.
4,5,가볍고 생각보다 빨리 부풀었어요 그동안 탄탄한 침대만 써왔는데 푹신한 제품도 괜찮은 것 같아요 허리가 안 좋은데 부담된다던가 그런 건 없는 것 같아요 옆으로 돌아누울 때도 푹신해서 어깨가 덜 아프고요,https://phinf.pstatic.net/checkout.phinf/20210318_234/1616032710714lN6nJ_JPEG/review-attachment-daeadafd-04e6-400d-89c3-72f2b89a9ae9.jpeg?type=f300_300,wndk****,21.02.02.
5,5,쓰는 사람이 엄청 좋대요!,https://phinf.pstatic.net/checkout.phinf/20210218_102/1613654591564qIaOp_JPEG/review-attachment-347078c2-96e5-4cf5-9cb9-55b5a6b6e6f3.jpeg?type=f300_300,mm_1****,21.03.22.
6,4,푹신하고 좋습니다~~,https://phinf.pstatic.net/checkout.phinf/20210323_102/1616473257588le5h3_JPEG/review-attachment-b2473737-5628-41e6-9d5e-6556dd33e3ed.jpeg?type=f300_300,eunj****,21.03.17.
7,4,배송이 정말 빨라요 화요일 밤에 시키고 금요일에 왔어요 기사님도 친절하시고 5층까지 옮겨주심 제품상태도 좋아요,https://phinf.pstatic.net/checkout.phinf/20210324_207/1616546730062MQmof_JPEG/review-attachment-5f808cd5-7e67-45c2-b4f6-1418686bed77.jpeg?type=f300_300,iij1****,21.02.22.
8,5,쿠션 생각보다 좋구 포장 튼튼하게 배송됩니다.,https://phinf.pstatic.net/checkout.phinf/20210306_113/1614988103659xctYM_JPEG/review-attachment-d363b779-7f72-4791-a962-77b8be67f6d2.jpeg?type=f300_300,choi****,21.03.01.
9,5,"제품 좋아서 재구매 몇개했네요
가성비 최고네요",https://phinf.pstatic.net/checkout.phinf/20210308_84/1615173126207gPym3_JPEG/review-attachment-dd18a272-8fb0-416f-b044-35b74dde830c.jpeg?type=f300_300,kmin****,21.01.29.
10,5,진짜 푹신푹신해요 폼 때문인가? 가격대비 최고예요,https://phinf.pstatic.net/checkout.phinf/20210215_6/16133550147777T3hl_JPEG/review-attachment-47327de1-38a4-494c-baac-5ac847e1e48d.jpeg?type=f300_300,pupp****,21.02.12.
11,5,적당히 푹신하고 가성비 너무 좋네요,https://phinf.pstatic.net/checkout.phinf/20210308_139/1615173034699THkps_JPEG/review-attachment-aae5d8cd-3a94-441b-9bbb-e13a32da25ed.jpeg?type=f300_300,gora****,21.01.27.
12,5,"망설이다 구매했는데 만족해요
받자마자 리뷰올리는데 아직 완전히 복원된 상태가 아니라서 기다려 보긴 해야겠네요",https://phinf.pstatic.net/checkout.phinf/20210225_194/1614257312087P2X8e_JPEG/review-attachment-e018ce9c-18eb-4194-ae69-6cf63dfdd931.jpeg?type=f300_300,kjk7****,21.01.12.
13,4,폼? 특유의 폭신한 느낌이 전에 쓰던 매트리스보다 훨씬 좋아요,https://phinf.pstatic.net/checkout.phinf/20210227_151/161441372745871Xby_JPEG/review-attachment-7200f33e-601e-4927-9ccf-dbb741192b95.jpeg?type=f300_300,pupp****,20.12.24.
14,5,"재구매입니다
가격대비  좋네요",https://phinf.pstatic.net/checkout.phinf/20210214_282/1613291515023I51bA_JPEG/review-attachment-40ffa4c3-4541-4e61-a1f2-afec4357cac0.jpeg?type=f300_300,kmin****,21.01.19.
15,5,적당히 푹신하고 가성비 최고예요~,https://phinf.pstatic.net/checkout.phinf/20210215_3/16133861016882whsY_JPEG/review-attachment-204c3dd2-2e37-4efc-b22d-cadb472966fc.jpeg?type=f300_300,gora****,20.12.25.
16,5,탄성도 적정하고 좋습니다. 단 측면 마감은 좀더 신경써야할듯해요. 측면에서 스프링이 딱 만져져요. 포장 상태믄 좋았습니다.,https://phinf.pstatic.net/checkout.phinf/20210328_62/1616865136498mAySg_JPEG/review-attachment-f041fe81-f860-4786-8ff7-5d7f026d8e05.jpeg?type=f300_300,sang****,20.12.24.
17,5,이제서야 정리했네요.,https://phinf.pstatic.net/checkout.phinf/20210310_96/1615344690636vQycO_JPEG/review-attachment-fcd4b186-1de8-46a0-83ef-00246e0ca661.jpeg?type=f300_300,yc19****,20.12.19.
18,4,아들이  너무좋아하네요.. 푹신하고 아주좋습니다^^,https://phinf.pstatic.net/checkout.phinf/20210301_209/1614564832564jImAi_JPEG/review-attachment-32ad8e1e-cbee-4fce-8a04-6be1c66acad2.jpeg?type=f300_300,ohda****,20.12.22.
19,5,일단 누었을때 코션감이좋아요. 재봉도 튼튼한덧 같구. 다부져 보입니다.,https://phinf.pstatic.net/checkout.phinf/20210227_177/1614404207833MLWES_JPEG/review-attachment-f9b84f2d-5193-47f3-9b21-b51c5b1edf1f.jpeg?type=f300_300,kimt****,20.12.17.
20,5,탄탄한 게 느껴져요,https://phinf.pstatic.net/image.nmv/shopnbuyer_2021_01_13_0/1227392e-55a4-11eb-a12c-a0369ff963bc_03.jpg?type=ffn300_300,dlse****,20.12.20.
21,5,폭신해서 잠 잘오고 평소에는 모르다가 언니침대 누워보면 딱 달라요! 너무 잘 산 것 같습니다,https://phinf.pstatic.net/checkout.phinf/20210326_102/1616758882099t5Hei_JPEG/review-attachment-2d960b3a-f409-4420-a294-313347cc17bf.jpeg?type=f300_300,uhyu****,20.11.11.
22,4,배송빠르고 포장상태 매우 좋네요~^^무엇보다.메트리스가 넘 편합니다.구매하길.잘한것 같아요,https://phinf.pstatic.net/checkout.phinf/20210320_138/16162329796237AoJA_JPEG/review-attachment-f89c70ef-3fc8-460d-8a0d-b9071e7026f1.jpeg?type=f300_300,dove****,20.11.24.
23,4,사진은 받고나서 얼마 안지나서 바로 찍은건데 일단 끝부분에 앉으면 푹신해요. 독립스프링이라 그런지 이전침대처럼 갑자기 팅~!하는 것도 없어요. 누워서 사용할때는 그냥저냥 폭신한가? 하는데 침대에서 앉아서 다른일 할 때는 폭신폭신해서 좋아요. 저희 고양이도 좋아합니다.,https://phinf.pstatic.net/checkout.phinf/20210327_149/1616805817864nD86Q_JPEG/review-attachment-c34a256c-2cb5-4630-b804-9c92584721cd.jpeg?type=f300_300,uhyu****,20.10.05.
24,4,"사이즈도 좋고 쿠션감도 딱 중간이라 좋습니다.
냄새도 안나고 가격대비 좋은 상품인 것 같아요.
다음에도 구매할 것 같아요",https://phinf.pstatic.net/checkout.phinf/20210318_234/1616032710714lN6nJ_JPEG/review-attachment-daeadafd-04e6-400d-89c3-72f2b89a9ae9.jpeg?type=f300_300,quio****,20.11.04.
25,5,너무 편해서 좋습니다,https://phinf.pstatic.net/checkout.phinf/20210218_102/1613654591564qIaOp_JPEG/review-attachment-347078c2-96e5-4cf5-9cb9-55b5a6b6e6f3.jpeg?type=f300_300,dark****,20.11.25.
26,5,배송 빠르고 제품도 푹신하고 좋습니다.,https://phinf.pstatic.net/checkout.phinf/20210323_102/1616473257588le5h3_JPEG/review-attachment-b2473737-5628-41e6-9d5e-6556dd33e3ed.jpeg?type=f300_300,hpja****,20.11.18.
27,5,좀 많이 말랑거리긴한데 만족스러워여 가성비 개꿀,https://phinf.pstatic.net/checkout.phinf/20210324_207/1616546730062MQmof_JPEG/review-attachment-5f808cd5-7e67-45c2-b4f6-1418686bed77.jpeg?type=f300_300,wow_****,20.10.19.
28,3,배달도 빠르고 매트리스도 적당히 폭신하고 좋아요,https://phinf.pstatic.net/checkout.phinf/20210306_113/1614988103659xctYM_JPEG/review-attachment-d363b779-7f72-4791-a962-77b8be67f6d2.jpeg?type=f300_300,ujin****,20.11.08.
29,5,싱글이 생각보다 작은대 쿠션감은 좋아요,https://phinf.pstatic.net/checkout.phinf/20210308_84/1615173126207gPym3_JPEG/review-attachment-dd18a272-8fb0-416f-b044-35b74dde830c.jpeg?type=f300_300,kks1****,20.10.15.
30,5,상당히 만족하며 잘사용하고있습니다,https://phinf.pstatic.net/checkout.phinf/20210215_6/16133550147777T3hl_JPEG/review-attachment-47327de1-38a4-494c-baac-5ac847e1e48d.jpeg?type=f300_300,seko****,20.10.31.
31,5,"엄청빨리 도착했네요..
아주 만족합니다.
냄새별로 없네요..
걱정했었거든요..
그래도 새거라서 바로 쓰지않고
거실에다가 환기 중이네요..
수고하세요..잘쓸게요..",https://phinf.pstatic.net/checkout.phinf/20210308_139/1615173034699THkps_JPEG/review-attachment-aae5d8cd-3a94-441b-9bbb-e13a32da25ed.jpeg?type=f300_300,yooo****,20.09.20.
32,5,좋아요.신박하네요ㅋ아이들이좋아해요,https://phinf.pstatic.net/checkout.phinf/20210225_194/1614257312087P2X8e_JPEG/review-attachment-e018ce9c-18eb-4194-ae69-6cf63dfdd931.jpeg?type=f300_300,korc****,20.10.23.
33,5,배송이 빠르고 쿠션감이 좋아요,https://phinf.pstatic.net/checkout.phinf/20210227_151/161441372745871Xby_JPEG/review-attachment-7200f33e-601e-4927-9ccf-dbb741192b95.jpeg?type=f300_300,dark****,20.10.18.
34,5,푹신푹신 해서 좋아요 ㅎㅎ,https://phinf.pstatic.net/checkout.phinf/20210214_282/1613291515023I51bA_JPEG/review-attachment-40ffa4c3-4541-4e61-a1f2-afec4357cac0.jpeg?type=f300_300,gksc****,20.10.07.
35,5,전에 쓰던게 매트리스가 압축포장되서 오는 매트리스였는데 엄청 맘에들어서 거의 10년을 사용했는데 메이커는 외국거였던거 같네요 아마 지누스에서 OEM을 하지 않았나 싶은데... 비슷한 제품 같아서구매했는데 아주 비슷하네요 좋아요 좋아,https://phinf.pstatic.net/checkout.phinf/20210215_3/16133861016882whsY_JPEG/review-attachment-204c3dd2-2e37-4efc-b22d-cadb472966fc.jpeg?type=f300_300,pola****,20.09.03.
36,5,너무말랑거려요 좀더써봐야할듯,https://phinf.pstatic.net/checkout.phinf/20210328_62/1616865136498mAySg_JPEG/review-attachment-f041fe81-f860-4786-8ff7-5d7f026d8e05.jpeg?type=f300_300,leav****,20.09.01.
37,5,"배송도 빠르고 가격도 좋네요
누워봤는데 만족입니다~~",https://phinf.pstatic.net/checkout.phinf/20210310_96/1615344690636vQycO_JPEG/review-attachment-fcd4b186-1de8-46a0-83ef-00246e0ca661.jpeg?type=f300_300,aera****,20.08.01.
38,5,적당히 푹씬하고 가격대비 퀄리티 정말 좋은거같아요,https://phinf.pstatic.net/checkout.phinf/20210301_209/1614564832564jImAi_JPEG/review-attachment-32ad8e1e-cbee-4fce-8a04-6be1c66acad2.jpeg?type=f300_300,hsj2****,20.08.13.
39,5,부드럽고 푹신푹신 해서 만족해요,https://phinf.pstatic.net/checkout.phinf/20210227_177/1614404207833MLWES_JPEG/review-attachment-f9b84f2d-5193-47f3-9b21-b51c5b1edf1f.jpeg?type=f300_300,njh1****,20.08.15.
40,5,푹신하긴 한데 누우면 포근해서 좋아요~~,https://phinf.pstatic.net/image.nmv/shopnbuyer_2021_01_13_0/1227392e-55a4-11eb-a12c-a0369ff963bc_03.jpg?type=ffn300_300,yyam****,20.07.24.
41,5,지누스는 레전드 시몬스 보다 설치 쉽고 간편하고 기능 비슷,https://phinf.pstatic.net/checkout.phinf/20210326_102/1616758882099t5Hei_JPEG/review-attachment-2d960b3a-f409-4420-a294-313347cc17bf.jpeg?type=f300_300,goun****,20.08.03.
42,4,아이 침대용으로 구매했어요. 저희 침대에 비해 푹신한 편인데 허리가 1도 안아프네요~ 신기해요,https://phinf.pstatic.net/checkout.phinf/20210320_138/16162329796237AoJA_JPEG/review-attachment-f89c70ef-3fc8-460d-8a0d-b9071e7026f1.jpeg?type=f300_300,moit****,20.07.13.
43,4,"압축팩 풀자마자 확 커져서 놀랐지만
너무 푹신해요",https://phinf.pstatic.net/checkout.phinf/20210327_149/1616805817864nD86Q_JPEG/review-attachment-c34a256c-2cb5-4630-b804-9c92584721cd.jpeg?type=f300_300,habu****,20.06.18.
44,5,저번에 제꺼 하나 사고 너무 좋아서 부모님 드릴려고 하나 더 구매했어요 쿠션감도 좋고 편해요,https://phinf.pstatic.net/checkout.phinf/20210318_234/1616032710714lN6nJ_JPEG/review-attachment-daeadafd-04e6-400d-89c3-72f2b89a9ae9.jpeg?type=f300_300,thcj****,20.04.25.
