﻿,star,review,reviewImage,customerId,reviewDate
0,5,어머니 사드렸는데 좋다고 하세요,https://phinf.pstatic.net/image.nmv/shopnbuyer_2021_01_13_0/1227392e-55a4-11eb-a12c-a0369ff963bc_03.jpg?type=ffn300_300,2ris****,20.10.23.
1,5,"써보구너무좋아서
부모님생각나서사드렸어요
부모님께서너무좋아하시네요
까르마타퍼는10년넘게
써봤지만변형도없고좋네요
싸게잘사구너무감사해요",https://phinf.pstatic.net/checkout.phinf/20210326_102/1616758882099t5Hei_JPEG/review-attachment-2d960b3a-f409-4420-a294-313347cc17bf.jpeg?type=f300_300,ugly****,19.07.08.
2,5,"5cm쓰고있는데
변형없고너무좋아서
3cm또구매했어요
거실에서사용하기너무좋아요
타퍼중역시까르마는최고인듯싶어요",https://phinf.pstatic.net/checkout.phinf/20210320_138/16162329796237AoJA_JPEG/review-attachment-f89c70ef-3fc8-460d-8a0d-b9071e7026f1.jpeg?type=f300_300,ugly****,19.07.08.
