﻿,star,review,reviewImage,customerId,reviewDate
0,5,가격도 싸고 아주 좋아요,https://phinf.pstatic.net/image.nmv/shopnbuyer_2021_01_13_0/1227392e-55a4-11eb-a12c-a0369ff963bc_03.jpg?type=ffn300_300,lsi0****,21.03.13.
1,3,"허리아파서 구매했는데 일단 엄청 무겁네요.침대위에 깔았는데 약간 폭신한거같은데 단단하게 받혀주는 느낌있어요.
30분정도 누워있었는데 편안해요.",https://phinf.pstatic.net/checkout.phinf/20210326_102/1616758882099t5Hei_JPEG/review-attachment-2d960b3a-f409-4420-a294-313347cc17bf.jpeg?type=f300_300,topk****,20.06.12.
2,5,"하드하지않고 미디움 정도에요. 딱딱한거 찾으신다면 다른거 사시고, 보통이면이거 괜찮아요. 배송도 좋았습니다.^^",https://phinf.pstatic.net/checkout.phinf/20210320_138/16162329796237AoJA_JPEG/review-attachment-f89c70ef-3fc8-460d-8a0d-b9071e7026f1.jpeg?type=f300_300,spji****,19.10.24.
3,5,배송은 빨랐어요 생각보다 두께는 얇은편이구요 넓어서 좋긴해요~,https://phinf.pstatic.net/checkout.phinf/20210327_149/1616805817864nD86Q_JPEG/review-attachment-c34a256c-2cb5-4630-b804-9c92584721cd.jpeg?type=f300_300,720h****,19.07.15.
4,5,두께가있어편안하고넓어서만족해요,https://phinf.pstatic.net/checkout.phinf/20210318_234/1616032710714lN6nJ_JPEG/review-attachment-daeadafd-04e6-400d-89c3-72f2b89a9ae9.jpeg?type=f300_300,ehs1****,19.01.30.
5,5,두께감이 있어 좋아요,https://phinf.pstatic.net/checkout.phinf/20210218_102/1613654591564qIaOp_JPEG/review-attachment-347078c2-96e5-4cf5-9cb9-55b5a6b6e6f3.jpeg?type=f300_300,para****,19.01.15.
6,5,두번째 구매인데 아주 편하고 가격도 비싸지 않아서 좋아요,https://phinf.pstatic.net/checkout.phinf/20210323_102/1616473257588le5h3_JPEG/review-attachment-b2473737-5628-41e6-9d5e-6556dd33e3ed.jpeg?type=f300_300,typi****,17.07.29.
7,4,"빠른배송감사합니다 토요일 구매 월요일 배송완료네요 감사합니다
생각보다 냄새 안나네요 바로 사용해도 괜찮을거 같네요",https://phinf.pstatic.net/checkout.phinf/20210324_207/1616546730062MQmof_JPEG/review-attachment-5f808cd5-7e67-45c2-b4f6-1418686bed77.jpeg?type=f300_300,lk66****,17.05.29.
8,3,빠른배송 감사합니다,https://phinf.pstatic.net/checkout.phinf/20210306_113/1614988103659xctYM_JPEG/review-attachment-d363b779-7f72-4791-a962-77b8be67f6d2.jpeg?type=f300_300,lk66****,17.05.29.
9,4,좋습나다요,https://phinf.pstatic.net/checkout.phinf/20210308_84/1615173126207gPym3_JPEG/review-attachment-dd18a272-8fb0-416f-b044-35b74dde830c.jpeg?type=f300_300,kimj****,17.02.25.
10,5,"두퉁하구좋아요 일단 냄새는 별로없고 두툼하구 좋앙요
애들하고 같이 자려고 한개더 재구매했습니다
많이파세용",https://phinf.pstatic.net/checkout.phinf/20210215_6/16133550147777T3hl_JPEG/review-attachment-47327de1-38a4-494c-baac-5ac847e1e48d.jpeg?type=f300_300,mars****,16.10.21.
11,5,좋아요 짱입니다,https://phinf.pstatic.net/checkout.phinf/20210308_139/1615173034699THkps_JPEG/review-attachment-aae5d8cd-3a94-441b-9bbb-e13a32da25ed.jpeg?type=f300_300,mars****,16.10.21.
12,5,좋습니다 ^^ 이번이 두번째 구매인데 참 좋네요. 라텍스에 메이드 인 코리아라 찍혀있어 믿을만 합니다^^,https://phinf.pstatic.net/checkout.phinf/20210225_194/1614257312087P2X8e_JPEG/review-attachment-e018ce9c-18eb-4194-ae69-6cf63dfdd931.jpeg?type=f300_300,eum6****,16.01.25.
13,5,이번이 두 번째 구매인데 색상이 이뻐서 좋고 메이드 인 코리아라 믿을 수 있을 것 같네요 ^^ 냄새 심하지 않아서 좋습니다.,https://phinf.pstatic.net/checkout.phinf/20210227_151/161441372745871Xby_JPEG/review-attachment-7200f33e-601e-4927-9ccf-dbb741192b95.jpeg?type=f300_300,eum6****,16.01.25.
14,5,"저번에 주문한게 아이비여서, 아이비를 주문한다는게 잘못눌러서 아이리스를 주문했네요;; 근데 꽃무늬가 또 의외로 괜찮아서 그냥 쓰렵니다 ㅎㅎㅎ",https://phinf.pstatic.net/checkout.phinf/20210214_282/1613291515023I51bA_JPEG/review-attachment-40ffa4c3-4541-4e61-a1f2-afec4357cac0.jpeg?type=f300_300,jijo****,15.10.28.
15,5,"너무커서 여자 둘이서낑낑대며 옮겼어여,,진짜크네요,,",https://phinf.pstatic.net/checkout.phinf/20210215_3/16133861016882whsY_JPEG/review-attachment-204c3dd2-2e37-4efc-b22d-cadb472966fc.jpeg?type=f300_300,seab****,15.07.24.
16,5,"저는 퀸 엄마는 킹으로 사드렸는데, 적당이 단단하면서도 푹신해서 너무 만족하면서 잘쓰고있어요~^^",https://phinf.pstatic.net/checkout.phinf/20210328_62/1616865136498mAySg_JPEG/review-attachment-f041fe81-f860-4786-8ff7-5d7f026d8e05.jpeg?type=f300_300,phy8****,15.01.23.
17,5,"라텍스가 모서리 지저분 해요.고무제품이라 그런가 해서 그냥 쓰긴하는데
마음이 좀 불편하네요,
",https://phinf.pstatic.net/checkout.phinf/20210310_96/1615344690636vQycO_JPEG/review-attachment-fcd4b186-1de8-46a0-83ef-00246e0ca661.jpeg?type=f300_300,lsib****,14.12.15.
18,5,"가벼워요. . 상품평이 왜이리좋은지 이해가잘안되네요. .추석도끼고 반품이 더귀찮고. 해서 쓰긴쓰는데  바닥에두고쓰는데 잘밀리고 방수커버도  영비싸기만하구요. .
또밀도가높긴높은건가요?  걍 솜같아요. .
집에 침대랑섞인 라텍스랑너무비교되요. .
아기랑셋이 잘려구  킹 구매한건데  이불여러개깔고  자야겠어요.. 좀더딱딱해야할거같아요. .넘  가벼운느낌이네요. .",https://phinf.pstatic.net/checkout.phinf/20210301_209/1614564832564jImAi_JPEG/review-attachment-32ad8e1e-cbee-4fce-8a04-6be1c66acad2.jpeg?type=f300_300,yms5****,14.09.04.
19,5,가격에비해. . 넘싼티나요. .가볍고  푹꺼지고. .다른엄마들도 누워보고 만져보더니 라텍스같지않다고. .차라리 더싼걸살걸.  규수방꺼랑 고민하다 좀더비싼게낫지싶었는데.. ,https://phinf.pstatic.net/checkout.phinf/20210227_177/1614404207833MLWES_JPEG/review-attachment-f9b84f2d-5193-47f3-9b21-b51c5b1edf1f.jpeg?type=f300_300,yms5****,14.09.04.
20,5,적당히 푹신하고 좋아요,https://phinf.pstatic.net/image.nmv/shopnbuyer_2021_01_13_0/1227392e-55a4-11eb-a12c-a0369ff963bc_03.jpg?type=ffn300_300,snud****,14.08.03.
21,3,좋아요 나중에 어쩔지모르지만 지금은 만족합니다,https://phinf.pstatic.net/checkout.phinf/20210326_102/1616758882099t5Hei_JPEG/review-attachment-2d960b3a-f409-4420-a294-313347cc17bf.jpeg?type=f300_300,lena****,14.06.29.
22,5,"5년정도사용했는데
산화가되어서 가루가 날리더라고요
버리고 다시구입했는데
잠자리가편안하고만족스러워요",https://phinf.pstatic.net/checkout.phinf/20210320_138/16162329796237AoJA_JPEG/review-attachment-f89c70ef-3fc8-460d-8a0d-b9071e7026f1.jpeg?type=f300_300,hong****,14.06.14.
23,5,맘에드네요 배송빠르고 포장도깔끔하고ㅎ,https://phinf.pstatic.net/checkout.phinf/20210327_149/1616805817864nD86Q_JPEG/review-attachment-c34a256c-2cb5-4630-b804-9c92584721cd.jpeg?type=f300_300,csh3****,14.06.05.
24,5, 배송도빠르고좋네요 정말베개에선 냄새가 ...사용해봐야겟지만!,https://phinf.pstatic.net/checkout.phinf/20210318_234/1616032710714lN6nJ_JPEG/review-attachment-daeadafd-04e6-400d-89c3-72f2b89a9ae9.jpeg?type=f300_300,koko****,14.05.28.
25,5, 약간 냄새가 나긴하는데 누워보니 편하고 좋습니다,https://phinf.pstatic.net/checkout.phinf/20210218_102/1613654591564qIaOp_JPEG/review-attachment-347078c2-96e5-4cf5-9cb9-55b5a6b6e6f3.jpeg?type=f300_300,joli****,14.06.01.
26,5,편안하고 좋아요^^ 바닥에 일반 매트만 깔고 자다가 라텍스를 사용하니 편안함이 아주 만족합니다.!!!,https://phinf.pstatic.net/checkout.phinf/20210323_102/1616473257588le5h3_JPEG/review-attachment-b2473737-5628-41e6-9d5e-6556dd33e3ed.jpeg?type=f300_300,naim****,14.05.20.
27,5,일부 약간 실밥이 깔끔하게 마무리되지 않은거 빼고는 괜찮습니다.,https://phinf.pstatic.net/checkout.phinf/20210324_207/1616546730062MQmof_JPEG/review-attachment-5f808cd5-7e67-45c2-b4f6-1418686bed77.jpeg?type=f300_300,hope****,14.05.18.
28,3,"그렇게 좋은 지는 모르겠네여...ㅋ 그래도 맨바닥보다는 낫겠쪄.. 
쿨원단은 정말 시원함 ㅎ_ㅎ
많이 파세요~",https://phinf.pstatic.net/checkout.phinf/20210306_113/1614988103659xctYM_JPEG/review-attachment-d363b779-7f72-4791-a962-77b8be67f6d2.jpeg?type=f300_300,hh28****,14.05.09.
29,5,다른것에 비해 기대했던것 만큼은 아니지만 착한 가격에 비하면 좋습니다.,https://phinf.pstatic.net/checkout.phinf/20210308_84/1615173126207gPym3_JPEG/review-attachment-dd18a272-8fb0-416f-b044-35b74dde830c.jpeg?type=f300_300,ge22****,14.05.11.
30,5,스탬프! N스템프!..  맨바닥 보다 낫긴한데.. 그렇게 편하진 않네요..그냥 그럼.. 그래도 쿨원단 시원하고 넓직해서 좋아용 많이 파세요~   N스탬프ㅊ나엄니ㅏ어ㅣㅁ나ㅓ이ㅏㅁ너이ㅏㄴㅁㄴskdjsakldjklsajdkljaldkjsakdsadkjaslkdjsalkdslkdjlksaskdjlskskdjklsdm powsldjiewmxczlksjdpasgotjrgkwlaktpdudz,https://phinf.pstatic.net/checkout.phinf/20210215_6/16133550147777T3hl_JPEG/review-attachment-47327de1-38a4-494c-baac-5ac847e1e48d.jpeg?type=f300_300,hh28****,14.05.09.
31,5,참좋아요~~~,https://phinf.pstatic.net/checkout.phinf/20210308_139/1615173034699THkps_JPEG/review-attachment-aae5d8cd-3a94-441b-9bbb-e13a32da25ed.jpeg?type=f300_300,ssmm****,14.04.27.
32,5,"너무좋아요~
폭신하네 잠도잘오네요!~~",https://phinf.pstatic.net/checkout.phinf/20210225_194/1614257312087P2X8e_JPEG/review-attachment-e018ce9c-18eb-4194-ae69-6cf63dfdd931.jpeg?type=f300_300,like****,14.03.28.
33,3,좋아요 새 제품 냄새가 빨리 제거 되지 않는게 좀 아쉽네요 누워서 취침하니 허리에 무리없고 좋고 개운 합니다 냄새만 빨리 해결 되면 좋을것 같습니다,https://phinf.pstatic.net/checkout.phinf/20210227_151/161441372745871Xby_JPEG/review-attachment-7200f33e-601e-4927-9ccf-dbb741192b95.jpeg?type=f300_300,jbto****,14.03.09.
34,5,푹신푹신하니 참 좋네요!!,https://phinf.pstatic.net/checkout.phinf/20210214_282/1613291515023I51bA_JPEG/review-attachment-40ffa4c3-4541-4e61-a1f2-afec4357cac0.jpeg?type=f300_300,song****,14.03.24.
35,5,배송빠르고 매트도 냄새도 거의없어 바로 사용했네요 편하고좋아요 근데 베게는 좀 냄새나요,https://phinf.pstatic.net/checkout.phinf/20210215_3/16133861016882whsY_JPEG/review-attachment-204c3dd2-2e37-4efc-b22d-cadb472966fc.jpeg?type=f300_300,mini****,14.03.05.
36,5,가격대비 품질이 좋은것 같은데 냄새가 빨리 안 빠지네요,https://phinf.pstatic.net/checkout.phinf/20210328_62/1616865136498mAySg_JPEG/review-attachment-f041fe81-f860-4786-8ff7-5d7f026d8e05.jpeg?type=f300_300,jbto****,14.03.09.
37,4,빠른배송에 원하는대로 사은품까지 만족하고 많이판매하시길 ,https://phinf.pstatic.net/checkout.phinf/20210310_96/1615344690636vQycO_JPEG/review-attachment-fcd4b186-1de8-46a0-83ef-00246e0ca661.jpeg?type=f300_300,nohy****,14.03.06.
38,5,잠자리가 편해졌어요. 진공포장하고 박스안에.담겨왔고요. 단단하게 포장되어있더리구요. 굴려서 방에 가져와서 바로 셋팅해봤네요. 7.5T 높이도 좋구요  킹이라 평상침대에 딱 맞습니다. 넉넉한 남편이랑 자도 전혀 불편하지않겠어요. 4식구 아가들까지 다 누워서 자도 될 정도로 넓습니다. 대박나세요,https://phinf.pstatic.net/checkout.phinf/20210301_209/1614564832564jImAi_JPEG/review-attachment-32ad8e1e-cbee-4fce-8a04-6be1c66acad2.jpeg?type=f300_300,nari****,14.01.08.
39,5,2번째 구입입니다. 맘에 드네요 감사합니다^^,https://phinf.pstatic.net/checkout.phinf/20210227_177/1614404207833MLWES_JPEG/review-attachment-f9b84f2d-5193-47f3-9b21-b51c5b1edf1f.jpeg?type=f300_300,xix_****,14.02.13.
40,5,"갠찮아요 무겁지만 ㅡㅡ
",https://phinf.pstatic.net/image.nmv/shopnbuyer_2021_01_13_0/1227392e-55a4-11eb-a12c-a0369ff963bc_03.jpg?type=ffn300_300,b990****,14.02.22.
41,3,부모님선물드렸는데조아하셔오,https://phinf.pstatic.net/checkout.phinf/20210326_102/1616758882099t5Hei_JPEG/review-attachment-2d960b3a-f409-4420-a294-313347cc17bf.jpeg?type=f300_300,csjg****,14.01.25.
42,5,품질도 좋고 가격도 좋고 배송도 빠릅니다 좋습니다. 5t퀸 라텍스쓰다가 이번에 7.5t킹 라텍스로바꿨습니다. 킹이 역쉬크네요 완전 대박입니당!!쿨그레이 좋습니당,https://phinf.pstatic.net/checkout.phinf/20210320_138/16162329796237AoJA_JPEG/review-attachment-f89c70ef-3fc8-460d-8a0d-b9071e7026f1.jpeg?type=f300_300,nari****,14.01.08.
43,5,좋아요~~침대보다 나은듯해요,https://phinf.pstatic.net/checkout.phinf/20210327_149/1616805817864nD86Q_JPEG/review-attachment-c34a256c-2cb5-4630-b804-9c92584721cd.jpeg?type=f300_300,clov****,14.01.19.
44,5,엄마 선물 드렸는데 좋다고 하세요,https://phinf.pstatic.net/checkout.phinf/20210318_234/1616032710714lN6nJ_JPEG/review-attachment-daeadafd-04e6-400d-89c3-72f2b89a9ae9.jpeg?type=f300_300,uhee****,14.01.13.
45,5,"아침이 편해졌어요. 라텍스매트를 구매하려고 여기저기 보다가 샀는데...
내아침이 달라졌어요
무릎도 아파서 걸래질하기 힘들정도인데 너무폭신하게 잤어요 그리고 허리도 편해져서 행복해질정도였답니다. 
저렴한가격에 구매하게 되어 좋은데 사은품으로 주신 베게까지 ...ㅎㅎㅎ
옇든, 어깨두 결리던게 마니 좋아져서 저는 적극 추천해드려용...!!!",https://phinf.pstatic.net/checkout.phinf/20210218_102/1613654591564qIaOp_JPEG/review-attachment-347078c2-96e5-4cf5-9cb9-55b5a6b6e6f3.jpeg?type=f300_300,sugi****,13.12.13.
46,5,킹사이즈인데 생각보다 크지 않은거 같아요,https://phinf.pstatic.net/checkout.phinf/20210323_102/1616473257588le5h3_JPEG/review-attachment-b2473737-5628-41e6-9d5e-6556dd33e3ed.jpeg?type=f300_300,did7****,14.01.07.
47,5,아주 만족 합니다..ㅎㅎ,https://phinf.pstatic.net/checkout.phinf/20210324_207/1616546730062MQmof_JPEG/review-attachment-5f808cd5-7e67-45c2-b4f6-1418686bed77.jpeg?type=f300_300,newk****,14.01.13.
48,5,"평상형 침대에도 나이스 만족합니다.
높이도 제가 원했던 사이즈의 높이라서 군더더기 하나없이 잘 쓸것같습니다.
다만 킹사이즈라는데 생각보다 조금 작은 느낌입니다",https://phinf.pstatic.net/checkout.phinf/20210306_113/1614988103659xctYM_JPEG/review-attachment-d363b779-7f72-4791-a962-77b8be67f6d2.jpeg?type=f300_300,qpqp****,13.12.08.
49,4,"나이스 나이스 진짜 좋아요.
평상형 침대에 바로 올렸습니다.
높은 침대는 별루라서 구입했는데 완전 만족합니다",https://phinf.pstatic.net/checkout.phinf/20210308_84/1615173126207gPym3_JPEG/review-attachment-dd18a272-8fb0-416f-b044-35b74dde830c.jpeg?type=f300_300,qpqp****,13.12.08.
50,3,매트 적극추천+베개 비추천 10일 정도 사용결과입니다.  매트는 침대옆에 설치했는데 넓직하고 푹신해서 아이와 엄마 모두좋아합니다. But 베게는 아직까지 냄새가 안빠지는....ㅜㅜ 매트는 고소한 고무냄새인데 베게는 화공약품냄새가 납니다. 베게는 천연라텍스인걸까요?,https://phinf.pstatic.net/checkout.phinf/20210215_6/16133550147777T3hl_JPEG/review-attachment-47327de1-38a4-494c-baac-5ac847e1e48d.jpeg?type=f300_300,hsan****,13.11.26.
51,5,"생각보다 두껍고, 단단하네요... 만족합니다",https://phinf.pstatic.net/checkout.phinf/20210308_139/1615173034699THkps_JPEG/review-attachment-aae5d8cd-3a94-441b-9bbb-e13a32da25ed.jpeg?type=f300_300,ew93****,13.12.09.
52,5,감사합니다,https://phinf.pstatic.net/checkout.phinf/20210225_194/1614257312087P2X8e_JPEG/review-attachment-e018ce9c-18eb-4194-ae69-6cf63dfdd931.jpeg?type=f300_300,yeub****,13.12.14.
53,5,배송 빠르고 제품 좋습니다.~~,https://phinf.pstatic.net/checkout.phinf/20210227_151/161441372745871Xby_JPEG/review-attachment-7200f33e-601e-4927-9ccf-dbb741192b95.jpeg?type=f300_300,jyou****,13.12.08.
54,4,"저렴한 가격에 구입해서 좋고 누워보니 편해서 좋아요
다른곳은 베개가 불편하다던데 여기는 베개도 정말 편하고 좋네요
많이 파세요^^",https://phinf.pstatic.net/checkout.phinf/20210214_282/1613291515023I51bA_JPEG/review-attachment-40ffa4c3-4541-4e61-a1f2-afec4357cac0.jpeg?type=f300_300,kyun****,13.11.15.
55,5,잘받았습니다.,https://phinf.pstatic.net/checkout.phinf/20210215_3/16133861016882whsY_JPEG/review-attachment-204c3dd2-2e37-4efc-b22d-cadb472966fc.jpeg?type=f300_300,hsan****,13.11.18.
56,5,온도를 오래 유지시켜줘서 좋아요,https://phinf.pstatic.net/checkout.phinf/20210328_62/1616865136498mAySg_JPEG/review-attachment-f041fe81-f860-4786-8ff7-5d7f026d8e05.jpeg?type=f300_300,blue****,13.10.28.
57,5,"여러 라텍스를 비교해보다가 선택한 델라텍스 ^^  써보니 너무 좋네요
. 사업 번창하시길 바랍니다. ",https://phinf.pstatic.net/checkout.phinf/20210310_96/1615344690636vQycO_JPEG/review-attachment-fcd4b186-1de8-46a0-83ef-00246e0ca661.jpeg?type=f300_300,acea****,13.10.09.
58,5,좋네요 만족만족,https://phinf.pstatic.net/checkout.phinf/20210301_209/1614564832564jImAi_JPEG/review-attachment-32ad8e1e-cbee-4fce-8a04-6be1c66acad2.jpeg?type=f300_300,jino****,13.10.23.
59,5,생각보다 좀 매트가 단단해서... 그래서 걱정만큼 자는데 불편하지는 않네요,https://phinf.pstatic.net/checkout.phinf/20210227_177/1614404207833MLWES_JPEG/review-attachment-f9b84f2d-5193-47f3-9b21-b51c5b1edf1f.jpeg?type=f300_300,jhki****,13.10.09.
60,5,너무 좋아요 델라텍스 통몰드 국내생산 천연라텍스 매트리스 너무 너무 좋아요 두께감도 있고 푹신 단단하니 좋아요,https://phinf.pstatic.net/image.nmv/shopnbuyer_2021_01_13_0/1227392e-55a4-11eb-a12c-a0369ff963bc_03.jpg?type=ffn300_300,oldj****,13.10.01.
61,3,좋은제품감사드립니다.,https://phinf.pstatic.net/checkout.phinf/20210326_102/1616758882099t5Hei_JPEG/review-attachment-2d960b3a-f409-4420-a294-313347cc17bf.jpeg?type=f300_300,mode****,13.10.15.
62,5,푹신푹신 만족합니다.,https://phinf.pstatic.net/checkout.phinf/20210320_138/16162329796237AoJA_JPEG/review-attachment-f89c70ef-3fc8-460d-8a0d-b9071e7026f1.jpeg?type=f300_300,koo1****,13.10.14.
63,5,남푠도 마음에 들어합니다^^,https://phinf.pstatic.net/checkout.phinf/20210327_149/1616805817864nD86Q_JPEG/review-attachment-c34a256c-2cb5-4630-b804-9c92584721cd.jpeg?type=f300_300,meno****,13.10.05.
64,5,"가격대비 괜찬습니다 킹사이즈는 커버가 통으로 안되어있는점이 좀 아쉽습니다만.. 가격대비 전반적으로 만족합니다.. 집사람이 허리가 아프다고 해고 구매했는데 , 지금은 좀 잠자리가 편해졌답니다.. 얘들도 좋아라 합니다요",https://phinf.pstatic.net/checkout.phinf/20210318_234/1616032710714lN6nJ_JPEG/review-attachment-daeadafd-04e6-400d-89c3-72f2b89a9ae9.jpeg?type=f300_300,penb****,13.09.09.
65,5,맘음에들아여 ,https://phinf.pstatic.net/checkout.phinf/20210218_102/1613654591564qIaOp_JPEG/review-attachment-347078c2-96e5-4cf5-9cb9-55b5a6b6e6f3.jpeg?type=f300_300,1983****,13.10.02.
66,5,너무 좋아요,https://phinf.pstatic.net/checkout.phinf/20210323_102/1616473257588le5h3_JPEG/review-attachment-b2473737-5628-41e6-9d5e-6556dd33e3ed.jpeg?type=f300_300,oldj****,13.10.01.
67,5,커버를 드라이맡기라고해서 받자마자 드라이했는데 벌써작아졌는지 원래부터작았었는지너무끼네요..라텍스가 눌리면 안된다고하셨는데 커버에 너무낑겨 눌려있는데 커버교환안되나요?,https://phinf.pstatic.net/checkout.phinf/20210324_207/1616546730062MQmof_JPEG/review-attachment-5f808cd5-7e67-45c2-b4f6-1418686bed77.jpeg?type=f300_300,mamo****,13.09.07.
68,4,완젼 조아요 ^^ ,https://phinf.pstatic.net/checkout.phinf/20210306_113/1614988103659xctYM_JPEG/review-attachment-d363b779-7f72-4791-a962-77b8be67f6d2.jpeg?type=f300_300,aclb****,13.09.30.
69,5,"배송이 빨라서 아주 종았어요.     가격대비 품질 매우 만족합니다.
그런데 베개는 냄새가 좀 많이 나서 아직 사용을 못했네요.",https://phinf.pstatic.net/checkout.phinf/20210308_84/1615173126207gPym3_JPEG/review-attachment-dd18a272-8fb0-416f-b044-35b74dde830c.jpeg?type=f300_300,kjnh****,13.09.02.
70,5,부모님이 너무 좋아하세요~^^,https://phinf.pstatic.net/checkout.phinf/20210215_6/16133550147777T3hl_JPEG/review-attachment-47327de1-38a4-494c-baac-5ac847e1e48d.jpeg?type=f300_300,free****,13.09.18.
71,3,좋아욯ㅎㅎㅎㅎ 쿠션감도 좋고 편해요 커버도 고급스럽고 부드럽네요 오랫동안 사용해도 이상없기를 바랄뿐입니다,https://phinf.pstatic.net/checkout.phinf/20210308_139/1615173034699THkps_JPEG/review-attachment-aae5d8cd-3a94-441b-9bbb-e13a32da25ed.jpeg?type=f300_300,ygv0****,13.08.27.
72,5,이제 실사이즈가 제대로 맞네요,https://phinf.pstatic.net/checkout.phinf/20210225_194/1614257312087P2X8e_JPEG/review-attachment-e018ce9c-18eb-4194-ae69-6cf63dfdd931.jpeg?type=f300_300,penb****,13.09.09.
73,5,"이 가격에 괜찮네요 ㅎ 놀이방매트대신 깔았는데
푹신하고 좋네요
고무냄새는 어쩔수없고..
근데 생각보다 단단하지않고 부드러워요
원래이런가 ㅎㅎ",https://phinf.pstatic.net/checkout.phinf/20210227_151/161441372745871Xby_JPEG/review-attachment-7200f33e-601e-4927-9ccf-dbb741192b95.jpeg?type=f300_300,yuki****,13.08.21.
74,5,착한가격에좋은상품구매했어요 맘에들어요~^^,https://phinf.pstatic.net/checkout.phinf/20210214_282/1613291515023I51bA_JPEG/review-attachment-40ffa4c3-4541-4e61-a1f2-afec4357cac0.jpeg?type=f300_300,nigh****,13.09.02.
75,5,"와...이런 신세계 진짜최고입니당ㅎ

대만족 돈이안아깝네요 킹 크고좋아용",https://phinf.pstatic.net/checkout.phinf/20210215_3/16133861016882whsY_JPEG/review-attachment-204c3dd2-2e37-4efc-b22d-cadb472966fc.jpeg?type=f300_300,wjs2****,13.08.25.
76,5,"아기 아토피 천식에좋다는데..
며칠써보니까 백일된 우리아들 피부에 오돌토돌 작고빨간게 나네요..
뭘까요 이게...?",https://phinf.pstatic.net/checkout.phinf/20210328_62/1616865136498mAySg_JPEG/review-attachment-f041fe81-f860-4786-8ff7-5d7f026d8e05.jpeg?type=f300_300,piss****,13.08.15.
77,4,"가격대비 아주 좋습니다. 가격 대비 아주 좋습니다. 
 
통몰드에 밀도도 한국 사람에게 맞는 것 같고 베개도 주고 여러모로 아주 좋은 선택이었습니다.
7.5cm 킹사이즈 바닥에 깔았더니 푹신하고 크키고 크고 아주아주 만족합니다.",https://phinf.pstatic.net/checkout.phinf/20210310_96/1615344690636vQycO_JPEG/review-attachment-fcd4b186-1de8-46a0-83ef-00246e0ca661.jpeg?type=f300_300,hapj****,13.08.11.
78,5,편하게 막 쓰려고 구매,https://phinf.pstatic.net/checkout.phinf/20210301_209/1614564832564jImAi_JPEG/review-attachment-32ad8e1e-cbee-4fce-8a04-6be1c66acad2.jpeg?type=f300_300,yuki****,13.08.21.
79,5,"장마철이라 그런지 라텍스에 습기가 좀 차있었지만 괜찮아졌어요.
냄새는 생각보다 심하지 않았고
3일 자봤는데 아직 좀 불편하네요.
아기랑 자려고 구매했으니 슬슬 적응해야겠어요.",https://phinf.pstatic.net/checkout.phinf/20210227_177/1614404207833MLWES_JPEG/review-attachment-f9b84f2d-5193-47f3-9b21-b51c5b1edf1f.jpeg?type=f300_300,ablo****,13.07.29.
80,5,"킹사이즈가 표기보다 적네요.. 가로는 4센티, 세로는 2센티 모자릅니다",https://phinf.pstatic.net/image.nmv/shopnbuyer_2021_01_13_0/1227392e-55a4-11eb-a12c-a0369ff963bc_03.jpg?type=ffn300_300,haso****,13.08.03.
81,3,좋아요~~~,https://phinf.pstatic.net/checkout.phinf/20210326_102/1616758882099t5Hei_JPEG/review-attachment-2d960b3a-f409-4420-a294-313347cc17bf.jpeg?type=f300_300,syst****,13.08.15.
82,5,잘받습니다 효도용으로 짱!!,https://phinf.pstatic.net/checkout.phinf/20210320_138/16162329796237AoJA_JPEG/review-attachment-f89c70ef-3fc8-460d-8a0d-b9071e7026f1.jpeg?type=f300_300,sser****,13.08.04.
83,5,좋아요 ㅋㅋㅋㅋ,https://phinf.pstatic.net/checkout.phinf/20210327_149/1616805817864nD86Q_JPEG/review-attachment-c34a256c-2cb5-4630-b804-9c92584721cd.jpeg?type=f300_300,ygv0****,13.08.09.
84,3,qhxhddlqslek,https://phinf.pstatic.net/checkout.phinf/20210318_234/1616032710714lN6nJ_JPEG/review-attachment-daeadafd-04e6-400d-89c3-72f2b89a9ae9.jpeg?type=f300_300,ds15****,13.08.20.
85,5,"고가 라텍스보다는 쿠션감이 덜함
저가 라텍스중에는 최고.
냄새가 많이나서 바로 사용하기 어려움.
커버는 드라이클리닝을해야해서 실용성이 적음.",https://phinf.pstatic.net/checkout.phinf/20210218_102/1613654591564qIaOp_JPEG/review-attachment-347078c2-96e5-4cf5-9cb9-55b5a6b6e6f3.jpeg?type=f300_300,ivh****,13.07.02.
86,5,"아가 재울때 편히 재우고 저도 편히 자려고 샀는데
이틀 써봤는데 편안하고 좋은것 같아요^^",https://phinf.pstatic.net/checkout.phinf/20210323_102/1616473257588le5h3_JPEG/review-attachment-b2473737-5628-41e6-9d5e-6556dd33e3ed.jpeg?type=f300_300,garn****,13.06.18.
87,5,아주 좋습니다.ㅋㅋㅋ,https://phinf.pstatic.net/checkout.phinf/20210324_207/1616546730062MQmof_JPEG/review-attachment-5f808cd5-7e67-45c2-b4f6-1418686bed77.jpeg?type=f300_300,jhhi****,13.06.29.
88,3,일단 제품의 다른 부분은 만족하나 라텍스 안쪽에 이물질이 있습니다 칼로 잘라보고 싶은 심정이네요 손가락 한마디 정도의 크기로 뭐가 있습니다 교환 귀찮아 쓰는데 찝찝...,https://phinf.pstatic.net/checkout.phinf/20210306_113/1614988103659xctYM_JPEG/review-attachment-d363b779-7f72-4791-a962-77b8be67f6d2.jpeg?type=f300_300,hapj****,13.05.13.
89,5,라텍스 구입하려고 여러곳을 알아보더가 국내 생산에 에코인증 저렴한 가격이라 구입했어요~ 라텍스가 처음이라  사용감이 이런지는 모르지만 약간 단단한 느낌인데 믿음이가서 만족해요,https://phinf.pstatic.net/checkout.phinf/20210308_84/1615173126207gPym3_JPEG/review-attachment-dd18a272-8fb0-416f-b044-35b74dde830c.jpeg?type=f300_300,iifo****,13.05.11.
90,5,"물건은 맘에 들어요,,

그런데 베게커버는 체크로 했는데 그냥 커버가 와버렸네여,,,,ㅜㅜ",https://phinf.pstatic.net/checkout.phinf/20210215_6/16133550147777T3hl_JPEG/review-attachment-47327de1-38a4-494c-baac-5ac847e1e48d.jpeg?type=f300_300,ksr4****,13.05.09.
91,5,"여러 라텍스 사이트를 비교해보고 구입했습니다.
매우 만족합니다.7.5 킹샀는데 정말 잘산것 같습니다.
크기도 푹신함도 침대커버도 사진보다 훨씬 선명하고 이뻐서 마음에 드네요",https://phinf.pstatic.net/checkout.phinf/20210308_139/1615173034699THkps_JPEG/review-attachment-aae5d8cd-3a94-441b-9bbb-e13a32da25ed.jpeg?type=f300_300,xtip****,13.04.27.
92,5,만족합니다,https://phinf.pstatic.net/checkout.phinf/20210225_194/1614257312087P2X8e_JPEG/review-attachment-e018ce9c-18eb-4194-ae69-6cf63dfdd931.jpeg?type=f300_300,azuk****,13.05.05.
93,5,잘 받앗어요,https://phinf.pstatic.net/checkout.phinf/20210227_151/161441372745871Xby_JPEG/review-attachment-7200f33e-601e-4927-9ccf-dbb741192b95.jpeg?type=f300_300,scha****,13.04.11.
94,5,좋아요. .정겨운  멘트를  남기셧내요..,https://phinf.pstatic.net/checkout.phinf/20210214_282/1613291515023I51bA_JPEG/review-attachment-40ffa4c3-4541-4e61-a1f2-afec4357cac0.jpeg?type=f300_300,einl****,12.12.27.
