﻿,star,review,reviewImage,customerId,reviewDate
0,5,높아서 발이 안닿아요!ㅋㅋ 넘좋아요,https://phinf.pstatic.net/image.nmv/shopnbuyer_2021_01_13_0/1227392e-55a4-11eb-a12c-a0369ff963bc_03.jpg?type=ffn300_300,naru****,21.01.02.
1,5,배송 정확한 날짜에 친절하게 받았습니다~,https://phinf.pstatic.net/checkout.phinf/20210326_102/1616758882099t5Hei_JPEG/review-attachment-2d960b3a-f409-4420-a294-313347cc17bf.jpeg?type=f300_300,name****,19.04.02.
2,4,적당히 푹신하나 오래 누우면 허리 좀 안좋아서 4점,https://phinf.pstatic.net/checkout.phinf/20210320_138/16162329796237AoJA_JPEG/review-attachment-f89c70ef-3fc8-460d-8a0d-b9071e7026f1.jpeg?type=f300_300,widm****,19.03.10.
3,5,엄마가 넘 좋아해요~ 배송비 착불 6만원이 좀 짜증나긴 한데 ㅋㅋ (미리 같이 계산하지 넘 번거롭네요) 제품은 좋아요~,https://phinf.pstatic.net/checkout.phinf/20210327_149/1616805817864nD86Q_JPEG/review-attachment-c34a256c-2cb5-4630-b804-9c92584721cd.jpeg?type=f300_300,jiin****,19.01.19.
