﻿,star,review,reviewImage,customerId,reviewDate
0,3,냄새가 조금 났지만 그래도 만족합니다. 번창하세요,https://phinf.pstatic.net/image.nmv/shopnbuyer_2021_01_13_0/1227392e-55a4-11eb-a12c-a0369ff963bc_03.jpg?type=ffn300_300,tjs6****,21.01.05.
1,2,내구성이 좋네요 지금까지,https://phinf.pstatic.net/checkout.phinf/20210326_102/1616758882099t5Hei_JPEG/review-attachment-2d960b3a-f409-4420-a294-313347cc17bf.jpeg?type=f300_300,vywl****,20.06.17.
2,4,별로네요 별로입니다 별로에오,https://phinf.pstatic.net/checkout.phinf/20210320_138/16162329796237AoJA_JPEG/review-attachment-f89c70ef-3fc8-460d-8a0d-b9071e7026f1.jpeg?type=f300_300,ohmi****,20.05.14.
3,3,"그런대로 쓸만하네요
배송이 너~~무 느려서 화는 났지만 침대는 뭐 쓸만하네요",https://phinf.pstatic.net/checkout.phinf/20210327_149/1616805817864nD86Q_JPEG/review-attachment-c34a256c-2cb5-4630-b804-9c92584721cd.jpeg?type=f300_300,swjw****,20.02.23.
4,5,"적당히 하드해서 잠편하게 잘자고있음...
좀더 딱딱해도 좋았겠지만...그래도 잘쓰고있음",https://phinf.pstatic.net/checkout.phinf/20210318_234/1616032710714lN6nJ_JPEG/review-attachment-daeadafd-04e6-400d-89c3-72f2b89a9ae9.jpeg?type=f300_300,coff****,20.02.15.
5,5,"하드한편인데 위에 살짝 쿠션감이 있어 아직까지는 괜찮은듯요...
배송 전날 연락받고 배송일 정정 부탁드렸더니 단칼에 안된다고해서 어쩔수없이 문앞에 놔 놓고 가셨네요.. 퇴근후 열심히 끌고 들어왔어요..( 묵직..)
배송이 많이 늦는 편이라고 해도 상품평은 괜찮은듯해서 한달넘게 기다렸다 받았습니다 
더 써봐야 알겠지만 일단 2주 가까이 사용한 지금까지는 저는 괜찮았어요",https://phinf.pstatic.net/checkout.phinf/20210218_102/1613654591564qIaOp_JPEG/review-attachment-347078c2-96e5-4cf5-9cb9-55b5a6b6e6f3.jpeg?type=f300_300,coff****,19.12.27.
6,1,쿠션감도 적당하고  배송하신분도  친절했습니다,https://phinf.pstatic.net/checkout.phinf/20210323_102/1616473257588le5h3_JPEG/review-attachment-b2473737-5628-41e6-9d5e-6556dd33e3ed.jpeg?type=f300_300,jinm****,20.02.02.
7,3,"배송이 2달걸렸어요
이건 뭐 ~~ 주문제작을 하고도 충분히 남는시간일텐데~~ 암튼 쿠션감은 나쁘지 않은걸로~~",https://phinf.pstatic.net/checkout.phinf/20210324_207/1616546730062MQmof_JPEG/review-attachment-5f808cd5-7e67-45c2-b4f6-1418686bed77.jpeg?type=f300_300,swjw****,19.12.23.
8,3,잘사용하고 있어용 아이와함께,https://phinf.pstatic.net/checkout.phinf/20210306_113/1614988103659xctYM_JPEG/review-attachment-d363b779-7f72-4791-a962-77b8be67f6d2.jpeg?type=f300_300,mymo****,19.12.14.
9,3,"중간이 좀 꺼진거 같아 한 번 돌렸어요.
전체적으로 딱딱보단 덜푹신이 더 맞는 표현인거 같아요.",https://phinf.pstatic.net/checkout.phinf/20210308_84/1615173126207gPym3_JPEG/review-attachment-dd18a272-8fb0-416f-b044-35b74dde830c.jpeg?type=f300_300,a4_****,19.11.09.
10,4,잘쓰고 있습니다. 많이 푹신하지않아서 좋아요,https://phinf.pstatic.net/checkout.phinf/20210215_6/16133550147777T3hl_JPEG/review-attachment-47327de1-38a4-494c-baac-5ac847e1e48d.jpeg?type=f300_300,kkbj****,19.11.03.
11,2,"아이가좋아해요
잘   쓰고있어요",https://phinf.pstatic.net/checkout.phinf/20210308_139/1615173034699THkps_JPEG/review-attachment-aae5d8cd-3a94-441b-9bbb-e13a32da25ed.jpeg?type=f300_300,wgat****,19.10.11.
12,5,사용 잘하고 있어요^^~~,https://phinf.pstatic.net/checkout.phinf/20210225_194/1614257312087P2X8e_JPEG/review-attachment-e018ce9c-18eb-4194-ae69-6cf63dfdd931.jpeg?type=f300_300,god4****,19.10.08.
13,4,가격비해 좋아요.  두께도 두껍네요,https://phinf.pstatic.net/checkout.phinf/20210227_151/161441372745871Xby_JPEG/review-attachment-7200f33e-601e-4927-9ccf-dbb741192b95.jpeg?type=f300_300,ryub****,19.09.20.
14,5,배송도빠르고 아주좋아요,https://phinf.pstatic.net/checkout.phinf/20210214_282/1613291515023I51bA_JPEG/review-attachment-40ffa4c3-4541-4e61-a1f2-afec4357cac0.jpeg?type=f300_300,hsyy****,19.10.16.
15,3,진짜 최고에요 이거쓰면서 꿈잠자세요 ㄹㅇ좋아요,https://phinf.pstatic.net/checkout.phinf/20210215_3/16133861016882whsY_JPEG/review-attachment-204c3dd2-2e37-4efc-b22d-cadb472966fc.jpeg?type=f300_300,1004****,19.10.01.
16,5,평이 좋아서 샀는데 아주맘에들어요 저도 5점 드림,https://phinf.pstatic.net/checkout.phinf/20210328_62/1616865136498mAySg_JPEG/review-attachment-f041fe81-f860-4786-8ff7-5d7f026d8e05.jpeg?type=f300_300,doub****,19.09.09.
17,5,"감사합니다
잘쓰겠습니다",https://phinf.pstatic.net/checkout.phinf/20210310_96/1615344690636vQycO_JPEG/review-attachment-fcd4b186-1de8-46a0-83ef-00246e0ca661.jpeg?type=f300_300,sshe****,19.10.04.
18,5,"누워보니 딱딱해요
걍 가격에 맞는듯",https://phinf.pstatic.net/checkout.phinf/20210301_209/1614564832564jImAi_JPEG/review-attachment-32ad8e1e-cbee-4fce-8a04-6be1c66acad2.jpeg?type=f300_300,wgat****,19.09.09.
19,5,"배송빠르게 되었어요
생각보다 일찍와서 쓰고 있네요",https://phinf.pstatic.net/checkout.phinf/20210227_177/1614404207833MLWES_JPEG/review-attachment-f9b84f2d-5193-47f3-9b21-b51c5b1edf1f.jpeg?type=f300_300,rkdd****,19.09.20.
20,3,"리뷰보고 거의 딱딱 수준의 매트리스라고 생각했는데, 쿠션감은 보통인거 같아요.",https://phinf.pstatic.net/image.nmv/shopnbuyer_2021_01_13_0/1227392e-55a4-11eb-a12c-a0369ff963bc_03.jpg?type=ffn300_300,a4_****,19.08.26.
21,2,"탄탄하니 좋아요.
푹신한건 허리에 안좋으니 더 꺼지지않기를",https://phinf.pstatic.net/checkout.phinf/20210326_102/1616758882099t5Hei_JPEG/review-attachment-2d960b3a-f409-4420-a294-313347cc17bf.jpeg?type=f300_300,hero****,19.08.22.
22,4,아주  잘사용하고 있어요 쿠션도 괜찮고요,https://phinf.pstatic.net/checkout.phinf/20210320_138/16162329796237AoJA_JPEG/review-attachment-f89c70ef-3fc8-460d-8a0d-b9071e7026f1.jpeg?type=f300_300,ass0****,19.09.13.
23,3,오래기다린 끝에 받았습니다ㅠㅠ택배 아저씨 친절하시고 제품은 아들이 좋다고 합니다^^~~,https://phinf.pstatic.net/checkout.phinf/20210327_149/1616805817864nD86Q_JPEG/review-attachment-c34a256c-2cb5-4630-b804-9c92584721cd.jpeg?type=f300_300,god4****,19.08.09.
24,4,가격대비 괜찮아요..너무푹신하지도 딱딱하지도 않아서 좋은거 같애요,https://phinf.pstatic.net/checkout.phinf/20210318_234/1616032710714lN6nJ_JPEG/review-attachment-daeadafd-04e6-400d-89c3-72f2b89a9ae9.jpeg?type=f300_300,knys****,19.08.28.
25,5,두달정도 사용중인대 무난합니다,https://phinf.pstatic.net/checkout.phinf/20210218_102/1613654591564qIaOp_JPEG/review-attachment-347078c2-96e5-4cf5-9cb9-55b5a6b6e6f3.jpeg?type=f300_300,rico****,19.09.07.
26,5,제가 쓰기엔 조금 단단한 느낌인데 남편은 마음에 들어하네요 ㅎㅎ 기존 퀸사이즈 침대 옆에 붙여서 사용하려고 구매했는데 아무래도 같은 상품이 아니다보니 약간 높이차이는 있어요 그래도 크게 불편하지 않아요 무엇보다 가성비 굳 ㅎㅎ잘 사용하겠습니다~,https://phinf.pstatic.net/checkout.phinf/20210323_102/1616473257588le5h3_JPEG/review-attachment-b2473737-5628-41e6-9d5e-6556dd33e3ed.jpeg?type=f300_300,toph****,19.07.30.
27,5,아기가 허리아파해서 샀는데‥잘자서좋아여배송도 빨랐어여,https://phinf.pstatic.net/checkout.phinf/20210324_207/1616546730062MQmof_JPEG/review-attachment-5f808cd5-7e67-45c2-b4f6-1418686bed77.jpeg?type=f300_300,wshe****,19.08.13.
28,5,"배송도 생각보다 빨리왔고 평소에 허리안좋은 편인데 잘때 편안하게 잘 수 있어서 좋았어요! 
정말 구매 잘한것 같아요~",https://phinf.pstatic.net/checkout.phinf/20210306_113/1614988103659xctYM_JPEG/review-attachment-d363b779-7f72-4791-a962-77b8be67f6d2.jpeg?type=f300_300,bak3****,19.07.07.
29,4,배송은 늦었지만 품질은 만족합니다,https://phinf.pstatic.net/checkout.phinf/20210308_84/1615173126207gPym3_JPEG/review-attachment-dd18a272-8fb0-416f-b044-35b74dde830c.jpeg?type=f300_300,sola****,19.08.05.
30,5,"배송도 빠르고, 제품도 좋습니다.",https://phinf.pstatic.net/checkout.phinf/20210215_6/16133550147777T3hl_JPEG/review-attachment-47327de1-38a4-494c-baac-5ac847e1e48d.jpeg?type=f300_300,kkbj****,19.08.07.
31,4,"매트리스는 기존에 남편이 사용하던매트리스가 허리가 아프다고해서 바꿔준건데 사용한지 두달 가까이되는거같은데, 남편이 허리아프다는 얘길 안하네요^^

매트리스두께는 엄청 두꺼워요♡
쿠션감도 너무 하드하지도 너무 소프트하지도않고 딱 좋네요

배송도 빨랐고, 너무 만족하고 사용하고있어요",https://phinf.pstatic.net/checkout.phinf/20210308_139/1615173034699THkps_JPEG/review-attachment-aae5d8cd-3a94-441b-9bbb-e13a32da25ed.jpeg?type=f300_300,bull****,19.06.10.
32,5,아주폭신하고 잘때 편해요,https://phinf.pstatic.net/checkout.phinf/20210225_194/1614257312087P2X8e_JPEG/review-attachment-e018ce9c-18eb-4194-ae69-6cf63dfdd931.jpeg?type=f300_300,jhjy****,19.07.27.
33,5,"한달정도 사용해본 후기로서는, 잠을 예전에 바닥에 잘때보다 더욱더 편안하게 잔다는 점. 적당한 푹신함과 두께감 아주 만족스럽습니다.",https://phinf.pstatic.net/checkout.phinf/20210227_151/161441372745871Xby_JPEG/review-attachment-7200f33e-601e-4927-9ccf-dbb741192b95.jpeg?type=f300_300,pk42****,19.06.15.
34,5,쿠션도 좋고 단단해서 좋았어요,https://phinf.pstatic.net/checkout.phinf/20210214_282/1613291515023I51bA_JPEG/review-attachment-40ffa4c3-4541-4e61-a1f2-afec4357cac0.jpeg?type=f300_300,ass0****,19.07.22.
35,5,침대는 좋은데 배송이 너~~무 느립니다.ㅜ,https://phinf.pstatic.net/checkout.phinf/20210215_3/16133861016882whsY_JPEG/review-attachment-204c3dd2-2e37-4efc-b22d-cadb472966fc.jpeg?type=f300_300,tjdm****,19.07.20.
36,5,"라돈 측정도 통과했고, 스프링 과 라텍스가 섞인 침대라 그런지 너무나 편안하고 좋은 침대에요. 그리고 너무나 저렴하게 잘샀어요. 번창하세요!",https://phinf.pstatic.net/checkout.phinf/20210328_62/1616865136498mAySg_JPEG/review-attachment-f041fe81-f860-4786-8ff7-5d7f026d8e05.jpeg?type=f300_300,pk42****,19.06.04.
37,5,그냥 보통이에요 특별히 좋은점은  .. 평이 넘 좋았던것 같아요,https://phinf.pstatic.net/checkout.phinf/20210310_96/1615344690636vQycO_JPEG/review-attachment-fcd4b186-1de8-46a0-83ef-00246e0ca661.jpeg?type=f300_300,yepp****,19.06.16.
38,5,편안하고 푹신해서 좋다,https://phinf.pstatic.net/checkout.phinf/20210301_209/1614564832564jImAi_JPEG/review-attachment-32ad8e1e-cbee-4fce-8a04-6be1c66acad2.jpeg?type=f300_300,ckdg****,19.07.08.
39,3,가성비 좋은 매트리스 입니다.,https://phinf.pstatic.net/checkout.phinf/20210227_177/1614404207833MLWES_JPEG/review-attachment-f9b84f2d-5193-47f3-9b21-b51c5b1edf1f.jpeg?type=f300_300,chor****,19.06.29.
40,3,여러곳을 방문해보고 신중하게 구매했어요 너무 딱딱하지도 않고  쿠션감도 적당해서 좋았네요~아이들이 너무 좋아하구 자고 나도 몸이 아프지 않아 좋다구하네요 그리고 배송도 엄청 일찍도착하고 배송 기사님 너무 친절하셨어요~좋은제품 잘쓰고 있습니다,https://phinf.pstatic.net/image.nmv/shopnbuyer_2021_01_13_0/1227392e-55a4-11eb-a12c-a0369ff963bc_03.jpg?type=ffn300_300,ph11****,19.05.26.
41,2,정말 잘쓰고 있는 침대라서 동생 침대까지 하나 더 샀네요. 완전 푹신하고 허리도 안아프고 완전 좋아요.,https://phinf.pstatic.net/checkout.phinf/20210326_102/1616758882099t5Hei_JPEG/review-attachment-2d960b3a-f409-4420-a294-313347cc17bf.jpeg?type=f300_300,pk42****,19.06.04.
42,4,가격대비 정말 좋아요 적당히 푹신하고 커버도 부드럽고 좋아요,https://phinf.pstatic.net/checkout.phinf/20210320_138/16162329796237AoJA_JPEG/review-attachment-f89c70ef-3fc8-460d-8a0d-b9071e7026f1.jpeg?type=f300_300,jhs1****,19.05.23.
43,3,"남편이 너무  좋아합니다ㅋ

기존 라텍스 사용했는데 남편은 스프링체질인가봅니다",https://phinf.pstatic.net/checkout.phinf/20210327_149/1616805817864nD86Q_JPEG/review-attachment-c34a256c-2cb5-4630-b804-9c92584721cd.jpeg?type=f300_300,bull****,19.05.01.
44,5,"정말 두껍고 편합니다!!
매트 위에 다른 것 같이 깔아서 쓰니 정말 푹신해요!!",https://phinf.pstatic.net/checkout.phinf/20210318_234/1616032710714lN6nJ_JPEG/review-attachment-daeadafd-04e6-400d-89c3-72f2b89a9ae9.jpeg?type=f300_300,cjss****,19.05.05.
45,5,패밀리침대에 두개 넣었어요 전에 쓰던건 자고 일어나면 허리가 아파서 피곤했는데 이건 허리도 안아프고 좋아요 ㅠㅠ 싸게 잘바꿨어요,https://phinf.pstatic.net/checkout.phinf/20210218_102/1613654591564qIaOp_JPEG/review-attachment-347078c2-96e5-4cf5-9cb9-55b5a6b6e6f3.jpeg?type=f300_300,love****,19.04.17.
46,4,상품평들이 넘 좋은데 저는 뭐 아직 좋은지 안좋은지 잘 모르겠지만 ..   그냥 다른 매트와 비슷합니다,https://phinf.pstatic.net/checkout.phinf/20210323_102/1616473257588le5h3_JPEG/review-attachment-b2473737-5628-41e6-9d5e-6556dd33e3ed.jpeg?type=f300_300,yepp****,19.04.25.
47,5,아주만족해요^^굿굿,https://phinf.pstatic.net/checkout.phinf/20210324_207/1616546730062MQmof_JPEG/review-attachment-5f808cd5-7e67-45c2-b4f6-1418686bed77.jpeg?type=f300_300,s2ac****,19.05.19.
48,5,"제 기준엔 좀 푹신한 편이긴 하지만 잘만든 매트리스 같단 생각이 들어요. 급하게 받아야 한다면 배송기간을 꼭 고려해야 할 것 같고, 그렇지 않다면 여유 있는 마음으로 주문하시면 될 것 같습니다. 좋은 가격에 잘 샀어요^^",https://phinf.pstatic.net/checkout.phinf/20210306_113/1614988103659xctYM_JPEG/review-attachment-d363b779-7f72-4791-a962-77b8be67f6d2.jpeg?type=f300_300,hous****,19.04.16.
49,5,일단 사용하는데 별 이상은없는거같네요,https://phinf.pstatic.net/checkout.phinf/20210308_84/1615173126207gPym3_JPEG/review-attachment-dd18a272-8fb0-416f-b044-35b74dde830c.jpeg?type=f300_300,aqq3****,19.05.09.
50,5,전에 쓰던 비싼 렌탈 침대 매트보다 더 좋은듯요!! 완전 만족합니다. 다만 두께가 다른것보다 좀 더 두꺼운지 슈퍼싱글 커버가 완전히 안씌워지네요.. ㅋ,https://phinf.pstatic.net/checkout.phinf/20210215_6/16133550147777T3hl_JPEG/review-attachment-47327de1-38a4-494c-baac-5ac847e1e48d.jpeg?type=f300_300,esca****,19.04.22.
51,5,"너무 푹신하지 않을까 걱정했는데 누워있을때 딱 편하고 잘 잡아줘서 좋아요
안정감 있는 느낌이 듭니다 
이틀 썼는데 꿀잠자서 아주 만족스러워여",https://phinf.pstatic.net/checkout.phinf/20210308_139/1615173034699THkps_JPEG/review-attachment-aae5d8cd-3a94-441b-9bbb-e13a32da25ed.jpeg?type=f300_300,kji1****,19.04.24.
52,4,"전에 사용했던 메트리스보다 큐션감이 좋아졌고 높이감도 개선 되었네요
잘 쓸게요",https://phinf.pstatic.net/checkout.phinf/20210225_194/1614257312087P2X8e_JPEG/review-attachment-e018ce9c-18eb-4194-ae69-6cf63dfdd931.jpeg?type=f300_300,soni****,19.04.23.
53,4,침대가 푹신하니 잠이 잘오고 좋네요 @,https://phinf.pstatic.net/checkout.phinf/20210227_151/161441372745871Xby_JPEG/review-attachment-7200f33e-601e-4927-9ccf-dbb741192b95.jpeg?type=f300_300,kdm0****,19.05.03.
54,5,허리아파서 바꾼건데 리뷰만 보고 걱정했는데 정말 허리 안아파요 이제 꿀잠잡니다!!,https://phinf.pstatic.net/checkout.phinf/20210214_282/1613291515023I51bA_JPEG/review-attachment-40ffa4c3-4541-4e61-a1f2-afec4357cac0.jpeg?type=f300_300,love****,19.04.17.
55,5,"쿠션감이 좋고.. 편안한거 같아서 좋네요
배송이 좀  빠르면 좋겠습니다",https://phinf.pstatic.net/checkout.phinf/20210215_3/16133861016882whsY_JPEG/review-attachment-204c3dd2-2e37-4efc-b22d-cadb472966fc.jpeg?type=f300_300,wkrl****,19.03.25.
56,4,매트조아용ㅋ좀딱딱한감이있지만~,https://phinf.pstatic.net/checkout.phinf/20210328_62/1616865136498mAySg_JPEG/review-attachment-f041fe81-f860-4786-8ff7-5d7f026d8e05.jpeg?type=f300_300,hyej****,19.03.13.
57,5,아이들이 너무 좋아해요~~,https://phinf.pstatic.net/checkout.phinf/20210310_96/1615344690636vQycO_JPEG/review-attachment-fcd4b186-1de8-46a0-83ef-00246e0ca661.jpeg?type=f300_300,gmlw****,19.03.26.
58,5,가격도 저렴하고 너무너무 좋아요 잘사용하고있어요 ㅎㅎ 진짜 좋아요 지인들이 잘 샀다고 칭찬해줬어요,https://phinf.pstatic.net/checkout.phinf/20210301_209/1614564832564jImAi_JPEG/review-attachment-32ad8e1e-cbee-4fce-8a04-6be1c66acad2.jpeg?type=f300_300,algo****,19.02.28.
59,4,너무 물렁하지도 탱탱하지도 않아요. 재구매의사 있습니다,https://phinf.pstatic.net/checkout.phinf/20210227_177/1614404207833MLWES_JPEG/review-attachment-f9b84f2d-5193-47f3-9b21-b51c5b1edf1f.jpeg?type=f300_300,itis****,18.11.26.
60,3,너무 부드러우면 허리아픈데 적당한 텐션감이 있어서 모두가 만족하네요~~^^,https://phinf.pstatic.net/image.nmv/shopnbuyer_2021_01_13_0/1227392e-55a4-11eb-a12c-a0369ff963bc_03.jpg?type=ffn300_300,kalu****,18.11.20.
61,2,너무 좋습니다 배송관련된문제때문에 전화할때마다 너무 친절하게 답변해주시고 물건들도 항상 하자없이 좋습니다. 담번에 또 필요하면 이용할게요 감사합니당,https://phinf.pstatic.net/checkout.phinf/20210326_102/1616758882099t5Hei_JPEG/review-attachment-2d960b3a-f409-4420-a294-313347cc17bf.jpeg?type=f300_300,dodo****,18.10.31.
62,4,저렴한 비용으로~^^ 기존에 수퍼싱글 에이스 사용 하다가 하나 더 필요해서 다른걸 써볼까 하던중 후기 참고하여 구매하였는데 조금 푹신한건 있습니다 기존 사용하던거랑 비교해서 그런듯한데 텐션감이 좋아서 허리 아프지 않고 잠도 잘자고 좋습니다 나중에 추가 주문 의사 있습니다~^^,https://phinf.pstatic.net/checkout.phinf/20210320_138/16162329796237AoJA_JPEG/review-attachment-f89c70ef-3fc8-460d-8a0d-b9071e7026f1.jpeg?type=f300_300,bbdv****,18.09.11.
63,3,너무좋습니당,https://phinf.pstatic.net/checkout.phinf/20210327_149/1616805817864nD86Q_JPEG/review-attachment-c34a256c-2cb5-4630-b804-9c92584721cd.jpeg?type=f300_300,dodo****,18.10.31.
64,5,"
.수퍼싱글이라 널찍하고 단단하구 좋습니다.",https://phinf.pstatic.net/checkout.phinf/20210318_234/1616032710714lN6nJ_JPEG/review-attachment-daeadafd-04e6-400d-89c3-72f2b89a9ae9.jpeg?type=f300_300,ggan****,18.10.11.
65,5,"제품은 추천 제품은 추천! 배송은 개선이 필요함

저렴하게 좋은제품 파는건 너무좋은데 

배송에 관심을 갖고 해주시면 완벽할듯하네요",https://phinf.pstatic.net/checkout.phinf/20210218_102/1613654591564qIaOp_JPEG/review-attachment-347078c2-96e5-4cf5-9cb9-55b5a6b6e6f3.jpeg?type=f300_300,cost****,18.09.13.
66,4,"막내 아들 편하다고 엄청좋아하네요.
가격도 싸고 많이많이 파세요^^",https://phinf.pstatic.net/checkout.phinf/20210323_102/1616473257588le5h3_JPEG/review-attachment-b2473737-5628-41e6-9d5e-6556dd33e3ed.jpeg?type=f300_300,pass****,18.10.02.
67,5,딱딱해요 만족합니다....가격대비 괜찮은 상품이에요 고민하지마세요 ,https://phinf.pstatic.net/checkout.phinf/20210324_207/1616546730062MQmof_JPEG/review-attachment-5f808cd5-7e67-45c2-b4f6-1418686bed77.jpeg?type=f300_300,hyun****,18.09.18.
68,5,"짱짱 좋아요 허리가 안좋아서 잠이 잘 못들어 자는시간이 오는게 두려웠지만 
이 매트리스를 쓰고나서는 너무 행복합니당 ^^♡☆♡",https://phinf.pstatic.net/checkout.phinf/20210306_113/1614988103659xctYM_JPEG/review-attachment-d363b779-7f72-4791-a962-77b8be67f6d2.jpeg?type=f300_300,sye9****,18.09.11.
69,4,배송이 너무느려서 한달하고 열흘만에 받았네요. 제품은 좋은데 배송개선이 필요할듯하네요,https://phinf.pstatic.net/checkout.phinf/20210308_84/1615173126207gPym3_JPEG/review-attachment-dd18a272-8fb0-416f-b044-35b74dde830c.jpeg?type=f300_300,cost****,18.09.13.
70,5,"허리가 안좋은데 이 매트리스를 쓰고 나서 꿀잠 잡니당
추천드려용 굿",https://phinf.pstatic.net/checkout.phinf/20210215_6/16133550147777T3hl_JPEG/review-attachment-47327de1-38a4-494c-baac-5ac847e1e48d.jpeg?type=f300_300,sye9****,18.09.11.
71,5,조금 푹신한거 빼곤 괜찮은듯해요,https://phinf.pstatic.net/checkout.phinf/20210308_139/1615173034699THkps_JPEG/review-attachment-aae5d8cd-3a94-441b-9bbb-e13a32da25ed.jpeg?type=f300_300,bbdv****,18.09.11.
72,5,"베스트 오브 베스트 여태 썼던 저렴이 침대중 가장 좋아요!!!!너무 푹신하지도 너무 딱딱하지도 않은 딱 중간느낌!!! 제가 옆으로 많이 눕는 편이라 바닥에서 자면 골반이랑 어깨가 엄청 아픈데, 이 침대는 옆으로 눕는 자세를 다 받쳐줘서 자고 일어나면 오히려 개운해요! 포장 뜯었을때도 먼지 하나없이 깨끗한상태로 왔고 냄새도 전혀 안났어요! 인기상품이라 바로바로 재고를 만들어서 그런가봐요! 따로 주문한 매트리스 커버가 아직 안와서 나중에 배송오면 쓰려고했는데 매트리스 자체 커버가 너무 부드러워서 그냥 뜯고 쓰고있어요!!! 오늘도 꿀잠자고 출근하네요! 감사히 잘쓸게요*^^*",https://phinf.pstatic.net/checkout.phinf/20210225_194/1614257312087P2X8e_JPEG/review-attachment-e018ce9c-18eb-4194-ae69-6cf63dfdd931.jpeg?type=f300_300,m2ky****,18.06.02.
73,3,"한달 반정도 지나서 배송받았는데, 기사님도 너무 착하시고 제품도 너무 좋아서 기다린만큼 보상받은 느낌이였어요! 저렴한 가격에 이정도 품질이면 정말 최고최고!!!또 기다릴 수있어요!",https://phinf.pstatic.net/checkout.phinf/20210227_151/161441372745871Xby_JPEG/review-attachment-7200f33e-601e-4927-9ccf-dbb741192b95.jpeg?type=f300_300,m2ky****,18.06.02.
74,5,진짜 자취생분들께 강추합니다 이번에 자취하게되면서 나름 엄청 열심히 검색하고나서 찾았는데. 배송도 5주정도 소요된다고 해서 하염없이 기다렸는데 생각보다 3즈?만에 배송오고 기사님이 무사히 배송해주셔서 너무 잘 쓰고 있습니다. 무엇보다 프레임없이 매트릭스만 쓸경우 두터워서 더 좋은 것 같아요! 이 가격에 이 정도 퀄리티라면 너무 만족스럽네요!ㅔ,https://phinf.pstatic.net/checkout.phinf/20210214_282/1613291515023I51bA_JPEG/review-attachment-40ffa4c3-4541-4e61-a1f2-afec4357cac0.jpeg?type=f300_300,monk****,18.04.08.
75,5,너무너무 좋아요 쿠션도 단단 푹씬한 느낌이여서 너무 푹 들어가지도 않고 잘 받혀주는? 느낌이라 좋아요❤️ 배송시간도 딱 말씀하신 시간에 와주시고 배송기사분도 엄청 친절 하셨어요. 짱 좋아요 많이 파세요,https://phinf.pstatic.net/checkout.phinf/20210215_3/16133861016882whsY_JPEG/review-attachment-204c3dd2-2e37-4efc-b22d-cadb472966fc.jpeg?type=f300_300,min_****,18.04.11.
76,5,"너무만족해요 반신반의하며 아가랑 잘꺼라서 여러군데 서치끝에 고민하다가 여기에서 구매했어요 
일단 처음에 템퍼랑 시몬스위주로 보다가 
어차피 아가랑쓸꺼면 오래쓰지도않으니 가성비괜찮은걸루사서 나중에 애들방 독립할때 매트리스 새로사주라길래 여기저기 서치하다가 발견한곳이에요 정말 며칠동안 고민많이하고 상품평하나하나 다 읽어보고 구매했어요 
전 원래 폭신한걸 좋아해서 상품평보니 딱딱하단느낌이 많다길래 걱정했는데 전혀요 
딱딱한것같으면서도 누으면 내몸을 딱 잡아주는느낌과 볼라텍스들이 볼록하게 있어서 너무 편한느낌이에요
그리고 여기 매트리스 사기전까지 아기랑 범퍼에서 잤는데 그때는 아기가 불편했는지 수시로 깨고 이랬는데 정말 거짓말안하고 침대로 바꾸고 나서 
아가도 저도 꿀잠잔답니다 
심지어 저희남편도 이 매트리스보고 마약침대라고해요ㅋㅋㅋㅋ
이런거안쓰는데 정말 가격대비 너무 좋은제품이고 널리알려져 많이 판매가되길하는바람에 적어요 
아무튼 너무너무 대만족이고 잘 쓰고있어요",https://phinf.pstatic.net/checkout.phinf/20210328_62/1616865136498mAySg_JPEG/review-attachment-f041fe81-f860-4786-8ff7-5d7f026d8e05.jpeg?type=f300_300,shub****,18.02.26.
77,5,너무 만족합니다!,https://phinf.pstatic.net/checkout.phinf/20210310_96/1615344690636vQycO_JPEG/review-attachment-fcd4b186-1de8-46a0-83ef-00246e0ca661.jpeg?type=f300_300,monk****,18.04.08.
78,5,가성비 갑중에 갑입니다. 가성비로만 표현하기에는 너무 좋네요.원래 쓰던 매트리스가격에 비하면 비교도 안되게 저렴하지만 편안함은 최고네요.다른분들 상품평 보고 구입했는데 구입하길 잘했네요.아이도 너무 좋아하네요.,https://phinf.pstatic.net/checkout.phinf/20210301_209/1614564832564jImAi_JPEG/review-attachment-32ad8e1e-cbee-4fce-8a04-6be1c66acad2.jpeg?type=f300_300,kang****,18.02.18.
79,5,좋아요ㅎㅋㅎㅋ,https://phinf.pstatic.net/checkout.phinf/20210227_177/1614404207833MLWES_JPEG/review-attachment-f9b84f2d-5193-47f3-9b21-b51c5b1edf1f.jpeg?type=f300_300,idk1****,18.04.13.
80,3,가성비 갑중에 갑입니다. 너무 편안하고 좋습니다.배송기사님도 미리 연락주셔서 좋았습니다.적극추천합니다. 후회없어요. 부모님께도 추천드렸네요.,https://phinf.pstatic.net/image.nmv/shopnbuyer_2021_01_13_0/1227392e-55a4-11eb-a12c-a0369ff963bc_03.jpg?type=ffn300_300,kang****,18.02.18.
81,2,"진짜 정말... 반신반의하며 아가랑 쓰려구 퀸사이즈 두개구매했는데 평소 푹신한걸 선호하는데 후기에
딱딱하단느낌이있다고 해서걱정했는데 전혀요 너무좋아요 정말 강추에요강추 ",https://phinf.pstatic.net/checkout.phinf/20210326_102/1616758882099t5Hei_JPEG/review-attachment-2d960b3a-f409-4420-a294-313347cc17bf.jpeg?type=f300_300,shub****,18.02.26.
82,4,너무너무 좋아요,https://phinf.pstatic.net/checkout.phinf/20210320_138/16162329796237AoJA_JPEG/review-attachment-f89c70ef-3fc8-460d-8a0d-b9071e7026f1.jpeg?type=f300_300,min_****,18.04.11.
83,3,배송 빠르고 잠도 잘 옵니다,https://phinf.pstatic.net/checkout.phinf/20210327_149/1616805817864nD86Q_JPEG/review-attachment-c34a256c-2cb5-4630-b804-9c92584721cd.jpeg?type=f300_300,haya****,18.03.09.
84,5,좋아요. 가격도 좋고 매트릭스도 품질 만족하고. 너무 편하게 잘 자고 있어요~~ 아이와 함께 써도 좁지 않아요~,https://phinf.pstatic.net/checkout.phinf/20210318_234/1616032710714lN6nJ_JPEG/review-attachment-daeadafd-04e6-400d-89c3-72f2b89a9ae9.jpeg?type=f300_300,nidu****,18.02.20.
85,5,슈퍼싱글사이즈 기존 퀸 침대사용하다가 패밀리침대프레임사서 슈퍼싱글 에그스타볼라텍스50T 구매했습니다! 기존 퀸 매트리스랑 높이도 맞고 쿠션감 좋네요,https://phinf.pstatic.net/checkout.phinf/20210218_102/1613654591564qIaOp_JPEG/review-attachment-347078c2-96e5-4cf5-9cb9-55b5a6b6e6f3.jpeg?type=f300_300,wing****,18.01.26.
86,5,편하고 좋아요. 가성비 갑입니다.,https://phinf.pstatic.net/checkout.phinf/20210323_102/1616473257588le5h3_JPEG/review-attachment-b2473737-5628-41e6-9d5e-6556dd33e3ed.jpeg?type=f300_300,kang****,18.02.18.
87,5,편하고 좋아요. 가성비 갑입니다.,https://phinf.pstatic.net/checkout.phinf/20210324_207/1616546730062MQmof_JPEG/review-attachment-5f808cd5-7e67-45c2-b4f6-1418686bed77.jpeg?type=f300_300,kang****,18.02.18.
88,5,"저렴한 가격에 품질 좋고 만족합니다"" ",https://phinf.pstatic.net/checkout.phinf/20210306_113/1614988103659xctYM_JPEG/review-attachment-d363b779-7f72-4791-a962-77b8be67f6d2.jpeg?type=f300_300,nidu****,18.02.20.
89,5,"맘에들어요 배송기사님 연락도 미리 받고 준비할 수 있었고
엘리베이터 없는 4층인데 같이 조심스럽게 올려다 주셔서 감사했습니다
매트리스 높이도 높고 탄탄하구요
스프링위에 누운 듯한 싸구려느낌이 전혀 없어요
저렴한 가격에 가격대비 가장 좋은 매트리스를 산 것 같습니다",https://phinf.pstatic.net/checkout.phinf/20210308_84/1615173126207gPym3_JPEG/review-attachment-dd18a272-8fb0-416f-b044-35b74dde830c.jpeg?type=f300_300,park****,18.01.04.
90,5,"쿠션감이 소프트라고 해서 구매했는데..
하드 하네요",https://phinf.pstatic.net/checkout.phinf/20210215_6/16133550147777T3hl_JPEG/review-attachment-47327de1-38a4-494c-baac-5ac847e1e48d.jpeg?type=f300_300,jang****,18.02.06.
91,5,"매트리스 매트리스 편하고 좋아요
배송도 금방오고 
써보니까 푹신하고 잘산거 같네요!!
잘구매한거같네요^^",https://phinf.pstatic.net/checkout.phinf/20210308_139/1615173034699THkps_JPEG/review-attachment-aae5d8cd-3a94-441b-9bbb-e13a32da25ed.jpeg?type=f300_300,seor****,18.01.24.
92,5,평창올림픽ㅇㅋ,https://phinf.pstatic.net/checkout.phinf/20210225_194/1614257312087P2X8e_JPEG/review-attachment-e018ce9c-18eb-4194-ae69-6cf63dfdd931.jpeg?type=f300_300,ston****,18.02.06.
93,5,배송빠르고 너무 단단하지도 물렁하지도 않아서 좋아요,https://phinf.pstatic.net/checkout.phinf/20210227_151/161441372745871Xby_JPEG/review-attachment-7200f33e-601e-4927-9ccf-dbb741192b95.jpeg?type=f300_300,wing****,18.01.26.
94,3,어쩜 이리 좋을까요 너무 맘에 들어요  프레임과 같이 주문했는데  적당히 하드한게 20만원 주고 산거보다 훨씬좋아요~~사업 번창하시고 배송기사 아저씨 애먹이지마시고 빠른전산처리해주세요 제품은 너무좋은데 배송아저씨와 전산팀에서 오류가 있었는지 엄청화나셨더라구요 점심두 못드시고 2시에 배달 오셨다고 하시길래 샌드위치 사드렸네요 직원의 컨디션은 곧 일처리와 관련이 있으니요,https://phinf.pstatic.net/checkout.phinf/20210214_282/1613291515023I51bA_JPEG/review-attachment-40ffa4c3-4541-4e61-a1f2-afec4357cac0.jpeg?type=f300_300,espa****,17.12.02.
95,5,좋아요~배송도 빠르네요,https://phinf.pstatic.net/checkout.phinf/20210215_3/16133861016882whsY_JPEG/review-attachment-204c3dd2-2e37-4efc-b22d-cadb472966fc.jpeg?type=f300_300,wpea****,18.01.19.
96,3,만족합니다~,https://phinf.pstatic.net/checkout.phinf/20210328_62/1616865136498mAySg_JPEG/review-attachment-f041fe81-f860-4786-8ff7-5d7f026d8e05.jpeg?type=f300_300,momo****,18.01.24.
97,5,"매트리스 아주 좋음 일단 생각보다 아주 굵네요

그리고 아래면 위면 따로 구분 해야하는지

동일한지 모르겟는데 볼이 느껴지지않아요

반대로 셋팅 햇는지는 모르겟는데요

생각보다 가격대비 아주좋네요",https://phinf.pstatic.net/checkout.phinf/20210310_96/1615344690636vQycO_JPEG/review-attachment-fcd4b186-1de8-46a0-83ef-00246e0ca661.jpeg?type=f300_300,kore****,17.12.04.
98,5,만족합니다,https://phinf.pstatic.net/checkout.phinf/20210301_209/1614564832564jImAi_JPEG/review-attachment-32ad8e1e-cbee-4fce-8a04-6be1c66acad2.jpeg?type=f300_300,wnsd****,18.01.17.
99,5,배송도빨리해주시고 너무좋아요^^,https://phinf.pstatic.net/checkout.phinf/20210227_177/1614404207833MLWES_JPEG/review-attachment-f9b84f2d-5193-47f3-9b21-b51c5b1edf1f.jpeg?type=f300_300,bbon****,18.01.04.
