﻿,star,review,reviewImage,customerId,reviewDate
0,5,저는 조금 더 푹신한 매트리스를 원했어서 조금 하드한 느낌이 있지만 충분히 만족하고 있습니다! 그리고 매트리스 꽤 두꺼워요~~ 구매시 고려하세요~,https://phinf.pstatic.net/image.nmv/shopnbuyer_2021_01_13_0/1227392e-55a4-11eb-a12c-a0369ff963bc_03.jpg?type=ffn300_300,dlso****,21.03.23.
1,4,상품은 믿고 구입한것이고 배송도 빨랐어요~~,https://phinf.pstatic.net/checkout.phinf/20210326_102/1616758882099t5Hei_JPEG/review-attachment-2d960b3a-f409-4420-a294-313347cc17bf.jpeg?type=f300_300,gksa****,21.03.17.
2,5,처음에는 생각보다 많이 딱딱한 느낌이었는데 사용하다보니 좀 더 폭신해진 느낌? 입니다! 일반 매트리스에 비해 두께감이 있어요,https://phinf.pstatic.net/checkout.phinf/20210320_138/16162329796237AoJA_JPEG/review-attachment-f89c70ef-3fc8-460d-8a0d-b9071e7026f1.jpeg?type=f300_300,dlso****,21.02.10.
3,5,신혼침대가 레스토닉이라 좋은제품인건 알고 있었고 직접보고 구매하는것이 아니라 걱정했는데 너무 좋습니다. 부드럽고 몸을 감싸주고 받쳐주는 탄탄함이 최고! ! 두개 구매해서 패밀리로도 좋구요 배송지연과 두개구매로 사장님께서 방수커버도 서비스로 보내주셨답니다. 또 감동 ♡ 둘째맞이용으로 패밀리로 장만했는데 만족합니다. 추천 두번 추천합니다!,https://phinf.pstatic.net/checkout.phinf/20210327_149/1616805817864nD86Q_JPEG/review-attachment-c34a256c-2cb5-4630-b804-9c92584721cd.jpeg?type=f300_300,algm****,21.01.15.
4,5,일단 구매전 판매자님께 부탁을좀 드린게 있는데 흔쾌히 수락하셔서 기분좋게 구매했습니다 레스토닉 매트리스는 신혼가구로 구매해서 너무 잘쓰고 있었고 아가랑 함께 쓰기위해 패밀리침대로 바꾸면서 ss 사이즈로 재구매하여 어제 설치 했습니다 허리가 안좋아 매트리스 신경쓰는데 재구매로 아이와 함께 쓸 정도면 두말할필요 없겠네요 매트리스 추천 및 추가 구매할일이 있다면 무조건 레스토닉으로 할꺼에요!!잘쓸께요,https://phinf.pstatic.net/checkout.phinf/20210318_234/1616032710714lN6nJ_JPEG/review-attachment-daeadafd-04e6-400d-89c3-72f2b89a9ae9.jpeg?type=f300_300,7633****,20.10.29.
5,5,기대 이상으로 좋습니다,https://phinf.pstatic.net/checkout.phinf/20210218_102/1613654591564qIaOp_JPEG/review-attachment-347078c2-96e5-4cf5-9cb9-55b5a6b6e6f3.jpeg?type=f300_300,taeh****,20.11.06.
6,5,국내브랜드 결혼전 써보고 신혼집 들어갈때 레스토닉 쓰기 시작했는데 너무 좋아서 어머니도 바꾸실때되서 사드렸어요^^ 고가의 모델이 아닌데도 상당히 단단하고 안정감있게 받쳐줘서 좋아하십니다!,https://phinf.pstatic.net/checkout.phinf/20210323_102/1616473257588le5h3_JPEG/review-attachment-b2473737-5628-41e6-9d5e-6556dd33e3ed.jpeg?type=f300_300,hone****,20.09.30.
7,4,매트릭스 편안 합니다. 아주,https://phinf.pstatic.net/checkout.phinf/20210324_207/1616546730062MQmof_JPEG/review-attachment-5f808cd5-7e67-45c2-b4f6-1418686bed77.jpeg?type=f300_300,tank****,20.08.21.
8,5,일단 매트리스가 무척 푹신합니다 퀄리티도 좋고요 쓰면서 느낀건 엄청편안하고 잠이 잘온다는 겁니다,https://phinf.pstatic.net/checkout.phinf/20210306_113/1614988103659xctYM_JPEG/review-attachment-d363b779-7f72-4791-a962-77b8be67f6d2.jpeg?type=f300_300,dine****,20.06.27.
9,5,"일단 두께가 좋고요 누워보니 푹신해서 좋더라고요

다만 기사님께서 너무 늦게 오셔서 그거하나만 빼면 만족합니다",https://phinf.pstatic.net/checkout.phinf/20210308_84/1615173126207gPym3_JPEG/review-attachment-dd18a272-8fb0-416f-b044-35b74dde830c.jpeg?type=f300_300,dine****,20.05.19.
10,5,기존에 쓰던 라텍스만큼은 아니지만 적당한 푹신함에 튼튼함까지 맘에쏙 들어요. 배송도 지정한 날에 와주었고 기사님도 친절하셨어요~~,https://phinf.pstatic.net/checkout.phinf/20210215_6/16133550147777T3hl_JPEG/review-attachment-47327de1-38a4-494c-baac-5ac847e1e48d.jpeg?type=f300_300,angj****,20.04.10.
11,5,이사하고 아이 침대 구매하며 매트리스는 좋은거 해주자며 프레임 저렴히 사고 매트리스를 신중히 고르게 되었어요~ 배송은 물론 제품 느껴보려 아이와 같이 자는데 매일꿀잠자고있어요~ 너무 딱딱하지도 푹신하지도 가장 적당한 쿠션감인거같아요~~배송비만 좀더 저렴했다면ㅠ 제품 너무만족합니다^ ^,https://phinf.pstatic.net/checkout.phinf/20210308_139/1615173034699THkps_JPEG/review-attachment-aae5d8cd-3a94-441b-9bbb-e13a32da25ed.jpeg?type=f300_300,hana****,20.03.07.
12,5,저렴한 매트리스만 쓰다가 이사가는 기념으로 좋다는 매트리스 검색해서 구매했어요~ 높은 침대가 좋은데 높이도 맘에 들었구요. 너무 푹신하지도 딱딱하지도 않고 잠 잘옵니다. 잘 쓸게요~,https://phinf.pstatic.net/checkout.phinf/20210225_194/1614257312087P2X8e_JPEG/review-attachment-e018ce9c-18eb-4194-ae69-6cf63dfdd931.jpeg?type=f300_300,irur****,20.02.03.
13,3,역시 레스토닉 매트리스 맘에 들어요,https://phinf.pstatic.net/checkout.phinf/20210227_151/161441372745871Xby_JPEG/review-attachment-7200f33e-601e-4927-9ccf-dbb741192b95.jpeg?type=f300_300,dmsd****,20.03.09.
14,5,만족스러워요. 푹신한데 밀도감이 높아요,https://phinf.pstatic.net/checkout.phinf/20210214_282/1613291515023I51bA_JPEG/review-attachment-40ffa4c3-4541-4e61-a1f2-afec4357cac0.jpeg?type=f300_300,daeb****,20.02.24.
15,5,"무엇보다 약속한날자에 배송지켜주셔서 신뢰감이잇엇습니다
좋은상품 잘 사용할게요~~",https://phinf.pstatic.net/checkout.phinf/20210215_3/16133861016882whsY_JPEG/review-attachment-204c3dd2-2e37-4efc-b22d-cadb472966fc.jpeg?type=f300_300,suji****,20.01.09.
16,5,"와우 배송정확이왔구요 세상 편해요
지금받고 한시간 꿀잠잤네요 푹신하고 몸을감싸주는
느낌이예요 너무 좋아요 친절하신 상담도 굿이구요
정말대만족이예요 감사합니다",https://phinf.pstatic.net/checkout.phinf/20210328_62/1616865136498mAySg_JPEG/review-attachment-f041fe81-f860-4786-8ff7-5d7f026d8e05.jpeg?type=f300_300,pret****,19.11.29.
17,5,사진과 또같고  쿠션감도 좋네요,https://phinf.pstatic.net/checkout.phinf/20210310_96/1615344690636vQycO_JPEG/review-attachment-fcd4b186-1de8-46a0-83ef-00246e0ca661.jpeg?type=f300_300,knsi****,19.12.03.
18,5,기존 레스토닉 PL쓰고 있는데 좋아서 아이방에 놓으려고 검색중 할인을 많이 해서 구매했는데 몸을 감싸듯이 폭신하고 잠도 잘 옵니다. 싼 가격에 득템했어요~^^*,https://phinf.pstatic.net/checkout.phinf/20210301_209/1614564832564jImAi_JPEG/review-attachment-32ad8e1e-cbee-4fce-8a04-6be1c66acad2.jpeg?type=f300_300,lang****,19.11.23.
19,5,"가구점가서 알게 되서 누워봤는데 너무 좋아서
구매했어요!
엄마랑 제꺼 두개 시켰는데 너무 꿀잠자고 있어요~

누우면 너무 아늑해요!
푹신한 침대 좋아하시는 분들에게 강추!",https://phinf.pstatic.net/checkout.phinf/20210227_177/1614404207833MLWES_JPEG/review-attachment-f9b84f2d-5193-47f3-9b21-b51c5b1edf1f.jpeg?type=f300_300,skyw****,19.10.24.
20,5,편안합니다 다음날 몸이 편해요 진작 바꿀껄 ㅋ,https://phinf.pstatic.net/image.nmv/shopnbuyer_2021_01_13_0/1227392e-55a4-11eb-a12c-a0369ff963bc_03.jpg?type=ffn300_300,kimb****,19.10.17.
21,4,"명불허전 레스토닉
찾기 힘들었는데
다른곳보다 저렴하게 받았습니다",https://phinf.pstatic.net/checkout.phinf/20210326_102/1616758882099t5Hei_JPEG/review-attachment-2d960b3a-f409-4420-a294-313347cc17bf.jpeg?type=f300_300,0458****,19.09.20.
22,5,"정말 원하는 쿠션감과 독립스프링으로 옆에 누워도 흔들리지않고 엣지보강도 되어잇어서 안정적이네요 아주잘삿어요! 
단점이라면 잠이 너무잘와서 수면시간이 늘었네요 ㅠㅠ",https://phinf.pstatic.net/checkout.phinf/20210320_138/16162329796237AoJA_JPEG/review-attachment-f89c70ef-3fc8-460d-8a0d-b9071e7026f1.jpeg?type=f300_300,hsj5****,19.08.18.
23,5,"생각보다  쿠션감이 크지만 정말 편안하고, 몸을 감싼다는 표현이 맞네요. 최고의 상품인것 같습니다",https://phinf.pstatic.net/checkout.phinf/20210327_149/1616805817864nD86Q_JPEG/review-attachment-c34a256c-2cb5-4630-b804-9c92584721cd.jpeg?type=f300_300,esth****,19.06.19.
24,5,꿀잠을 잘수 있습니다,https://phinf.pstatic.net/checkout.phinf/20210318_234/1616032710714lN6nJ_JPEG/review-attachment-daeadafd-04e6-400d-89c3-72f2b89a9ae9.jpeg?type=f300_300,sir9****,19.05.09.
25,5,이전에 쓰던 침대도 레스토닉이라 침대자체는 믿고 구매를 했습니다. 구매를 했으면 늦으면 늦는다고 연락을 미리 좀 주셨으면 좋겠습니다 구매하고 정확하게 일주일째에 연락을 안주셔서 연락을 직접 드려서 기사님 방문이 아니고 화물로 물건을 받았네요,https://phinf.pstatic.net/checkout.phinf/20210218_102/1613654591564qIaOp_JPEG/review-attachment-347078c2-96e5-4cf5-9cb9-55b5a6b6e6f3.jpeg?type=f300_300,woon****,19.05.01.
26,5,"쿠션,촉감 모두 만족합니다. 브랜드 보고 구매했는데 역시 좋네요",https://phinf.pstatic.net/checkout.phinf/20210323_102/1616473257588le5h3_JPEG/review-attachment-b2473737-5628-41e6-9d5e-6556dd33e3ed.jpeg?type=f300_300,esth****,19.05.06.
27,5,아주 마음에 드네요,https://phinf.pstatic.net/checkout.phinf/20210324_207/1616546730062MQmof_JPEG/review-attachment-5f808cd5-7e67-45c2-b4f6-1418686bed77.jpeg?type=f300_300,rlad****,19.05.20.
28,5,지디시니시디ㅣ시ㅣ니디시니디시이이,https://phinf.pstatic.net/checkout.phinf/20210306_113/1614988103659xctYM_JPEG/review-attachment-d363b779-7f72-4791-a962-77b8be67f6d2.jpeg?type=f300_300,whdl****,19.04.08.
29,5,디니시디ㅣ시디니시지니시비ㅣ닏,https://phinf.pstatic.net/checkout.phinf/20210308_84/1615173126207gPym3_JPEG/review-attachment-dd18a272-8fb0-416f-b044-35b74dde830c.jpeg?type=f300_300,whdl****,19.04.12.
30,5,"배송빠르고 매트리스 푹신해요!!
추천합니당",https://phinf.pstatic.net/checkout.phinf/20210215_6/16133550147777T3hl_JPEG/review-attachment-47327de1-38a4-494c-baac-5ac847e1e48d.jpeg?type=f300_300,dldl****,19.02.23.
31,4,기사분들도 친절하시고 매트리스 푹신하고 좋네요,https://phinf.pstatic.net/checkout.phinf/20210308_139/1615173034699THkps_JPEG/review-attachment-aae5d8cd-3a94-441b-9bbb-e13a32da25ed.jpeg?type=f300_300,dldl****,19.02.23.
