﻿,star,review,reviewImage,customerId,reviewDate
0,4,좀 너무 푹신하네요ㅜ   아이가 저보단 가벼우니 괜찮겠죠?  젤 얇은거루 살껄 그랬나봐요...  한달써보고 허리 아픈가 안하픈가  다시 리뷰올릴께요~,https://phinf.pstatic.net/image.nmv/shopnbuyer_2021_01_13_0/1227392e-55a4-11eb-a12c-a0369ff963bc_03.jpg?type=ffn300_300,asd1****,21.03.22.
1,5,"록팩으로 배송됐는데 침대위에 올려놓고 비닐을 여는순간 슛슛 올라오는게 넘 신기했어요.
예전에쓰던거 보다 두께가 엄청 높아 등산하는거 같아요.엎드려 자도 전혀 배기지 않아요.",https://phinf.pstatic.net/checkout.phinf/20210326_102/1616758882099t5Hei_JPEG/review-attachment-2d960b3a-f409-4420-a294-313347cc17bf.jpeg?type=f300_300,ippn****,21.01.31.
2,2,"처음에 받았을때도 매트 불룩 나와있는 불량이었고 직접보면 심하지만 사진상으로 도드라져서 나오는건 아닌데 사진 찍어보내라 어쩌고 저쩌고 해서 이미 압축 풀려버린걸 교환한다고 하면 어떻게 가져갈거며 그 시간도 없으며 또 교환제품을 받았을때 동일 현상이 없을거란 보장이 없기때문에 그냥 사용했어요
다른 리뷰에도 보면 저랑 같은 현상이 있는것 같네요
이정도면 판매자측에 알고 파는걸수도 있단 생각이 듭니다 그럼 그부분에 대해서 설명이 있어야 되는게 정상이고요 압축 택배배송 제품이니 그정도 감안하란 설명이요
압축해서 접어서 택배로 오는거니 접힌 자국이 있을순 있는데 한달이 지나도 그대로니 다시 리뷰 남기는겁니다 퀸사이즈라 두명이 누워자는데 둘이 합쳐 100키로가 넘는데 저게 안펴지고 그대로라는건 확실한 불량...
그냥저냥 1년만 써야죠 뭐...",https://phinf.pstatic.net/checkout.phinf/20210320_138/16162329796237AoJA_JPEG/review-attachment-f89c70ef-3fc8-460d-8a0d-b9071e7026f1.jpeg?type=f300_300,p354****,21.01.22.
3,5,쿠션이 너무 푸욱 들어가서 조금 당황스러웠습니다. 저렴한 가격이다보니 사용해야겠죠.개봉하면 반품도 안된다하니 그냥 쓸게요.,https://phinf.pstatic.net/checkout.phinf/20210327_149/1616805817864nD86Q_JPEG/review-attachment-c34a256c-2cb5-4630-b804-9c92584721cd.jpeg?type=f300_300,lbj7****,21.03.14.
4,4,빠른 배송 좋은 가격에 구매했습니다...,https://phinf.pstatic.net/checkout.phinf/20210318_234/1616032710714lN6nJ_JPEG/review-attachment-daeadafd-04e6-400d-89c3-72f2b89a9ae9.jpeg?type=f300_300,dotp****,21.03.22.
5,5,"배송도 빨리왔고 메트리스도 두껍고, 유로탑이라서 단단하면서도 폭신해서 넘 좋아요.",https://phinf.pstatic.net/checkout.phinf/20210218_102/1613654591564qIaOp_JPEG/review-attachment-347078c2-96e5-4cf5-9cb9-55b5a6b6e6f3.jpeg?type=f300_300,ippn****,21.01.31.
6,2,"초딩 꼬맹이 때문에 2개 구매했어요. 

1. 포장상태 : 둥글게 말려서 이중 비닐로 진공포장 잘 되어 있습니다. 무거운 상자를 들어야 되는데 긴 상자에 잡을 만한 곳이 없습니다. 손잡이를 뚫어놓고 보강을 하는 방안이 필요할듯 합니다. 택배기사도 잡을곳이 없으니 그냥 던져놓고 갑니다.

2. 쿠션감: 상단 메모리폼 덕분에 푹신합니다. 얘들이 푹신한게 좋다고 해서 샀는데 개인적으로 좋아요. 제 침대는 상단에 라텍스 깔고 자는데.. 그런 푹신함은 아닙니다. 메모리폼 탄성?이 좀 약한 푹신함 이라고 해야하나..

3. 냄새 안남. 깔금함. 디자인 좋음. 

4 두께감 있음 침대 프레임 고려해야할듯

5 마지막으로 두개 중 한개가 중간부분이 볼록 올라와 있음..사진을 보면 왼쪽 매트리스 중간이 볼록 올라와 있는 현상이 보일겁니다. 누우면 불편함이 안느껴져서 불량은 아닌거 같은데 커버를 덮어도 보여져서 불량처럼 보여짐.  매트리스를 반대로 살짝 접어 봤는데 이런 현상은 사라지지 않음..압축하고 둥그렇게 말때 중앙 스프링 변형 인가? 간섭인가? 메모리폼이 현상 유지가 되지는 않을거 같고..아무튼 먼가 개선이 필요하다고 생각됩니다. 아래글 고객의 리뷰 글에도 비슷한 현상이 있나 보네요.  먼가 다른 방법이 있으면 담당자가 댓글 달아주면 좋을듯 하고요..

전체적으로 깔금하고 깨끗한 디자인 ..
두께감 있는 푹신함..
하지만 사소한 불량이 보여서 좀 아쉬운..",https://phinf.pstatic.net/checkout.phinf/20210323_102/1616473257588le5h3_JPEG/review-attachment-b2473737-5628-41e6-9d5e-6556dd33e3ed.jpeg?type=f300_300,hong****,20.12.10.
7,4,"처음에 배송왔을때 약간의 박스가 찢어져 온 것은 있었지만 안에 내부 포장이 정말 잘되어 있어서 훼손 되거나 파손되어 있는 부분은 없었습니다!
여자 분들이 들면 무겁다고 생각 드실꺼에요. 그런데 그렇게 무거운 만큼 매트리스 자체가 되게 푹신하다고 생각합니다! 
조금의 단점이 있다면 쉽게 배송오고, 빠르게 배송온다는 점은 좋지만 압축으로 인해서 끝부분에 쿠션이 올라오는 시간이 꽤 걸린다는 점입니다...
그렇지만 이 부분도 매트리스가 매우 부드럽고 쿠션이 좋아서 감수 할 수 있는 부분이라고 생각합니다!
허리가 평소에 안 좋아서 매트리스 부분에 되게 신경을 많이 쓰는데 가격도 매우 저렴하면서, 부드럽고 푹신 하다는 점에서 매우 별 5개를 주고 싶습니다!
같이 산 방수 커버도 정말 부드럽고 좋습니다~!!
이걸 쓰면서 허리가 덜 아프고 잠 자는 부분에서 불편함이 없다는 것이 정말 매트리스가 좋다는 거겠죠?",https://phinf.pstatic.net/checkout.phinf/20210324_207/1616546730062MQmof_JPEG/review-attachment-5f808cd5-7e67-45c2-b4f6-1418686bed77.jpeg?type=f300_300,lees****,20.12.19.
8,4,한달후기.기존에 좋아서 재구매했는데 기존매트보다 빨리꺼지고있어요.왜그러죠?,https://phinf.pstatic.net/checkout.phinf/20210306_113/1614988103659xctYM_JPEG/review-attachment-d363b779-7f72-4791-a962-77b8be67f6d2.jpeg?type=f300_300,dusw****,21.01.27.
9,5,"허리가 안좋았는데, 정자세로 자고 일어나면 허리 통증이 없네요.
옆으로 누웠을 때에는 시간 지나면 통증이 조금 있는데, 정자세로 누워 자면 괜찮네요. 제가 정자세로 자는 스타일이라 만족합니다.",https://phinf.pstatic.net/checkout.phinf/20210308_84/1615173126207gPym3_JPEG/review-attachment-dd18a272-8fb0-416f-b044-35b74dde830c.jpeg?type=f300_300,tige****,21.01.27.
10,4,"완전 소프트한 매트리스예요
무게 좀 나가시는분들은 금방 꺼질것 같아요
롤진공팩 배송이라 편해서 구매했는데 매트리스가 불량인지 뭔지 일주일이 지난 아직까지 접어서 온 부분이 불룩하게 솟아있네요 불량이면 교환해준다는데 카톡으로 영상찍어보내라고 하는데 그것도 귀찮고요 교환해준다해도 이걸 어떻게 가져가실건지 또 기다려서 받는것도 막막하고 같은증상 없단 보장도 없고요 그냥 마음에 안들지만 어쩔수없이 1년만 쓰려고요",https://phinf.pstatic.net/checkout.phinf/20210215_6/16133550147777T3hl_JPEG/review-attachment-47327de1-38a4-494c-baac-5ac847e1e48d.jpeg?type=f300_300,p354****,20.12.08.
11,5,생각보다좋아요부모님댁놔드렷는데쿠션감좋고누우면딱받처주네요,https://phinf.pstatic.net/checkout.phinf/20210308_139/1615173034699THkps_JPEG/review-attachment-aae5d8cd-3a94-441b-9bbb-e13a32da25ed.jpeg?type=f300_300,gjtn****,20.12.27.
12,2,사진 찍는걸 까먹고 커버랑 다 씌워버렸네요ㅠㅠ 푹신하고 좋아요! 인터넷으로 매트리스 처음 사보는데 좋네요 다음에도 살께요 ㅎㅎ,https://phinf.pstatic.net/checkout.phinf/20210225_194/1614257312087P2X8e_JPEG/review-attachment-e018ce9c-18eb-4194-ae69-6cf63dfdd931.jpeg?type=f300_300,rlaw****,20.12.02.
13,4,가격대비 물건이 좋습니다,https://phinf.pstatic.net/checkout.phinf/20210227_151/161441372745871Xby_JPEG/review-attachment-7200f33e-601e-4927-9ccf-dbb741192b95.jpeg?type=f300_300,cyn8****,21.01.09.
14,2,재구매합니다. 좋아요,https://phinf.pstatic.net/checkout.phinf/20210214_282/1613291515023I51bA_JPEG/review-attachment-40ffa4c3-4541-4e61-a1f2-afec4357cac0.jpeg?type=f300_300,dusw****,20.12.19.
15,4,푹신하고 허리도 편해서 재구매했습니다. 가격도저렴하고 택배로 빠르게배송되고 좋습니다.,https://phinf.pstatic.net/checkout.phinf/20210215_3/16133861016882whsY_JPEG/review-attachment-204c3dd2-2e37-4efc-b22d-cadb472966fc.jpeg?type=f300_300,lyk3****,20.11.16.
16,5,원룸에서 쓰기 딱 좋은거 같아요,https://phinf.pstatic.net/checkout.phinf/20210328_62/1616865136498mAySg_JPEG/review-attachment-f041fe81-f860-4786-8ff7-5d7f026d8e05.jpeg?type=f300_300,ddon****,20.12.02.
17,5,디자인이 깔끔하고 누웠을때 푹신해서 좋아요 압축된 상태로 왔는데 몇시간 지나니까 두꺼운 매트리스가 되어서 놀랐어요 재주문 하려고요 이 가격에 이런 매트리스 구입해서 만족해요,https://phinf.pstatic.net/checkout.phinf/20210310_96/1615344690636vQycO_JPEG/review-attachment-fcd4b186-1de8-46a0-83ef-00246e0ca661.jpeg?type=f300_300,mych****,20.11.30.
18,5,"배송빠르고좋아요인터넷구매는처음이라
배송온거보고놀랫어요ㅋㅋ
오늘꿀잠할수있을것같네요",https://phinf.pstatic.net/checkout.phinf/20210301_209/1614564832564jImAi_JPEG/review-attachment-32ad8e1e-cbee-4fce-8a04-6be1c66acad2.jpeg?type=f300_300,gjtn****,20.11.19.
19,5,허리가 안 아프네요. 남편도 허리가 안 아프니 좋다고 합니다.,https://phinf.pstatic.net/checkout.phinf/20210227_177/1614404207833MLWES_JPEG/review-attachment-f9b84f2d-5193-47f3-9b21-b51c5b1edf1f.jpeg?type=f300_300,mmhj****,20.11.12.
20,4,배송도 엄청 빠르게 오고 배송기사분도 친절하셨어요 원래 싸구려 매트리스 쓰다가 이걸로 바꿨는데 차원이 달라요 ! ㅎㅎ,https://phinf.pstatic.net/image.nmv/shopnbuyer_2021_01_13_0/1227392e-55a4-11eb-a12c-a0369ff963bc_03.jpg?type=ffn300_300,rlqm****,20.11.27.
21,5,"애들방하고 안방거 샀는데 아주 좋네요.
오래 써보긴 해야하지만 현재는 아주 만족스러워요.",https://phinf.pstatic.net/checkout.phinf/20210326_102/1616758882099t5Hei_JPEG/review-attachment-2d960b3a-f409-4420-a294-313347cc17bf.jpeg?type=f300_300,y2yk****,20.11.27.
22,2,"완전 굳~
너무 잘샀어요.
사다리차비용없이 사고 쿠션감 장난아니네요.",https://phinf.pstatic.net/checkout.phinf/20210320_138/16162329796237AoJA_JPEG/review-attachment-f89c70ef-3fc8-460d-8a0d-b9071e7026f1.jpeg?type=f300_300,y2yk****,20.11.27.
23,5,빠른 배송과 포장형태가 너무 좋았습니다.,https://phinf.pstatic.net/checkout.phinf/20210327_149/1616805817864nD86Q_JPEG/review-attachment-c34a256c-2cb5-4630-b804-9c92584721cd.jpeg?type=f300_300,rkdm****,20.11.17.
24,5,배송 빠르고 크고 푹신하고 좋아요,https://phinf.pstatic.net/checkout.phinf/20210318_234/1616032710714lN6nJ_JPEG/review-attachment-daeadafd-04e6-400d-89c3-72f2b89a9ae9.jpeg?type=f300_300,777b****,20.11.07.
25,5,생각 그 이상 좋습니다,https://phinf.pstatic.net/checkout.phinf/20210218_102/1613654591564qIaOp_JPEG/review-attachment-347078c2-96e5-4cf5-9cb9-55b5a6b6e6f3.jpeg?type=f300_300,cell****,20.11.01.
26,5,엄청좋아요 푹신해요,https://phinf.pstatic.net/checkout.phinf/20210323_102/1616473257588le5h3_JPEG/review-attachment-b2473737-5628-41e6-9d5e-6556dd33e3ed.jpeg?type=f300_300,cjs5****,20.10.28.
