﻿,star,review,reviewImage,customerId,reviewDate
0,5,"방바닥에서 침대생활 한달째!
제가 원하던 하드쿠션매트리스. 
정말 누우면 잠이 잘오더라구요.
자세를 바꿔도 전혀 흔들림없이 짱짱하다?!
재구매, 강력추천  장담하는 제품이예요",https://phinf.pstatic.net/image.nmv/shopnbuyer_2021_01_13_0/1227392e-55a4-11eb-a12c-a0369ff963bc_03.jpg?type=ffn300_300,fall****,21.01.30.
1,5,"가구점에서 세배 비싸게 구입한 
매트리스보다  만족감이 커서 눕자마자 
잘샀다 확신했어요.
하드한 쿠션감을 찾다가 구매했는데
기대이상으로 좋아요",https://phinf.pstatic.net/checkout.phinf/20210326_102/1616758882099t5Hei_JPEG/review-attachment-2d960b3a-f409-4420-a294-313347cc17bf.jpeg?type=f300_300,fall****,20.12.17.
2,5,"전에 쓰던 매트리스보다 탄탄해서. 며칠 자봐야 좋은지 어떤지 알겠어요. 집에 습기나 벌레걱정이 많아서 선택했습니다. 커버씌우려다가 후기사진 찍었습니다. 색상은 뭐 커버 씌워서 상관없지만 하얀 매트리스보다 이쁩니다. 양쪽에 손잡이 같은거 있구요. 글고 배송기사님
너무 고생많으십니다 이 무거운걸 ㅠㅠ감사합니다.",https://phinf.pstatic.net/checkout.phinf/20210320_138/16162329796237AoJA_JPEG/review-attachment-f89c70ef-3fc8-460d-8a0d-b9071e7026f1.jpeg?type=f300_300,flat****,20.07.21.
