﻿,star,review,reviewImage,customerId,reviewDate
0,5,좋아요. 냄새도 없고 제품도 깨끗해요. 한달사용해보고 한달리뷰도 쓸거예요. 배송도 엄청빨랐어요.,https://phinf.pstatic.net/image.nmv/shopnbuyer_2021_01_13_0/1227392e-55a4-11eb-a12c-a0369ff963bc_03.jpg?type=ffn300_300,snus****,21.03.10.
1,5,"애기침대에 깔아주려고 구입했어요
배송 2일 걸렷구요
적당히 딱딱하구 좋네요
애기가 잘 잤으면 좋겠어요
잘쓸게오:)",https://phinf.pstatic.net/checkout.phinf/20210326_102/1616758882099t5Hei_JPEG/review-attachment-2d960b3a-f409-4420-a294-313347cc17bf.jpeg?type=f300_300,kmj0****,20.11.08.
2,5,"아주좋네요허리아파서고밀도
찾아봤는데만족해요
애기가더좋아하네요",https://phinf.pstatic.net/checkout.phinf/20210320_138/16162329796237AoJA_JPEG/review-attachment-f89c70ef-3fc8-460d-8a0d-b9071e7026f1.jpeg?type=f300_300,hh67****,20.07.03.
3,5,등이 배기고 많이 아팠는데 이거 산 이후론 잠도 잘잡니다.,https://phinf.pstatic.net/checkout.phinf/20210327_149/1616805817864nD86Q_JPEG/review-attachment-c34a256c-2cb5-4630-b804-9c92584721cd.jpeg?type=f300_300,dhej****,20.05.18.
4,5,만족해서 또 구매해요,https://phinf.pstatic.net/checkout.phinf/20210318_234/1616032710714lN6nJ_JPEG/review-attachment-daeadafd-04e6-400d-89c3-72f2b89a9ae9.jpeg?type=f300_300,1162****,20.06.11.
5,5,높은밀도라 단단해요 허리아픈덴 좋아요,https://phinf.pstatic.net/checkout.phinf/20210218_102/1613654591564qIaOp_JPEG/review-attachment-347078c2-96e5-4cf5-9cb9-55b5a6b6e6f3.jpeg?type=f300_300,land****,20.06.02.
6,5,밀도도 좋고 품질도 좋아요,https://phinf.pstatic.net/checkout.phinf/20210323_102/1616473257588le5h3_JPEG/review-attachment-b2473737-5628-41e6-9d5e-6556dd33e3ed.jpeg?type=f300_300,yong****,20.01.24.
