﻿,star,review,reviewImage,customerId,reviewDate
0,2,"푹신한게... 너무 푹신해서 허리가 너무 아프네요.
살짝 밟으면 튕겨나가요 훅훅들어가고.
선택을 잘못한것 같네요.ㅠㅠ",https://phinf.pstatic.net/image.nmv/shopnbuyer_2021_01_13_0/1227392e-55a4-11eb-a12c-a0369ff963bc_03.jpg?type=ffn300_300,1130****,21.03.23.
1,3,잘받앟어요 잘흘게요 푹신해요,https://phinf.pstatic.net/checkout.phinf/20210326_102/1616758882099t5Hei_JPEG/review-attachment-2d960b3a-f409-4420-a294-313347cc17bf.jpeg?type=f300_300,dnjs****,21.03.24.
2,5,매트리스 두께감도 좋도 푹신함도 적당하고 좋아요,https://phinf.pstatic.net/checkout.phinf/20210320_138/16162329796237AoJA_JPEG/review-attachment-f89c70ef-3fc8-460d-8a0d-b9071e7026f1.jpeg?type=f300_300,gkdm****,21.03.16.
3,5,"아직 설치 전이라 설치후 다시 작성하겠습니다.
롤배송이라 좋긴 하네요~",https://phinf.pstatic.net/checkout.phinf/20210327_149/1616805817864nD86Q_JPEG/review-attachment-c34a256c-2cb5-4630-b804-9c92584721cd.jpeg?type=f300_300,1130****,21.02.15.
4,2,구매한지 이틀만이 바로 받앗구요 매트리스도 좋아요,https://phinf.pstatic.net/checkout.phinf/20210318_234/1616032710714lN6nJ_JPEG/review-attachment-daeadafd-04e6-400d-89c3-72f2b89a9ae9.jpeg?type=f300_300,yoon****,21.02.28.
5,5,다른건 괜찬은데 모서리부분이 꺼져서 쫌아쉽네요 더좋은걸살걸,https://phinf.pstatic.net/checkout.phinf/20210218_102/1613654591564qIaOp_JPEG/review-attachment-347078c2-96e5-4cf5-9cb9-55b5a6b6e6f3.jpeg?type=f300_300,mbbn****,21.02.27.
6,5,푹신하고 좋아요 냄새도 안나구요,https://phinf.pstatic.net/checkout.phinf/20210323_102/1616473257588le5h3_JPEG/review-attachment-b2473737-5628-41e6-9d5e-6556dd33e3ed.jpeg?type=f300_300,gksl****,21.02.19.
7,3,너무 푹신하지도 않고 하드하지도 않고 딱 좋은 쿠션감에 롤팩이랑 택배로 받으니 편하고  가격대비 너무 좋은 매트리스 앞으로도 계속 여기서만 매트리스 구매할래요,https://phinf.pstatic.net/checkout.phinf/20210324_207/1616546730062MQmof_JPEG/review-attachment-5f808cd5-7e67-45c2-b4f6-1418686bed77.jpeg?type=f300_300,sjm5****,21.01.23.
8,5,"푹신하고 좋습니다
만족합니다!!!!!!!!!",https://phinf.pstatic.net/checkout.phinf/20210306_113/1614988103659xctYM_JPEG/review-attachment-d363b779-7f72-4791-a962-77b8be67f6d2.jpeg?type=f300_300,play****,21.01.19.
9,3,"가격대비 품질이 좋네요
많이 파세요",https://phinf.pstatic.net/checkout.phinf/20210308_84/1615173126207gPym3_JPEG/review-attachment-dd18a272-8fb0-416f-b044-35b74dde830c.jpeg?type=f300_300,boog****,20.12.16.
10,5,푹신해용 좋아요 근데허리가쫌아픈거같기듀,https://phinf.pstatic.net/checkout.phinf/20210215_6/16133550147777T3hl_JPEG/review-attachment-47327de1-38a4-494c-baac-5ac847e1e48d.jpeg?type=f300_300,hyun****,20.07.27.
11,5,적당히 푹신해용 가격대비짱조음,https://phinf.pstatic.net/checkout.phinf/20210308_139/1615173034699THkps_JPEG/review-attachment-aae5d8cd-3a94-441b-9bbb-e13a32da25ed.jpeg?type=f300_300,hyun****,20.06.23.
12,5,"배송이 오래걸린것만 빼면 두툼하고 푹신하고
꿀잠각입니다 침대밖에 나오기싫어요....",https://phinf.pstatic.net/checkout.phinf/20210225_194/1614257312087P2X8e_JPEG/review-attachment-e018ce9c-18eb-4194-ae69-6cf63dfdd931.jpeg?type=f300_300,voov****,20.05.15.
13,5,아니.... 배송을 언제 한다 말도 없이 대뜸 왔네요 ㅎ,https://phinf.pstatic.net/checkout.phinf/20210227_151/161441372745871Xby_JPEG/review-attachment-7200f33e-601e-4927-9ccf-dbb741192b95.jpeg?type=f300_300,jmik****,20.05.07.
14,5,좋아요 배송 빠르고~,https://phinf.pstatic.net/checkout.phinf/20210214_282/1613291515023I51bA_JPEG/review-attachment-40ffa4c3-4541-4e61-a1f2-afec4357cac0.jpeg?type=f300_300,whwh****,20.04.30.
15,5,배송이 생각보다 많이 빠릅니다... 이사할날짜 맞춰서 보내려했는데 2일만에 이사할집으로 도착해버렸네요...;;;;;;,https://phinf.pstatic.net/checkout.phinf/20210215_3/16133861016882whsY_JPEG/review-attachment-204c3dd2-2e37-4efc-b22d-cadb472966fc.jpeg?type=f300_300,bom1****,20.04.22.
16,5,너무 푹신하고 넓고 높고 너무 만족스러워요!!전 배송도 빨랏어서 더욱 만족스럽네요^^두께가 아주 푹신푹신,https://phinf.pstatic.net/checkout.phinf/20210328_62/1616865136498mAySg_JPEG/review-attachment-f041fe81-f860-4786-8ff7-5d7f026d8e05.jpeg?type=f300_300,susi****,20.02.02.
17,5,구정땜에 배송이 조금 늦어지만 구정 끝나자마자 이틀만에 배송되써용 상품 넘 맘에 들어요,https://phinf.pstatic.net/checkout.phinf/20210310_96/1615344690636vQycO_JPEG/review-attachment-fcd4b186-1de8-46a0-83ef-00246e0ca661.jpeg?type=f300_300,peki****,20.01.30.
18,5,아니 진짜 이거뭐지 ?할정도로 이가격에 ....이런제품 넘나 대만족이에여 ㅠㅠ 진짜 매트리스하나가지고 2주를 고민하고 다른업체도 다 찜해놓고 이러다 구매한건데 하 너무 대만족 이거 오래쓰다가 또 바꿔야한다면 다시 여기서 살것같아요 ~! 더 번창하세여 :-)!!,https://phinf.pstatic.net/checkout.phinf/20210301_209/1614564832564jImAi_JPEG/review-attachment-32ad8e1e-cbee-4fce-8a04-6be1c66acad2.jpeg?type=f300_300,ssss****,20.01.02.
19,4,푹신하고 배송도 빠르고 가격도 좋아요.냄새는 공청기 틀어놓고 하루되니 빠졌어요,https://phinf.pstatic.net/checkout.phinf/20210227_177/1614404207833MLWES_JPEG/review-attachment-f9b84f2d-5193-47f3-9b21-b51c5b1edf1f.jpeg?type=f300_300,hara****,19.12.07.
20,2,"상품은 좋아요 상품만으로는 별 더 주고 싶은데 배송도 늦고 고객센터는 전화 연결 자체가 안되고 그냥 오래 걸린다고만 하고 기다리다 지쳐 그럴거면 취소해달라 하니까 택배 발송 됐다고 하네요 
직접 배송으로 되어있음 언제 오는지도 모르는데 택배로 보낼거면 보내는 날 문자라도 좀 넣어주던지... 상품만 좋습니다 상품만!! 
2주 이상 기다리실 거 생각하고 주문하세요",https://phinf.pstatic.net/image.nmv/shopnbuyer_2021_01_13_0/1227392e-55a4-11eb-a12c-a0369ff963bc_03.jpg?type=ffn300_300,euns****,19.11.15.
21,3,좋아요 만족합니다 추천고고,https://phinf.pstatic.net/checkout.phinf/20210326_102/1616758882099t5Hei_JPEG/review-attachment-2d960b3a-f409-4420-a294-313347cc17bf.jpeg?type=f300_300,chhb****,19.11.30.
22,5,일단 너무 푹신하단ㄴ 평이있어서 걱정했는데 왠걸 너무 대만족이에염!!!:-) 이가격에 이런매트리스>.< 그리고 롤팩 넘나신기하네용 ㅋㅋㅋ,https://phinf.pstatic.net/checkout.phinf/20210320_138/16162329796237AoJA_JPEG/review-attachment-f89c70ef-3fc8-460d-8a0d-b9071e7026f1.jpeg?type=f300_300,ssss****,19.11.15.
23,5,"그렇게 푹신한거 같지는 않고 딱딱하지도 앙ㅎ고 중간 단계인듯 ㅎㅎ

잘 쓸개유",https://phinf.pstatic.net/checkout.phinf/20210327_149/1616805817864nD86Q_JPEG/review-attachment-c34a256c-2cb5-4630-b804-9c92584721cd.jpeg?type=f300_300,cryo****,19.11.15.
24,3,배송 빠르고 좋아요~~!,https://phinf.pstatic.net/checkout.phinf/20210318_234/1616032710714lN6nJ_JPEG/review-attachment-daeadafd-04e6-400d-89c3-72f2b89a9ae9.jpeg?type=f300_300,lee1****,19.11.25.
25,5,"푹신푹신 하고 아주 좋습니다
3일후 완전 복원된다니 더 좋아지겠죠ㅎㅎ",https://phinf.pstatic.net/checkout.phinf/20210218_102/1613654591564qIaOp_JPEG/review-attachment-347078c2-96e5-4cf5-9cb9-55b5a6b6e6f3.jpeg?type=f300_300,qkfz****,19.11.15.
26,5,가격대비 좋습ㄴ다~~ 잘 쓰고있엉ㅅ,https://phinf.pstatic.net/checkout.phinf/20210323_102/1616473257588le5h3_JPEG/review-attachment-b2473737-5628-41e6-9d5e-6556dd33e3ed.jpeg?type=f300_300,sanj****,19.09.22.
27,5,"배송에는 3일정도 걸렸고 생각보다 푹신해서 놀랐습니다.
그리고 저는 물건을 받아서 좋았지만 배송하시는 기사님은 
무거워서 고생을 하셨을거 같네요 아무튼 물건은 좋아요",https://phinf.pstatic.net/checkout.phinf/20210324_207/1616546730062MQmof_JPEG/review-attachment-5f808cd5-7e67-45c2-b4f6-1418686bed77.jpeg?type=f300_300,esca****,19.09.02.
28,5,퀸사이즈 구매해서 썼었는데 좁아서 슈퍼싱글 붙여쓸라고 구매했어요 설치 편하고 배송 빠르고 너무 좋아요,https://phinf.pstatic.net/checkout.phinf/20210306_113/1614988103659xctYM_JPEG/review-attachment-d363b779-7f72-4791-a962-77b8be67f6d2.jpeg?type=f300_300,holi****,19.09.03.
29,4,"가성비 좋습니다.
너무 푹신해서 살짝 딱딱해도 좋겠네요",https://phinf.pstatic.net/checkout.phinf/20210308_84/1615173126207gPym3_JPEG/review-attachment-dd18a272-8fb0-416f-b044-35b74dde830c.jpeg?type=f300_300,sue0****,19.08.23.
30,5,말랑말랑하고 좋습니다,https://phinf.pstatic.net/checkout.phinf/20210215_6/16133550147777T3hl_JPEG/review-attachment-47327de1-38a4-494c-baac-5ac847e1e48d.jpeg?type=f300_300,ghks****,19.06.07.
31,4,너무 푹신해요 딱 저렴한 매트리스입니다 스프링감이 너무 껴져서 토퍼깔고 사용합니다 배송매우느리며 안내 불친절합니다 가격외엔 메리트없어요,https://phinf.pstatic.net/checkout.phinf/20210308_139/1615173034699THkps_JPEG/review-attachment-aae5d8cd-3a94-441b-9bbb-e13a32da25ed.jpeg?type=f300_300,ryub****,19.06.04.
32,5,침대 엄청 편하고 좋아요 몸라인따라 편하게 되는세 아주 좋아요~,https://phinf.pstatic.net/checkout.phinf/20210225_194/1614257312087P2X8e_JPEG/review-attachment-e018ce9c-18eb-4194-ae69-6cf63dfdd931.jpeg?type=f300_300,chlw****,19.05.16.
33,4,"푹신한건 허리아프고 그래서 일부러 중간정도 딱딱한걸 찾앗어영 겁나 무거움..ㅋㅋ
이가격이면 대만족 어차피 오래못쓰고 매트 바꿔줘야하니 가성비 갑이에용",https://phinf.pstatic.net/checkout.phinf/20210227_151/161441372745871Xby_JPEG/review-attachment-7200f33e-601e-4927-9ccf-dbb741192b95.jpeg?type=f300_300,pja8****,19.04.23.
34,5,가성비 좋아요 그런데 2층이라 했는데 1층에 말도 없이 두고 가면 어찌 옮기라고 너무 하네요 무거운거라 둘이 들어야하는데 혼자 옮기느라 고생했네요,https://phinf.pstatic.net/checkout.phinf/20210214_282/1613291515023I51bA_JPEG/review-attachment-40ffa4c3-4541-4e61-a1f2-afec4357cac0.jpeg?type=f300_300,yuny****,19.04.26.
35,1,"택배박스로  편하게 받아 신기했어요
너무 푹신하지도않고 딱딱하지도 않아 좋아요",https://phinf.pstatic.net/checkout.phinf/20210215_3/16133861016882whsY_JPEG/review-attachment-204c3dd2-2e37-4efc-b22d-cadb472966fc.jpeg?type=f300_300,dudt****,19.05.07.
36,5,푹신한 정도랑 두꺼운 메트 다 좋은데 침대 가상자리쪽 밟고 올라섰을때 안정감이 없이 푹 꺼진다랄까 .... 일반 메트리스에 비해 가상자리가 약해요  끝쪽으로 굴러가면 떨어지기 쉽죠 ㅋ,https://phinf.pstatic.net/checkout.phinf/20210328_62/1616865136498mAySg_JPEG/review-attachment-f041fe81-f860-4786-8ff7-5d7f026d8e05.jpeg?type=f300_300,uset****,19.04.20.
37,5,좋아요 쓸만해요 좋아요,https://phinf.pstatic.net/checkout.phinf/20210310_96/1615344690636vQycO_JPEG/review-attachment-fcd4b186-1de8-46a0-83ef-00246e0ca661.jpeg?type=f300_300,911j****,19.05.31.
38,3,굿뜨굿노메노롱크크크오,https://phinf.pstatic.net/checkout.phinf/20210301_209/1614564832564jImAi_JPEG/review-attachment-32ad8e1e-cbee-4fce-8a04-6be1c66acad2.jpeg?type=f300_300,tj41****,19.04.14.
39,5,침대다 딱딱하지 않고 딱 좋아요,https://phinf.pstatic.net/checkout.phinf/20210227_177/1614404207833MLWES_JPEG/review-attachment-f9b84f2d-5193-47f3-9b21-b51c5b1edf1f.jpeg?type=f300_300,dywj****,19.04.03.
40,2,택배기간이 쪼매 길었다는점,https://phinf.pstatic.net/image.nmv/shopnbuyer_2021_01_13_0/1227392e-55a4-11eb-a12c-a0369ff963bc_03.jpg?type=ffn300_300,wkdd****,19.03.30.
41,3,"기대 안하고 샀는데 진심 매우 좋네요
이케X나 코X트코에서 살까 하다가 생각보다 내구도가 떨어진다고 해서 롤팩으로 샀는데 매우 좋습니다. 자취하시는 분이나 혼자사는 분들한테는 딱이네요. 가성비가 아니고 가격에 비해서 좀 더 좋은듯 해요. 친구들한테도 추천하고 있어요
*아니 근데 너무 무거움",https://phinf.pstatic.net/checkout.phinf/20210326_102/1616758882099t5Hei_JPEG/review-attachment-2d960b3a-f409-4420-a294-313347cc17bf.jpeg?type=f300_300,shee****,19.02.25.
42,5,전체적으로 만족스럽네요감사합니다,https://phinf.pstatic.net/checkout.phinf/20210320_138/16162329796237AoJA_JPEG/review-attachment-f89c70ef-3fc8-460d-8a0d-b9071e7026f1.jpeg?type=f300_300,cjun****,19.03.21.
43,5,제가 허리가 많이 뜨는데 이 침대는 들뜨는곳없이 딱 잡아주네요~ 넘좋아요~ 비닐 트자마자 순식간에 모양 잡히는것보고 정말신기했어요 원룸사는 동생도 하나 사주려구요^^,https://phinf.pstatic.net/checkout.phinf/20210327_149/1616805817864nD86Q_JPEG/review-attachment-c34a256c-2cb5-4630-b804-9c92584721cd.jpeg?type=f300_300,thdd****,19.02.24.
44,4,단단하고 안정감있고 푹신한게 생각보다 훨씬좋습니다,https://phinf.pstatic.net/checkout.phinf/20210318_234/1616032710714lN6nJ_JPEG/review-attachment-daeadafd-04e6-400d-89c3-72f2b89a9ae9.jpeg?type=f300_300,uset****,19.03.05.
45,5,정말짱입니다. 2주째 쓰고있는데 수면의질이 달라진것같아요!! 이런 리뷰 잘 안쓰는데 이만한가격에 이 정도 쿠션감과 퀄리티에 감탄해서 써드립니다ㅋㅋ 참고로 쿠션감 폭신한데 그렇다고 엄청푹신한건 아니라서 허리아프지도않고 딱 편안해요,https://phinf.pstatic.net/checkout.phinf/20210218_102/1613654591564qIaOp_JPEG/review-attachment-347078c2-96e5-4cf5-9cb9-55b5a6b6e6f3.jpeg?type=f300_300,kimi****,19.01.19.
46,5,상품문제는 없는데 배송관련해서 좀 매끄럽지 못했던 것 같습니다 침대는 편하고 좋습니다,https://phinf.pstatic.net/checkout.phinf/20210323_102/1616473257588le5h3_JPEG/review-attachment-b2473737-5628-41e6-9d5e-6556dd33e3ed.jpeg?type=f300_300,alph****,19.02.27.
47,5,푹신하고 크고 넘 좋아요,https://phinf.pstatic.net/checkout.phinf/20210324_207/1616546730062MQmof_JPEG/review-attachment-5f808cd5-7e67-45c2-b4f6-1418686bed77.jpeg?type=f300_300,hknj****,19.03.01.
48,5,"만족~~너무 푹신하지도 딱딱하지도 않아서
딱 좋아요! 아직 하루밖에 사용안해봤지만
좋습니다",https://phinf.pstatic.net/checkout.phinf/20210306_113/1614988103659xctYM_JPEG/review-attachment-d363b779-7f72-4791-a962-77b8be67f6d2.jpeg?type=f300_300,bebe****,19.02.14.
49,5,"이사하면서 열살된 딸아이방에 놔줄 매트리스로 선택해서 보여줬는데, 실망이었대요.
그런데 오늘 도착해서 설치하는 과정까지 다 보더니 너무 좋다고 기뻐하더라구요.
배송, 설치(직접)하는 것까지 전체적으로 좋습니다. 
다음에 쓰던 침대 Q 사이즈 교체시 베디스로 교체할 가능성 90%이상입니다.",https://phinf.pstatic.net/checkout.phinf/20210308_84/1615173126207gPym3_JPEG/review-attachment-dd18a272-8fb0-416f-b044-35b74dde830c.jpeg?type=f300_300,magm****,19.01.29.
50,4,잠자리가 편해서 자고 일어나면개운해요~~,https://phinf.pstatic.net/checkout.phinf/20210215_6/16133550147777T3hl_JPEG/review-attachment-47327de1-38a4-494c-baac-5ac847e1e48d.jpeg?type=f300_300,ysar****,19.02.17.
51,5,좋아요좋아요좋아요유,https://phinf.pstatic.net/checkout.phinf/20210308_139/1615173034699THkps_JPEG/review-attachment-aae5d8cd-3a94-441b-9bbb-e13a32da25ed.jpeg?type=f300_300,j224****,19.03.16.
52,5,제품은 문제 없이 잘 받았습니다.,https://phinf.pstatic.net/checkout.phinf/20210225_194/1614257312087P2X8e_JPEG/review-attachment-e018ce9c-18eb-4194-ae69-6cf63dfdd931.jpeg?type=f300_300,inje****,19.01.19.
53,5,너무 만족해여 배송도 엄청빨라요,https://phinf.pstatic.net/checkout.phinf/20210227_151/161441372745871Xby_JPEG/review-attachment-7200f33e-601e-4927-9ccf-dbb741192b95.jpeg?type=f300_300,smgg****,19.01.03.
54,5,다른거랑 리뷰비교하며 샀는데 가격대비 이정도면 훌륭합니다 배송다음날바로오구요,https://phinf.pstatic.net/checkout.phinf/20210214_282/1613291515023I51bA_JPEG/review-attachment-40ffa4c3-4541-4e61-a1f2-afec4357cac0.jpeg?type=f300_300,lps1****,18.12.23.
55,3,배송이 무척 빨랐습니다. 매트 자체도 깔끔하고 냄새도 없어요 푹신함과 두깨 모두 만족,https://phinf.pstatic.net/checkout.phinf/20210215_3/16133861016882whsY_JPEG/review-attachment-204c3dd2-2e37-4efc-b22d-cadb472966fc.jpeg?type=f300_300,cola****,18.12.17.
56,4,"배송 빠르고 적당한 푹신함 너무 좋아요
저상으로 쓸거라 살짝 더 높은거 찾앗는데 딱이구요 ㅠㅠ 돌돌 말려온거 피는것도 넘 재밋엇어요ㅎㅎ 감사합니다",https://phinf.pstatic.net/checkout.phinf/20210328_62/1616865136498mAySg_JPEG/review-attachment-f041fe81-f860-4786-8ff7-5d7f026d8e05.jpeg?type=f300_300,holi****,18.11.29.
57,5,"신기하게 배송왔는데 설치하기 편했어요
폭신하고 좋네요",https://phinf.pstatic.net/checkout.phinf/20210310_96/1615344690636vQycO_JPEG/review-attachment-fcd4b186-1de8-46a0-83ef-00246e0ca661.jpeg?type=f300_300,psy1****,18.11.22.
58,5,진짜 마음에들어요 완전 강추,https://phinf.pstatic.net/checkout.phinf/20210301_209/1614564832564jImAi_JPEG/review-attachment-32ad8e1e-cbee-4fce-8a04-6be1c66acad2.jpeg?type=f300_300,annb****,18.12.08.
59,5,롤팩 매트리스라 신기하네요.ㅋ  너무 탄탄하지 않고 너무 물렁하지도 않고 그 중간쯤이요?하튼 나쁘진 않습니다,https://phinf.pstatic.net/checkout.phinf/20210227_177/1614404207833MLWES_JPEG/review-attachment-f9b84f2d-5193-47f3-9b21-b51c5b1edf1f.jpeg?type=f300_300,rei0****,18.11.24.
60,2,가성비 좋은 매트에요,https://phinf.pstatic.net/image.nmv/shopnbuyer_2021_01_13_0/1227392e-55a4-11eb-a12c-a0369ff963bc_03.jpg?type=ffn300_300,csg7****,18.12.02.
