﻿,star,review,reviewImage,customerId,reviewDate
0,4,가성비 좋고 감사합니다.,https://phinf.pstatic.net/image.nmv/shopnbuyer_2021_01_13_0/1227392e-55a4-11eb-a12c-a0369ff963bc_03.jpg?type=ffn300_300,gsmo****,20.04.01.
1,2,"느리다는 평이 많아서 조금 걱정했는데,
주문하고 얼마안지나서 빠르게 받았어요 ! 
기사님이 친절하게 사진이랑 같이 안전하게
보내주셨네요 ㅠㅠ 침대두 이상없고 맘에들어요~",https://phinf.pstatic.net/checkout.phinf/20210326_102/1616758882099t5Hei_JPEG/review-attachment-2d960b3a-f409-4420-a294-313347cc17bf.jpeg?type=f300_300,sura****,18.11.02.
2,5,굿잘받았으여,https://phinf.pstatic.net/checkout.phinf/20210320_138/16162329796237AoJA_JPEG/review-attachment-f89c70ef-3fc8-460d-8a0d-b9071e7026f1.jpeg?type=f300_300,yn82****,18.09.17.
3,4,잘 받았어요,https://phinf.pstatic.net/checkout.phinf/20210327_149/1616805817864nD86Q_JPEG/review-attachment-c34a256c-2cb5-4630-b804-9c92584721cd.jpeg?type=f300_300,jkas****,18.06.26.
4,5,생각했던대로 좋아요 ,https://phinf.pstatic.net/checkout.phinf/20210318_234/1616032710714lN6nJ_JPEG/review-attachment-daeadafd-04e6-400d-89c3-72f2b89a9ae9.jpeg?type=f300_300,komh****,18.05.14.
5,5,추천 건장한 남성 혼자 자기에 무리없구요 이가격에 매트리스 살수 있는게 좋은것 같아요. 추천합니다,https://phinf.pstatic.net/checkout.phinf/20210218_102/1613654591564qIaOp_JPEG/review-attachment-347078c2-96e5-4cf5-9cb9-55b5a6b6e6f3.jpeg?type=f300_300,zaqp****,18.04.13.
6,5,혼자 사는데 건장한 남자 혼자 자기에 무리없구요~ 가격대비 괜찮타고 생각합니다.,https://phinf.pstatic.net/checkout.phinf/20210323_102/1616473257588le5h3_JPEG/review-attachment-b2473737-5628-41e6-9d5e-6556dd33e3ed.jpeg?type=f300_300,zaqp****,18.04.13.
7,5,기대 이상의 만족스런 제품을 구매했습니다.,https://phinf.pstatic.net/checkout.phinf/20210324_207/1616546730062MQmof_JPEG/review-attachment-5f808cd5-7e67-45c2-b4f6-1418686bed77.jpeg?type=f300_300,ys65****,17.06.14.
8,5,매트릭스 싼거 사지 마세요,https://phinf.pstatic.net/checkout.phinf/20210306_113/1614988103659xctYM_JPEG/review-attachment-d363b779-7f72-4791-a962-77b8be67f6d2.jpeg?type=f300_300,godl****,17.06.13.
9,5,추천합니다. 침대 따로 구입하지 않아도 될 정도네요. 높이면 높이 견고함이면 견고함 다 만족스럽습니다. 배송하신 분들이 위치까지 잡아주셨구요. 둘이 자도 문제 없을정도의 너비에 튼튼함. 자취방 침대로 쓰기 이만한게 있을까 싶습니다. 감사합니다. 잘 쓰고 있습니다.,https://phinf.pstatic.net/checkout.phinf/20210308_84/1615173126207gPym3_JPEG/review-attachment-dd18a272-8fb0-416f-b044-35b74dde830c.jpeg?type=f300_300,apri****,17.05.12.
10,5,"물건 당장 필요 하신거 아니면 적극추천! 기간 보다 여유 훨씬 있는 상태에서 주문하셔야 할 것 같아요.
슈퍼싱글 3개 주문하고 배송 따로 받았습니다.
배송온다고 할때도 수량확인 꼭 하셔야하구요 전화통화 안되도 꼭 통화하시는거 추천드려요.
저는 가게에서 사용할거라 가죽 씌웠는데 제품은 아주 가격대비 너무 좋아요.",https://phinf.pstatic.net/checkout.phinf/20210215_6/16133550147777T3hl_JPEG/review-attachment-47327de1-38a4-494c-baac-5ac847e1e48d.jpeg?type=f300_300,dmsj****,17.04.16.
11,5,배송도 빠르고 튼튼해서 좋습니다. 스프링이 견고해 둘이서 자는데도 문제 없네요. 대만족입니다. 감사합니다.,https://phinf.pstatic.net/checkout.phinf/20210308_139/1615173034699THkps_JPEG/review-attachment-aae5d8cd-3a94-441b-9bbb-e13a32da25ed.jpeg?type=f300_300,apri****,17.05.12.
12,3,"너무 딱딱하지도않고 너무 푹푹 꺼지지도 않는데 좋아요!!!!
",https://phinf.pstatic.net/checkout.phinf/20210225_194/1614257312087P2X8e_JPEG/review-attachment-e018ce9c-18eb-4194-ae69-6cf63dfdd931.jpeg?type=f300_300,shee****,17.05.21.
13,5,배송 고객센터 바꿔야해요 에그스타 믿음가는 업체 였는데 첫주문을 계기로 실망이 상당합니다  배송은 한달이 훌쩍 넘어 오고 ㅠㅠ 물론 기다릴수 있습니다 그러나 센터는 미리 연락조차 안하고배송아저씨는 착불비 두번이나 다르게 부르시고 ㅠㅠ이것 저것 많은 시스템을 바꿔야 할것같아요물건을 무조건 팔아 이윤을 남기는게 목적이라면ㅠㅠ  이러면 안됩니다 상품은 스프링 매트리스라 정말 스프링 가득이네요.. 매트 위로 부드러운 매트 하나 더 깔고 사용해야 허리아프지 않을듯합니다,https://phinf.pstatic.net/checkout.phinf/20210227_151/161441372745871Xby_JPEG/review-attachment-7200f33e-601e-4927-9ccf-dbb741192b95.jpeg?type=f300_300,cjhc****,17.04.06.
14,4,"가격대비 딱 그정도 일단 가격도 저렴하고 동영상 광고처럼 좋을주알았는데

욕심이었습니다

동영상에선 최고스프링인거처럼하는데

쓴지 한달도안되서 스프링 소리납니다",https://phinf.pstatic.net/checkout.phinf/20210214_282/1613291515023I51bA_JPEG/review-attachment-40ffa4c3-4541-4e61-a1f2-afec4357cac0.jpeg?type=f300_300,hair****,17.04.26.
15,5,배송불만족 집에 3시에 온다그래서 약속미루고 기다렸는데 집에사람이잇었는데 벨도안누르시고 비상연락망도 2개나남겨두고 일하는중이라 전화안돼면 두번째번호로 연락주시라고 따로말씀까지 드렸었는데 주문자번호전화안받는다고 3층집인데 2층에놓고가시고 배송비때문에 통화하면서도 거의협박식으로..배송비2만원인데 4만원내라고하시고. 엘리베이터도없는건물에 여자혼자 매트를얼마나 힘들게 끌고왔던지 너무하신거아닌가요? 바쁘신것도알겟고 힘드신것도 알겠는데 이런식으로 놓고가시는건 아닌것같습니다.첫구매시에 만족스러워서 친구한테 추천해서 두번째로 구매했던건데(심지어같은집입니다)배송도그렇게온 와중에 매트 열어보니 올이풀렸네요.이래서는 이곳에 신용도가 의심스럽네요.어디다 추천못하겟어요,https://phinf.pstatic.net/checkout.phinf/20210215_3/16133861016882whsY_JPEG/review-attachment-204c3dd2-2e37-4efc-b22d-cadb472966fc.jpeg?type=f300_300,gom2****,17.03.03.
16,5,가격대비좋아요~^^,https://phinf.pstatic.net/checkout.phinf/20210328_62/1616865136498mAySg_JPEG/review-attachment-f041fe81-f860-4786-8ff7-5d7f026d8e05.jpeg?type=f300_300,hjhj****,17.05.11.
17,3,배송 배송만아니면만족합니다. 배송만빠르면좋겠네요...그라드  물푸믄 잘받았고 기사분이 잘배달해주셨어요,https://phinf.pstatic.net/checkout.phinf/20210310_96/1615344690636vQycO_JPEG/review-attachment-fcd4b186-1de8-46a0-83ef-00246e0ca661.jpeg?type=f300_300,rhkd****,17.04.21.
18,4,생각보다 허리도 안아프고 스프링 소음도 없네요 다만 옆구리에 걸터앉을 때는 지지력이 약해서 푹꺼지는 감이 있습니다. 누울때는 튼튼하게 받혀줘요,https://phinf.pstatic.net/checkout.phinf/20210301_209/1614564832564jImAi_JPEG/review-attachment-32ad8e1e-cbee-4fce-8a04-6be1c66acad2.jpeg?type=f300_300,an13****,17.04.12.
19,2,"쓸만해요 가격이 좋아서 주문했는데... 우선 배송이 너무 느렸어요. 하두 안와서 문의했더니 배송누락이라고.. 연락 안했음 정말 언제 받았을지;;
제품은 가격만큼의 품질인거 같아요. 누웠을때 통통거리는 느낌있어요. 가격이 저렴하니깐요~ 그냥 편하게 혼자쓰기 괜찮아요.",https://phinf.pstatic.net/checkout.phinf/20210227_177/1614404207833MLWES_JPEG/review-attachment-f9b84f2d-5193-47f3-9b21-b51c5b1edf1f.jpeg?type=f300_300,eyum****,17.04.04.
20,4,"무난해요 엄청좋지는않지만
이가격에 뭐 나쁘지않ㅇㅏ요 ㅋㅋ
위에 매트리스토퍼 올려서 쓰고 있어요 ㅋㅋ",https://phinf.pstatic.net/image.nmv/shopnbuyer_2021_01_13_0/1227392e-55a4-11eb-a12c-a0369ff963bc_03.jpg?type=ffn300_300,yung****,17.04.22.
21,2,"배송은 도 닦는 기분으로 기다리셔야 하구요, 하지만  제품은 푹신하니 가격대비 좋습니다!",https://phinf.pstatic.net/checkout.phinf/20210326_102/1616758882099t5Hei_JPEG/review-attachment-2d960b3a-f409-4420-a294-313347cc17bf.jpeg?type=f300_300,dmsj****,17.04.16.
22,5,배송은 좀 걸렸지만 잘쓰고있습니다 저렴한가격에 잘산것같아요,https://phinf.pstatic.net/checkout.phinf/20210320_138/16162329796237AoJA_JPEG/review-attachment-f89c70ef-3fc8-460d-8a0d-b9071e7026f1.jpeg?type=f300_300,cgy9****,17.04.13.
23,4,음  아직안뜯어봄...,https://phinf.pstatic.net/checkout.phinf/20210327_149/1616805817864nD86Q_JPEG/review-attachment-c34a256c-2cb5-4630-b804-9c92584721cd.jpeg?type=f300_300,rhkd****,17.04.21.
24,4,"배송이 너무 느렸어요... 
상품명이 좋길래 주문했는데 받아보니 가격만큼의 품질이네요~",https://phinf.pstatic.net/checkout.phinf/20210318_234/1616032710714lN6nJ_JPEG/review-attachment-daeadafd-04e6-400d-89c3-72f2b89a9ae9.jpeg?type=f300_300,eyum****,17.04.04.
25,5,"에그스타 믿음가는 업체 였는데 첫주문을  기회로 실망이 큽니다 
",https://phinf.pstatic.net/checkout.phinf/20210218_102/1613654591564qIaOp_JPEG/review-attachment-347078c2-96e5-4cf5-9cb9-55b5a6b6e6f3.jpeg?type=f300_300,cjhc****,17.04.06.
26,5,완전만족합니다.,https://phinf.pstatic.net/checkout.phinf/20210323_102/1616473257588le5h3_JPEG/review-attachment-b2473737-5628-41e6-9d5e-6556dd33e3ed.jpeg?type=f300_300,qlqh****,17.04.13.
27,5,보통이에용,https://phinf.pstatic.net/checkout.phinf/20210324_207/1616546730062MQmof_JPEG/review-attachment-5f808cd5-7e67-45c2-b4f6-1418686bed77.jpeg?type=f300_300,yung****,17.04.12.
28,5,"물건은 괜찮으나, 배송과 전화응대가 영. 물건은 가격에 비해 좋습니다만,4주동안 전화통화가 3번 연결되는 기염을 토하네요..다시 사라면 안살것같아요..에그스타 인스타로도 보고 늘 사고싶은 가구점이었는데... 배송때문에 추천하지않습니다..",https://phinf.pstatic.net/checkout.phinf/20210306_113/1614988103659xctYM_JPEG/review-attachment-d363b779-7f72-4791-a962-77b8be67f6d2.jpeg?type=f300_300,thep****,17.03.13.
29,2,썩그렇게뭐그래요,https://phinf.pstatic.net/checkout.phinf/20210308_84/1615173126207gPym3_JPEG/review-attachment-dd18a272-8fb0-416f-b044-35b74dde830c.jpeg?type=f300_300,jmst****,17.04.06.
30,5,좋습니다 ㅋ,https://phinf.pstatic.net/checkout.phinf/20210215_6/16133550147777T3hl_JPEG/review-attachment-47327de1-38a4-494c-baac-5ac847e1e48d.jpeg?type=f300_300,hair****,17.04.26.
31,5,잘쓰고있습니다,https://phinf.pstatic.net/checkout.phinf/20210308_139/1615173034699THkps_JPEG/review-attachment-aae5d8cd-3a94-441b-9bbb-e13a32da25ed.jpeg?type=f300_300,happ****,17.03.30.
32,3,"좋아요 가격이가격이니만큼 좋은품질을기대할수는 없지만
가격대비 좋은 제품입니다 무게가 조금나가는분들은 좀꺼질수도잇겟네요 ㅎ",https://phinf.pstatic.net/checkout.phinf/20210225_194/1614257312087P2X8e_JPEG/review-attachment-e018ce9c-18eb-4194-ae69-6cf63dfdd931.jpeg?type=f300_300,pis0****,17.03.07.
33,2,가격도 저렴하고 품질도 좋네요^^ 강추합니다!!!,https://phinf.pstatic.net/checkout.phinf/20210227_151/161441372745871Xby_JPEG/review-attachment-7200f33e-601e-4927-9ccf-dbb741192b95.jpeg?type=f300_300,jjao****,17.03.19.
34,5,가격 만족!! 배송 불만족! 오래 쓸 건 아니라 저렴한 것 찾았는데 가격 대비 만족입니다. 기사분께서 비닐도 안 벗기고 집 안에 넣어 놓고만 가셔서 좀.... 배송비도 따로 지불하는데...,https://phinf.pstatic.net/checkout.phinf/20210214_282/1613291515023I51bA_JPEG/review-attachment-40ffa4c3-4541-4e61-a1f2-afec4357cac0.jpeg?type=f300_300,xzzz****,17.03.04.
35,5,"배송은 너무 늦어지고, 전화연결도 안되서 4주가 다되도록 짜증이 가득 찼지만 물건은 나쁘지않음.",https://phinf.pstatic.net/checkout.phinf/20210215_3/16133861016882whsY_JPEG/review-attachment-204c3dd2-2e37-4efc-b22d-cadb472966fc.jpeg?type=f300_300,thep****,17.03.13.
36,4,잘쓸게요 감사합니다^^,https://phinf.pstatic.net/checkout.phinf/20210328_62/1616865136498mAySg_JPEG/review-attachment-f041fe81-f860-4786-8ff7-5d7f026d8e05.jpeg?type=f300_300,dkfl****,17.03.25.
37,5,배송이 너~~~~무너무느렸지만 싸게 잘샀어요,https://phinf.pstatic.net/checkout.phinf/20210310_96/1615344690636vQycO_JPEG/review-attachment-fcd4b186-1de8-46a0-83ef-00246e0ca661.jpeg?type=f300_300,subi****,17.03.21.
38,4,매트올풀려있는부분도많고 배송도 3층집인데 집에사람이있는데도 벨도안누르시고 연락도안하시고 2층에매트를 그냥두고가셨네요.3층까지 혼자들고왔는데 배송비다받으시고.너무하신거아니신지.,https://phinf.pstatic.net/checkout.phinf/20210301_209/1614564832564jImAi_JPEG/review-attachment-32ad8e1e-cbee-4fce-8a04-6be1c66acad2.jpeg?type=f300_300,gom2****,17.02.26.
39,2,사업번창하세요~,https://phinf.pstatic.net/checkout.phinf/20210227_177/1614404207833MLWES_JPEG/review-attachment-f9b84f2d-5193-47f3-9b21-b51c5b1edf1f.jpeg?type=f300_300,gwsh****,17.03.20.
40,4,삐그덕거리지도않고 좋아요 가성비최고 ㅎㅎ,https://phinf.pstatic.net/image.nmv/shopnbuyer_2021_01_13_0/1227392e-55a4-11eb-a12c-a0369ff963bc_03.jpg?type=ffn300_300,meer****,17.03.13.
41,2,감사합니다,https://phinf.pstatic.net/checkout.phinf/20210326_102/1616758882099t5Hei_JPEG/review-attachment-2d960b3a-f409-4420-a294-313347cc17bf.jpeg?type=f300_300,ckst****,17.03.19.
42,5,그럭저럭 만족합니다,https://phinf.pstatic.net/checkout.phinf/20210320_138/16162329796237AoJA_JPEG/review-attachment-f89c70ef-3fc8-460d-8a0d-b9071e7026f1.jpeg?type=f300_300,sech****,17.03.09.
43,4,배송도 제품도 다 보통이네요~~,https://phinf.pstatic.net/checkout.phinf/20210327_149/1616805817864nD86Q_JPEG/review-attachment-c34a256c-2cb5-4630-b804-9c92584721cd.jpeg?type=f300_300,eun_****,17.03.06.
44,5,잘받앗어요,https://phinf.pstatic.net/checkout.phinf/20210318_234/1616032710714lN6nJ_JPEG/review-attachment-daeadafd-04e6-400d-89c3-72f2b89a9ae9.jpeg?type=f300_300,pis0****,17.03.07.
45,3,가격 만족!!,https://phinf.pstatic.net/checkout.phinf/20210218_102/1613654591564qIaOp_JPEG/review-attachment-347078c2-96e5-4cf5-9cb9-55b5a6b6e6f3.jpeg?type=f300_300,xzzz****,17.03.04.
46,5,卡卡 上课上课上课上课上课上课考试上课上课时咔咔咔那上课顺利顺利顺利顺利吗啊马克思卡卡咔咔啊哭上课卡上啦啦啦啦Lal 啦,https://phinf.pstatic.net/checkout.phinf/20210323_102/1616473257588le5h3_JPEG/review-attachment-b2473737-5628-41e6-9d5e-6556dd33e3ed.jpeg?type=f300_300,ys_a****,17.03.06.
47,3,上课上课上课上课上课,https://phinf.pstatic.net/checkout.phinf/20210324_207/1616546730062MQmof_JPEG/review-attachment-5f808cd5-7e67-45c2-b4f6-1418686bed77.jpeg?type=f300_300,ys_a****,17.03.06.
48,5,만족합니다. 친절하게 집까지 배송해주셨어요,https://phinf.pstatic.net/checkout.phinf/20210306_113/1614988103659xctYM_JPEG/review-attachment-d363b779-7f72-4791-a962-77b8be67f6d2.jpeg?type=f300_300,gun1****,17.01.26.
49,5,"좋은품질에 좋은가격의 믿고쓰는제품! 국내산자재에 k마크 인증받은 좋은품질
매트리스를 저렴한가격에 만나볼수 있어 넘조아요!
배송기사님도 꼼꼼히 설치해주시고 가셨어요!
다음번에는 가구 사보려구요^^ 넘조아요 에그스타!",https://phinf.pstatic.net/checkout.phinf/20210308_84/1615173126207gPym3_JPEG/review-attachment-dd18a272-8fb0-416f-b044-35b74dde830c.jpeg?type=f300_300,ljk0****,16.11.08.
50,5,"침대쓴지 이주 침대 배송받고 2주정도 사용하였는데 삐그덕거리는

소리도없고 허리디스크가 있어서 고생이었는데

탄탄하게 잘잡아주는게 아주좋은가격에 잘삿습니다",https://phinf.pstatic.net/checkout.phinf/20210215_6/16133550147777T3hl_JPEG/review-attachment-47327de1-38a4-494c-baac-5ac847e1e48d.jpeg?type=f300_300,wjds****,16.11.26.
51,5,기본매트리스의 장점을 다 갖췄어요.  htttp://blog.naver.com/gabe99/220852255547 커버분리에 내부스프링을 확인할 수 있는 구조로 되어있어서 기본 매트리스는 이만한게 없지 싶어요. 구매후 주문제작이라 시간이 소요되는 제품이니 미리미리 주문하는게 좋겠어요.,https://phinf.pstatic.net/checkout.phinf/20210308_139/1615173034699THkps_JPEG/review-attachment-aae5d8cd-3a94-441b-9bbb-e13a32da25ed.jpeg?type=f300_300,gabe****,16.11.10.
52,5,감사합니다,https://phinf.pstatic.net/checkout.phinf/20210225_194/1614257312087P2X8e_JPEG/review-attachment-e018ce9c-18eb-4194-ae69-6cf63dfdd931.jpeg?type=f300_300,sins****,16.12.05.
53,5,잘받았습니다 잘쓸게요,https://phinf.pstatic.net/checkout.phinf/20210227_151/161441372745871Xby_JPEG/review-attachment-7200f33e-601e-4927-9ccf-dbb741192b95.jpeg?type=f300_300,par0****,16.12.01.
54,5,"잘 받았습니다..
만족^^",https://phinf.pstatic.net/checkout.phinf/20210214_282/1613291515023I51bA_JPEG/review-attachment-40ffa4c3-4541-4e61-a1f2-afec4357cac0.jpeg?type=f300_300,kwon****,16.11.28.
55,5,감사합니다,https://phinf.pstatic.net/checkout.phinf/20210215_3/16133861016882whsY_JPEG/review-attachment-204c3dd2-2e37-4efc-b22d-cadb472966fc.jpeg?type=f300_300,rlae****,16.11.27.
56,3,"가격도 저렴한데 좋은국산자재로 만들어서 k마크까지 인증받은 제품이라
넘 맘에듭니다!
",https://phinf.pstatic.net/checkout.phinf/20210328_62/1616865136498mAySg_JPEG/review-attachment-f041fe81-f860-4786-8ff7-5d7f026d8e05.jpeg?type=f300_300,ljk0****,16.11.08.
57,5,탄탄하고 저렴하고 좋네요!,https://phinf.pstatic.net/checkout.phinf/20210310_96/1615344690636vQycO_JPEG/review-attachment-fcd4b186-1de8-46a0-83ef-00246e0ca661.jpeg?type=f300_300,wjds****,16.11.11.
58,5,"주문후 기다리긴 했지만 잘 받아서 사용중입니다. 
http://blog.naver.com/gabe99/220852255547",https://phinf.pstatic.net/checkout.phinf/20210301_209/1614564832564jImAi_JPEG/review-attachment-32ad8e1e-cbee-4fce-8a04-6be1c66acad2.jpeg?type=f300_300,gabe****,16.11.10.
59,5,"싼값에 사서 잘 쓰고있어요! 7만원짜리(배송비별도) 스몰사이즈 매트리스 샀는데,급하게,싸게 산거라 걱정도 많이하고 그랬는데 짱짱하고 괜찮아요~배송도 추석때해서 오래걸릴거라 생각했더니 금방해주셨어요.^^",https://phinf.pstatic.net/checkout.phinf/20210227_177/1614404207833MLWES_JPEG/review-attachment-f9b84f2d-5193-47f3-9b21-b51c5b1edf1f.jpeg?type=f300_300,1234****,16.09.24.
60,4,"좋아요 배송 예상보다 빨랐어요 침대도 통통하니 저렴한 느낌 들지 않고, 가격대비 굉장히 좋은것 같습니다",https://phinf.pstatic.net/image.nmv/shopnbuyer_2021_01_13_0/1227392e-55a4-11eb-a12c-a0369ff963bc_03.jpg?type=ffn300_300,aaaa****,16.10.21.
61,2,"에그스타 스프링에서 좀 삐걱거리는 소리가 가끔 나네요

하지만 뭐 저렴한니까 어쩔수 없는거겠죠

그래도 가격대비 만족스러워요",https://phinf.pstatic.net/checkout.phinf/20210326_102/1616758882099t5Hei_JPEG/review-attachment-2d960b3a-f409-4420-a294-313347cc17bf.jpeg?type=f300_300,wh83****,16.10.17.
62,5,배송이 좀 오래걸리네요,https://phinf.pstatic.net/checkout.phinf/20210320_138/16162329796237AoJA_JPEG/review-attachment-f89c70ef-3fc8-460d-8a0d-b9071e7026f1.jpeg?type=f300_300,newl****,16.11.02.
63,4,좋습니다 가성비 최고에요 정말 잘쓰고있어요 감사해요~! 123wqeqwekjfadsdzxcdgdkj,https://phinf.pstatic.net/checkout.phinf/20210327_149/1616805817864nD86Q_JPEG/review-attachment-c34a256c-2cb5-4630-b804-9c92584721cd.jpeg?type=f300_300,slay****,16.10.25.
64,5,좋아요~!!!!잘쓰고있어요!!,https://phinf.pstatic.net/checkout.phinf/20210318_234/1616032710714lN6nJ_JPEG/review-attachment-daeadafd-04e6-400d-89c3-72f2b89a9ae9.jpeg?type=f300_300,slay****,16.10.25.
65,4,가격 대비 너무 좋은 제품이네요 만족하며 쓰고 있습니당,https://phinf.pstatic.net/checkout.phinf/20210218_102/1613654591564qIaOp_JPEG/review-attachment-347078c2-96e5-4cf5-9cb9-55b5a6b6e6f3.jpeg?type=f300_300,bbor****,16.10.11.
66,3,ㅎㅎ가격대비괜춘한데 배송이 오래걸리넹요,https://phinf.pstatic.net/checkout.phinf/20210323_102/1616473257588le5h3_JPEG/review-attachment-b2473737-5628-41e6-9d5e-6556dd33e3ed.jpeg?type=f300_300,xhtl****,16.10.01.
67,5,싼값에 사서 걱정했는데 배송도 빠르고 괜찮게 쓰고있어요~,https://phinf.pstatic.net/checkout.phinf/20210324_207/1616546730062MQmof_JPEG/review-attachment-5f808cd5-7e67-45c2-b4f6-1418686bed77.jpeg?type=f300_300,1234****,16.09.24.
68,5,좋습니다!,https://phinf.pstatic.net/checkout.phinf/20210306_113/1614988103659xctYM_JPEG/review-attachment-d363b779-7f72-4791-a962-77b8be67f6d2.jpeg?type=f300_300,aaaa****,16.10.21.
69,5,잘 쓸께요~~,https://phinf.pstatic.net/checkout.phinf/20210308_84/1615173126207gPym3_JPEG/review-attachment-dd18a272-8fb0-416f-b044-35b74dde830c.jpeg?type=f300_300,miin****,16.09.28.
70,3,이사 간 친구네 매트리스 주문 대신 해 주었는데...빨리 도착했다네요.기사님 더운 날씨에 수고 많으셨고요. 제품 잘 사용하도록 하겠습니다.,https://phinf.pstatic.net/checkout.phinf/20210215_6/16133550147777T3hl_JPEG/review-attachment-47327de1-38a4-494c-baac-5ac847e1e48d.jpeg?type=f300_300,bene****,16.08.08.
71,5,늦었지만  제품은  안족해요,https://phinf.pstatic.net/checkout.phinf/20210308_139/1615173034699THkps_JPEG/review-attachment-aae5d8cd-3a94-441b-9bbb-e13a32da25ed.jpeg?type=f300_300,akwe****,16.09.12.
72,5,"이사간 친구네 거~~ 배송기사님께 잘 받았다 하네요.
커버 씌워서 잘 쓰도록 하겠습니다.
빠른 배송 감사드려요~~",https://phinf.pstatic.net/checkout.phinf/20210225_194/1614257312087P2X8e_JPEG/review-attachment-e018ce9c-18eb-4194-ae69-6cf63dfdd931.jpeg?type=f300_300,bene****,16.08.08.
73,5,잘 사용하고 있어요,https://phinf.pstatic.net/checkout.phinf/20210227_151/161441372745871Xby_JPEG/review-attachment-7200f33e-601e-4927-9ccf-dbb741192b95.jpeg?type=f300_300,wh83****,16.08.15.
74,5,잘 쓸게요.빠른 배송 감사합니다!!!,https://phinf.pstatic.net/checkout.phinf/20210214_282/1613291515023I51bA_JPEG/review-attachment-40ffa4c3-4541-4e61-a1f2-afec4357cac0.jpeg?type=f300_300,bene****,16.08.08.
75,3,감사요.잘 쓰도록 하겠습니다!!!,https://phinf.pstatic.net/checkout.phinf/20210215_3/16133861016882whsY_JPEG/review-attachment-204c3dd2-2e37-4efc-b22d-cadb472966fc.jpeg?type=f300_300,bene****,16.08.08.
76,5,괜츈해여‥ㅋㅋㅋ,https://phinf.pstatic.net/checkout.phinf/20210328_62/1616865136498mAySg_JPEG/review-attachment-f041fe81-f860-4786-8ff7-5d7f026d8e05.jpeg?type=f300_300,woak****,16.08.15.
77,5,배송은 가구 배송이라 일주일 넘게 걸려요!,https://phinf.pstatic.net/checkout.phinf/20210310_96/1615344690636vQycO_JPEG/review-attachment-fcd4b186-1de8-46a0-83ef-00246e0ca661.jpeg?type=f300_300,rich****,16.06.23.
78,5,ㅡ잘 받았습니다,https://phinf.pstatic.net/checkout.phinf/20210301_209/1614564832564jImAi_JPEG/review-attachment-32ad8e1e-cbee-4fce-8a04-6be1c66acad2.jpeg?type=f300_300,bins****,16.06.08.
