﻿,star,review,reviewImage,customerId,reviewDate
0,3,"배송에 약간 문제가 있었지만, 바로 해결해주셔서 덕분에 사용하려고 했던 날짜에 잘 받았습니다^^ 문의사항도 잘 접수해주시고 세번째구매인데도 역시 좋은 제품이 왔네요~ 앞으로도 좋은 제품 많이 만들어주세요^^!",https://phinf.pstatic.net/image.nmv/shopnbuyer_2021_01_13_0/1227392e-55a4-11eb-a12c-a0369ff963bc_03.jpg?type=ffn300_300,gej8****,21.03.03.
1,4,"너무 무겁지도 않고 쿠션감이 너무 좋아요.
배송도 빠르구요.감사합니다",https://phinf.pstatic.net/checkout.phinf/20210326_102/1616758882099t5Hei_JPEG/review-attachment-2d960b3a-f409-4420-a294-313347cc17bf.jpeg?type=f300_300,cyh1****,21.03.02.
2,4,부모님이라텍스바꿔야해서샀는데 가격도만족하고 베게도오고 너뮤죠아요,https://phinf.pstatic.net/checkout.phinf/20210320_138/16162329796237AoJA_JPEG/review-attachment-f89c70ef-3fc8-460d-8a0d-b9071e7026f1.jpeg?type=f300_300,hy84****,21.01.31.
3,5,아기가 잘때 너무 돌아다녀서 구매했는데 푹신하고 좋네요.,https://phinf.pstatic.net/checkout.phinf/20210327_149/1616805817864nD86Q_JPEG/review-attachment-c34a256c-2cb5-4630-b804-9c92584721cd.jpeg?type=f300_300,popu****,21.01.07.
4,5,푹신푹신~~ 딱딱한감을 싫어해서,https://phinf.pstatic.net/checkout.phinf/20210318_234/1616032710714lN6nJ_JPEG/review-attachment-daeadafd-04e6-400d-89c3-72f2b89a9ae9.jpeg?type=f300_300,pkch****,21.01.30.
5,5,허리아픈제게 덜아프게해준,https://phinf.pstatic.net/checkout.phinf/20210218_102/1613654591564qIaOp_JPEG/review-attachment-347078c2-96e5-4cf5-9cb9-55b5a6b6e6f3.jpeg?type=f300_300,rhd6****,21.01.27.
6,5,폭신하고 좋아요. 천연라텍스라 구매했는데 써보고 좋으면 더 큰 사이즈도 사러 올께요,https://phinf.pstatic.net/checkout.phinf/20210323_102/1616473257588le5h3_JPEG/review-attachment-b2473737-5628-41e6-9d5e-6556dd33e3ed.jpeg?type=f300_300,ange****,20.12.17.
7,3,허리아파서 라텍스 쓴지 10년이 넘었어요 기존에있던 매트리스가 너무 오래돼서 버리고 새로 샀는데 새거가 역시 최고네요! 냄새도 안나고 좋아요,https://phinf.pstatic.net/checkout.phinf/20210324_207/1616546730062MQmof_JPEG/review-attachment-5f808cd5-7e67-45c2-b4f6-1418686bed77.jpeg?type=f300_300,jdy9****,20.12.26.
8,4,"냄새에 예민한 편인데 냄새는 별로 안났습니다. 바로 쓸 수 있을 정도였어요. 
천연 라텍스라 무게는 꽤 나갔구요. 
금방 도톰하게 부풀어 올랐고요. 
첫날은 익숙해지느라 잠을 설쳤는데, 둘째날부터는 편안하게 몸을 받쳐줘서 한결 잠자리가 편안해졌습니다. 
서비스로 온 방수커버나 커버의 재질도 마음에 듭니다.",https://phinf.pstatic.net/checkout.phinf/20210306_113/1614988103659xctYM_JPEG/review-attachment-d363b779-7f72-4791-a962-77b8be67f6d2.jpeg?type=f300_300,lsnb****,20.12.04.
9,5,조아요..만족합니다..,https://phinf.pstatic.net/checkout.phinf/20210308_84/1615173126207gPym3_JPEG/review-attachment-dd18a272-8fb0-416f-b044-35b74dde830c.jpeg?type=f300_300,cafe****,20.12.21.
10,4,푹신하고  좋아요  따봉입니다,https://phinf.pstatic.net/checkout.phinf/20210215_6/16133550147777T3hl_JPEG/review-attachment-47327de1-38a4-494c-baac-5ac847e1e48d.jpeg?type=f300_300,seh0****,20.12.21.
11,5,가격대비 참좋네요 잘사용할게요,https://phinf.pstatic.net/checkout.phinf/20210308_139/1615173034699THkps_JPEG/review-attachment-aae5d8cd-3a94-441b-9bbb-e13a32da25ed.jpeg?type=f300_300,vbnm****,21.01.01.
12,5,"두번째 구매입니다. 다른 매트에서 자면 허리가 불편한데, 확실히 편하고 좋습니다.",https://phinf.pstatic.net/checkout.phinf/20210225_194/1614257312087P2X8e_JPEG/review-attachment-e018ce9c-18eb-4194-ae69-6cf63dfdd931.jpeg?type=f300_300,love****,20.11.25.
13,4,"델라텍스 새번째 구매예요.
아이들 침대에 세트로 있는 매트리스는 너무 높아서 라텍스만 깔기로 결정했네요.
커버도 좋고 made in korea라 일단 넘 믿음이 갑니다 ㅋㅋ 쓰던건 몇년 됐는데 아직 꺼진부분 있다고 느끼지 못했어요
앞으로도 오래 쓸것같네요♡",https://phinf.pstatic.net/checkout.phinf/20210227_151/161441372745871Xby_JPEG/review-attachment-7200f33e-601e-4927-9ccf-dbb741192b95.jpeg?type=f300_300,suns****,20.10.24.
14,5,"벌써 5번째 구매 입니다 선물드릴때마다 사용하시는분이 만족하셔서 믿고 찾는 제품입니다
사은품도 챙겨주셔서 감사드립니다 사업번창하세요 사장님^^",https://phinf.pstatic.net/checkout.phinf/20210214_282/1613291515023I51bA_JPEG/review-attachment-40ffa4c3-4541-4e61-a1f2-afec4357cac0.jpeg?type=f300_300,nkpa****,20.11.24.
15,5,조아요. ..만족합니다...,https://phinf.pstatic.net/checkout.phinf/20210215_3/16133861016882whsY_JPEG/review-attachment-204c3dd2-2e37-4efc-b22d-cadb472966fc.jpeg?type=f300_300,cafe****,20.11.20.
16,5,"배송빠르고,  방수커버 바디필로우 사은품도 있어서 공식사이트가 더 싸네요",https://phinf.pstatic.net/checkout.phinf/20210328_62/1616865136498mAySg_JPEG/review-attachment-f041fe81-f860-4786-8ff7-5d7f026d8e05.jpeg?type=f300_300,kyle****,20.11.20.
17,5,너므 좋음~~~~~~~,https://phinf.pstatic.net/checkout.phinf/20210310_96/1615344690636vQycO_JPEG/review-attachment-fcd4b186-1de8-46a0-83ef-00246e0ca661.jpeg?type=f300_300,pkch****,20.12.04.
18,5,언니가 쓰고있어서 추천받아 샀는데 역시 좋네요! 방수패드랑 베개도 두 개나 주시고 감사합니다!,https://phinf.pstatic.net/checkout.phinf/20210301_209/1614564832564jImAi_JPEG/review-attachment-32ad8e1e-cbee-4fce-8a04-6be1c66acad2.jpeg?type=f300_300,alru****,20.09.07.
19,4,잠이 잘오고 푹신푹신 좋습니다,https://phinf.pstatic.net/checkout.phinf/20210227_177/1614404207833MLWES_JPEG/review-attachment-f9b84f2d-5193-47f3-9b21-b51c5b1edf1f.jpeg?type=f300_300,dlrm****,20.09.08.
20,3,너무 좋아요.감사해요,https://phinf.pstatic.net/image.nmv/shopnbuyer_2021_01_13_0/1227392e-55a4-11eb-a12c-a0369ff963bc_03.jpg?type=ffn300_300,nubi****,20.08.07.
21,4,3번째 구매입니다 그정도로 좋아요,https://phinf.pstatic.net/checkout.phinf/20210326_102/1616758882099t5Hei_JPEG/review-attachment-2d960b3a-f409-4420-a294-313347cc17bf.jpeg?type=f300_300,mini****,20.08.17.
22,4,허리를 잘 받쳐주고 편안한감촉도 좋아요,https://phinf.pstatic.net/checkout.phinf/20210320_138/16162329796237AoJA_JPEG/review-attachment-f89c70ef-3fc8-460d-8a0d-b9071e7026f1.jpeg?type=f300_300,rooo****,20.08.10.
23,5,누웠을때 받쳐주는 강도가 기존 라텍스보다 좋습니다~..만족합니다..,https://phinf.pstatic.net/checkout.phinf/20210327_149/1616805817864nD86Q_JPEG/review-attachment-c34a256c-2cb5-4630-b804-9c92584721cd.jpeg?type=f300_300,rooo****,20.07.09.
24,5,푹신푹신해서 좋습니다,https://phinf.pstatic.net/checkout.phinf/20210318_234/1616032710714lN6nJ_JPEG/review-attachment-daeadafd-04e6-400d-89c3-72f2b89a9ae9.jpeg?type=f300_300,ever****,20.07.11.
25,5,SS구매하고 바로 퀸도 주문했습니다. 푹신하고 좋아요,https://phinf.pstatic.net/checkout.phinf/20210218_102/1613654591564qIaOp_JPEG/review-attachment-347078c2-96e5-4cf5-9cb9-55b5a6b6e6f3.jpeg?type=f300_300,ttan****,20.07.23.
26,5,좋은거같아요. 잘쓰고있습니다,https://phinf.pstatic.net/checkout.phinf/20210323_102/1616473257588le5h3_JPEG/review-attachment-b2473737-5628-41e6-9d5e-6556dd33e3ed.jpeg?type=f300_300,youn****,20.07.25.
27,5,"아직개봉전
개봉해보고 퀸사이즈 한개 더주문하려고요",https://phinf.pstatic.net/checkout.phinf/20210324_207/1616546730062MQmof_JPEG/review-attachment-5f808cd5-7e67-45c2-b4f6-1418686bed77.jpeg?type=f300_300,ttan****,20.07.21.
28,5,아주 만족 합니다.너무 편해요,https://phinf.pstatic.net/checkout.phinf/20210306_113/1614988103659xctYM_JPEG/review-attachment-d363b779-7f72-4791-a962-77b8be67f6d2.jpeg?type=f300_300,nubi****,20.07.01.
29,5,아버지 사드렸는데 좋다고 하십니다.,https://phinf.pstatic.net/checkout.phinf/20210308_84/1615173126207gPym3_JPEG/review-attachment-dd18a272-8fb0-416f-b044-35b74dde830c.jpeg?type=f300_300,jsum****,20.07.15.
30,4,"한달정도 사용했는데 돈이 아깝지 않았습니다..ㅠㅠ 잠 자고 나면 허리가 불편하길래 라텍스로 바꿨는데, 그 뒤로 통증 없이 정말 편하게 자고 있습니다👍
그런데 엉덩이 허리부분이 꺼지지 않고 언제까지 쓸 수 있을지는 지켜봐야겠네요ㅠㅠ",https://phinf.pstatic.net/checkout.phinf/20210215_6/16133550147777T3hl_JPEG/review-attachment-47327de1-38a4-494c-baac-5ac847e1e48d.jpeg?type=f300_300,minh****,20.05.23.
31,5,"허리가 아파서 침대매트리스와 이불토퍼를 보니, 가운데가 푹 꺼져서 고민하다가 라텍스 구입했습니다. 추천을 받아서 구입했는데 7.5cm가 생각보다 두꺼워서 기존 매드리스를 뒤집고 위에 올려 사용하고 있습니다. 푹신해서 너무 편하네요.. 선택한 오가닉코튼 커버도 부들부들하고 좋아요^^ 커버는 바로 세탁했고, 라텍스는 냄새가 안나서 1시간 정도 널어놨다가 그냥 사용했습니다^^",https://phinf.pstatic.net/checkout.phinf/20210308_139/1615173034699THkps_JPEG/review-attachment-aae5d8cd-3a94-441b-9bbb-e13a32da25ed.jpeg?type=f300_300,minh****,20.04.21.
32,5,1378487676,https://phinf.pstatic.net/checkout.phinf/20210225_194/1614257312087P2X8e_JPEG/review-attachment-e018ce9c-18eb-4194-ae69-6cf63dfdd931.jpeg?type=f300_300,3822****,20.07.31.
33,4,착한가격에 구입했습니다 이런 가격에 배송을 하고 감사합니다,https://phinf.pstatic.net/checkout.phinf/20210227_151/161441372745871Xby_JPEG/review-attachment-7200f33e-601e-4927-9ccf-dbb741192b95.jpeg?type=f300_300,an46****,20.05.27.
34,5,확실히 자고 일어났을때 몸이 덜 찌뿌둥한듯...,https://phinf.pstatic.net/checkout.phinf/20210214_282/1613291515023I51bA_JPEG/review-attachment-40ffa4c3-4541-4e61-a1f2-afec4357cac0.jpeg?type=f300_300,hoya****,20.06.19.
35,5,배송은조금느렷지만나름만족합니다~,https://phinf.pstatic.net/checkout.phinf/20210215_3/16133861016882whsY_JPEG/review-attachment-204c3dd2-2e37-4efc-b22d-cadb472966fc.jpeg?type=f300_300,inik****,20.05.28.
36,5,픅신푹신하고 편합니다,https://phinf.pstatic.net/checkout.phinf/20210328_62/1616865136498mAySg_JPEG/review-attachment-f041fe81-f860-4786-8ff7-5d7f026d8e05.jpeg?type=f300_300,epqe****,20.05.12.
37,5,"라텍스 매트 처음 써보는데 생각보다 더 두툼하고 무게도 꽤 나가더라구요~~~
냄새도 안나구요. 싱글침대에 깔았더니 사이즈가 좀 남기는한데 괜찮네요",https://phinf.pstatic.net/checkout.phinf/20210310_96/1615344690636vQycO_JPEG/review-attachment-fcd4b186-1de8-46a0-83ef-00246e0ca661.jpeg?type=f300_300,crys****,20.05.04.
38,5,"왼쪽건 예전에 샀던 매트리스인데 하나 더 구매하게 되었어요
푹신하고 길다란 쿠션이랑 방수커버도 보내주셨어요!",https://phinf.pstatic.net/checkout.phinf/20210301_209/1614564832564jImAi_JPEG/review-attachment-32ad8e1e-cbee-4fce-8a04-6be1c66acad2.jpeg?type=f300_300,jang****,20.04.09.
39,5,불편한없이 잘사용중입니다.,https://phinf.pstatic.net/checkout.phinf/20210227_177/1614404207833MLWES_JPEG/review-attachment-f9b84f2d-5193-47f3-9b21-b51c5b1edf1f.jpeg?type=f300_300,ghdw****,20.04.02.
40,3,킹사이즈쓰고있어서 슈퍼싱글이필요해서샀어요 좋아요,https://phinf.pstatic.net/image.nmv/shopnbuyer_2021_01_13_0/1227392e-55a4-11eb-a12c-a0369ff963bc_03.jpg?type=ffn300_300,jes7****,20.03.24.
41,4,푹신푹신하고 여전히 빵빵하고좋아요,https://phinf.pstatic.net/checkout.phinf/20210326_102/1616758882099t5Hei_JPEG/review-attachment-2d960b3a-f409-4420-a294-313347cc17bf.jpeg?type=f300_300,daeh****,20.04.12.
42,4,간만에 꿀잠잤어요.잘쓸게요.,https://phinf.pstatic.net/checkout.phinf/20210320_138/16162329796237AoJA_JPEG/review-attachment-f89c70ef-3fc8-460d-8a0d-b9071e7026f1.jpeg?type=f300_300,ghdw****,20.02.28.
43,5,여기저기알아보다가 후기도좋고해서 구매해서 사용중인데.좋아요!두께.폭신한감.암튼굿,https://phinf.pstatic.net/checkout.phinf/20210327_149/1616805817864nD86Q_JPEG/review-attachment-c34a256c-2cb5-4630-b804-9c92584721cd.jpeg?type=f300_300,chet****,20.02.02.
44,5,푹신하고 두꺼워서 좋네요 라텍스질이 좋은것 같습니다,https://phinf.pstatic.net/checkout.phinf/20210318_234/1616032710714lN6nJ_JPEG/review-attachment-daeadafd-04e6-400d-89c3-72f2b89a9ae9.jpeg?type=f300_300,ever****,20.01.13.
45,5,잘ㅆ고있습니다 푹신하고 수명도 좋아서 구매합니다,https://phinf.pstatic.net/checkout.phinf/20210218_102/1613654591564qIaOp_JPEG/review-attachment-347078c2-96e5-4cf5-9cb9-55b5a6b6e6f3.jpeg?type=f300_300,daeh****,20.02.24.
46,5,"적당한두께
만족합니다",https://phinf.pstatic.net/checkout.phinf/20210323_102/1616473257588le5h3_JPEG/review-attachment-b2473737-5628-41e6-9d5e-6556dd33e3ed.jpeg?type=f300_300,sook****,20.01.21.
47,5,감사합니다. 잘 받았습니다.,https://phinf.pstatic.net/checkout.phinf/20210324_207/1616546730062MQmof_JPEG/review-attachment-5f808cd5-7e67-45c2-b4f6-1418686bed77.jpeg?type=f300_300,dark****,19.12.27.
48,5,역시 믿고 사요 벌써 5번째 구매내요,https://phinf.pstatic.net/checkout.phinf/20210306_113/1614988103659xctYM_JPEG/review-attachment-d363b779-7f72-4791-a962-77b8be67f6d2.jpeg?type=f300_300,nara****,19.08.18.
49,5,적당히 푹신하고 좋네요,https://phinf.pstatic.net/checkout.phinf/20210308_84/1615173126207gPym3_JPEG/review-attachment-dd18a272-8fb0-416f-b044-35b74dde830c.jpeg?type=f300_300,kimc****,19.06.27.
50,5,잘받았습니다추천합니다 잘받았습니다 잘받았습니다,https://phinf.pstatic.net/checkout.phinf/20210215_6/16133550147777T3hl_JPEG/review-attachment-47327de1-38a4-494c-baac-5ac847e1e48d.jpeg?type=f300_300,minm****,19.07.10.
51,5,푹신하게 잠이 잘올거 같네요,https://phinf.pstatic.net/checkout.phinf/20210308_139/1615173034699THkps_JPEG/review-attachment-aae5d8cd-3a94-441b-9bbb-e13a32da25ed.jpeg?type=f300_300,hiha****,19.04.27.
52,5,너무좋습니다.역시 통몰드입니다 잘쓸게요,https://phinf.pstatic.net/checkout.phinf/20210225_194/1614257312087P2X8e_JPEG/review-attachment-e018ce9c-18eb-4194-ae69-6cf63dfdd931.jpeg?type=f300_300,gywl****,19.03.01.
53,5,배송에서 오류로 약간의 아쉬움은있지만 제품너무좋아요 아주편안합니다 기존침대메트리스가 너무탁탁해서 메트리스위에올려서 쓰려고 주문해서 오늘받자마자 깔고 누워보니 이거뭐완전신세계네요. 너무너무좋아요 잘쓸께요,https://phinf.pstatic.net/checkout.phinf/20210227_151/161441372745871Xby_JPEG/review-attachment-7200f33e-601e-4927-9ccf-dbb741192b95.jpeg?type=f300_300,gywl****,19.01.17.
54,5,아기침대 매트리스로 사용하려 구입했어요. 처음 고무냄새가 나기는 하는데 일주일정도 내놨다 사용하려구요 누워보니 좋네요^^ 믿고 구매했어요,https://phinf.pstatic.net/checkout.phinf/20210214_282/1613291515023I51bA_JPEG/review-attachment-40ffa4c3-4541-4e61-a1f2-afec4357cac0.jpeg?type=f300_300,mint****,18.08.03.
55,5,빠르고 좋아요,https://phinf.pstatic.net/checkout.phinf/20210215_3/16133861016882whsY_JPEG/review-attachment-204c3dd2-2e37-4efc-b22d-cadb472966fc.jpeg?type=f300_300,ha_y****,18.08.22.
56,5,배송도 좋고 상품도 편해요,https://phinf.pstatic.net/checkout.phinf/20210328_62/1616865136498mAySg_JPEG/review-attachment-f041fe81-f860-4786-8ff7-5d7f026d8e05.jpeg?type=f300_300,spau****,18.04.24.
57,5,"6년만에 재구매했습니다. 약 6년만에 재구매 했습니다. 과거에 사용하던 제품이 이상이 생긴건 아니고요. 타사제품과 대비하여 저렴한 가격과 믿을수 있는 성분이라서 고민없이 구매했습니다.지인에게 선물하였는데, 너무나 편안하고 좋다고 하네요.",https://phinf.pstatic.net/checkout.phinf/20210310_96/1615344690636vQycO_JPEG/review-attachment-fcd4b186-1de8-46a0-83ef-00246e0ca661.jpeg?type=f300_300,forg****,17.11.20.
58,5,혼자사는집에 딱이예요 손님들 오면 접어서 쇼퍼처럼 쓰고 혼자있을땐 펴서 커버 덮어놓으면 공간활용하기 좋고 혼자들고 옮기기도 편해요. 접이식 말고 일반도 써봤는데 좁은집에선 역시 접이식이 편한거같네요. 물론 2번째 구매한만큼 품질도 좋습니다.,https://phinf.pstatic.net/checkout.phinf/20210301_209/1614564832564jImAi_JPEG/review-attachment-32ad8e1e-cbee-4fce-8a04-6be1c66acad2.jpeg?type=f300_300,gtsm****,17.11.01.
59,5,"약 6년정도 전에도 구매했었는데, 여전히 가격 대비 성능등이 좋습니다. 만족해요~~!!",https://phinf.pstatic.net/checkout.phinf/20210227_177/1614404207833MLWES_JPEG/review-attachment-f9b84f2d-5193-47f3-9b21-b51c5b1edf1f.jpeg?type=f300_300,forg****,17.11.19.
60,3,"만족합니다~ 부모님 해드렸는데, 편안하고 좋다고 하시네요~~^^멀티필로우도 잘 사용하고 잇습니다~~^^",https://phinf.pstatic.net/image.nmv/shopnbuyer_2021_01_13_0/1227392e-55a4-11eb-a12c-a0369ff963bc_03.jpg?type=ffn300_300,hi_e****,17.09.21.
61,4,"잘받았습니다
잘사용하겠습니다",https://phinf.pstatic.net/checkout.phinf/20210326_102/1616758882099t5Hei_JPEG/review-attachment-2d960b3a-f409-4420-a294-313347cc17bf.jpeg?type=f300_300,jyj0****,17.09.12.
62,4,"원룸으로 이사하게되서 구입하게되었는데
쓸만하네요
톡톡하고 냄새도없구
좋아요",https://phinf.pstatic.net/checkout.phinf/20210320_138/16162329796237AoJA_JPEG/review-attachment-f89c70ef-3fc8-460d-8a0d-b9071e7026f1.jpeg?type=f300_300,diam****,17.08.23.
63,5,만족스럽네요 ㅎㅎ 라텍스 예전에 퀸사이즈 샀다가싱글로 처음 주문해봤는데 역시 가격대비 사용감 좋네요~ 배송도 빠르구요처음에 냄새가 조금 나긴하지만 냄새 빠지면 신경쓰이지도 않네요.,https://phinf.pstatic.net/checkout.phinf/20210327_149/1616805817864nD86Q_JPEG/review-attachment-c34a256c-2cb5-4630-b804-9c92584721cd.jpeg?type=f300_300,hyun****,17.08.03.
64,4,편안하고 중간에 벌어진 느낌도 거의 안 느껴져요. 손님올땐 접어서 쇼파로 쓰려고 샀어요. 만족!,https://phinf.pstatic.net/checkout.phinf/20210318_234/1616032710714lN6nJ_JPEG/review-attachment-daeadafd-04e6-400d-89c3-72f2b89a9ae9.jpeg?type=f300_300,gtsm****,17.08.07.
65,5,"제가 냄새에 많이 민감한데  첨엔 무거워서 여자가 들기엔 무거워서 힘들었는데 
냄새도 잘 빠져서 온건지 복불복 같지만 저는 너무 만족하면서 잘 쓰고 있습니다 평소 잠을 청하면 1-2시간은 기본 설쳤는데 2주 사용동안 잠도 안설치고 잘 생활 했습니다 너무 배송도 빨랐고, 요구조건 질문도 성실하게 답해주셔서 너무 좋습니다 부모님 사주면 더 좋아 하시겠어요 또 구매욕구가 철철 넘칩니다!",https://phinf.pstatic.net/checkout.phinf/20210218_102/1613654591564qIaOp_JPEG/review-attachment-347078c2-96e5-4cf5-9cb9-55b5a6b6e6f3.jpeg?type=f300_300,saku****,17.06.09.
66,5,정말 좋네요 감사합니다 이번에 편백나무 프레임을 구입하면서 여러가지 매트리스 검색해보고라텍스로 구입하게 되었습니다. 우선 전에 쓰던 일반스프링 매트보다 5배정도 편한것 같습니다. 자동차 버킷시트처럼 내몸을 감싸주는 느낌??,https://phinf.pstatic.net/checkout.phinf/20210323_102/1616473257588le5h3_JPEG/review-attachment-b2473737-5628-41e6-9d5e-6556dd33e3ed.jpeg?type=f300_300,ddud****,17.06.22.
67,4,"좋네요 라텍스 있다가 없으니 불편해서 샀어요.
허리도 안아프고 좋아요.
배송도 빠르고 좋아요^^!",https://phinf.pstatic.net/checkout.phinf/20210324_207/1616546730062MQmof_JPEG/review-attachment-5f808cd5-7e67-45c2-b4f6-1418686bed77.jpeg?type=f300_300,hanj****,17.07.25.
68,5,너무 좋아요~,https://phinf.pstatic.net/checkout.phinf/20210306_113/1614988103659xctYM_JPEG/review-attachment-d363b779-7f72-4791-a962-77b8be67f6d2.jpeg?type=f300_300,luci****,17.08.10.
69,5,가격대비 라텍스 질이 좋은것 같네요 ㅎㅎ ,https://phinf.pstatic.net/checkout.phinf/20210308_84/1615173126207gPym3_JPEG/review-attachment-dd18a272-8fb0-416f-b044-35b74dde830c.jpeg?type=f300_300,hyun****,17.08.03.
70,5,아이가 좋아해요~~^^,https://phinf.pstatic.net/checkout.phinf/20210215_6/16133550147777T3hl_JPEG/review-attachment-47327de1-38a4-494c-baac-5ac847e1e48d.jpeg?type=f300_300,love****,17.08.02.
71,5,좋습니다. 잠이 잘와용~ 이번에 원룸으로 이사가면서 샀는데 좋습니다.푹신하기도 하고 딱딱하기도 한것이 딱 좋을 정도 입니다.커버 재질도 맘에 들어요 베개는 잘못사서 같은 무늬로 교환 해놓았구요 잠 잘옵니다~꿀잠 자요!!,https://phinf.pstatic.net/checkout.phinf/20210308_139/1615173034699THkps_JPEG/review-attachment-aae5d8cd-3a94-441b-9bbb-e13a32da25ed.jpeg?type=f300_300,wofl****,17.06.12.
72,5,"추천합니다. 별 5개중 4.5개!!! 핸드폰이 망가져서 구형 핸드폰으로 쓰고있어서 찍어두었던 사진이 하나도 없다는게 안타깝네요... 집에 있는 상품과 상당히 유사해서 인지 잠을 잘자고있습니다. 첫날에는 냄새가 안빠져서 머리가 너무 아팠는데 약 5일째 사용중인데 냄새는 거의 다 빠졌고, 지금은 필로우도 배게로 사용하거나 안고 자고있는데 너무 좋네요. 구형 핸드폰이라 잘 찍히지도 않는군요 ㅠㅠ... 어쨌든 잘쓰고 있습니다.  다음에도 라텍스 필요할땐 여기서 구매할것 같네요~ 고맙습니다!!",https://phinf.pstatic.net/checkout.phinf/20210225_194/1614257312087P2X8e_JPEG/review-attachment-e018ce9c-18eb-4194-ae69-6cf63dfdd931.jpeg?type=f300_300,chol****,17.05.17.
73,5,고무 냄새가 있지만 괜찮은듯용,https://phinf.pstatic.net/checkout.phinf/20210227_151/161441372745871Xby_JPEG/review-attachment-7200f33e-601e-4927-9ccf-dbb741192b95.jpeg?type=f300_300,ruay****,17.07.10.
74,5,굿 구매평이 좋아서 구매했는데 생각보다 빨리오고 쿠션 감도 좋아요 근데 냄새가 나서 좀 환기 시키고 사용해야 할듯해요^^,https://phinf.pstatic.net/checkout.phinf/20210214_282/1613291515023I51bA_JPEG/review-attachment-40ffa4c3-4541-4e61-a1f2-afec4357cac0.jpeg?type=f300_300,anji****,17.06.23.
75,5,"두개째 구매예요
부모님 좋아하시네요~",https://phinf.pstatic.net/checkout.phinf/20210215_3/16133861016882whsY_JPEG/review-attachment-204c3dd2-2e37-4efc-b22d-cadb472966fc.jpeg?type=f300_300,whit****,17.07.08.
76,4,이즈굳 좋습니당 근데 하루만에 삼만원이 올랐네요~? 완전 이득 봤습니다 ㅋㅋㅋ 퀸사이즈로 하니 배게 두개 주네요... 완전 폭신폭신하규 좋습니당!!,https://phinf.pstatic.net/checkout.phinf/20210328_62/1616865136498mAySg_JPEG/review-attachment-f041fe81-f860-4786-8ff7-5d7f026d8e05.jpeg?type=f300_300,mjh8****,17.06.01.
77,5,이번주문 처음인데 너무 편안하네요 이사가서 깔았는데 완전만족입니다~~^^,https://phinf.pstatic.net/checkout.phinf/20210310_96/1615344690636vQycO_JPEG/review-attachment-fcd4b186-1de8-46a0-83ef-00246e0ca661.jpeg?type=f300_300,eife****,17.06.25.
78,5,천연 라텍스 좋아요 잠도 잘오고 멀티 필로우도 편하고 좋네요^^,https://phinf.pstatic.net/checkout.phinf/20210301_209/1614564832564jImAi_JPEG/review-attachment-32ad8e1e-cbee-4fce-8a04-6be1c66acad2.jpeg?type=f300_300,papa****,17.06.27.
79,5,너무너무너무 좋아요 부피가 커서 여자가 들기엔 좀 무거웠지만 폭신폭신해서 잠도 솔솔 오고 냄새에 민감한 편인뎅 락테스 특유 냄새도 잘 빠져서 온건지 냄새에 걱정 많이 햇는데 좋아요,https://phinf.pstatic.net/checkout.phinf/20210227_177/1614404207833MLWES_JPEG/review-attachment-f9b84f2d-5193-47f3-9b21-b51c5b1edf1f.jpeg?type=f300_300,saku****,17.06.09.
80,3,매우좋습니다. ,https://phinf.pstatic.net/image.nmv/shopnbuyer_2021_01_13_0/1227392e-55a4-11eb-a12c-a0369ff963bc_03.jpg?type=ffn300_300,fuha****,17.06.26.
81,4,감사합니다~~~ 너무너무 편하네요 ~~,https://phinf.pstatic.net/checkout.phinf/20210326_102/1616758882099t5Hei_JPEG/review-attachment-2d960b3a-f409-4420-a294-313347cc17bf.jpeg?type=f300_300,ddud****,17.06.20.
82,4,빠른배송좋아요,https://phinf.pstatic.net/checkout.phinf/20210320_138/16162329796237AoJA_JPEG/review-attachment-f89c70ef-3fc8-460d-8a0d-b9071e7026f1.jpeg?type=f300_300,anji****,17.06.23.
83,5,"배송도 빠르고 예상보다 더 푹신푹신하고 두꺼워서 좋아요.

",https://phinf.pstatic.net/checkout.phinf/20210327_149/1616805817864nD86Q_JPEG/review-attachment-c34a256c-2cb5-4630-b804-9c92584721cd.jpeg?type=f300_300,esse****,17.06.15.
84,5,"제품과 배송 모두 만족합니다.
고맙습니다.
번창하세요",https://phinf.pstatic.net/checkout.phinf/20210318_234/1616032710714lN6nJ_JPEG/review-attachment-daeadafd-04e6-400d-89c3-72f2b89a9ae9.jpeg?type=f300_300,lwh4****,17.06.09.
85,5,만족합니다.,https://phinf.pstatic.net/checkout.phinf/20210218_102/1613654591564qIaOp_JPEG/review-attachment-347078c2-96e5-4cf5-9cb9-55b5a6b6e6f3.jpeg?type=f300_300,yiis****,17.06.20.
86,5,"엄마가 허리가 아프셔서 사드렸는데, 배송도 빠르고 물건도 냄새가 나지 않아 만족합니다.",https://phinf.pstatic.net/checkout.phinf/20210323_102/1616473257588le5h3_JPEG/review-attachment-b2473737-5628-41e6-9d5e-6556dd33e3ed.jpeg?type=f300_300,wefi****,17.06.08.
87,5,"좋습니다.
잠이 술술 오네용~",https://phinf.pstatic.net/checkout.phinf/20210324_207/1616546730062MQmof_JPEG/review-attachment-5f808cd5-7e67-45c2-b4f6-1418686bed77.jpeg?type=f300_300,wofl****,17.06.12.
88,5,"굳이에요 아기침대 사면서 낮은 매트리스 찾다가 구매했는데요~ 제가 누워봐도 편안하고 좋네요^^
멀티필로우도 감사해요",https://phinf.pstatic.net/checkout.phinf/20210306_113/1614988103659xctYM_JPEG/review-attachment-d363b779-7f72-4791-a962-77b8be67f6d2.jpeg?type=f300_300,thev****,17.05.22.
89,5,"재구매 했습니다. 너무 편하고 좋네요. 다만 이번 택배는 저녁8시이후에
뜬금없이 가져와서 불편했습니다",https://phinf.pstatic.net/checkout.phinf/20210308_84/1615173126207gPym3_JPEG/review-attachment-dd18a272-8fb0-416f-b044-35b74dde830c.jpeg?type=f300_300,id36****,17.05.18.
90,5,생각보다 푹식해서 좋네요^^,https://phinf.pstatic.net/checkout.phinf/20210215_6/16133550147777T3hl_JPEG/review-attachment-47327de1-38a4-494c-baac-5ac847e1e48d.jpeg?type=f300_300,bune****,17.05.30.
91,5,생각보다 엄청 푹신하진않습니다만 편합니다,https://phinf.pstatic.net/checkout.phinf/20210308_139/1615173034699THkps_JPEG/review-attachment-aae5d8cd-3a94-441b-9bbb-e13a32da25ed.jpeg?type=f300_300,jht0****,17.05.23.
92,5,배송.제품 엄지척!,https://phinf.pstatic.net/checkout.phinf/20210225_194/1614257312087P2X8e_JPEG/review-attachment-e018ce9c-18eb-4194-ae69-6cf63dfdd931.jpeg?type=f300_300,hank****,17.05.30.
93,5,"매우 만족하고있습니다.
주말에 글쓴다는걸 잊어먹고 있었네요",https://phinf.pstatic.net/checkout.phinf/20210227_151/161441372745871Xby_JPEG/review-attachment-7200f33e-601e-4927-9ccf-dbb741192b95.jpeg?type=f300_300,chol****,17.05.17.
94,5,아주 훌륭해요,https://phinf.pstatic.net/checkout.phinf/20210214_282/1613291515023I51bA_JPEG/review-attachment-40ffa4c3-4541-4e61-a1f2-afec4357cac0.jpeg?type=f300_300,f032****,17.05.27.
95,5,좋아용 ㅎㅎ,https://phinf.pstatic.net/checkout.phinf/20210215_3/16133861016882whsY_JPEG/review-attachment-204c3dd2-2e37-4efc-b22d-cadb472966fc.jpeg?type=f300_300,mjh8****,17.05.31.
96,5,"어머니 선물로 사드렸는데
잠자리가 편안하고 만족해 하심 ㅋㅋ",https://phinf.pstatic.net/checkout.phinf/20210328_62/1616865136498mAySg_JPEG/review-attachment-f041fe81-f860-4786-8ff7-5d7f026d8e05.jpeg?type=f300_300,wong****,17.05.18.
97,5,좋습니다 배게도좋아요,https://phinf.pstatic.net/checkout.phinf/20210310_96/1615344690636vQycO_JPEG/review-attachment-fcd4b186-1de8-46a0-83ef-00246e0ca661.jpeg?type=f300_300,7526****,17.05.23.
98,5,매우 조오오오옷습니다,https://phinf.pstatic.net/checkout.phinf/20210301_209/1614564832564jImAi_JPEG/review-attachment-32ad8e1e-cbee-4fce-8a04-6be1c66acad2.jpeg?type=f300_300,ythg****,17.05.22.
99,5,"3번째 구매요~~ 부모님 남동생이 이미 쓰고 있구 저도 허리가 안 좋아서 구매하게 되었습니다..
힘있게 쫀존하고 좋네요~~
사은품으로 주신 필로우 색깔도 회색으로 맘에 듭니다.. 번창하세요~~",https://phinf.pstatic.net/checkout.phinf/20210227_177/1614404207833MLWES_JPEG/review-attachment-f9b84f2d-5193-47f3-9b21-b51c5b1edf1f.jpeg?type=f300_300,jii2****,17.04.29.
