﻿,star,review,reviewImage,customerId,reviewDate
0,5,"델라텍스 아는사람이 의외로 많더라구요
모카커버도 맘에들고 좋네요
기존원목침대위에 쓰니 적당하네요",https://phinf.pstatic.net/image.nmv/shopnbuyer_2021_01_13_0/1227392e-55a4-11eb-a12c-a0369ff963bc_03.jpg?type=ffn300_300,koyu****,21.03.23.
1,5,애들이 만족하고 잠 잘자고 있어요,https://phinf.pstatic.net/checkout.phinf/20210326_102/1616758882099t5Hei_JPEG/review-attachment-2d960b3a-f409-4420-a294-313347cc17bf.jpeg?type=f300_300,1978****,21.03.28.
2,5,"생각보다 매우 빠르게 배송을 받을 수 있었습니다.
크지 않은 부피로 잘 압축되어 왔구요,초기 사용감도 좋습니다.",https://phinf.pstatic.net/checkout.phinf/20210320_138/16162329796237AoJA_JPEG/review-attachment-f89c70ef-3fc8-460d-8a0d-b9071e7026f1.jpeg?type=f300_300,gold****,21.02.20.
3,5,아주 좋습니다~ 적당히 단단하고 적당히 푹신해서 정말 딱 만족해요~,https://phinf.pstatic.net/checkout.phinf/20210327_149/1616805817864nD86Q_JPEG/review-attachment-c34a256c-2cb5-4630-b804-9c92584721cd.jpeg?type=f300_300,1978****,21.02.18.
4,5,퀸사이즈 주문하고 너무 좋아서 어머니것도 주문했어요 베개도 너무 만족스럽습니다. 부작용이 있다면 휴일에 침대에서 빠져나올 수가 없네요;;,https://phinf.pstatic.net/checkout.phinf/20210318_234/1616032710714lN6nJ_JPEG/review-attachment-daeadafd-04e6-400d-89c3-72f2b89a9ae9.jpeg?type=f300_300,fsma****,21.01.17.
5,5,아기를 바닥에서 재우려고 앞전에 퀸사이즈로 구매후 사용감이 너무 좋아서 친정엄마께 선물해드렸는데 너무 좋아하세요~~!,https://phinf.pstatic.net/checkout.phinf/20210218_102/1613654591564qIaOp_JPEG/review-attachment-347078c2-96e5-4cf5-9cb9-55b5a6b6e6f3.jpeg?type=f300_300,love****,21.01.30.
6,5,"아이 태어나고 델라텍스 퀸사이즈 구입해서 잘 썼어요. 아이가 10살 되어 침대 독립시키면서 
다른 곳 비교 없이 다시 델라텍스에서 구입했어요. 
10년이나 썼는데도 눌리거나 경화된 곳 없이 아직도 쿠션감이 좋아요.
커버가 더 예뻐지고 좋아졌네요.",https://phinf.pstatic.net/checkout.phinf/20210323_102/1616473257588le5h3_JPEG/review-attachment-b2473737-5628-41e6-9d5e-6556dd33e3ed.jpeg?type=f300_300,smim****,20.12.13.
7,5,"라텍스 굿 좋아요 약간하드한느낌
맘에듭니다 잘쓸께요
아직멀엇네요 50글자되려면
좀더 적어볼께요 이젠끝",https://phinf.pstatic.net/checkout.phinf/20210324_207/1616546730062MQmof_JPEG/review-attachment-5f808cd5-7e67-45c2-b4f6-1418686bed77.jpeg?type=f300_300,vip8****,17.08.17.
8,5,좋아요 배송도빠르고,https://phinf.pstatic.net/checkout.phinf/20210306_113/1614988103659xctYM_JPEG/review-attachment-d363b779-7f72-4791-a962-77b8be67f6d2.jpeg?type=f300_300,vip8****,17.08.17.
9,5,접이식 살만하네요 군대에서 쓰던 접이식 매트리스 생각나서 접는거 편해보여서 샀는데 좋네요.. 근데 개무겁당..,https://phinf.pstatic.net/checkout.phinf/20210308_84/1615173126207gPym3_JPEG/review-attachment-dd18a272-8fb0-416f-b044-35b74dde830c.jpeg?type=f300_300,phap****,16.07.26.
10,5,감사합니다,https://phinf.pstatic.net/checkout.phinf/20210215_6/16133550147777T3hl_JPEG/review-attachment-47327de1-38a4-494c-baac-5ac847e1e48d.jpeg?type=f300_300,baej****,16.08.09.
11,5,푹신푹신하네요,https://phinf.pstatic.net/checkout.phinf/20210308_139/1615173034699THkps_JPEG/review-attachment-aae5d8cd-3a94-441b-9bbb-e13a32da25ed.jpeg?type=f300_300,phap****,16.07.26.
12,5,"라텍스 매트리스 라텍스 매트리스 구매하려고 여러군데 찾아보다가
평도 좋고 가격도 저렴해서 구매하게 되었어요
홈쇼핑보다 훨씬 저렴해서 구매했어요",https://phinf.pstatic.net/checkout.phinf/20210225_194/1614257312087P2X8e_JPEG/review-attachment-e018ce9c-18eb-4194-ae69-6cf63dfdd931.jpeg?type=f300_300,hr51****,16.02.23.
13,4,"좋아요 델라텍스 검색해보니 후기가 좋아서 구매했고요.
2개삿는데 총알배송이라 더 좋았습니다.
지금은 냄새를 빼고있어요. 고무냄새는 나요.
후기에 금방빠진다니 저도 금방빠지길",https://phinf.pstatic.net/checkout.phinf/20210227_151/161441372745871Xby_JPEG/review-attachment-7200f33e-601e-4927-9ccf-dbb741192b95.jpeg?type=f300_300,good****,16.01.24.
14,5,보통 배송기사가 정말 별로네요 상품은 보통이고 깔고 잘만합니다 그나마 배송빨리와서 나음.. 수고,https://phinf.pstatic.net/checkout.phinf/20210214_282/1613291515023I51bA_JPEG/review-attachment-40ffa4c3-4541-4e61-a1f2-afec4357cac0.jpeg?type=f300_300,akst****,16.01.25.
15,5,"고무냄새가 나긴해요 . 커버벗겨서 냄새빼고있담니다.
쿠션좋고..오가닉커버 예뻐요",https://phinf.pstatic.net/checkout.phinf/20210215_3/16133861016882whsY_JPEG/review-attachment-204c3dd2-2e37-4efc-b22d-cadb472966fc.jpeg?type=f300_300,good****,16.01.24.
16,4,많이파세요,https://phinf.pstatic.net/checkout.phinf/20210328_62/1616865136498mAySg_JPEG/review-attachment-f041fe81-f860-4786-8ff7-5d7f026d8e05.jpeg?type=f300_300,akst****,16.01.25.
17,5,잠자리가 아주편안해졌습니다.감사합니다. ,https://phinf.pstatic.net/checkout.phinf/20210310_96/1615344690636vQycO_JPEG/review-attachment-fcd4b186-1de8-46a0-83ef-00246e0ca661.jpeg?type=f300_300,widm****,16.01.07.
18,3,우선 포장 꼼꼼히 되었고 서비스로 주신 방석도 감사히 잘 받았어요~ 집에 쓰고 있는 라텍스는 좋지만가격이 비싸 여기로 구매했는데 전보다 푹신거리지만 가성비 좋은듯요^^,https://phinf.pstatic.net/checkout.phinf/20210301_209/1614564832564jImAi_JPEG/review-attachment-32ad8e1e-cbee-4fce-8a04-6be1c66acad2.jpeg?type=f300_300,muje****,15.12.04.
19,5,잠이 너무와서 지각할뻔해요,https://phinf.pstatic.net/checkout.phinf/20210227_177/1614404207833MLWES_JPEG/review-attachment-f9b84f2d-5193-47f3-9b21-b51c5b1edf1f.jpeg?type=f300_300,wjdg****,15.12.14.
20,5,벌써 3번째 재구입 입니다. 선물용으로 좋습니다. ,https://phinf.pstatic.net/image.nmv/shopnbuyer_2021_01_13_0/1227392e-55a4-11eb-a12c-a0369ff963bc_03.jpg?type=ffn300_300,75jj****,15.11.29.
21,5,역시 델라텍스 타 브랜드 쓰려고 했다가 다시 재구매하게 만드는 델라텍스!!!! 이제 라텍스는 이거저거 고민하지말고 델라텍스로~^^,https://phinf.pstatic.net/checkout.phinf/20210326_102/1616758882099t5Hei_JPEG/review-attachment-2d960b3a-f409-4420-a294-313347cc17bf.jpeg?type=f300_300,75jj****,15.11.21.
22,5,"선물했는데 좋아하네요 :)
저도 써보고 싶어요ㅎㅎ",https://phinf.pstatic.net/checkout.phinf/20210320_138/16162329796237AoJA_JPEG/review-attachment-f89c70ef-3fc8-460d-8a0d-b9071e7026f1.jpeg?type=f300_300,faxl****,15.11.26.
23,5,완전편해요 좋아요,https://phinf.pstatic.net/checkout.phinf/20210327_149/1616805817864nD86Q_JPEG/review-attachment-c34a256c-2cb5-4630-b804-9c92584721cd.jpeg?type=f300_300,yssk****,15.12.02.
24,5,라텍스 종결자적극 추천 합니다,https://phinf.pstatic.net/checkout.phinf/20210318_234/1616032710714lN6nJ_JPEG/review-attachment-daeadafd-04e6-400d-89c3-72f2b89a9ae9.jpeg?type=f300_300,75jj****,15.11.21.
25,5,생각보다 푹신하고 좋아요,https://phinf.pstatic.net/checkout.phinf/20210218_102/1613654591564qIaOp_JPEG/review-attachment-347078c2-96e5-4cf5-9cb9-55b5a6b6e6f3.jpeg?type=f300_300,gudx****,15.11.21.
26,5,잘받았습니다. 저는 접이식 퀸사이즈로 구입했습니다.냄새도 별로 안나고가격대비 너무 좋았습니다.토요일에도 옥천에 머물러 있길래 못받는구나 생각했었는데일요일에 배송받았네요~,https://phinf.pstatic.net/checkout.phinf/20210323_102/1616473257588le5h3_JPEG/review-attachment-b2473737-5628-41e6-9d5e-6556dd33e3ed.jpeg?type=f300_300,qkrd****,15.10.26.
27,5,허리가 덜 아파요 ㅋㅋ,https://phinf.pstatic.net/checkout.phinf/20210324_207/1616546730062MQmof_JPEG/review-attachment-5f808cd5-7e67-45c2-b4f6-1418686bed77.jpeg?type=f300_300,let_****,15.11.21.
28,5,"생각도 못했는데 사은품도 주시고 감사합니다.
택배를 일요일에 받은건 좀 신기했네요~
",https://phinf.pstatic.net/checkout.phinf/20210306_113/1614988103659xctYM_JPEG/review-attachment-d363b779-7f72-4791-a962-77b8be67f6d2.jpeg?type=f300_300,qkrd****,15.10.26.
29,5,선물했어요,https://phinf.pstatic.net/checkout.phinf/20210308_84/1615173126207gPym3_JPEG/review-attachment-dd18a272-8fb0-416f-b044-35b74dde830c.jpeg?type=f300_300,fres****,15.11.01.
30,5,"잘받았습니다. 멀티필로우1갲신것도 편한데 색상이 회색이안이쁘네요
잘 포장해주셔서 잘받았습니다.",https://phinf.pstatic.net/checkout.phinf/20210215_6/16133550147777T3hl_JPEG/review-attachment-47327de1-38a4-494c-baac-5ac847e1e48d.jpeg?type=f300_300,leeb****,15.10.12.
31,5,여러번 구매해서 사용하는데 정말 좋아요,https://phinf.pstatic.net/checkout.phinf/20210308_139/1615173034699THkps_JPEG/review-attachment-aae5d8cd-3a94-441b-9bbb-e13a32da25ed.jpeg?type=f300_300,heey****,15.10.16.
32,5,아기 침구로 사려고 주문했어요~ 배송 엄청 빠르네요^^,https://phinf.pstatic.net/checkout.phinf/20210225_194/1614257312087P2X8e_JPEG/review-attachment-e018ce9c-18eb-4194-ae69-6cf63dfdd931.jpeg?type=f300_300,love****,15.10.06.
33,5,빠른배송감사합니다,https://phinf.pstatic.net/checkout.phinf/20210227_151/161441372745871Xby_JPEG/review-attachment-7200f33e-601e-4927-9ccf-dbb741192b95.jpeg?type=f300_300,kwon****,15.10.05.
34,5,괜찮네요 굿,https://phinf.pstatic.net/checkout.phinf/20210214_282/1613291515023I51bA_JPEG/review-attachment-40ffa4c3-4541-4e61-a1f2-afec4357cac0.jpeg?type=f300_300,iljf****,15.09.19.
35,5,생각했던거보다 말랑하지만 만족합니다.,https://phinf.pstatic.net/checkout.phinf/20210215_3/16133861016882whsY_JPEG/review-attachment-204c3dd2-2e37-4efc-b22d-cadb472966fc.jpeg?type=f300_300,zero****,15.09.10.
36,5,배송도 빠르고 제품도 좋습니다.,https://phinf.pstatic.net/checkout.phinf/20210328_62/1616865136498mAySg_JPEG/review-attachment-f041fe81-f860-4786-8ff7-5d7f026d8e05.jpeg?type=f300_300,jeon****,15.09.06.
