﻿,star,review,reviewImage,customerId,reviewDate
0,5,"초딩방 옷장으로 넣었어요~ 
수납 꽤 되구요~ 깨끗하니 맘에 들어요^^
냄새는 아직 좀 나네요.",https://phinf.pstatic.net/checkout.phinf/20210309_10/16152439300846KTnU_JPEG/review-attachment-648bac49-8976-40ff-8778-004367ea27a9.jpeg?type=f300_300,heey****,21.03.13.
1,5,"설치기사님도친절하고, 수납공간도 괜찮습니다.",https://phinf.pstatic.net/checkout.phinf/20210323_223/1616458526071AaqWQ_JPEG/review-attachment-b01b5078-701c-445a-995a-a65075ce3b75.jpeg?type=f300_300,osj0****,21.03.01.
2,5,설치기사님 친절하시고 수납공간도마음에 들어요,https://phinf.pstatic.net/checkout.phinf/20210302_101/1614654860303pmVPk_JPEG/review-attachment-e88d5520-b325-4620-b560-31182671b8a5.jpeg?type=f300_300,osj0****,21.03.01.
