﻿,star,review,reviewImage,customerId,reviewDate
0,5,"모양은 좋은데 수납공간이 부족해요. 여름ㅈ이불 하나, 베개 정도 넣을 공간이에요. 실용성이 부족하달까.",https://phinf.pstatic.net/checkout.phinf/20210309_10/16152439300846KTnU_JPEG/review-attachment-648bac49-8976-40ff-8778-004367ea27a9.jpeg?type=f300_300,ymoh****,21.03.06.
1,5,"색상이 화면보다
진해서
놀랐어요!
빈티지 느낌이 없어요.
아쉽습니다",https://phinf.pstatic.net/checkout.phinf/20210323_223/1616458526071AaqWQ_JPEG/review-attachment-b01b5078-701c-445a-995a-a65075ce3b75.jpeg?type=f300_300,oyb0****,20.11.30.
2,4,딱 일인용 입니다 일딴 디자인이 맘에들고요 정말 예뻐요 별  불편한것도 없어요,https://phinf.pstatic.net/checkout.phinf/20210302_101/1614654860303pmVPk_JPEG/review-attachment-e88d5520-b325-4620-b560-31182671b8a5.jpeg?type=f300_300,mell****,20.08.14.
3,3,너무 맘에 들어요 찐예뿜~~♡ 칼라도 너무 좋코 심플한 디자인도 모두 맘에들어요 후기 포토 귀찮아서 안쓰는데 저는 정말 맘에쏙들어서 글 올려요 단점은 잘 모르겠고 1인가구가 사계절 이불한개씩 수납할수있고 서랍엔 침대스커트 베개커버 충분히 들의가요,https://phinf.pstatic.net/checkout.phinf/20210320_238/161625127633752fXi_JPEG/review-attachment-8d547555-b09e-42f7-8133-62b96c0fd4e8.jpeg?type=f300_300,mell****,20.05.25.
4,4,"배송도 생각보다 빨랐구요!
기사님 친절하게 설치 잘 해주셔서 안방 빈공간때문에 고민했는데 한방에 해결 되었고 내가 원하는 입본장이라 더욱 맘에 들어요!",https://phinf.pstatic.net/checkout.phinf/20210317_79/1615991623938LP6Tt_JPEG/review-attachment-4f0fb223-188a-4857-966b-cca642e40fa5.jpeg?type=f300_300,04yn****,20.05.29.
5,4,디잔인 색상 다 맘에드는데 서랍이 깊이가 넘 없어요 속옷이나 넣어야 할듯,https://phinf.pstatic.net/checkout.phinf/20210326_128/1616734837348fnCTR_JPEG/review-attachment-38d39966-f7f3-4a7f-8b9b-c6dd145fbdee.jpeg?type=f300_300,kkbb****,20.06.24.
6,5,디자인도 화면과같은데 서랍을열고 서랍위부분을 만져보니 페인트가루가 손에 묻어나와서 옷을넣고 뺄때옷에 묻을거같아서 좀 찝찝해서 위에 수납공간만 이용하고있어요,https://phinf.pstatic.net/checkout.phinf/20210326_90/1616725765589EluUh_JPEG/review-attachment-3ce5a608-3e5c-41f3-b53e-932b43874a21.jpeg?type=f300_300,been****,20.05.29.
7,5,새로이사간곳이 마루바닥인데 쉽게 흠집이 생김니다. 다리쪽에 기스방지테잎을 붙여주셨으면 더 좋았을듯... 보는 그대로구요 안쪽 천장부분이 미흡하나처리해주신다고약속,https://phinf.pstatic.net/checkout.phinf/20210311_181/16153908219153d6MN_JPEG/review-attachment-2a742365-113f-4473-96e2-33e6626a2576.jpeg?type=f300_300,gagv****,16.04.25.
8,5,가구는 인터넷으로 처음 처음사본가구라 눈으로 직접 가서보지 않고 산가구라 집안가구와 어울리지 않으면 어쩌나 걱정했으나 나름 괜찮아요^^ 친절한 바네스에도 감사드리구요. 배송이 많이 느린것이 단점이네요,https://phinf.pstatic.net/checkout.phinf/20210118_182/1610896999532lT0GN_JPEG/review-attachment-ebb210c9-c2f4-49b0-b059-64204ec41bd2.jpeg?type=f300_300,gagv****,16.04.25.
9,4,배송3주 걸리는듯... 배송확정만 먼저 하고 기다립니당....ㅜㅜ,https://phinf.pstatic.net/image.nmv/shopnbuyer_2021_01_11_0/f1f667ae-53b7-11eb-9ca7-48df379ccacc_03.jpg?type=ffn300_300,ahsm****,16.04.14.
10,3,잘 받았습니다.배송기사님 아침일찍 와주셔서 감사했습니다. 생각보다 많이 빈티지 ㅎㅎㅎ 스러웠지만 맘에듭니다^^,https://phinf.pstatic.net/checkout.phinf/20210303_251/1614745157783pfCAY_JPEG/review-attachment-88681ab3-ca32-4489-ad2d-95dc212587fa.jpeg?type=f300_300,lala****,15.12.15.
11,4,마니파세요,https://phinf.pstatic.net/checkout.phinf/20210311_76/1615390281821YudiK_JPEG/review-attachment-b464f07f-2e49-4620-8ac3-a967ee217cf4.jpeg?type=f300_300,redb****,15.11.10.
12,2,"이뽀용~~
만족입니다.",https://phinf.pstatic.net/image.nmv/shopnbuyer_2021_01_04_0/5e8e494f-4e77-11eb-a803-a0369ff94ec8_03.jpg?type=ffn300_300,hy16****,15.04.11.
