﻿,star,review,reviewImage,customerId,reviewDate
0,5,연휴가 껴서 조금 늦게받은감이있지만 예정 기간안에 잘 와주었고 설치기사님도 전날 연락해쥬시고 시간안에 잘 도착해서 빠르고 깨끗하게 뒷정리까지 해주시고 설치 해주셨어요 규격에 잘 맞게와서 너무 기분좋아요! 혹시 이사가게되면 같은거로 더 사려구요! 잘쓸게요!,https://phinf.pstatic.net/checkout.phinf/20210309_10/16152439300846KTnU_JPEG/review-attachment-648bac49-8976-40ff-8778-004367ea27a9.jpeg?type=f300_300,seul****,21.02.18.
1,5,"금요일에 주문하고 화요일 오후 배송왔네요
기사님도 친절하시고 금방 설치해주셔서 좋았습니다^^",https://phinf.pstatic.net/checkout.phinf/20210323_223/1616458526071AaqWQ_JPEG/review-attachment-b01b5078-701c-445a-995a-a65075ce3b75.jpeg?type=f300_300,jbs_****,21.03.16.
2,5,편하게 사용하고 있어요~수납도 좋고 튼튼하고 너무 잘쓰고 있어요~,https://phinf.pstatic.net/checkout.phinf/20210302_101/1614654860303pmVPk_JPEG/review-attachment-e88d5520-b325-4620-b560-31182671b8a5.jpeg?type=f300_300,dlgu****,21.02.19.
3,5,"저렴한데 품질은 아주 좋아요~
제대로 득템입니다~~^^",https://phinf.pstatic.net/checkout.phinf/20210320_238/161625127633752fXi_JPEG/review-attachment-8d547555-b09e-42f7-8133-62b96c0fd4e8.jpeg?type=f300_300,dbsw****,21.03.15.
4,5,"철제 부분에 찍힌 곳이 있지만 대체로 만족합니다. 방이 깨끗하게 정리 됐어요ㅎㅎ
설치 기사님이 아침 7시 전부터 오셔서 당황했지만 친절하게 설치해 주고 가셨어요. 근데 배송료(31000원)가 좀 비싼거 같아요ㅠ",https://phinf.pstatic.net/checkout.phinf/20210317_79/1615991623938LP6Tt_JPEG/review-attachment-4f0fb223-188a-4857-966b-cca642e40fa5.jpeg?type=f300_300,dlal****,21.02.08.
5,5,"가격대비 정말 좋아요
보기에도 튼튼해 보이고 이뻐요",https://phinf.pstatic.net/checkout.phinf/20210326_128/1616734837348fnCTR_JPEG/review-attachment-38d39966-f7f3-4a7f-8b9b-c6dd145fbdee.jpeg?type=f300_300,dbsw****,21.03.15.
6,5,상세리뷰는 다른곳에 작성했습니다 잘쓰겠습니다 :),https://phinf.pstatic.net/checkout.phinf/20210326_90/1616725765589EluUh_JPEG/review-attachment-3ce5a608-3e5c-41f3-b53e-932b43874a21.jpeg?type=f300_300,seul****,21.02.18.
7,5,상세리뷰는 다른곳에있아요 잘 쓰겠습니다 :),https://phinf.pstatic.net/checkout.phinf/20210311_181/16153908219153d6MN_JPEG/review-attachment-2a742365-113f-4473-96e2-33e6626a2576.jpeg?type=f300_300,seul****,21.02.18.
8,5,좋은듯 친절하게 설치해주시고 가격대비 만족,https://phinf.pstatic.net/checkout.phinf/20210118_182/1610896999532lT0GN_JPEG/review-attachment-ebb210c9-c2f4-49b0-b059-64204ec41bd2.jpeg?type=f300_300,rlad****,21.03.05.
9,5,"아빠가 정말 좋아하셔요 
튼튼하고 디자인도 정말 훌륭합니다",https://phinf.pstatic.net/image.nmv/shopnbuyer_2021_01_11_0/f1f667ae-53b7-11eb-9ca7-48df379ccacc_03.jpg?type=ffn300_300,gjeo****,21.02.05.
10,5,"아빠가 정말 좋아하셔요 
튼튼하고 디자인도 정말 훌륭합니다",https://phinf.pstatic.net/checkout.phinf/20210303_251/1614745157783pfCAY_JPEG/review-attachment-88681ab3-ca32-4489-ad2d-95dc212587fa.jpeg?type=f300_300,gjeo****,21.02.05.
11,5,괜찮은거같아요 오셔서 설치도해주시고,https://phinf.pstatic.net/checkout.phinf/20210311_76/1615390281821YudiK_JPEG/review-attachment-b464f07f-2e49-4620-8ac3-a967ee217cf4.jpeg?type=f300_300,rlad****,21.03.05.
12,5,너무너무 잘쓰고 있어요~~,https://phinf.pstatic.net/image.nmv/shopnbuyer_2021_01_04_0/5e8e494f-4e77-11eb-a803-a0369ff94ec8_03.jpg?type=ffn300_300,dlgu****,21.02.19.
13,5,잘쓰고 있어요~~~~,https://phinf.pstatic.net/checkout.phinf/20210206_297/1612617030683Q87H5_JPEG/review-attachment-19ca8ceb-bf30-4587-917c-206c591be48a.jpeg?type=f300_300,dlgu****,21.03.08.
14,5,배송도 빠르고 배송및설치 기사님 친절하게 잘설치 해주셨구요..튼튼하고 좋아요 수납도 넉넉하고 서랍도 깊지는않지만 여러가지 넣을만큼은 되구요 가격대비 강추합니다,https://phinf.pstatic.net/checkout.phinf/20210109_70/16101906551308Ew4b_JPEG/review-attachment-ae096340-30e9-476c-9c65-a06dae905b7b.jpeg?type=f300_300,dlgu****,20.12.31.
15,5,배송및 설치기사님 너무 친절하게 설치해 주셨구요..튼튼하고 좋아요..깔끔하게 옷정리끝~~여러상품 고르고고르다 여기가 가격대비 최고인듯~강추합니다 굿!,https://phinf.pstatic.net/checkout.phinf/20210217_152/1613548771381kgxE0_JPEG/review-attachment-ec0bf13f-127c-4807-b7ff-215e61e38608.jpeg?type=f300_300,dlgu****,20.12.31.
16,5,배송도 빠르고 배송및설치도 매우 친절하시고 너무 잘해주셔서 감사~수납공간 딱이구요 튼튼하고 좋아요 강추합니다 단..전 그레이 했는데..그레이색상보단 오크추천요,https://phinf.pstatic.net/checkout.phinf/20210201_256/1612158639663gWLlS_JPEG/review-attachment-6c3ab54c-ce94-48de-bc96-ddea7c5677c9.jpeg?type=f300_300,dlgu****,20.12.31.
17,5,원래 봉으로 높낮이 조절 가능한 행거를 쓰고 있었는데요. 옷이 많다보니 자꾸 쓰러지더라고요. 그래서 잉글랜더의 시스템 행거를 구입했습니다. 튼튼하고 수납공간도 많아 옷 정리 하기 훨씬 수월해졌어요. 또 가구라서 늦게 배송 올 줄 알았는데 주문한지 3일만에 왔습니다! 설치 기사님도 친절하셨구요~👍,https://phinf.pstatic.net/checkout.phinf/20210309_10/16152439300846KTnU_JPEG/review-attachment-648bac49-8976-40ff-8778-004367ea27a9.jpeg?type=f300_300,houn****,20.12.04.
18,5,거울슬라이드라고 되있지만.. 고정이나마찬가지.. 부드럽게 슬라이딩을원했는데.. 아님.. 그것빼고는 아주만족.,https://phinf.pstatic.net/checkout.phinf/20210323_223/1616458526071AaqWQ_JPEG/review-attachment-b01b5078-701c-445a-995a-a65075ce3b75.jpeg?type=f300_300,ente****,21.01.27.
19,5,"기사님들은 낮에만 오시고.. ㅋㅋ
전 출근해야하고.. 그래서
그냥 제가 조립했습니다. 
배송비가 .. 조금 아까워지는 순간이었지만 보통 큰 물건들 배송비 만오천원씩하는거 생각하면 
물건이 좋으니 괜찮아요. 
튼튼하네요 까만 프레임에 조금 흠집이 있는데 신경쓰일정도는 아니고 좋네요 롱코트도 안끌리더 딱 들어가요 좋아요",https://phinf.pstatic.net/checkout.phinf/20210302_101/1614654860303pmVPk_JPEG/review-attachment-e88d5520-b325-4620-b560-31182671b8a5.jpeg?type=f300_300,kbn0****,20.12.31.
20,5,연휴가 껴서 조금 늦게받은감이있지만 예정 기간안에 잘 와주었고 설치기사님도 전날 연락해쥬시고 시간안에 잘 도착해서 빠르고 깨끗하게 뒷정리까지 해주시고 설치 해주셨어요 규격에 잘 맞게와서 너무 기분좋아요! 혹시 이사가게되면 같은거로 더 사려구요! 잘쓸게요!,https://phinf.pstatic.net/checkout.phinf/20210309_10/16152439300846KTnU_JPEG/review-attachment-648bac49-8976-40ff-8778-004367ea27a9.jpeg?type=f300_300,seul****,21.02.18.
21,5,"금요일에 주문하고 화요일 오후 배송왔네요
기사님도 친절하시고 금방 설치해주셔서 좋았습니다^^",https://phinf.pstatic.net/checkout.phinf/20210323_223/1616458526071AaqWQ_JPEG/review-attachment-b01b5078-701c-445a-995a-a65075ce3b75.jpeg?type=f300_300,jbs_****,21.03.16.
22,5,편하게 사용하고 있어요~수납도 좋고 튼튼하고 너무 잘쓰고 있어요~,https://phinf.pstatic.net/checkout.phinf/20210302_101/1614654860303pmVPk_JPEG/review-attachment-e88d5520-b325-4620-b560-31182671b8a5.jpeg?type=f300_300,dlgu****,21.02.19.
23,5,"저렴한데 품질은 아주 좋아요~
제대로 득템입니다~~^^",https://phinf.pstatic.net/checkout.phinf/20210320_238/161625127633752fXi_JPEG/review-attachment-8d547555-b09e-42f7-8133-62b96c0fd4e8.jpeg?type=f300_300,dbsw****,21.03.15.
24,5,"철제 부분에 찍힌 곳이 있지만 대체로 만족합니다. 방이 깨끗하게 정리 됐어요ㅎㅎ
설치 기사님이 아침 7시 전부터 오셔서 당황했지만 친절하게 설치해 주고 가셨어요. 근데 배송료(31000원)가 좀 비싼거 같아요ㅠ",https://phinf.pstatic.net/checkout.phinf/20210317_79/1615991623938LP6Tt_JPEG/review-attachment-4f0fb223-188a-4857-966b-cca642e40fa5.jpeg?type=f300_300,dlal****,21.02.08.
25,5,"가격대비 정말 좋아요
보기에도 튼튼해 보이고 이뻐요",https://phinf.pstatic.net/checkout.phinf/20210326_128/1616734837348fnCTR_JPEG/review-attachment-38d39966-f7f3-4a7f-8b9b-c6dd145fbdee.jpeg?type=f300_300,dbsw****,21.03.15.
26,5,상세리뷰는 다른곳에 작성했습니다 잘쓰겠습니다 :),https://phinf.pstatic.net/checkout.phinf/20210326_90/1616725765589EluUh_JPEG/review-attachment-3ce5a608-3e5c-41f3-b53e-932b43874a21.jpeg?type=f300_300,seul****,21.02.18.
27,5,상세리뷰는 다른곳에있아요 잘 쓰겠습니다 :),https://phinf.pstatic.net/checkout.phinf/20210311_181/16153908219153d6MN_JPEG/review-attachment-2a742365-113f-4473-96e2-33e6626a2576.jpeg?type=f300_300,seul****,21.02.18.
28,5,좋은듯 친절하게 설치해주시고 가격대비 만족,https://phinf.pstatic.net/checkout.phinf/20210118_182/1610896999532lT0GN_JPEG/review-attachment-ebb210c9-c2f4-49b0-b059-64204ec41bd2.jpeg?type=f300_300,rlad****,21.03.05.
29,5,"아빠가 정말 좋아하셔요 
튼튼하고 디자인도 정말 훌륭합니다",https://phinf.pstatic.net/image.nmv/shopnbuyer_2021_01_11_0/f1f667ae-53b7-11eb-9ca7-48df379ccacc_03.jpg?type=ffn300_300,gjeo****,21.02.05.
30,5,"아빠가 정말 좋아하셔요 
튼튼하고 디자인도 정말 훌륭합니다",https://phinf.pstatic.net/checkout.phinf/20210303_251/1614745157783pfCAY_JPEG/review-attachment-88681ab3-ca32-4489-ad2d-95dc212587fa.jpeg?type=f300_300,gjeo****,21.02.05.
31,5,괜찮은거같아요 오셔서 설치도해주시고,https://phinf.pstatic.net/checkout.phinf/20210311_76/1615390281821YudiK_JPEG/review-attachment-b464f07f-2e49-4620-8ac3-a967ee217cf4.jpeg?type=f300_300,rlad****,21.03.05.
32,5,너무너무 잘쓰고 있어요~~,https://phinf.pstatic.net/image.nmv/shopnbuyer_2021_01_04_0/5e8e494f-4e77-11eb-a803-a0369ff94ec8_03.jpg?type=ffn300_300,dlgu****,21.02.19.
33,5,잘쓰고 있어요~~~~,https://phinf.pstatic.net/checkout.phinf/20210206_297/1612617030683Q87H5_JPEG/review-attachment-19ca8ceb-bf30-4587-917c-206c591be48a.jpeg?type=f300_300,dlgu****,21.03.08.
34,5,배송도 빠르고 배송및설치 기사님 친절하게 잘설치 해주셨구요..튼튼하고 좋아요 수납도 넉넉하고 서랍도 깊지는않지만 여러가지 넣을만큼은 되구요 가격대비 강추합니다,https://phinf.pstatic.net/checkout.phinf/20210109_70/16101906551308Ew4b_JPEG/review-attachment-ae096340-30e9-476c-9c65-a06dae905b7b.jpeg?type=f300_300,dlgu****,20.12.31.
35,5,배송및 설치기사님 너무 친절하게 설치해 주셨구요..튼튼하고 좋아요..깔끔하게 옷정리끝~~여러상품 고르고고르다 여기가 가격대비 최고인듯~강추합니다 굿!,https://phinf.pstatic.net/checkout.phinf/20210217_152/1613548771381kgxE0_JPEG/review-attachment-ec0bf13f-127c-4807-b7ff-215e61e38608.jpeg?type=f300_300,dlgu****,20.12.31.
36,5,배송도 빠르고 배송및설치도 매우 친절하시고 너무 잘해주셔서 감사~수납공간 딱이구요 튼튼하고 좋아요 강추합니다 단..전 그레이 했는데..그레이색상보단 오크추천요,https://phinf.pstatic.net/checkout.phinf/20210201_256/1612158639663gWLlS_JPEG/review-attachment-6c3ab54c-ce94-48de-bc96-ddea7c5677c9.jpeg?type=f300_300,dlgu****,20.12.31.
37,5,원래 봉으로 높낮이 조절 가능한 행거를 쓰고 있었는데요. 옷이 많다보니 자꾸 쓰러지더라고요. 그래서 잉글랜더의 시스템 행거를 구입했습니다. 튼튼하고 수납공간도 많아 옷 정리 하기 훨씬 수월해졌어요. 또 가구라서 늦게 배송 올 줄 알았는데 주문한지 3일만에 왔습니다! 설치 기사님도 친절하셨구요~👍,https://phinf.pstatic.net/checkout.phinf/20210309_10/16152439300846KTnU_JPEG/review-attachment-648bac49-8976-40ff-8778-004367ea27a9.jpeg?type=f300_300,houn****,20.12.04.
38,5,거울슬라이드라고 되있지만.. 고정이나마찬가지.. 부드럽게 슬라이딩을원했는데.. 아님.. 그것빼고는 아주만족.,https://phinf.pstatic.net/checkout.phinf/20210323_223/1616458526071AaqWQ_JPEG/review-attachment-b01b5078-701c-445a-995a-a65075ce3b75.jpeg?type=f300_300,ente****,21.01.27.
39,5,"기사님들은 낮에만 오시고.. ㅋㅋ
전 출근해야하고.. 그래서
그냥 제가 조립했습니다. 
배송비가 .. 조금 아까워지는 순간이었지만 보통 큰 물건들 배송비 만오천원씩하는거 생각하면 
물건이 좋으니 괜찮아요. 
튼튼하네요 까만 프레임에 조금 흠집이 있는데 신경쓰일정도는 아니고 좋네요 롱코트도 안끌리더 딱 들어가요 좋아요",https://phinf.pstatic.net/checkout.phinf/20210302_101/1614654860303pmVPk_JPEG/review-attachment-e88d5520-b325-4620-b560-31182671b8a5.jpeg?type=f300_300,kbn0****,20.12.31.
40,5,저렴하고 예뻐요 설치는 약간 불친절..,https://phinf.pstatic.net/checkout.phinf/20210309_10/16152439300846KTnU_JPEG/review-attachment-648bac49-8976-40ff-8778-004367ea27a9.jpeg?type=f300_300,s294****,21.01.24.
41,5,배송기사님께서 설치해 주시고 친절하셨습니다. 생각보다 앵글이 튼튼해서 좋았습니다. 사진하고 똑같아요~,https://phinf.pstatic.net/checkout.phinf/20210323_223/1616458526071AaqWQ_JPEG/review-attachment-b01b5078-701c-445a-995a-a65075ce3b75.jpeg?type=f300_300,cath****,21.01.11.
42,5,배송비는 비싸나.. 상품도비싸죠..어떻게보면.. 하지만.. 상품맘에듭니다 ㅎㅎ  설치배송이지만... 좀더저렴하게 직접설치하면 더 좋겠네요.. 솔직히 ㅎㅎ,https://phinf.pstatic.net/checkout.phinf/20210302_101/1614654860303pmVPk_JPEG/review-attachment-e88d5520-b325-4620-b560-31182671b8a5.jpeg?type=f300_300,ente****,21.01.04.
43,5,"헹거가 조금 작아요.  색깔도 좀 벗겨진것 같고, 서랍장이 작아서  양말이나 반바지만 넣어도 꽉창됴. 이쁘긴해요",https://phinf.pstatic.net/checkout.phinf/20210320_238/161625127633752fXi_JPEG/review-attachment-8d547555-b09e-42f7-8133-62b96c0fd4e8.jpeg?type=f300_300,sina****,20.11.28.
44,5,색상도 구성도 제품의 질도 모두 만족 하였습니다,https://phinf.pstatic.net/checkout.phinf/20210317_79/1615991623938LP6Tt_JPEG/review-attachment-4f0fb223-188a-4857-966b-cca642e40fa5.jpeg?type=f300_300,gjeo****,20.11.29.
45,5,색상도 구성도 제품의 질도 모두 만족 하였습니다,https://phinf.pstatic.net/checkout.phinf/20210326_128/1616734837348fnCTR_JPEG/review-attachment-38d39966-f7f3-4a7f-8b9b-c6dd145fbdee.jpeg?type=f300_300,gjeo****,20.11.29.
46,5,나름 만족하며 살고잇어요.  서랍이 좀더 넓ㅂ엇으면 좋겟다는 .,https://phinf.pstatic.net/checkout.phinf/20210326_90/1616725765589EluUh_JPEG/review-attachment-3ce5a608-3e5c-41f3-b53e-932b43874a21.jpeg?type=f300_300,sina****,20.11.28.
47,4,주문전부터 너무 맘에들어서 여러개 사고싶었는데 이사랑맞물려 애매해서 1개만 먼저 시켰네요! 다행이도 이사전에 받았고 이사하고 나서까지잘쓰고 있습니다! 3개정도 더 시킬생각입니다. 가격너무 좋아요 많이파세요^^,https://phinf.pstatic.net/checkout.phinf/20210311_181/16153908219153d6MN_JPEG/review-attachment-2a742365-113f-4473-96e2-33e6626a2576.jpeg?type=f300_300,kcr6****,20.10.28.
48,4,"추가로구매했어요
기사님도친절하시고
타ㆍ곳비교했을때
조금저렴해서좋아요",https://phinf.pstatic.net/checkout.phinf/20210118_182/1610896999532lT0GN_JPEG/review-attachment-ebb210c9-c2f4-49b0-b059-64204ec41bd2.jpeg?type=f300_300,dial****,20.11.27.
49,2,튼튼하고 잘 쓰고 있어요,https://phinf.pstatic.net/image.nmv/shopnbuyer_2021_01_11_0/f1f667ae-53b7-11eb-9ca7-48df379ccacc_03.jpg?type=ffn300_300,taeh****,20.12.07.
50,5,튼튼하고 잘 쓰고 있어요,https://phinf.pstatic.net/checkout.phinf/20210303_251/1614745157783pfCAY_JPEG/review-attachment-88681ab3-ca32-4489-ad2d-95dc212587fa.jpeg?type=f300_300,taeh****,20.12.07.
51,5,나름 만족하며 살고잇어요.  서랍이 좀더 넓ㅂ엇으면 좋겟다는 .,https://phinf.pstatic.net/checkout.phinf/20210311_76/1615390281821YudiK_JPEG/review-attachment-b464f07f-2e49-4620-8ac3-a967ee217cf4.jpeg?type=f300_300,sina****,20.11.28.
52,3,"빠른배송에 설치도 잘 해주시고
이쁘고 만족합니다",https://phinf.pstatic.net/image.nmv/shopnbuyer_2021_01_04_0/5e8e494f-4e77-11eb-a803-a0369ff94ec8_03.jpg?type=ffn300_300,taeh****,20.11.05.
53,5,"마음에 들어요
사진과 같아요",https://phinf.pstatic.net/checkout.phinf/20210206_297/1612617030683Q87H5_JPEG/review-attachment-19ca8ceb-bf30-4587-917c-206c591be48a.jpeg?type=f300_300,taeh****,20.11.05.
54,5,굳 조아요 근데 그레이 칼리기  좀  벗겨진 느낌   ㅠ,https://phinf.pstatic.net/checkout.phinf/20210109_70/16101906551308Ew4b_JPEG/review-attachment-ae096340-30e9-476c-9c65-a06dae905b7b.jpeg?type=f300_300,sina****,20.10.24.
55,5,굳 조아요 근데 그레이 칼리기  좀  벗겨진 느,https://phinf.pstatic.net/checkout.phinf/20210217_152/1613548771381kgxE0_JPEG/review-attachment-ec0bf13f-127c-4807-b7ff-215e61e38608.jpeg?type=f300_300,sina****,20.10.24.
56,5,배송시간이 맞지않았는데 새벽 6시에  오셔서 설치 해주셨어요  감사합니다^^,https://phinf.pstatic.net/checkout.phinf/20210201_256/1612158639663gWLlS_JPEG/review-attachment-6c3ab54c-ce94-48de-bc96-ddea7c5677c9.jpeg?type=f300_300,2004****,20.11.14.
57,3,이른시간인데도 배송감사해요,https://phinf.pstatic.net/checkout.phinf/20210309_10/16152439300846KTnU_JPEG/review-attachment-648bac49-8976-40ff-8778-004367ea27a9.jpeg?type=f300_300,2004****,20.11.14.
58,5,그레이기  좀  쓴 느낌 ㆍ 벗겨진느낑 ㅠ,https://phinf.pstatic.net/checkout.phinf/20210323_223/1616458526071AaqWQ_JPEG/review-attachment-b01b5078-701c-445a-995a-a65075ce3b75.jpeg?type=f300_300,sina****,20.10.24.
59,5,나름 괜찮은거 같아요,https://phinf.pstatic.net/checkout.phinf/20210302_101/1614654860303pmVPk_JPEG/review-attachment-e88d5520-b325-4620-b560-31182671b8a5.jpeg?type=f300_300,zesd****,20.11.10.
60,5,나름 괜찮은거 같아요,https://phinf.pstatic.net/checkout.phinf/20210309_10/16152439300846KTnU_JPEG/review-attachment-648bac49-8976-40ff-8778-004367ea27a9.jpeg?type=f300_300,zesd****,20.11.10.
61,5,색상 및 디자인은 좋아요. 서랍장 레일이 싼거네요.,https://phinf.pstatic.net/checkout.phinf/20210323_223/1616458526071AaqWQ_JPEG/review-attachment-b01b5078-701c-445a-995a-a65075ce3b75.jpeg?type=f300_300,dusd****,20.10.14.
62,5,"가성비는 괜찮아요,
걸이부분 도색이 벗겨지는지는 사용해봐야 알 것같아요",https://phinf.pstatic.net/checkout.phinf/20210302_101/1614654860303pmVPk_JPEG/review-attachment-e88d5520-b325-4620-b560-31182671b8a5.jpeg?type=f300_300,dusd****,20.10.14.
63,5,"가성비는 괜찮아요,
걸이부분 도색이 벗겨지는지는 사용해봐야 알 것같아요",https://phinf.pstatic.net/checkout.phinf/20210320_238/161625127633752fXi_JPEG/review-attachment-8d547555-b09e-42f7-8133-62b96c0fd4e8.jpeg?type=f300_300,dusd****,20.10.14.
64,5,가격대비 훌륭해요 비싸지 않게 사서 좋았어용 ㅎㅎ,https://phinf.pstatic.net/checkout.phinf/20210317_79/1615991623938LP6Tt_JPEG/review-attachment-4f0fb223-188a-4857-966b-cca642e40fa5.jpeg?type=f300_300,love****,20.09.26.
65,5,사진보다 실제보니 더 만족도 높은 디자인 싼가격. 조립도 해주시고 전 불만족한 부분 없네요 걸이부분이 벗겨진다라고 되어있던데 개소리구요 그런거 없어요 금속이 남겨져보이는거지 벗겨진게 아니라 그냥 슥슥 하면 바로 흔적 없어집니다,https://phinf.pstatic.net/checkout.phinf/20210326_128/1616734837348fnCTR_JPEG/review-attachment-38d39966-f7f3-4a7f-8b9b-c6dd145fbdee.jpeg?type=f300_300,jjy9****,20.09.22.
66,5,가격대비 훌륭합니다,https://phinf.pstatic.net/checkout.phinf/20210326_90/1616725765589EluUh_JPEG/review-attachment-3ce5a608-3e5c-41f3-b53e-932b43874a21.jpeg?type=f300_300,love****,20.09.26.
67,4,"기사님이 너무친절하게
응대도 잘해주시고 꼼꼼하게설치해주셨어요잘쓰겠습니다",https://phinf.pstatic.net/checkout.phinf/20210311_181/16153908219153d6MN_JPEG/review-attachment-2a742365-113f-4473-96e2-33e6626a2576.jpeg?type=f300_300,dial****,20.09.11.
68,4,"저렴하게 잘 샀어요.
딸이 좋아하네요.",https://phinf.pstatic.net/checkout.phinf/20210118_182/1610896999532lT0GN_JPEG/review-attachment-ebb210c9-c2f4-49b0-b059-64204ec41bd2.jpeg?type=f300_300,sun5****,20.09.25.
69,4,"튼튼하게 많은 옷들이 정리할수 있어 좋아요.
추후에 이사가면 한세트 더 구입하려고 합니다.튼튼하고 깔끔한 행거 필요하신분들에게 강력추천합니다 
.배송만 빨리 해주면 더 좋겠습니다",https://phinf.pstatic.net/image.nmv/shopnbuyer_2021_01_11_0/f1f667ae-53b7-11eb-9ca7-48df379ccacc_03.jpg?type=ffn300_300,pooh****,20.08.10.
70,5,이하동문 번창하세요,https://phinf.pstatic.net/checkout.phinf/20210303_251/1614745157783pfCAY_JPEG/review-attachment-88681ab3-ca32-4489-ad2d-95dc212587fa.jpeg?type=f300_300,jjy9****,20.09.22.
71,5,이하동문 번창하세요,https://phinf.pstatic.net/checkout.phinf/20210311_76/1615390281821YudiK_JPEG/review-attachment-b464f07f-2e49-4620-8ac3-a967ee217cf4.jpeg?type=f300_300,jjy9****,20.09.22.
72,5,이하동문 좋습니다요,https://phinf.pstatic.net/image.nmv/shopnbuyer_2021_01_04_0/5e8e494f-4e77-11eb-a803-a0369ff94ec8_03.jpg?type=ffn300_300,jjy9****,20.09.22.
73,5,물건 자체는 맘에 듭니다. 배송이 조금 오래걸리는거랑 문의에 대해 답변이나 대응이 없어서 좀 답답했던것때문에 별4개 드립니다.,https://phinf.pstatic.net/checkout.phinf/20210206_297/1612617030683Q87H5_JPEG/review-attachment-19ca8ceb-bf30-4587-917c-206c591be48a.jpeg?type=f300_300,lhsu****,20.08.26.
74,5,색상도 이쁘고 아주 맘에드네요,https://phinf.pstatic.net/checkout.phinf/20210109_70/16101906551308Ew4b_JPEG/review-attachment-ae096340-30e9-476c-9c65-a06dae905b7b.jpeg?type=f300_300,dbwl****,20.08.10.
75,5,색상도 맘에 들고 아주좋아요,https://phinf.pstatic.net/checkout.phinf/20210217_152/1613548771381kgxE0_JPEG/review-attachment-ec0bf13f-127c-4807-b7ff-215e61e38608.jpeg?type=f300_300,dbwl****,20.08.10.
76,5,"20일만에 드디어 받았습니다~ㅜㅜ
기사님께서 설치까지 해주셨어 넘~좋더라구요~.^^
튼튼해서 좋습니다.",https://phinf.pstatic.net/checkout.phinf/20210201_256/1612158639663gWLlS_JPEG/review-attachment-6c3ab54c-ce94-48de-bc96-ddea7c5677c9.jpeg?type=f300_300,pooh****,20.07.05.
77,5,두개 붙혀서 잘 이용하고 있어요,https://phinf.pstatic.net/checkout.phinf/20210309_10/16152439300846KTnU_JPEG/review-attachment-648bac49-8976-40ff-8778-004367ea27a9.jpeg?type=f300_300,hoon****,20.06.12.
78,5,"생각보다 폭은 넉넉한데
2단은 높이가 부족하여 아래에 접힙니다.
옷걸이는 플라스틱으로 바꿔서 사용하세요
쇠로 된 옷걸이로 사용하니 옷거는 봉에
도장이 벗져서 떨어지네요

서럽은 깊이가 낮아서 속옷이나 양말 넣는용도로 사용하시면 될듯합니다",https://phinf.pstatic.net/checkout.phinf/20210323_223/1616458526071AaqWQ_JPEG/review-attachment-b01b5078-701c-445a-995a-a65075ce3b75.jpeg?type=f300_300,seok****,20.05.16.
79,4,"배송이 한달 가까이 걸리고 중간에 연락이 전혀 없었네요.
상담 해 주시는 분도 남의 일처럼 떠넘기며 성의없는 모습에 실망했습니다.
거울에 기포가 하나 있는데 교환하면 또 한달 걸릴 듯하여 그냥 씁니다.",https://phinf.pstatic.net/checkout.phinf/20210302_101/1614654860303pmVPk_JPEG/review-attachment-e88d5520-b325-4620-b560-31182671b8a5.jpeg?type=f300_300,onep****,20.06.03.
