﻿,star,review,reviewImage,customerId,reviewDate
0,5,"가구  너무 이쁘고 세련된 느낌~^^
화이트 핑크 모두 예뻤지만 전 그린계통을 워낙좋아해서 부모님께도 제 스퇄대로 주문해주었어요. 부모님도 대 만족하심 ㅎㅎ
옷은 이유가 있어 저러케 매달아놓으셨네요ㅎ
이쁩니다.. 사장님의 꼼꼼함에 ㅋ 맘쓰게해서 죄송 할뿐이네용 ㅠ 가구 정말 이뻐요~ 
많이 파세요 화이팅 입니다",https://phinf.pstatic.net/checkout.phinf/20210309_10/16152439300846KTnU_JPEG/review-attachment-648bac49-8976-40ff-8778-004367ea27a9.jpeg?type=f300_300,zxas****,21.03.25.
1,5,빨리 받고 싶은마음이 커서 기다린 시간도 길게 느껴지는 가운데 드디어 도착!!! 고급지고 색상도 너무너무 이쁘네요 아이옷장으로 쓰려고 산건데 제방으로 옮기고 싶네요^^,https://phinf.pstatic.net/checkout.phinf/20210323_223/1616458526071AaqWQ_JPEG/review-attachment-b01b5078-701c-445a-995a-a65075ce3b75.jpeg?type=f300_300,unde****,21.01.14.
2,5,아주싸게샀어요 아주싸게샀어요,https://phinf.pstatic.net/checkout.phinf/20210302_101/1614654860303pmVPk_JPEG/review-attachment-e88d5520-b325-4620-b560-31182671b8a5.jpeg?type=f300_300,jsko****,20.12.08.
3,2,"수납이 생각보다 많이할수 없네요

싱글장으로 사용하기 좋겠네요
테두리가 있어서 틈이생기네요",https://phinf.pstatic.net/checkout.phinf/20210320_238/161625127633752fXi_JPEG/review-attachment-8d547555-b09e-42f7-8133-62b96c0fd4e8.jpeg?type=f300_300,cara****,20.09.21.
