﻿,star,review,reviewImage,customerId,reviewDate
0,1,"퇴근하고 집에 와보니 단차도 하나도 안잡아 놓고 설치를 아주 개판으로 하고 갔네요. 
옷장에 자석 장석도 없고 삼익가구가 맞나 싶네요",https://phinf.pstatic.net/checkout.phinf/20210309_10/16152439300846KTnU_JPEG/review-attachment-648bac49-8976-40ff-8778-004367ea27a9.jpeg?type=f300_300,dmss****,21.01.12.
1,5,가성비 좋고 키큰장이라 수납력 굳,https://phinf.pstatic.net/checkout.phinf/20210323_223/1616458526071AaqWQ_JPEG/review-attachment-b01b5078-701c-445a-995a-a65075ce3b75.jpeg?type=f300_300,leet****,20.12.28.
2,1,키높이라 옷 밑단이 구겨지지않아 좋아요,https://phinf.pstatic.net/checkout.phinf/20210302_101/1614654860303pmVPk_JPEG/review-attachment-e88d5520-b325-4620-b560-31182671b8a5.jpeg?type=f300_300,hyun****,20.11.04.
3,4,첨에 아무것도 안들어있을때 흔들리는 느낌이 있었는데 수평 잘맞추고 안에 옷 넣으니 안정감있네요ㅎㅎ,https://phinf.pstatic.net/checkout.phinf/20210320_238/161625127633752fXi_JPEG/review-attachment-8d547555-b09e-42f7-8133-62b96c0fd4e8.jpeg?type=f300_300,pzit****,20.07.22.
