﻿,star,review,reviewImage,customerId,reviewDate
0,4,"제품은 정말 정말 만족스러워요!! 배송도 예상보다 빨리 왔고 하자 없이 도착했네요:) 디자인이랑 크기가 아주 만족스러워요💕💕 가장 우선적으로 공간 활용도를 높이려고 슬라이딩 도어 옷장으로 여러 브랜드 알아봤는데 마켓비 벨로인 제품이 가장 예쁘고 적당한 크기였어요!✨✨ 그리고 저희집은 서랍장이 따로 있어서 헹거만 있는 옷장이 필요했어서 그 부분도 만족스러웠구요ㅎㅎ 조~금 아쉬운 부분은 저희 지역은 조립신청이 불가능해서 셀프 조립했는데 무거워서 좀 힘들었어요! 과정은 어렵진 않았지만 옷장이라 크기가 크다보니 무게가 있네요ㅎㅎ 남자,여자 둘이서 넓은 옷장 2개 조립하는데에 4시간 반 정도 걸렸어요ㅋㅋㅋ 그래도 완성하니까 너무 만족스럽고 예쁘네요ㅠㅠㅠ 공간도 아주 아주 넉넉하고 옷이랑 이불 엄청 많이 들어가요ㅎㅎ 가구 조립의 끝판왕(?) 옷장도 마스터 했으니 다음은 좀 쉬울것같아 마켓비의 다른 가구 재구매 의향도 완전 있습니다^_^",https://phinf.pstatic.net/checkout.phinf/20210309_10/16152439300846KTnU_JPEG/review-attachment-648bac49-8976-40ff-8778-004367ea27a9.jpeg?type=f300_300,yeon****,21.03.17.
1,1,"디자인은 참 예쁜데, 부품들이 몇개가 빠져서 왔더라구요..판도 깨져있고, 설명서상 같은 나사를 써야 하는 구멍들이 각각 크기가 다르고, 이걸 전화로 설명해야하는데 전화도 안 받으시고..솔직히 1점도 아깝습니디.",https://phinf.pstatic.net/checkout.phinf/20210323_223/1616458526071AaqWQ_JPEG/review-attachment-b01b5078-701c-445a-995a-a65075ce3b75.jpeg?type=f300_300,ehdu****,21.02.19.
2,4,"확실히 튼튼하지 않고 약하긴 한데, 그만큼 가벼워서 오히려 옮기기에는 또 편해서 좋네요.",https://phinf.pstatic.net/checkout.phinf/20210302_101/1614654860303pmVPk_JPEG/review-attachment-e88d5520-b325-4620-b560-31182671b8a5.jpeg?type=f300_300,jtwo****,21.02.23.
3,5,조립 전입니다만 마음이 이미 만족했습니다 왜일까요 ㅎ,https://phinf.pstatic.net/checkout.phinf/20210320_238/161625127633752fXi_JPEG/review-attachment-8d547555-b09e-42f7-8133-62b96c0fd4e8.jpeg?type=f300_300,dnwk****,21.03.02.
4,4,디자인이랑 다 예쁜데 몇개의 부분이 깨져 있더라구요 이건 그래도 괜찮았어요,https://phinf.pstatic.net/checkout.phinf/20210317_79/1615991623938LP6Tt_JPEG/review-attachment-4f0fb223-188a-4857-966b-cca642e40fa5.jpeg?type=f300_300,ehdu****,21.02.19.
5,1,"아직 조립은 다 안했는데, 상품은 좋네요!!!",https://phinf.pstatic.net/checkout.phinf/20210326_128/1616734837348fnCTR_JPEG/review-attachment-38d39966-f7f3-4a7f-8b9b-c6dd145fbdee.jpeg?type=f300_300,ksr8****,21.02.28.
6,4,예뻐요 내부에 거울 못붙히니 아쉽네요,https://phinf.pstatic.net/checkout.phinf/20210326_90/1616725765589EluUh_JPEG/review-attachment-3ce5a608-3e5c-41f3-b53e-932b43874a21.jpeg?type=f300_300,sogn****,21.01.09.
7,4,원했던 어두운 색상이라 가구 배치에 좋았고 디자인은 상세 이미지랑 같았어요! 설치 기사분들이 빠르고 친절하게 조립해주셨어요ㅎㅎ(꼭 조립 신청하세요) 생각보다 깊이 등에 비해 수납이 잘 안 되는 것 같아요,https://phinf.pstatic.net/checkout.phinf/20210311_181/16153908219153d6MN_JPEG/review-attachment-2a742365-113f-4473-96e2-33e6626a2576.jpeg?type=f300_300,kime****,20.12.01.
8,3,이사갈때가 걱정되지만 잘 쓰고있어요,https://phinf.pstatic.net/checkout.phinf/20210118_182/1610896999532lT0GN_JPEG/review-attachment-ebb210c9-c2f4-49b0-b059-64204ec41bd2.jpeg?type=f300_300,min0****,20.12.24.
9,5,화면과 똑같이 예뻐요. 조립하는 데에는 두 명이 필요해요! 혼자서 하기에는 조금 어려운 부분이 있어요. 무게도 좀 나가고. 설명서는 잘 되어 있습니다. 끝내고 나니 엄청 뿌듯해요.,https://phinf.pstatic.net/image.nmv/shopnbuyer_2021_01_11_0/f1f667ae-53b7-11eb-9ca7-48df379ccacc_03.jpg?type=ffn300_300,must****,20.11.29.
10,5,"이건 인간도 보통의 인간이 조립하기 힘듭니다
저는 2시간 조립하다 포기하고 베란다에 내놨습니다 지방이라 조립 신청도 안되고 슬픕니다",https://phinf.pstatic.net/checkout.phinf/20210303_251/1614745157783pfCAY_JPEG/review-attachment-88681ab3-ca32-4489-ad2d-95dc212587fa.jpeg?type=f300_300,son8****,20.12.23.
11,4,"조립이 워낙 고되다고 하여 신청해서 했어요
기사님이 금방해주셨어요
잘 쓰겠습니다~!",https://phinf.pstatic.net/checkout.phinf/20210311_76/1615390281821YudiK_JPEG/review-attachment-b464f07f-2e49-4620-8ac3-a967ee217cf4.jpeg?type=f300_300,texa****,20.12.01.
12,4,좋아요. 조립도 할만합니다,https://phinf.pstatic.net/image.nmv/shopnbuyer_2021_01_04_0/5e8e494f-4e77-11eb-a803-a0369ff94ec8_03.jpg?type=ffn300_300,xucc****,20.12.25.
13,5,"금요일 주문해서 화요일에 배송 됐어요 
조립 한시간정도 걸려서 해주셨어요
쓰레기는 수거는 안해가시는데 1층까지는 옮겨주셨습니다 2.5층(3층인데 2층)인데 2만원 운반비 추가됐어요 
옷장이 약해 보이긴 한데 이쁘네요 만족합니다",https://phinf.pstatic.net/checkout.phinf/20210206_297/1612617030683Q87H5_JPEG/review-attachment-19ca8ceb-bf30-4587-917c-206c591be48a.jpeg?type=f300_300,pass****,20.11.17.
14,2,배송도 빨랐고 마음에 들어요,https://phinf.pstatic.net/checkout.phinf/20210109_70/16101906551308Ew4b_JPEG/review-attachment-ae096340-30e9-476c-9c65-a06dae905b7b.jpeg?type=f300_300,min0****,20.11.17.
15,5,흐항 너무 옙허요 ㅎㅎ,https://phinf.pstatic.net/checkout.phinf/20210217_152/1613548771381kgxE0_JPEG/review-attachment-ec0bf13f-127c-4807-b7ff-215e61e38608.jpeg?type=f300_300,dnru****,20.11.14.
16,5,"📍조립📍
수도권 아니면 조립 기사님이 못 오셔요 참고하세요!!!! 
지방이라 집에서 조립하는데 5시간은 걸린 것 같아요. 조립하는데 너무 힘들어서 온 가족에게(특히 아빠와 오빠한테) 욕이란 욕을 다 먹었습니다^^.... 
📍디테일📍
메이드인 차이나라 그런지 생각보다 뜨는 부분이나 딱 안 맞는 부분이 몇군데 있어요 사시려면 이건 감안 하시길..... 
📍사이즈📍
생각보다 깊이가 깊고 가로 세로 길어요 실측 꼭 확인 하세요
📍디자인📍
저는 디자인 보고 샀습니다.. 오직 디자인만 보고요.... 색도 비슷하고 분위기 있어요
✔️요약
솔직히 사기 전으로 시간 돌린다면 안 살 것 같아요 다른 조립되어있는 제품을 살듯해요.... 진짜 별거 아닐 줄 알았는데 조립 힘들어요 
디자인은 예쁩니다!",https://phinf.pstatic.net/checkout.phinf/20210201_256/1612158639663gWLlS_JPEG/review-attachment-6c3ab54c-ce94-48de-bc96-ddea7c5677c9.jpeg?type=f300_300,kji7****,20.09.03.
17,5,"지금까지 너무 만족하며 사용하고 있어요~
처음에 살때부터 디자인은 너무 맘에 들었는데 수납공간이 작아보여 구매까지 고민이 많았던 제품입니다. 한달째 사용하는 지금 고민이 무색할만큼 잘 사용하고있어요~ 좋은제품 감사합니다!!",https://phinf.pstatic.net/checkout.phinf/20210309_10/16152439300846KTnU_JPEG/review-attachment-648bac49-8976-40ff-8778-004367ea27a9.jpeg?type=f300_300,yksl****,20.09.03.
18,4,디자인이 화면과 같이 이뻐요. 설치 서비스해서 편리하게 받았어요,https://phinf.pstatic.net/checkout.phinf/20210323_223/1616458526071AaqWQ_JPEG/review-attachment-b01b5078-701c-445a-995a-a65075ce3b75.jpeg?type=f300_300,moiy****,20.08.28.
19,5,제품 구매하기 전에 고민 진짜 많이 했습니다. 디자인으로는 이만한 제품이 없는데 수납공간이 작아보여서 고민이 많았는데 결과적으로는 너무 잘 샀어요. 실제로는 더 이쁘고 문도 부드럽게 잘 열리고 배송(설치) 기사님도 친절하도 너무 만족 스럽습니다. 걱정했던 수납도 생각보다 많이 들어가서 제 방에 쓰기 딱이에요! 고민하시는 분들 고민 하지마세요!! 정말 굿굿,https://phinf.pstatic.net/checkout.phinf/20210302_101/1614654860303pmVPk_JPEG/review-attachment-e88d5520-b325-4620-b560-31182671b8a5.jpeg?type=f300_300,yksl****,20.08.12.
20,4,"제품은 정말 정말 만족스러워요!! 배송도 예상보다 빨리 왔고 하자 없이 도착했네요:) 디자인이랑 크기가 아주 만족스러워요💕💕 가장 우선적으로 공간 활용도를 높이려고 슬라이딩 도어 옷장으로 여러 브랜드 알아봤는데 마켓비 벨로인 제품이 가장 예쁘고 적당한 크기였어요!✨✨ 그리고 저희집은 서랍장이 따로 있어서 헹거만 있는 옷장이 필요했어서 그 부분도 만족스러웠구요ㅎㅎ 조~금 아쉬운 부분은 저희 지역은 조립신청이 불가능해서 셀프 조립했는데 무거워서 좀 힘들었어요! 과정은 어렵진 않았지만 옷장이라 크기가 크다보니 무게가 있네요ㅎㅎ 남자,여자 둘이서 넓은 옷장 2개 조립하는데에 4시간 반 정도 걸렸어요ㅋㅋㅋ 그래도 완성하니까 너무 만족스럽고 예쁘네요ㅠㅠㅠ 공간도 아주 아주 넉넉하고 옷이랑 이불 엄청 많이 들어가요ㅎㅎ 가구 조립의 끝판왕(?) 옷장도 마스터 했으니 다음은 좀 쉬울것같아 마켓비의 다른 가구 재구매 의향도 완전 있습니다^_^",https://phinf.pstatic.net/checkout.phinf/20210309_10/16152439300846KTnU_JPEG/review-attachment-648bac49-8976-40ff-8778-004367ea27a9.jpeg?type=f300_300,yeon****,21.03.17.
21,1,"디자인은 참 예쁜데, 부품들이 몇개가 빠져서 왔더라구요..판도 깨져있고, 설명서상 같은 나사를 써야 하는 구멍들이 각각 크기가 다르고, 이걸 전화로 설명해야하는데 전화도 안 받으시고..솔직히 1점도 아깝습니디.",https://phinf.pstatic.net/checkout.phinf/20210323_223/1616458526071AaqWQ_JPEG/review-attachment-b01b5078-701c-445a-995a-a65075ce3b75.jpeg?type=f300_300,ehdu****,21.02.19.
22,4,"확실히 튼튼하지 않고 약하긴 한데, 그만큼 가벼워서 오히려 옮기기에는 또 편해서 좋네요.",https://phinf.pstatic.net/checkout.phinf/20210302_101/1614654860303pmVPk_JPEG/review-attachment-e88d5520-b325-4620-b560-31182671b8a5.jpeg?type=f300_300,jtwo****,21.02.23.
23,5,조립 전입니다만 마음이 이미 만족했습니다 왜일까요 ㅎ,https://phinf.pstatic.net/checkout.phinf/20210320_238/161625127633752fXi_JPEG/review-attachment-8d547555-b09e-42f7-8133-62b96c0fd4e8.jpeg?type=f300_300,dnwk****,21.03.02.
24,4,디자인이랑 다 예쁜데 몇개의 부분이 깨져 있더라구요 이건 그래도 괜찮았어요,https://phinf.pstatic.net/checkout.phinf/20210317_79/1615991623938LP6Tt_JPEG/review-attachment-4f0fb223-188a-4857-966b-cca642e40fa5.jpeg?type=f300_300,ehdu****,21.02.19.
25,1,"아직 조립은 다 안했는데, 상품은 좋네요!!!",https://phinf.pstatic.net/checkout.phinf/20210326_128/1616734837348fnCTR_JPEG/review-attachment-38d39966-f7f3-4a7f-8b9b-c6dd145fbdee.jpeg?type=f300_300,ksr8****,21.02.28.
26,4,예뻐요 내부에 거울 못붙히니 아쉽네요,https://phinf.pstatic.net/checkout.phinf/20210326_90/1616725765589EluUh_JPEG/review-attachment-3ce5a608-3e5c-41f3-b53e-932b43874a21.jpeg?type=f300_300,sogn****,21.01.09.
27,4,원했던 어두운 색상이라 가구 배치에 좋았고 디자인은 상세 이미지랑 같았어요! 설치 기사분들이 빠르고 친절하게 조립해주셨어요ㅎㅎ(꼭 조립 신청하세요) 생각보다 깊이 등에 비해 수납이 잘 안 되는 것 같아요,https://phinf.pstatic.net/checkout.phinf/20210311_181/16153908219153d6MN_JPEG/review-attachment-2a742365-113f-4473-96e2-33e6626a2576.jpeg?type=f300_300,kime****,20.12.01.
28,3,이사갈때가 걱정되지만 잘 쓰고있어요,https://phinf.pstatic.net/checkout.phinf/20210118_182/1610896999532lT0GN_JPEG/review-attachment-ebb210c9-c2f4-49b0-b059-64204ec41bd2.jpeg?type=f300_300,min0****,20.12.24.
29,5,화면과 똑같이 예뻐요. 조립하는 데에는 두 명이 필요해요! 혼자서 하기에는 조금 어려운 부분이 있어요. 무게도 좀 나가고. 설명서는 잘 되어 있습니다. 끝내고 나니 엄청 뿌듯해요.,https://phinf.pstatic.net/image.nmv/shopnbuyer_2021_01_11_0/f1f667ae-53b7-11eb-9ca7-48df379ccacc_03.jpg?type=ffn300_300,must****,20.11.29.
30,5,"이건 인간도 보통의 인간이 조립하기 힘듭니다
저는 2시간 조립하다 포기하고 베란다에 내놨습니다 지방이라 조립 신청도 안되고 슬픕니다",https://phinf.pstatic.net/checkout.phinf/20210303_251/1614745157783pfCAY_JPEG/review-attachment-88681ab3-ca32-4489-ad2d-95dc212587fa.jpeg?type=f300_300,son8****,20.12.23.
31,4,"조립이 워낙 고되다고 하여 신청해서 했어요
기사님이 금방해주셨어요
잘 쓰겠습니다~!",https://phinf.pstatic.net/checkout.phinf/20210311_76/1615390281821YudiK_JPEG/review-attachment-b464f07f-2e49-4620-8ac3-a967ee217cf4.jpeg?type=f300_300,texa****,20.12.01.
32,4,좋아요. 조립도 할만합니다,https://phinf.pstatic.net/image.nmv/shopnbuyer_2021_01_04_0/5e8e494f-4e77-11eb-a803-a0369ff94ec8_03.jpg?type=ffn300_300,xucc****,20.12.25.
33,5,"금요일 주문해서 화요일에 배송 됐어요 
조립 한시간정도 걸려서 해주셨어요
쓰레기는 수거는 안해가시는데 1층까지는 옮겨주셨습니다 2.5층(3층인데 2층)인데 2만원 운반비 추가됐어요 
옷장이 약해 보이긴 한데 이쁘네요 만족합니다",https://phinf.pstatic.net/checkout.phinf/20210206_297/1612617030683Q87H5_JPEG/review-attachment-19ca8ceb-bf30-4587-917c-206c591be48a.jpeg?type=f300_300,pass****,20.11.17.
34,2,배송도 빨랐고 마음에 들어요,https://phinf.pstatic.net/checkout.phinf/20210109_70/16101906551308Ew4b_JPEG/review-attachment-ae096340-30e9-476c-9c65-a06dae905b7b.jpeg?type=f300_300,min0****,20.11.17.
35,5,흐항 너무 옙허요 ㅎㅎ,https://phinf.pstatic.net/checkout.phinf/20210217_152/1613548771381kgxE0_JPEG/review-attachment-ec0bf13f-127c-4807-b7ff-215e61e38608.jpeg?type=f300_300,dnru****,20.11.14.
36,5,"📍조립📍
수도권 아니면 조립 기사님이 못 오셔요 참고하세요!!!! 
지방이라 집에서 조립하는데 5시간은 걸린 것 같아요. 조립하는데 너무 힘들어서 온 가족에게(특히 아빠와 오빠한테) 욕이란 욕을 다 먹었습니다^^.... 
📍디테일📍
메이드인 차이나라 그런지 생각보다 뜨는 부분이나 딱 안 맞는 부분이 몇군데 있어요 사시려면 이건 감안 하시길..... 
📍사이즈📍
생각보다 깊이가 깊고 가로 세로 길어요 실측 꼭 확인 하세요
📍디자인📍
저는 디자인 보고 샀습니다.. 오직 디자인만 보고요.... 색도 비슷하고 분위기 있어요
✔️요약
솔직히 사기 전으로 시간 돌린다면 안 살 것 같아요 다른 조립되어있는 제품을 살듯해요.... 진짜 별거 아닐 줄 알았는데 조립 힘들어요 
디자인은 예쁩니다!",https://phinf.pstatic.net/checkout.phinf/20210201_256/1612158639663gWLlS_JPEG/review-attachment-6c3ab54c-ce94-48de-bc96-ddea7c5677c9.jpeg?type=f300_300,kji7****,20.09.03.
37,5,"지금까지 너무 만족하며 사용하고 있어요~
처음에 살때부터 디자인은 너무 맘에 들었는데 수납공간이 작아보여 구매까지 고민이 많았던 제품입니다. 한달째 사용하는 지금 고민이 무색할만큼 잘 사용하고있어요~ 좋은제품 감사합니다!!",https://phinf.pstatic.net/checkout.phinf/20210309_10/16152439300846KTnU_JPEG/review-attachment-648bac49-8976-40ff-8778-004367ea27a9.jpeg?type=f300_300,yksl****,20.09.03.
38,4,디자인이 화면과 같이 이뻐요. 설치 서비스해서 편리하게 받았어요,https://phinf.pstatic.net/checkout.phinf/20210323_223/1616458526071AaqWQ_JPEG/review-attachment-b01b5078-701c-445a-995a-a65075ce3b75.jpeg?type=f300_300,moiy****,20.08.28.
39,5,제품 구매하기 전에 고민 진짜 많이 했습니다. 디자인으로는 이만한 제품이 없는데 수납공간이 작아보여서 고민이 많았는데 결과적으로는 너무 잘 샀어요. 실제로는 더 이쁘고 문도 부드럽게 잘 열리고 배송(설치) 기사님도 친절하도 너무 만족 스럽습니다. 걱정했던 수납도 생각보다 많이 들어가서 제 방에 쓰기 딱이에요! 고민하시는 분들 고민 하지마세요!! 정말 굿굿,https://phinf.pstatic.net/checkout.phinf/20210302_101/1614654860303pmVPk_JPEG/review-attachment-e88d5520-b325-4620-b560-31182671b8a5.jpeg?type=f300_300,yksl****,20.08.12.
40,4,"디자인은 정말 예뻐요 근데 내구성이라던지 마감은 잘 모르겠어요. 조립은 신청했고 문이 일자로 맞지 않고 가운데가 뜬다고 해야하나요? 
문 자체가 약간 휘었던거 같기도 하고.. 확실히 문을 열때의 무게감이라던지 그런건 없지만 메인 옷장은 아니여서 디자인이 예쁘므로 만족합니다.",https://phinf.pstatic.net/checkout.phinf/20210309_10/16152439300846KTnU_JPEG/review-attachment-648bac49-8976-40ff-8778-004367ea27a9.jpeg?type=f300_300,gfwe****,20.07.16.
41,1,조립아 굉장히 어렵습니다 가사님 부르세요 디자인은 예쁜데 실용성이 떨어지는 건 사실이네요 ..,https://phinf.pstatic.net/checkout.phinf/20210323_223/1616458526071AaqWQ_JPEG/review-attachment-b01b5078-701c-445a-995a-a65075ce3b75.jpeg?type=f300_300,rlaw****,20.08.22.
42,4,"정말 최악의 업체임.
애초에 처음부터 어딘가에 부딪혀서 박스가 뚫린거 같았음.
그럼 안에 내용물은 괜찮은지 확인해 봐야하는데 확인도 안하고 그 부분에 취급주의 테이프만 덕지덕지 붙여서 배송보냄.
아니나 다를까 열어보니 깨진 상태.
교환하려고 전화하니 전화 절대 안됨.
네이버 톡톡은 읽지도 않음.
마켓비 홈페이지에 글올렸더니 제대로 된 사진을 올리라고만 계속 답변함.
보니까 다른 사람들도 전화가 안되니 여러번 글올리고 있었음.
몇 개의 글을 올렸는데도 동문서답해서 화나서 심한소리했더니 자기네 실수 맞다며 새로 보내준다함.
근데 기존꺼는 수거 안하니 알아서 처리하라고 함.
부피도 크고 일반 쓰레기도 아니라 폐기물 스티커 붙여서 버리는것도 내가 해야한다니 그제서야 그럼 수거해간다고 함.(이게 전부 2주동안 글올려서  전화하라고 해도 전화 안해서 글로 답변 받은 일)
그렇게 좀 마무리되는가 싶더니,
물건 바로 빼서 보내준다고 해놓고 일주일동안 깜깜 무소식.
역시 네이버 톡톡은 안읽음.
화나서 반품할랬더니 그것도 안된다함.
결국 네이버 고객센터에 항의하니 바로 다음날 물건 보냄ㅡㅡ
처음 배송은 겁나 빨리 하더니 파손된 부분 맞교환은 2주 걸림.
여기는 팔면 장땡인가 봄.
판매 끝나면 A/S고 뭐고 거지같음.
제대로 온 제품이 오면 괜찮겠지만 그렇지 않으면 진짜 짜증 솟구침.
그제서야 네이버 검색 여기저기에 마켓비 판매 후 처리가 거지같다는 후기와 글들이 엄청 보임ㅡㅡ
진짜 돈 더 주고 좋은데서 사는게 나음.
아니 여기보다 더 작고 이름 없는 회사들도 이딴식으로 처리하지 않음ㅡㅡ
진짜 물건 구매하고 이렇게 쓰레기같은 업체 처음 봄.
1000원 짜리 물건을 파는곳도 이렇지는 않겠다,
진짜 진절머리 나서 다시는 구매하고 싶지 않은곳.
물건도 약해서 겁나 흔들리고 겁나 별로임.

3주째가 되는 지금까지 네이버 톡톡은 읽지도 않고^^
그딴식으로 판매하지 마세요, 망하는 지름길일테니",https://phinf.pstatic.net/checkout.phinf/20210302_101/1614654860303pmVPk_JPEG/review-attachment-e88d5520-b325-4620-b560-31182671b8a5.jpeg?type=f300_300,ssis****,20.06.15.
43,5,"브라운 쓰면 쓸수록 이뻐요
디자인 너무 맘에들고
방향제 넣어놓으면 방으로 향이 솔솔 새어나와 아주 좋은효과도 있어요",https://phinf.pstatic.net/checkout.phinf/20210320_238/161625127633752fXi_JPEG/review-attachment-8d547555-b09e-42f7-8133-62b96c0fd4e8.jpeg?type=f300_300,ljun****,20.08.01.
44,3,"조립....힘드네요 ㅋㅋㅋ
친구랑 둘이 퇴근하고 틈틈히해서 3일정도 걸렸는데 아직도 다 못했어요 ㅋㅋ
요령만알면 금방할수있긴한데 무거워서 혼자는 도저히 못할것같아요 꼭 두명이상이 해야되요",https://phinf.pstatic.net/checkout.phinf/20210317_79/1615991623938LP6Tt_JPEG/review-attachment-4f0fb223-188a-4857-966b-cca642e40fa5.jpeg?type=f300_300,para****,20.07.18.
45,2,허러 .... 여러분 조립 기사님 꼭 부르세요 .. 돈 아끼려다 옷장 못쓰고 있습니다 ㅜ 조립 너무 ~ 어려워뇽 ㅜㅜㅜ 계속 방치중 .. 이제 조립 다시 해봐야겠어요 .. 조립 그냥 하나부터 열까지 전부다 본인이 하셔야 해요 .. 못박는 것 부터 .. 진짜 어렵고 시간도 무쟈게 많이 들어요 ㅜ,https://phinf.pstatic.net/checkout.phinf/20210326_128/1616734837348fnCTR_JPEG/review-attachment-38d39966-f7f3-4a7f-8b9b-c6dd145fbdee.jpeg?type=f300_300,rlaw****,20.07.09.
46,1,조립하고나니 그럴싸합니다,https://phinf.pstatic.net/checkout.phinf/20210326_90/1616725765589EluUh_JPEG/review-attachment-3ce5a608-3e5c-41f3-b53e-932b43874a21.jpeg?type=f300_300,1461****,20.08.25.
47,5,엔틱한 느낌이 너무 좋아요!!,https://phinf.pstatic.net/checkout.phinf/20210311_181/16153908219153d6MN_JPEG/review-attachment-2a742365-113f-4473-96e2-33e6626a2576.jpeg?type=f300_300,jdfi****,20.07.27.
48,5,아주예쁩니다 조립은 3~40분 걸렸습니다,https://phinf.pstatic.net/checkout.phinf/20210118_182/1610896999532lT0GN_JPEG/review-attachment-ebb210c9-c2f4-49b0-b059-64204ec41bd2.jpeg?type=f300_300,dkgk****,20.07.24.
49,3,"설치기사님이 해주셨는데 너무 친절하게 해주시고, 옷장은 생각보다 좀 작긴한데 디자인은 참 예뻐요, 옷장 문이 잘 딱 안맞는 느낌인데 디자인이 예뻐서 그냥 쓸만해요",https://phinf.pstatic.net/image.nmv/shopnbuyer_2021_01_11_0/f1f667ae-53b7-11eb-9ca7-48df379ccacc_03.jpg?type=ffn300_300,ydso****,20.07.17.
50,3,"너무 이쁘네요
손잡이 여는방식 맘에들어여
조립신청하니 와서 조립해주고 가시네요
삼일정도 냄새빼니 좋아요",https://phinf.pstatic.net/checkout.phinf/20210303_251/1614745157783pfCAY_JPEG/review-attachment-88681ab3-ca32-4489-ad2d-95dc212587fa.jpeg?type=f300_300,ljun****,20.07.01.
51,5,결제하고 3일만에 오신거 같아요. 근데 배송 전 3시간 전에 연락오셔서  배송한다고 통보하셔서 쫌 당황했어요; 집에 사람 없었으면 어쩔뻔...,https://phinf.pstatic.net/checkout.phinf/20210311_76/1615390281821YudiK_JPEG/review-attachment-b464f07f-2e49-4620-8ac3-a967ee217cf4.jpeg?type=f300_300,epik****,20.07.01.
52,5,볼수록 디자인과 색상이 맘에 듭니다. 수납공간도 넉넉한 편입니다.,https://phinf.pstatic.net/image.nmv/shopnbuyer_2021_01_04_0/5e8e494f-4e77-11eb-a803-a0369ff94ec8_03.jpg?type=ffn300_300,yoob****,20.05.20.
53,4,슬라이드부분이 좀 흔들리고 약한거 말고는 일단 인테리어용으로는 이만한거 없는거 같아요ㅠ 어떤 사진을 찍어도 분위기있게 나와요 정말 만족합니다.,https://phinf.pstatic.net/checkout.phinf/20210206_297/1612617030683Q87H5_JPEG/review-attachment-19ca8ceb-bf30-4587-917c-206c591be48a.jpeg?type=f300_300,jeon****,20.05.09.
54,5,설치하는데 3시간 걸렸지만.. 완성하고 나니 너무 이쁘네요!!,https://phinf.pstatic.net/checkout.phinf/20210109_70/16101906551308Ew4b_JPEG/review-attachment-ae096340-30e9-476c-9c65-a06dae905b7b.jpeg?type=f300_300,aloh****,20.05.15.
55,5,설치하고나니 너무예뻐요 다만 배송중 깨진부분잇어 아쉬운데 티나진 않아요,https://phinf.pstatic.net/checkout.phinf/20210217_152/1613548771381kgxE0_JPEG/review-attachment-ec0bf13f-127c-4807-b7ff-215e61e38608.jpeg?type=f300_300,hwsl****,20.04.13.
56,5,너무 예쁘고 수납력도 좋아요! 올해 산 가구 중 제일 만족스러워요,https://phinf.pstatic.net/checkout.phinf/20210201_256/1612158639663gWLlS_JPEG/review-attachment-6c3ab54c-ce94-48de-bc96-ddea7c5677c9.jpeg?type=f300_300,shth****,20.04.13.
57,5,색은 좀 달라요. 약간 핑크..?연보라?가 섞인 화이트에요. 그리고 합판....,https://phinf.pstatic.net/checkout.phinf/20210309_10/16152439300846KTnU_JPEG/review-attachment-648bac49-8976-40ff-8778-004367ea27a9.jpeg?type=f300_300,jk90****,20.04.07.
58,5,너무 너무 너무 너무 너어어ㅓ무 예뻐요 배송기사님도 넘나 친절하셨어요!!! 실제 색이 더 예쁜데 카메라에 안 담겨서 속상해요ㅠㅠㅠ,https://phinf.pstatic.net/checkout.phinf/20210323_223/1616458526071AaqWQ_JPEG/review-attachment-b01b5078-701c-445a-995a-a65075ce3b75.jpeg?type=f300_300,shth****,20.03.11.
59,5,"디자인, 색상  둘 다 마음에 듭니다. 그동안 행거에 걸어 지저분했던 공간이 깔끔해졌습니딘.",https://phinf.pstatic.net/checkout.phinf/20210302_101/1614654860303pmVPk_JPEG/review-attachment-e88d5520-b325-4620-b560-31182671b8a5.jpeg?type=f300_300,yoob****,20.03.17.
60,4,수납공간이나 옷끼임을 알고 주문해서 생각보다 괜찮네요. 기사님 친절하고 신속히 잘 조립해 주셨고 자리도 잘 잡아주셨어요. 나무냄새는 좀 나긴합니다,https://phinf.pstatic.net/checkout.phinf/20210309_10/16152439300846KTnU_JPEG/review-attachment-648bac49-8976-40ff-8778-004367ea27a9.jpeg?type=f300_300,jeon****,20.02.28.
61,1,가격대비 좋아요~ 가구치고 배송이빨라서 좋아요,https://phinf.pstatic.net/checkout.phinf/20210323_223/1616458526071AaqWQ_JPEG/review-attachment-b01b5078-701c-445a-995a-a65075ce3b75.jpeg?type=f300_300,luck****,20.04.09.
62,4,디자인도예쁘고 수납도좋은데 정말 아빠가 조립하셨는데 두번다신안하신다고 ㅠㅎㅋ그래도잘쓰고있어요,https://phinf.pstatic.net/checkout.phinf/20210302_101/1614654860303pmVPk_JPEG/review-attachment-e88d5520-b325-4620-b560-31182671b8a5.jpeg?type=f300_300,qh07****,20.03.27.
63,5,"디자인은 정말 예뻐요
배송도 엄청 빠릅니다",https://phinf.pstatic.net/checkout.phinf/20210320_238/161625127633752fXi_JPEG/review-attachment-8d547555-b09e-42f7-8133-62b96c0fd4e8.jpeg?type=f300_300,thef****,20.03.18.
64,5,엄청빨리왓어요 잘쓸게요ㅎㅎ,https://phinf.pstatic.net/checkout.phinf/20210317_79/1615991623938LP6Tt_JPEG/review-attachment-4f0fb223-188a-4857-966b-cca642e40fa5.jpeg?type=f300_300,mnok****,20.03.10.
65,4,배송 빨랐구요 설치기사님도 친절하셨어요. 혼자 조립안하고 설치 요청하길 잘 한거 같아요. 전문가가 바로해주니 더 깔끔한거 같아요^^,https://phinf.pstatic.net/checkout.phinf/20210326_128/1616734837348fnCTR_JPEG/review-attachment-38d39966-f7f3-4a7f-8b9b-c6dd145fbdee.jpeg?type=f300_300,skyf****,20.02.24.
66,4,완성된 모습이 정말 이쁩니다. 다만 조립이 매우 힘들어요. 가능하면 조립기사님 부르시는갈 추천 드립니다.,https://phinf.pstatic.net/checkout.phinf/20210326_90/1616725765589EluUh_JPEG/review-attachment-3ce5a608-3e5c-41f3-b53e-932b43874a21.jpeg?type=f300_300,nosa****,20.03.07.
67,4,"탄탄하고 이뻐요
만족합니다",https://phinf.pstatic.net/checkout.phinf/20210311_181/16153908219153d6MN_JPEG/review-attachment-2a742365-113f-4473-96e2-33e6626a2576.jpeg?type=f300_300,namo****,20.03.08.
68,5,마음에 들어요~~~,https://phinf.pstatic.net/checkout.phinf/20210118_182/1610896999532lT0GN_JPEG/review-attachment-ebb210c9-c2f4-49b0-b059-64204ec41bd2.jpeg?type=f300_300,ljr3****,20.02.19.
69,4,안에 봉을 조립못했는데 넣을 방법이 없음 ㅋㅋㅋ 다시 뜯을수도업ㅈ고,https://phinf.pstatic.net/image.nmv/shopnbuyer_2021_01_11_0/f1f667ae-53b7-11eb-9ca7-48df379ccacc_03.jpg?type=ffn300_300,mymi****,20.02.05.
70,5,"깔끔하고이쁘긴한데
신랑혼자조립하는데4시간걸렸어요
여자혼자는절대할수없어요
그래도완성하니너무이쁘네요ㅎ",https://phinf.pstatic.net/checkout.phinf/20210303_251/1614745157783pfCAY_JPEG/review-attachment-88681ab3-ca32-4489-ad2d-95dc212587fa.jpeg?type=f300_300,atom****,19.12.17.
71,4,"예뻐요. 2문 샀다가 모자라서 3문 삽니다. 
수납공간이 엄청 넉넉한 정도는 아니지만 쓸만합니다. 
잘쓰겠습니다.",https://phinf.pstatic.net/checkout.phinf/20210311_76/1615390281821YudiK_JPEG/review-attachment-b464f07f-2e49-4620-8ac3-a967ee217cf4.jpeg?type=f300_300,jk90****,20.01.23.
72,5,배송도 빠르고 기사님이 설치해주셔서 금방 끝났네요 색상 마음에 들어요~,https://phinf.pstatic.net/image.nmv/shopnbuyer_2021_01_04_0/5e8e494f-4e77-11eb-a803-a0369ff94ec8_03.jpg?type=ffn300_300,ljr3****,19.12.31.
73,5,감사합니다 조립은정말어려워용...설명서가 ㅜㅜ내용이좀 ㅂ족해요...,https://phinf.pstatic.net/checkout.phinf/20210206_297/1612617030683Q87H5_JPEG/review-attachment-19ca8ceb-bf30-4587-917c-206c591be48a.jpeg?type=f300_300,qh07****,20.01.18.
74,4,"개인적으로 마켓비 좋아해요~~
여러개 구입했고 다 맘에 듭니다",https://phinf.pstatic.net/checkout.phinf/20210109_70/16101906551308Ew4b_JPEG/review-attachment-ae096340-30e9-476c-9c65-a06dae905b7b.jpeg?type=f300_300,kitt****,20.01.09.
75,5,"수납력탁월하지는않아요
조립리뷰보고 설마4시간걸릴까
반신반의하고주문했는데
가구회사다닌 지인이조립해줬는데도
개당 2시긴30분걸렸어요ㅎㅎㅎ
두개조립하는데 이것저것해서7시간걸림
쉽지않습니다 목봉 나사 이것저것
디테일이많고 으외로 복잡해요
안해보신분은 조립기사님추천드립니다
왜기시님추천하는지 조립해보면알아요ㅎㅎ",https://phinf.pstatic.net/checkout.phinf/20210217_152/1613548771381kgxE0_JPEG/review-attachment-ec0bf13f-127c-4807-b7ff-215e61e38608.jpeg?type=f300_300,sang****,19.11.11.
76,5,예쁘고 좋습니다 가격이 조금 비싼것이 단점 그래도 만족도는 최고에요,https://phinf.pstatic.net/checkout.phinf/20210201_256/1612158639663gWLlS_JPEG/review-attachment-6c3ab54c-ce94-48de-bc96-ddea7c5677c9.jpeg?type=f300_300,leey****,20.01.02.
77,3,엄청 예뻐요 디자인만 보고 산거라ㅋㅋㅋ만족합니당 다만 조립하는데 좀 오래걸려요,https://phinf.pstatic.net/checkout.phinf/20210309_10/16152439300846KTnU_JPEG/review-attachment-648bac49-8976-40ff-8778-004367ea27a9.jpeg?type=f300_300,daso****,19.12.09.
78,4,색과 디자인 맘에 들어요~ 배송은 빠르나 문앞에 달랑 놓고가서 당황했어요 ㅠ 성인 남성 둘이 조립하는데 두시간 정두 걸렸어요~~,https://phinf.pstatic.net/checkout.phinf/20210323_223/1616458526071AaqWQ_JPEG/review-attachment-b01b5078-701c-445a-995a-a65075ce3b75.jpeg?type=f300_300,gyql****,19.11.22.
79,5,다음부터 돈 더주고 다 만들어진거 사라잉 - 이라고 남편이 말함ㅋㅋㅋ 폴딩도 허술하고 혼자하기 힘들구요 둘이했는데도 이틀걸림,https://phinf.pstatic.net/checkout.phinf/20210302_101/1614654860303pmVPk_JPEG/review-attachment-e88d5520-b325-4620-b560-31182671b8a5.jpeg?type=f300_300,mymi****,19.11.19.
80,4,"두개째 구입하고요
선반장 은 입고가 안돼서ㅠㅠ
기다리고 이써요~~ 마켓비 장 너무 이뻐요
또 구입할께요^^",https://phinf.pstatic.net/checkout.phinf/20210309_10/16152439300846KTnU_JPEG/review-attachment-648bac49-8976-40ff-8778-004367ea27a9.jpeg?type=f300_300,kitt****,19.12.08.
81,1,뒷판이 약하긴한데 디자인이 너무 예뻐요ㅠㅠ 여자둘이서 조립했는데 3-4시간 정도 걸린것 같아요 혼자서는 너무 무거워서 힘들고 꼭 두분이상 조립해야 될 것 같아용,https://phinf.pstatic.net/checkout.phinf/20210323_223/1616458526071AaqWQ_JPEG/review-attachment-b01b5078-701c-445a-995a-a65075ce3b75.jpeg?type=f300_300,shin****,19.11.06.
82,4,예뻐요~~ 맘에들어요~냄새가 좀 나긴합니다,https://phinf.pstatic.net/checkout.phinf/20210302_101/1614654860303pmVPk_JPEG/review-attachment-e88d5520-b325-4620-b560-31182671b8a5.jpeg?type=f300_300,jind****,19.11.16.
83,5,조립 엄청 오래걸리구요 보통입니다,https://phinf.pstatic.net/checkout.phinf/20210320_238/161625127633752fXi_JPEG/review-attachment-8d547555-b09e-42f7-8133-62b96c0fd4e8.jpeg?type=f300_300,yumi****,19.12.02.
84,5,"가구는 깔끔하고 가성비는 좋은데, 개인이 조립하기는 너무 어렵습니다.; 시공 요청하는게 좋을듯합니다...",https://phinf.pstatic.net/checkout.phinf/20210317_79/1615991623938LP6Tt_JPEG/review-attachment-4f0fb223-188a-4857-966b-cca642e40fa5.jpeg?type=f300_300,dh72****,19.11.18.
85,5,지방이라 기사님을 부를 수 없었는데 성인 남자 한명 여자 한명이서 조립하는데 3시간 걸렸어요. 다 조립하면 튼튼하긴 한데 옆판이 부실해요. 만들다가 조금 힘주어 눌렀는데 구멍났습니다. 그래도 예뻐요!,https://phinf.pstatic.net/checkout.phinf/20210326_128/1616734837348fnCTR_JPEG/review-attachment-38d39966-f7f3-4a7f-8b9b-c6dd145fbdee.jpeg?type=f300_300,coco****,19.10.14.
86,5,좋습니다 추천해요~,https://phinf.pstatic.net/checkout.phinf/20210326_90/1616725765589EluUh_JPEG/review-attachment-3ce5a608-3e5c-41f3-b53e-932b43874a21.jpeg?type=f300_300,sksk****,19.11.27.
87,3,배송도 빠르고 좋습니다. 기사님 통해 설치해서 완성된 모습만 봤는데 깔끔하고 좋아요,https://phinf.pstatic.net/checkout.phinf/20210311_181/16153908219153d6MN_JPEG/review-attachment-2a742365-113f-4473-96e2-33e6626a2576.jpeg?type=f300_300,juha****,19.11.06.
88,3,"너무 이뻐요 
이쁜걸로 모든게 해결되네요 
수납이 좀 부족하고 뒤에 합판이 얇고 하지만
그래도 이뻐요 ㅋㅋ",https://phinf.pstatic.net/checkout.phinf/20210118_182/1610896999532lT0GN_JPEG/review-attachment-ebb210c9-c2f4-49b0-b059-64204ec41bd2.jpeg?type=f300_300,shin****,19.10.14.
89,3,배송도 생긴ㄱ보다 빨랐고 기사님설치도 잘해주셨어요 생각했던것보다 좋습니다 감사합니다,https://phinf.pstatic.net/image.nmv/shopnbuyer_2021_01_11_0/f1f667ae-53b7-11eb-9ca7-48df379ccacc_03.jpg?type=ffn300_300,ggsj****,19.11.03.
90,5,"생각보다 내구성이 좋진 않네요. 뒷판도 얇고 문열고 닫을 때 마다 옷장이 흔들려요. 가격이 저렴한 만큼 하는거 같아요. 
저는 대전이라 가구 조립하시는 기사님 따로 불러서 조립햇어요 ㅠㅠ 
그래도 디자인은 예쁩니다.",https://phinf.pstatic.net/checkout.phinf/20210303_251/1614745157783pfCAY_JPEG/review-attachment-88681ab3-ca32-4489-ad2d-95dc212587fa.jpeg?type=f300_300,fgbv****,19.09.17.
91,4,조립하는데 아주 애먹었지만 볼때마다 이쁘네요~! 아주잘쓰고있습니다,https://phinf.pstatic.net/checkout.phinf/20210311_76/1615390281821YudiK_JPEG/review-attachment-b464f07f-2e49-4620-8ac3-a967ee217cf4.jpeg?type=f300_300,infl****,19.09.18.
92,4,예쁘고 좋은데 생각보다 수납공간이 좁아요,https://phinf.pstatic.net/image.nmv/shopnbuyer_2021_01_04_0/5e8e494f-4e77-11eb-a803-a0369ff94ec8_03.jpg?type=ffn300_300,gree****,19.09.15.
93,5,몇개째인가  넘 좋아요,https://phinf.pstatic.net/checkout.phinf/20210206_297/1612617030683Q87H5_JPEG/review-attachment-19ca8ceb-bf30-4587-917c-206c591be48a.jpeg?type=f300_300,stee****,19.10.10.
94,3,"내구성만 조금더 좋았더라면 하는 아쉬움이 남지만 그래도 5점드립니다^^
디자인 마음에 들고 조립하고 나면 성취감 엄청남니다^^ 나름 이케아 고수라고 생각했는데 조립시간 2시간에서 2시간 반정도 걸립니다~",https://phinf.pstatic.net/checkout.phinf/20210109_70/16101906551308Ew4b_JPEG/review-attachment-ae096340-30e9-476c-9c65-a06dae905b7b.jpeg?type=f300_300,jann****,19.08.21.
95,5,원래는 미들브라운 하고싶었는데 상세설명에서 나온 색감이 정말 너무 진한거에요. 그래서 캄포어베니어로 했는데 다른분들 후기리뷰는 색상이 딱 정당한 브라운색이더라구요 ㅜㅜ 실제 다른분들의 리뷰색상과 상세설명에서의 색감이 너무 차이가나는것 아닌가 싶어요.다른가구들과 색 맞추고싶었는데 이부분이 아쉽습니다.그래도 물건은 이쁘고 마음에들어요. 설치도 깔끔하게해주셔서 나름만족,https://phinf.pstatic.net/checkout.phinf/20210217_152/1613548771381kgxE0_JPEG/review-attachment-ec0bf13f-127c-4807-b7ff-215e61e38608.jpeg?type=f300_300,xksl****,19.07.05.
96,4,벽지가 화이트였다면 더 예뻤을 것 같아요 조립 신청을 매우 고민했는데 도저히 조립할 엄두가 안나서 같이했어요 기사님 매우 친절하셨고 뚝딱 조립하고 가셨어요 박스를 원래 안가져가신다고 했는데 그건 좀 이해되지 않았네요 가구사면 다 가져가던데..ㅠㅠ 이거보고 다른디자인은 눈에 안들어와 결국 구매했어요 3문짜린데 겨울옷까지 다 넣으니 혼자사용하기 좀 부족한 것 같아요 냄새 빠지는데 좀 시간이 걸렸고요 그래도 전체적으로 마음에 듭니다,https://phinf.pstatic.net/checkout.phinf/20210201_256/1612158639663gWLlS_JPEG/review-attachment-6c3ab54c-ce94-48de-bc96-ddea7c5677c9.jpeg?type=f300_300,luvs****,19.07.14.
97,5,설치하는데 시간이 걸리긴 해도 설치하고 나니 넘나 이쁘네요~^^,https://phinf.pstatic.net/checkout.phinf/20210309_10/16152439300846KTnU_JPEG/review-attachment-648bac49-8976-40ff-8778-004367ea27a9.jpeg?type=f300_300,favo****,19.09.06.
98,5,"색고민 많이했는데 흰색도 예쁘네요
근데 조립은 추가로 기사님한테 부탁해야하는게 맞는 것같아요 ..ㅎㅎ
아무튼 만족입니당💓",https://phinf.pstatic.net/checkout.phinf/20210323_223/1616458526071AaqWQ_JPEG/review-attachment-b01b5078-701c-445a-995a-a65075ce3b75.jpeg?type=f300_300,swde****,19.07.29.
99,5,"디자인,색상은 다좋은데 원목이라고하기엔 많이부족한듯합니다..",https://phinf.pstatic.net/checkout.phinf/20210302_101/1614654860303pmVPk_JPEG/review-attachment-e88d5520-b325-4620-b560-31182671b8a5.jpeg?type=f300_300,hwa3****,19.08.17.
