﻿,star,review,reviewImage,customerId,reviewDate
0,5,"사장님과 통화하여 내부 선반 추가와 아래서랍은
한개로 부탁드렸습니다.
친절히 상담도 해주시고 원하는 구조로 만들어
주셔서 정말감사합니다 사장님~^^
앞으로 엠라익 많이 광고할게요~~^^",https://phinf.pstatic.net/checkout.phinf/20210309_10/16152439300846KTnU_JPEG/review-attachment-648bac49-8976-40ff-8778-004367ea27a9.jpeg?type=f300_300,lja4****,20.08.03.
1,5,추천합니다~!!!^^,https://phinf.pstatic.net/checkout.phinf/20210323_223/1616458526071AaqWQ_JPEG/review-attachment-b01b5078-701c-445a-995a-a65075ce3b75.jpeg?type=f300_300,love****,19.08.28.
2,5,현관문이 작아서 배송기사님이 너무 고생하셨네요. 감사하구요. 방안에 나무냄새가 쫘악 퍼져서 너무 좋습니다.,https://phinf.pstatic.net/checkout.phinf/20210302_101/1614654860303pmVPk_JPEG/review-attachment-e88d5520-b325-4620-b560-31182671b8a5.jpeg?type=f300_300,whol****,19.05.12.
3,5,"고민끝에 결정하고 아이방에 셋팅해줬는데 아주 맘에드네요^^향도 솔솔 은은하게 나고 만족합니다.
경첩도 상,하 다 달아주시고 견고하고 튼튼하고 아주 맘에 들어요~♡",https://phinf.pstatic.net/checkout.phinf/20210320_238/161625127633752fXi_JPEG/review-attachment-8d547555-b09e-42f7-8133-62b96c0fd4e8.jpeg?type=f300_300,topi****,19.03.31.
4,5,"인터넷구입이라 망설여졌으나 대표님과 통화후에 너무 친절하게 제품설명해주시고 배송도 차질없이 무엇보다 가구가 너무 이쁘서 가족들이 너무 좋아해요~~ 구매강추드리며, 감사드려요",https://phinf.pstatic.net/checkout.phinf/20210317_79/1615991623938LP6Tt_JPEG/review-attachment-4f0fb223-188a-4857-966b-cca642e40fa5.jpeg?type=f300_300,ywoo****,18.09.11.
5,5,"붙박이장도 고민했지만, 합판에서 나오는 안좋은 물질이 우려로.... 원목 그대로,, 나무향 좋아요... 친절한 사장님... 특히 믿을 수 있었습니다.",https://phinf.pstatic.net/checkout.phinf/20210326_128/1616734837348fnCTR_JPEG/review-attachment-38d39966-f7f3-4a7f-8b9b-c6dd145fbdee.jpeg?type=f300_300,hank****,18.06.28.
