﻿,star,review,reviewImage,customerId,reviewDate
0,5,인테리어 당시에는 임신 8개월이었는데 지금은 50일 갓 지난 아기 키우고 있어요~ㅎㅎ 가성비 좋게 붙박이장 잘 시공했다고 아기아빠가 지금까지도 만족스러워해서 저도 뿌듯합니다.,https://phinf.pstatic.net/checkout.phinf/20210309_10/16152439300846KTnU_JPEG/review-attachment-648bac49-8976-40ff-8778-004367ea27a9.jpeg?type=f300_300,celi****,20.06.26.
1,5,"인테리어 공사가 진행되는 도중에 주문했는데, 싱크대도 리바트에서 해서 그런지, 같은 플래너분이 실측해 주시고~ 설계 변경 추가금 37,000원만 더 냈어요! 알고 보니 '리프'는 그레이색 모델이었고, 같은 디자인 화이트색은 모델명이 '릴리'였네요. 플래너분이 색깔 어떤 거 원하냬서 화이트라고 했더니 알려주셨어요. 깔끔하게 시공 잘돼서 기분 좋네요!",https://phinf.pstatic.net/checkout.phinf/20210323_223/1616458526071AaqWQ_JPEG/review-attachment-b01b5078-701c-445a-995a-a65075ce3b75.jpeg?type=f300_300,celi****,20.03.31.
2,5,기사님이 약속시간을 잘 지켜주셨고 실측기사님도 이사갈집세입자분이 약속을 바꾸실때도 친절히 응대해주셨어요~사진보다 직접보시는게 훨씬예뻐요.아이보리라고하는데 크림색에 가까워요.천같은 택스쳐를 표현한 무늬도 고급스럽고 예쁩니다.문도 활짝열었다 그냥 두면 저절로 닫기는 기능도 있어요.아주 만족합니다.,https://phinf.pstatic.net/checkout.phinf/20210302_101/1614654860303pmVPk_JPEG/review-attachment-e88d5520-b325-4620-b560-31182671b8a5.jpeg?type=f300_300,blus****,20.03.07.
3,5,빠른설치와꼼꼼함너무조아요추천추천,https://phinf.pstatic.net/checkout.phinf/20210320_238/161625127633752fXi_JPEG/review-attachment-8d547555-b09e-42f7-8133-62b96c0fd4e8.jpeg?type=f300_300,ks87****,19.12.13.
4,5,싸게 잘함 우선 깔끔하며 저는 개인적으로 슬라이딩은 별로라서 선택했는데 가격도 저렴하고 시공 깔끔하게 잘해주시고 거셨어요. 만족합니다.,https://phinf.pstatic.net/checkout.phinf/20210317_79/1615991623938LP6Tt_JPEG/review-attachment-4f0fb223-188a-4857-966b-cca642e40fa5.jpeg?type=f300_300,jess****,17.11.04.
5,5,깔끔하게 설치해주셨어요.,https://phinf.pstatic.net/checkout.phinf/20210326_128/1616734837348fnCTR_JPEG/review-attachment-38d39966-f7f3-4a7f-8b9b-c6dd145fbdee.jpeg?type=f300_300,jess****,17.11.04.
6,5,"이사하면서 설치했어요 사제로 하려다 리바트했는데 정말 만족해요
가격도 저렴하고 안에 구성도 좋아요 
질감이 너무 고급스럽네요",https://phinf.pstatic.net/checkout.phinf/20210326_90/1616725765589EluUh_JPEG/review-attachment-3ce5a608-3e5c-41f3-b53e-932b43874a21.jpeg?type=f300_300,pure****,17.09.09.
7,5,친절하고 정확하고 정말 만족해요,https://phinf.pstatic.net/checkout.phinf/20210311_181/16153908219153d6MN_JPEG/review-attachment-2a742365-113f-4473-96e2-33e6626a2576.jpeg?type=f300_300,pure****,17.09.09.
