﻿,star,review,reviewImage,customerId,reviewDate
0,5,아주 만족합니다. 깔끔하고 예쁩니다.,https://phinf.pstatic.net/checkout.phinf/20210309_10/16152439300846KTnU_JPEG/review-attachment-648bac49-8976-40ff-8778-004367ea27a9.jpeg?type=f300_300,dksk****,20.08.03.
1,5,"만족하며
잘쓰고있습니다~~~~",https://phinf.pstatic.net/checkout.phinf/20210323_223/1616458526071AaqWQ_JPEG/review-attachment-b01b5078-701c-445a-995a-a65075ce3b75.jpeg?type=f300_300,lhl6****,20.02.16.
2,4,"정리공간이 넓어서 좋았습니다.
다만 양쪽 끝부분에 밀림방지 턱이나 바를 설치하면 더 좋았을거 같군요.",https://phinf.pstatic.net/checkout.phinf/20210302_101/1614654860303pmVPk_JPEG/review-attachment-e88d5520-b325-4620-b560-31182671b8a5.jpeg?type=f300_300,riri****,20.01.28.
3,5,"너무좋습니다
또사야겟어요",https://phinf.pstatic.net/checkout.phinf/20210320_238/161625127633752fXi_JPEG/review-attachment-8d547555-b09e-42f7-8133-62b96c0fd4e8.jpeg?type=f300_300,lhl6****,19.12.20.
