﻿,star,review,reviewImage,customerId,reviewDate
0,5,가격만큼의 퀄리티라 만족,https://phinf.pstatic.net/checkout.phinf/20210309_10/16152439300846KTnU_JPEG/review-attachment-648bac49-8976-40ff-8778-004367ea27a9.jpeg?type=f300_300,hell****,19.09.04.
1,4,배송기사님께서 미리 집에 남자사람이 있어야한다고 연락을 안주셔서 어쩔 수 없이 1층에 내려놓고 가셔서 힘들어 죽을뻔했어요 무거워요 옮기실때 조심들 하세요,https://phinf.pstatic.net/checkout.phinf/20210323_223/1616458526071AaqWQ_JPEG/review-attachment-b01b5078-701c-445a-995a-a65075ce3b75.jpeg?type=f300_300,tani****,19.07.05.
2,3,색도 디자인도 너무 맘에 쏙 들어요,https://phinf.pstatic.net/checkout.phinf/20210302_101/1614654860303pmVPk_JPEG/review-attachment-e88d5520-b325-4620-b560-31182671b8a5.jpeg?type=f300_300,dhrh****,19.07.03.
3,5,"여자혼자서도 조립하기좋아요
이뻐요",https://phinf.pstatic.net/checkout.phinf/20210320_238/161625127633752fXi_JPEG/review-attachment-8d547555-b09e-42f7-8133-62b96c0fd4e8.jpeg?type=f300_300,caca****,19.05.27.
4,5,조립도 쉽게 아주 잘 만들어진 제품이라 굿~~~입니다,https://phinf.pstatic.net/checkout.phinf/20210317_79/1615991623938LP6Tt_JPEG/review-attachment-4f0fb223-188a-4857-966b-cca642e40fa5.jpeg?type=f300_300,dhrh****,19.05.31.
5,5,너무너무부실해요.....비추,https://phinf.pstatic.net/checkout.phinf/20210326_128/1616734837348fnCTR_JPEG/review-attachment-38d39966-f7f3-4a7f-8b9b-c6dd145fbdee.jpeg?type=f300_300,mini****,19.04.01.
6,2,"살짝 문쪽에 붉은색으로 뭐가 묻어왔는데
안지워져요 ㅜㅜ 그거빼고는 만족해요",https://phinf.pstatic.net/checkout.phinf/20210326_90/1616725765589EluUh_JPEG/review-attachment-3ce5a608-3e5c-41f3-b53e-932b43874a21.jpeg?type=f300_300,smwi****,19.02.18.
7,4,조립은어렵지만 좋습니다,https://phinf.pstatic.net/checkout.phinf/20210311_181/16153908219153d6MN_JPEG/review-attachment-2a742365-113f-4473-96e2-33e6626a2576.jpeg?type=f300_300,oper****,19.02.19.
8,5,"화이트는 이쁠거 같아요 ㅋ
전 블랙구매햇어요 ㅋㅋ",https://phinf.pstatic.net/checkout.phinf/20210118_182/1610896999532lT0GN_JPEG/review-attachment-ebb210c9-c2f4-49b0-b059-64204ec41bd2.jpeg?type=f300_300,yeon****,19.01.04.
9,3,보기는 참 이쁜데 생각보다 가벼워여 울딸은 엄청 좋아하네여~~^^,https://phinf.pstatic.net/image.nmv/shopnbuyer_2021_01_11_0/f1f667ae-53b7-11eb-9ca7-48df379ccacc_03.jpg?type=ffn300_300,kmye****,18.11.28.
10,4,직원 기숙사 직원 기숙사에서 사용할껀데빠른배송 감사해요나중에 필요하면 또 주문하께요빠른배송 감사합니다.,https://phinf.pstatic.net/checkout.phinf/20210303_251/1614745157783pfCAY_JPEG/review-attachment-88681ab3-ca32-4489-ad2d-95dc212587fa.jpeg?type=f300_300,joka****,18.10.16.
11,5,빠른배송 좋네요,https://phinf.pstatic.net/checkout.phinf/20210311_76/1615390281821YudiK_JPEG/review-attachment-b464f07f-2e49-4620-8ac3-a967ee217cf4.jpeg?type=f300_300,joka****,18.10.16.
12,5,빠른배송 좋네요,https://phinf.pstatic.net/image.nmv/shopnbuyer_2021_01_04_0/5e8e494f-4e77-11eb-a803-a0369ff94ec8_03.jpg?type=ffn300_300,joka****,18.10.16.
13,5,빠른배송 좋네요,https://phinf.pstatic.net/checkout.phinf/20210206_297/1612617030683Q87H5_JPEG/review-attachment-19ca8ceb-bf30-4587-917c-206c591be48a.jpeg?type=f300_300,joka****,18.10.16.
14,5,그린이 생각보다 너무 색이 잘 빠져서 좋네요,https://phinf.pstatic.net/checkout.phinf/20210109_70/16101906551308Ew4b_JPEG/review-attachment-ae096340-30e9-476c-9c65-a06dae905b7b.jpeg?type=f300_300,piki****,18.09.28.
15,5,뭐 묻어서 왔어요 ㅇㅏ무리 지워도 안되네요 그리고 가운데 투명한부분이 플라스틱인지 몰랐네요 너무 싼티남,https://phinf.pstatic.net/checkout.phinf/20210217_152/1613548771381kgxE0_JPEG/review-attachment-ec0bf13f-127c-4807-b7ff-215e61e38608.jpeg?type=f300_300,seji****,18.08.19.
16,2,"손잡이불량인데 바로교체해주셨어요 신랑이랑 조립하는데 힘들었네요 혼자하기엔 무게가있어서 힘들겠어요...
튼튼한거같지는않아요 저는 이불장으로 구매했습니다
",https://phinf.pstatic.net/checkout.phinf/20210201_256/1612158639663gWLlS_JPEG/review-attachment-6c3ab54c-ce94-48de-bc96-ddea7c5677c9.jpeg?type=f300_300,mint****,18.07.23.
17,5,가성비 최고 가성비 최소네요 정말 너무 예쁩니다 물론 막 엄청 튼튼하진 않지만 안쓰는 물건 당장 안쓰는 이불 정리하기 너무 좋아요,https://phinf.pstatic.net/checkout.phinf/20210309_10/16152439300846KTnU_JPEG/review-attachment-648bac49-8976-40ff-8778-004367ea27a9.jpeg?type=f300_300,gysw****,18.06.10.
18,5,"만족해요^^  화면에는 살짝 보랏빛이 도는데,, 실제는 그렇지 않지만,,, 그래서 약간 실망스러웠지만;; 그레이 본연에 충실하게 모던해요",https://phinf.pstatic.net/checkout.phinf/20210323_223/1616458526071AaqWQ_JPEG/review-attachment-b01b5078-701c-445a-995a-a65075ce3b75.jpeg?type=f300_300,krul****,18.05.28.
19,5,너무예뻐요... ㅠㅠ 너무너무만족합니다,https://phinf.pstatic.net/checkout.phinf/20210302_101/1614654860303pmVPk_JPEG/review-attachment-e88d5520-b325-4620-b560-31182671b8a5.jpeg?type=f300_300,gysw****,18.06.10.
20,5,가격만큼의 퀄리티라 만족,https://phinf.pstatic.net/checkout.phinf/20210309_10/16152439300846KTnU_JPEG/review-attachment-648bac49-8976-40ff-8778-004367ea27a9.jpeg?type=f300_300,hell****,19.09.04.
21,4,배송기사님께서 미리 집에 남자사람이 있어야한다고 연락을 안주셔서 어쩔 수 없이 1층에 내려놓고 가셔서 힘들어 죽을뻔했어요 무거워요 옮기실때 조심들 하세요,https://phinf.pstatic.net/checkout.phinf/20210323_223/1616458526071AaqWQ_JPEG/review-attachment-b01b5078-701c-445a-995a-a65075ce3b75.jpeg?type=f300_300,tani****,19.07.05.
22,3,색도 디자인도 너무 맘에 쏙 들어요,https://phinf.pstatic.net/checkout.phinf/20210302_101/1614654860303pmVPk_JPEG/review-attachment-e88d5520-b325-4620-b560-31182671b8a5.jpeg?type=f300_300,dhrh****,19.07.03.
23,5,"여자혼자서도 조립하기좋아요
이뻐요",https://phinf.pstatic.net/checkout.phinf/20210320_238/161625127633752fXi_JPEG/review-attachment-8d547555-b09e-42f7-8133-62b96c0fd4e8.jpeg?type=f300_300,caca****,19.05.27.
24,5,조립도 쉽게 아주 잘 만들어진 제품이라 굿~~~입니다,https://phinf.pstatic.net/checkout.phinf/20210317_79/1615991623938LP6Tt_JPEG/review-attachment-4f0fb223-188a-4857-966b-cca642e40fa5.jpeg?type=f300_300,dhrh****,19.05.31.
25,5,너무너무부실해요.....비추,https://phinf.pstatic.net/checkout.phinf/20210326_128/1616734837348fnCTR_JPEG/review-attachment-38d39966-f7f3-4a7f-8b9b-c6dd145fbdee.jpeg?type=f300_300,mini****,19.04.01.
26,2,"살짝 문쪽에 붉은색으로 뭐가 묻어왔는데
안지워져요 ㅜㅜ 그거빼고는 만족해요",https://phinf.pstatic.net/checkout.phinf/20210326_90/1616725765589EluUh_JPEG/review-attachment-3ce5a608-3e5c-41f3-b53e-932b43874a21.jpeg?type=f300_300,smwi****,19.02.18.
27,4,조립은어렵지만 좋습니다,https://phinf.pstatic.net/checkout.phinf/20210311_181/16153908219153d6MN_JPEG/review-attachment-2a742365-113f-4473-96e2-33e6626a2576.jpeg?type=f300_300,oper****,19.02.19.
28,5,"화이트는 이쁠거 같아요 ㅋ
전 블랙구매햇어요 ㅋㅋ",https://phinf.pstatic.net/checkout.phinf/20210118_182/1610896999532lT0GN_JPEG/review-attachment-ebb210c9-c2f4-49b0-b059-64204ec41bd2.jpeg?type=f300_300,yeon****,19.01.04.
29,3,보기는 참 이쁜데 생각보다 가벼워여 울딸은 엄청 좋아하네여~~^^,https://phinf.pstatic.net/image.nmv/shopnbuyer_2021_01_11_0/f1f667ae-53b7-11eb-9ca7-48df379ccacc_03.jpg?type=ffn300_300,kmye****,18.11.28.
30,4,직원 기숙사 직원 기숙사에서 사용할껀데빠른배송 감사해요나중에 필요하면 또 주문하께요빠른배송 감사합니다.,https://phinf.pstatic.net/checkout.phinf/20210303_251/1614745157783pfCAY_JPEG/review-attachment-88681ab3-ca32-4489-ad2d-95dc212587fa.jpeg?type=f300_300,joka****,18.10.16.
31,5,빠른배송 좋네요,https://phinf.pstatic.net/checkout.phinf/20210311_76/1615390281821YudiK_JPEG/review-attachment-b464f07f-2e49-4620-8ac3-a967ee217cf4.jpeg?type=f300_300,joka****,18.10.16.
32,5,빠른배송 좋네요,https://phinf.pstatic.net/image.nmv/shopnbuyer_2021_01_04_0/5e8e494f-4e77-11eb-a803-a0369ff94ec8_03.jpg?type=ffn300_300,joka****,18.10.16.
33,5,빠른배송 좋네요,https://phinf.pstatic.net/checkout.phinf/20210206_297/1612617030683Q87H5_JPEG/review-attachment-19ca8ceb-bf30-4587-917c-206c591be48a.jpeg?type=f300_300,joka****,18.10.16.
34,5,그린이 생각보다 너무 색이 잘 빠져서 좋네요,https://phinf.pstatic.net/checkout.phinf/20210109_70/16101906551308Ew4b_JPEG/review-attachment-ae096340-30e9-476c-9c65-a06dae905b7b.jpeg?type=f300_300,piki****,18.09.28.
35,5,뭐 묻어서 왔어요 ㅇㅏ무리 지워도 안되네요 그리고 가운데 투명한부분이 플라스틱인지 몰랐네요 너무 싼티남,https://phinf.pstatic.net/checkout.phinf/20210217_152/1613548771381kgxE0_JPEG/review-attachment-ec0bf13f-127c-4807-b7ff-215e61e38608.jpeg?type=f300_300,seji****,18.08.19.
36,2,"손잡이불량인데 바로교체해주셨어요 신랑이랑 조립하는데 힘들었네요 혼자하기엔 무게가있어서 힘들겠어요...
튼튼한거같지는않아요 저는 이불장으로 구매했습니다
",https://phinf.pstatic.net/checkout.phinf/20210201_256/1612158639663gWLlS_JPEG/review-attachment-6c3ab54c-ce94-48de-bc96-ddea7c5677c9.jpeg?type=f300_300,mint****,18.07.23.
37,5,가성비 최고 가성비 최소네요 정말 너무 예쁩니다 물론 막 엄청 튼튼하진 않지만 안쓰는 물건 당장 안쓰는 이불 정리하기 너무 좋아요,https://phinf.pstatic.net/checkout.phinf/20210309_10/16152439300846KTnU_JPEG/review-attachment-648bac49-8976-40ff-8778-004367ea27a9.jpeg?type=f300_300,gysw****,18.06.10.
38,5,"만족해요^^  화면에는 살짝 보랏빛이 도는데,, 실제는 그렇지 않지만,,, 그래서 약간 실망스러웠지만;; 그레이 본연에 충실하게 모던해요",https://phinf.pstatic.net/checkout.phinf/20210323_223/1616458526071AaqWQ_JPEG/review-attachment-b01b5078-701c-445a-995a-a65075ce3b75.jpeg?type=f300_300,krul****,18.05.28.
39,5,너무예뻐요... ㅠㅠ 너무너무만족합니다,https://phinf.pstatic.net/checkout.phinf/20210302_101/1614654860303pmVPk_JPEG/review-attachment-e88d5520-b325-4620-b560-31182671b8a5.jpeg?type=f300_300,gysw****,18.06.10.
