﻿,star,review,reviewImage,customerId,reviewDate
0,5,엄청 크고 튼튼해보이고 좋아요 추천합니다,https://phinf.pstatic.net/checkout.phinf/20210309_10/16152439300846KTnU_JPEG/review-attachment-648bac49-8976-40ff-8778-004367ea27a9.jpeg?type=f300_300,jong****,20.12.11.
1,5,멋진옷장이네요 설명두 친절하고,https://phinf.pstatic.net/checkout.phinf/20210323_223/1616458526071AaqWQ_JPEG/review-attachment-b01b5078-701c-445a-995a-a65075ce3b75.jpeg?type=f300_300,ran9****,20.07.05.
2,5,"튼튼하고 디자인도 깔끔해요
공간 활용도가 좋은데 수납공간도 많아서 실용적이네요!!",https://phinf.pstatic.net/checkout.phinf/20210302_101/1614654860303pmVPk_JPEG/review-attachment-e88d5520-b325-4620-b560-31182671b8a5.jpeg?type=f300_300,lumi****,19.12.12.
3,5,"튼튼하고 이뻐요 , 수납도 넉넉해요",https://phinf.pstatic.net/checkout.phinf/20210320_238/161625127633752fXi_JPEG/review-attachment-8d547555-b09e-42f7-8133-62b96c0fd4e8.jpeg?type=f300_300,lumi****,19.11.05.
