﻿,star,review,reviewImage,customerId,reviewDate
0,5,조용히 닫혀서 손이 다칠 일이 없을 것 같아요 천장에 거의 딱맞게 설치되고 벽 공간도 딱맞아서 빌트인인 듯이 딱 좋네요 디자인도 좋고 기사님들도 친절하세요,https://phinf.pstatic.net/checkout.phinf/20210309_10/16152439300846KTnU_JPEG/review-attachment-648bac49-8976-40ff-8778-004367ea27a9.jpeg?type=f300_300,maru****,20.06.02.
1,4,"셔츠나 양복 상의는 길이가 맞는데 반코트는 사진처럼 접히네요 알고 산거긴 합니다만~색이 환한 화이트가 아니라 어두운 하얀색이에요

이쁘고 맘에 듭니다 냄새는 좀 나요ᆢ",https://phinf.pstatic.net/checkout.phinf/20210323_223/1616458526071AaqWQ_JPEG/review-attachment-b01b5078-701c-445a-995a-a65075ce3b75.jpeg?type=f300_300,mim0****,19.07.01.
2,5,기사님이 빠르고 친절하게 설치해주셨어요,https://phinf.pstatic.net/checkout.phinf/20210302_101/1614654860303pmVPk_JPEG/review-attachment-e88d5520-b325-4620-b560-31182671b8a5.jpeg?type=f300_300,kath****,19.07.16.
3,5,적당해요 아쉬운점도 많지만 그런대로,https://phinf.pstatic.net/checkout.phinf/20210320_238/161625127633752fXi_JPEG/review-attachment-8d547555-b09e-42f7-8133-62b96c0fd4e8.jpeg?type=f300_300,good****,19.06.24.
4,5,"키높이장이라 공간활용 좋습니다
디자인도 무리없구요",https://phinf.pstatic.net/checkout.phinf/20210317_79/1615991623938LP6Tt_JPEG/review-attachment-4f0fb223-188a-4857-966b-cca642e40fa5.jpeg?type=f300_300,star****,19.07.09.
5,5,"사이즈가 맞는 공간이 비어있어 이불정리장으로 구매
도어가 댐퍼경첩이라 소리없이 닫히는점 맘에 들고, 색상은 완전화이트. 
가운데 선반은 두께가 좀 있으나 하단이 상단과 똑같은 얇은두께인 점이 좀 의문.
옷장용도로 사용하시는 분들운 옷을 어차피 바에 거니까 큰문제는 없겠고, 저는 엄청 무거운 이불이 없어서 그냥 사용하겠으나 
내구성. 안정감 측면에서 하단두께는 조정이 필요하다는 개인적인 의견입니다.",https://phinf.pstatic.net/checkout.phinf/20210326_128/1616734837348fnCTR_JPEG/review-attachment-38d39966-f7f3-4a7f-8b9b-c6dd145fbdee.jpeg?type=f300_300,apri****,19.06.07.
6,4,빠르고 친절하게 시공해주셨어요. 안내전화도 여러차례 주셨고 옷장도 깔끔하고 잘 열려요.,https://phinf.pstatic.net/checkout.phinf/20210326_90/1616725765589EluUh_JPEG/review-attachment-3ce5a608-3e5c-41f3-b53e-932b43874a21.jpeg?type=f300_300,peng****,19.05.27.
7,5,"깔끔하니 좋습니다
새제품이니 2일정도 환기시키고.
수납공간많아 좋습니다
설치기사님도 엄청 친절하시고
성의껏 설치해 주셨습니다",https://phinf.pstatic.net/checkout.phinf/20210311_181/16153908219153d6MN_JPEG/review-attachment-2a742365-113f-4473-96e2-33e6626a2576.jpeg?type=f300_300,star****,19.05.13.
8,4,집에 있는 붙박이장이 더 높아서 조금 아쉽긴하지만 기사님이 설치 잘해주셔서 조아용,https://phinf.pstatic.net/checkout.phinf/20210118_182/1610896999532lT0GN_JPEG/review-attachment-ebb210c9-c2f4-49b0-b059-64204ec41bd2.jpeg?type=f300_300,a_ei****,19.02.26.
9,5,"설치도 빠르고 친절하시고
맘에듭니다",https://phinf.pstatic.net/image.nmv/shopnbuyer_2021_01_11_0/f1f667ae-53b7-11eb-9ca7-48df379ccacc_03.jpg?type=ffn300_300,bett****,19.03.05.
10,5,생각했던것처럼 이쁩니다. 설치도 깔끔하게 잘해주셨습니다~,https://phinf.pstatic.net/checkout.phinf/20210303_251/1614745157783pfCAY_JPEG/review-attachment-88681ab3-ca32-4489-ad2d-95dc212587fa.jpeg?type=f300_300,inoc****,19.01.27.
11,5,키가 높아서 수납 좋아요,https://phinf.pstatic.net/checkout.phinf/20210311_76/1615390281821YudiK_JPEG/review-attachment-b464f07f-2e49-4620-8ac3-a967ee217cf4.jpeg?type=f300_300,yo37****,18.12.29.
12,5,"아주 만족스러운데.. 별하나를 뺀 이유는.. 처음에 냄새가 좀 많이 났어요.. 한동안 옷장문 다 열어놓고 지냈고.. 방 환기도 꽤 오랫동안 시켰던 기억 때문이예요.. 
옷장 높이 넉넉해서 수납공간은 아주 좋아요!!
색상도 화면이미지와 거의 같아요.. 방이 화사해졌어요~^^",https://phinf.pstatic.net/image.nmv/shopnbuyer_2021_01_04_0/5e8e494f-4e77-11eb-a803-a0369ff94ec8_03.jpg?type=ffn300_300,hji2****,18.11.18.
13,5,만족합니다. 냄세도 많이 안나네오,https://phinf.pstatic.net/checkout.phinf/20210206_297/1612617030683Q87H5_JPEG/review-attachment-19ca8ceb-bf30-4587-917c-206c591be48a.jpeg?type=f300_300,yng2****,18.12.10.
14,4,"깔끔하니 이뻐요^^
처음엔 냄새 좀 났었는데.. 며칠 문열어놓고 환기 잘하니 이제 괜찮네요^^",https://phinf.pstatic.net/checkout.phinf/20210109_70/16101906551308Ew4b_JPEG/review-attachment-ae096340-30e9-476c-9c65-a06dae905b7b.jpeg?type=f300_300,hji2****,18.10.01.
15,4,그럭저럭 괜찮아요,https://phinf.pstatic.net/checkout.phinf/20210217_152/1613548771381kgxE0_JPEG/review-attachment-ec0bf13f-127c-4807-b7ff-215e61e38608.jpeg?type=f300_300,a101****,17.11.27.
16,4,정말 잘샀어요,https://phinf.pstatic.net/checkout.phinf/20210201_256/1612158639663gWLlS_JPEG/review-attachment-6c3ab54c-ce94-48de-bc96-ddea7c5677c9.jpeg?type=f300_300,m-al****,17.09.30.
17,5,만족합니다,https://phinf.pstatic.net/checkout.phinf/20210309_10/16152439300846KTnU_JPEG/review-attachment-648bac49-8976-40ff-8778-004367ea27a9.jpeg?type=f300_300,sr65****,17.09.25.
18,5,"싱크대 책장 붙박이장 이번에 아이방장농까지
한샘은 믿고 구매하는 브랜드입니다
장농은 사이즈도 딱맞고 배송기사님도 
잘설치해주셔서 더 좋았습니다",https://phinf.pstatic.net/checkout.phinf/20210323_223/1616458526071AaqWQ_JPEG/review-attachment-b01b5078-701c-445a-995a-a65075ce3b75.jpeg?type=f300_300,mink****,17.08.24.
19,5,만족합니다 ,https://phinf.pstatic.net/checkout.phinf/20210302_101/1614654860303pmVPk_JPEG/review-attachment-e88d5520-b325-4620-b560-31182671b8a5.jpeg?type=f300_300,sr65****,17.08.28.
20,5,조용히 닫혀서 손이 다칠 일이 없을 것 같아요 천장에 거의 딱맞게 설치되고 벽 공간도 딱맞아서 빌트인인 듯이 딱 좋네요 디자인도 좋고 기사님들도 친절하세요,https://phinf.pstatic.net/checkout.phinf/20210309_10/16152439300846KTnU_JPEG/review-attachment-648bac49-8976-40ff-8778-004367ea27a9.jpeg?type=f300_300,maru****,20.06.02.
21,4,"셔츠나 양복 상의는 길이가 맞는데 반코트는 사진처럼 접히네요 알고 산거긴 합니다만~색이 환한 화이트가 아니라 어두운 하얀색이에요

이쁘고 맘에 듭니다 냄새는 좀 나요ᆢ",https://phinf.pstatic.net/checkout.phinf/20210323_223/1616458526071AaqWQ_JPEG/review-attachment-b01b5078-701c-445a-995a-a65075ce3b75.jpeg?type=f300_300,mim0****,19.07.01.
22,5,기사님이 빠르고 친절하게 설치해주셨어요,https://phinf.pstatic.net/checkout.phinf/20210302_101/1614654860303pmVPk_JPEG/review-attachment-e88d5520-b325-4620-b560-31182671b8a5.jpeg?type=f300_300,kath****,19.07.16.
23,5,적당해요 아쉬운점도 많지만 그런대로,https://phinf.pstatic.net/checkout.phinf/20210320_238/161625127633752fXi_JPEG/review-attachment-8d547555-b09e-42f7-8133-62b96c0fd4e8.jpeg?type=f300_300,good****,19.06.24.
24,5,"키높이장이라 공간활용 좋습니다
디자인도 무리없구요",https://phinf.pstatic.net/checkout.phinf/20210317_79/1615991623938LP6Tt_JPEG/review-attachment-4f0fb223-188a-4857-966b-cca642e40fa5.jpeg?type=f300_300,star****,19.07.09.
25,5,"사이즈가 맞는 공간이 비어있어 이불정리장으로 구매
도어가 댐퍼경첩이라 소리없이 닫히는점 맘에 들고, 색상은 완전화이트. 
가운데 선반은 두께가 좀 있으나 하단이 상단과 똑같은 얇은두께인 점이 좀 의문.
옷장용도로 사용하시는 분들운 옷을 어차피 바에 거니까 큰문제는 없겠고, 저는 엄청 무거운 이불이 없어서 그냥 사용하겠으나 
내구성. 안정감 측면에서 하단두께는 조정이 필요하다는 개인적인 의견입니다.",https://phinf.pstatic.net/checkout.phinf/20210326_128/1616734837348fnCTR_JPEG/review-attachment-38d39966-f7f3-4a7f-8b9b-c6dd145fbdee.jpeg?type=f300_300,apri****,19.06.07.
26,4,빠르고 친절하게 시공해주셨어요. 안내전화도 여러차례 주셨고 옷장도 깔끔하고 잘 열려요.,https://phinf.pstatic.net/checkout.phinf/20210326_90/1616725765589EluUh_JPEG/review-attachment-3ce5a608-3e5c-41f3-b53e-932b43874a21.jpeg?type=f300_300,peng****,19.05.27.
27,5,"깔끔하니 좋습니다
새제품이니 2일정도 환기시키고.
수납공간많아 좋습니다
설치기사님도 엄청 친절하시고
성의껏 설치해 주셨습니다",https://phinf.pstatic.net/checkout.phinf/20210311_181/16153908219153d6MN_JPEG/review-attachment-2a742365-113f-4473-96e2-33e6626a2576.jpeg?type=f300_300,star****,19.05.13.
28,4,집에 있는 붙박이장이 더 높아서 조금 아쉽긴하지만 기사님이 설치 잘해주셔서 조아용,https://phinf.pstatic.net/checkout.phinf/20210118_182/1610896999532lT0GN_JPEG/review-attachment-ebb210c9-c2f4-49b0-b059-64204ec41bd2.jpeg?type=f300_300,a_ei****,19.02.26.
29,5,"설치도 빠르고 친절하시고
맘에듭니다",https://phinf.pstatic.net/image.nmv/shopnbuyer_2021_01_11_0/f1f667ae-53b7-11eb-9ca7-48df379ccacc_03.jpg?type=ffn300_300,bett****,19.03.05.
30,5,생각했던것처럼 이쁩니다. 설치도 깔끔하게 잘해주셨습니다~,https://phinf.pstatic.net/checkout.phinf/20210303_251/1614745157783pfCAY_JPEG/review-attachment-88681ab3-ca32-4489-ad2d-95dc212587fa.jpeg?type=f300_300,inoc****,19.01.27.
31,5,키가 높아서 수납 좋아요,https://phinf.pstatic.net/checkout.phinf/20210311_76/1615390281821YudiK_JPEG/review-attachment-b464f07f-2e49-4620-8ac3-a967ee217cf4.jpeg?type=f300_300,yo37****,18.12.29.
32,5,"아주 만족스러운데.. 별하나를 뺀 이유는.. 처음에 냄새가 좀 많이 났어요.. 한동안 옷장문 다 열어놓고 지냈고.. 방 환기도 꽤 오랫동안 시켰던 기억 때문이예요.. 
옷장 높이 넉넉해서 수납공간은 아주 좋아요!!
색상도 화면이미지와 거의 같아요.. 방이 화사해졌어요~^^",https://phinf.pstatic.net/image.nmv/shopnbuyer_2021_01_04_0/5e8e494f-4e77-11eb-a803-a0369ff94ec8_03.jpg?type=ffn300_300,hji2****,18.11.18.
33,5,만족합니다. 냄세도 많이 안나네오,https://phinf.pstatic.net/checkout.phinf/20210206_297/1612617030683Q87H5_JPEG/review-attachment-19ca8ceb-bf30-4587-917c-206c591be48a.jpeg?type=f300_300,yng2****,18.12.10.
34,4,"깔끔하니 이뻐요^^
처음엔 냄새 좀 났었는데.. 며칠 문열어놓고 환기 잘하니 이제 괜찮네요^^",https://phinf.pstatic.net/checkout.phinf/20210109_70/16101906551308Ew4b_JPEG/review-attachment-ae096340-30e9-476c-9c65-a06dae905b7b.jpeg?type=f300_300,hji2****,18.10.01.
35,4,그럭저럭 괜찮아요,https://phinf.pstatic.net/checkout.phinf/20210217_152/1613548771381kgxE0_JPEG/review-attachment-ec0bf13f-127c-4807-b7ff-215e61e38608.jpeg?type=f300_300,a101****,17.11.27.
36,4,정말 잘샀어요,https://phinf.pstatic.net/checkout.phinf/20210201_256/1612158639663gWLlS_JPEG/review-attachment-6c3ab54c-ce94-48de-bc96-ddea7c5677c9.jpeg?type=f300_300,m-al****,17.09.30.
37,5,만족합니다,https://phinf.pstatic.net/checkout.phinf/20210309_10/16152439300846KTnU_JPEG/review-attachment-648bac49-8976-40ff-8778-004367ea27a9.jpeg?type=f300_300,sr65****,17.09.25.
38,5,"싱크대 책장 붙박이장 이번에 아이방장농까지
한샘은 믿고 구매하는 브랜드입니다
장농은 사이즈도 딱맞고 배송기사님도 
잘설치해주셔서 더 좋았습니다",https://phinf.pstatic.net/checkout.phinf/20210323_223/1616458526071AaqWQ_JPEG/review-attachment-b01b5078-701c-445a-995a-a65075ce3b75.jpeg?type=f300_300,mink****,17.08.24.
39,5,만족합니다 ,https://phinf.pstatic.net/checkout.phinf/20210302_101/1614654860303pmVPk_JPEG/review-attachment-e88d5520-b325-4620-b560-31182671b8a5.jpeg?type=f300_300,sr65****,17.08.28.
