﻿,star,review,reviewImage,customerId,reviewDate
0,5,"침대와 같이 구매했는데 디자인 이쁘고 색상 고급스러워요. 흰색으로 할까 고민했었는데 이 색상으로 선택하길 잘한것 같아요.
아이방 옷장이라 안에 내부를 옷걸이형 말고 수납공간으로 할걸 후회되긴 하지만 가구는 만족스러워요",https://phinf.pstatic.net/checkout.phinf/20210309_10/16152439300846KTnU_JPEG/review-attachment-648bac49-8976-40ff-8778-004367ea27a9.jpeg?type=f300_300,ssoo****,21.02.21.
1,5,"세련되고 이뿜~뿜뿜&견고합니다. 그런데 제품에서 나오는 냄새는 
심하여 집안의 문이란 문은 다 오픈하고 있는중ㆍ몇일 둬서 빠질것 같은 냄새는 아닙니다.
솔직히 접착제 냄새 등등... 때문에 값을 떠나서 구매한건데 많이 아쉬웠습니다. 
또한 수납장 정면에 아주 미세한 결점(홈?)이 있으나 생활스크레치도 발생할텐데 그냥 사용할께요.
그래도 제품은 아주 이뻐요♡ 만족합니다^^
냄새가 속히 없어지길 바래보면서...@@^^

늦은 시간 고생하신 배송 기사님께♡ 감사드려요!~^^",https://phinf.pstatic.net/checkout.phinf/20210323_223/1616458526071AaqWQ_JPEG/review-attachment-b01b5078-701c-445a-995a-a65075ce3b75.jpeg?type=f300_300,f33s****,21.02.27.
2,5,색감이 너무 좋네요. 다른 가구들과 잘 어울려요.,https://phinf.pstatic.net/checkout.phinf/20210302_101/1614654860303pmVPk_JPEG/review-attachment-e88d5520-b325-4620-b560-31182671b8a5.jpeg?type=f300_300,ssoo****,21.02.05.
