﻿,star,review,reviewImage,customerId,reviewDate
0,5,"현재 드레스룸에 빈 공간에 맞는게 있을까 찾던 중 딱 사이즈 맞는걸 찾았어요.
까사미아 제품은 고급스러움이 장점이네요
은은한 색상에 튼튼함까지..만족합니다",https://phinf.pstatic.net/checkout.phinf/20210309_10/16152439300846KTnU_JPEG/review-attachment-648bac49-8976-40ff-8778-004367ea27a9.jpeg?type=f300_300,ki93****,20.09.04.
1,5,하나 있던거 너무 알차게 잘 써서 하나 더 구매했어요,https://phinf.pstatic.net/checkout.phinf/20210323_223/1616458526071AaqWQ_JPEG/review-attachment-b01b5078-701c-445a-995a-a65075ce3b75.jpeg?type=f300_300,symo****,20.07.21.
2,5,원래쓰던 거에 이어서 했는데 너무 예뻐요~~ 기사님 진짜 너무 친절하셨습니다!!,https://phinf.pstatic.net/checkout.phinf/20210302_101/1614654860303pmVPk_JPEG/review-attachment-e88d5520-b325-4620-b560-31182671b8a5.jpeg?type=f300_300,skfk****,20.06.29.
3,5,와우~~~마감도 깔끔하고 미리 시간체크도 해주시고 무엇보다 지방은 구매할땐 지정일 맞춰주신다하다가 그걸 어기시는데 까사미아 배송팀은 정확히 지켜주셔서 무엇보다 감사합니당 ㅎ 또 더 극찬할것은 미리 헌가구 내려다 달라 해야는데 말 안했는데 친절하게도 혹시나 여쭤보았는데 시간 남으신다고 원랜 죄송해서 2개중 1개만 해달라 했는데 이왕하는거 2개 다 해주신다고 흔쾌히 말씀하셔서 다시한번 감동용 ㅎ 짱입니다용 젊으신분이 일에 대한 열정과 친절함에 다시 한번 꼭 까사미아 찾을꺼예용 ㅎ 성함을 몰라 죄송합니다ㅠ,https://phinf.pstatic.net/checkout.phinf/20210320_238/161625127633752fXi_JPEG/review-attachment-8d547555-b09e-42f7-8133-62b96c0fd4e8.jpeg?type=f300_300,eh74****,19.11.18.
4,5,"아주 제맘에 딱이에요
깔끔합니다~",https://phinf.pstatic.net/checkout.phinf/20210317_79/1615991623938LP6Tt_JPEG/review-attachment-4f0fb223-188a-4857-966b-cca642e40fa5.jpeg?type=f300_300,chao****,19.11.30.
5,5,색감이 너무 예뻐요. 볼때마다 잘 산것 같아 흐뭇해요 ㅎㅎ,https://phinf.pstatic.net/checkout.phinf/20210326_128/1616734837348fnCTR_JPEG/review-attachment-38d39966-f7f3-4a7f-8b9b-c6dd145fbdee.jpeg?type=f300_300,upar****,19.11.28.
6,5,색감이 너무 예뻐서 볼때마다 흐뭇해요,https://phinf.pstatic.net/checkout.phinf/20210326_90/1616725765589EluUh_JPEG/review-attachment-3ce5a608-3e5c-41f3-b53e-932b43874a21.jpeg?type=f300_300,upar****,19.11.28.
7,5,색감이 너무 예뻐서 볼때마다 흐뭇해요,https://phinf.pstatic.net/checkout.phinf/20210311_181/16153908219153d6MN_JPEG/review-attachment-2a742365-113f-4473-96e2-33e6626a2576.jpeg?type=f300_300,upar****,19.11.28.
8,5,만족해용 ㅎㅎㅎ 색도 고급지고용 냄새도 안나요,https://phinf.pstatic.net/checkout.phinf/20210118_182/1610896999532lT0GN_JPEG/review-attachment-ebb210c9-c2f4-49b0-b059-64204ec41bd2.jpeg?type=f300_300,eh74****,19.11.18.
9,5,색상도 예쁘고 옷도 많이걸수있어서 조아요  흔들리지않아서 조아요,https://phinf.pstatic.net/image.nmv/shopnbuyer_2021_01_11_0/f1f667ae-53b7-11eb-9ca7-48df379ccacc_03.jpg?type=ffn300_300,dbsw****,19.11.07.
10,5,훌륭훌륭해용 굿굿굿,https://phinf.pstatic.net/checkout.phinf/20210303_251/1614745157783pfCAY_JPEG/review-attachment-88681ab3-ca32-4489-ad2d-95dc212587fa.jpeg?type=f300_300,eh74****,19.11.18.
11,5,공간활용 내구성 만족스럽네요. 가격은 좀 내렸으면합니다.,https://phinf.pstatic.net/checkout.phinf/20210311_76/1615390281821YudiK_JPEG/review-attachment-b464f07f-2e49-4620-8ac3-a967ee217cf4.jpeg?type=f300_300,caro****,19.10.07.
12,5,잘 쓰고 있어요. 서랍이 조금 더 넓었으면 싶네요. 수납하기 약간 애매해서,https://phinf.pstatic.net/image.nmv/shopnbuyer_2021_01_04_0/5e8e494f-4e77-11eb-a803-a0369ff94ec8_03.jpg?type=ffn300_300,miro****,19.08.10.
13,5,"철프레임이라 튼튼하네요
설치후 흔들리지도 않고
좋은가격에 잘산것 같아요",https://phinf.pstatic.net/checkout.phinf/20210206_297/1612617030683Q87H5_JPEG/review-attachment-19ca8ceb-bf30-4587-917c-206c591be48a.jpeg?type=f300_300,sung****,19.08.06.
14,5,"화면과 다르지 않습니다. 긴옷이 많아서 구입했는데, 매우 만족합니다.",https://phinf.pstatic.net/checkout.phinf/20210109_70/16101906551308Ew4b_JPEG/review-attachment-ae096340-30e9-476c-9c65-a06dae905b7b.jpeg?type=f300_300,caro****,19.07.18.
15,4,디자인이 넘좋아요 공간도 좋고요,https://phinf.pstatic.net/checkout.phinf/20210217_152/1613548771381kgxE0_JPEG/review-attachment-ec0bf13f-127c-4807-b7ff-215e61e38608.jpeg?type=f300_300,hayo****,19.07.17.
16,4,좁은 장소 활용으로 좋습니다. 만족합니다.,https://phinf.pstatic.net/checkout.phinf/20210201_256/1612158639663gWLlS_JPEG/review-attachment-6c3ab54c-ce94-48de-bc96-ddea7c5677c9.jpeg?type=f300_300,caro****,19.07.18.
17,4,"깔끔합니다.
배송도 친절하고 재구매 의사 있습니다",https://phinf.pstatic.net/checkout.phinf/20210309_10/16152439300846KTnU_JPEG/review-attachment-648bac49-8976-40ff-8778-004367ea27a9.jpeg?type=f300_300,miro****,19.06.30.
18,4,가구가 넘 이쁘네요~^^,https://phinf.pstatic.net/checkout.phinf/20210323_223/1616458526071AaqWQ_JPEG/review-attachment-b01b5078-701c-445a-995a-a65075ce3b75.jpeg?type=f300_300,shsh****,19.06.26.
19,5,추천 코너장 끼고 옆으로배치했는데 딱좋습니다. 롱원피스나 롱 아우터 수납에 좋고 아랫칸에 바구니 넣어서 미니백 수납하기 좋아요!,https://phinf.pstatic.net/checkout.phinf/20210302_101/1614654860303pmVPk_JPEG/review-attachment-e88d5520-b325-4620-b560-31182671b8a5.jpeg?type=f300_300,gktn****,18.08.23.
20,5,"현재 드레스룸에 빈 공간에 맞는게 있을까 찾던 중 딱 사이즈 맞는걸 찾았어요.
까사미아 제품은 고급스러움이 장점이네요
은은한 색상에 튼튼함까지..만족합니다",https://phinf.pstatic.net/checkout.phinf/20210309_10/16152439300846KTnU_JPEG/review-attachment-648bac49-8976-40ff-8778-004367ea27a9.jpeg?type=f300_300,ki93****,20.09.04.
21,5,하나 있던거 너무 알차게 잘 써서 하나 더 구매했어요,https://phinf.pstatic.net/checkout.phinf/20210323_223/1616458526071AaqWQ_JPEG/review-attachment-b01b5078-701c-445a-995a-a65075ce3b75.jpeg?type=f300_300,symo****,20.07.21.
22,5,원래쓰던 거에 이어서 했는데 너무 예뻐요~~ 기사님 진짜 너무 친절하셨습니다!!,https://phinf.pstatic.net/checkout.phinf/20210302_101/1614654860303pmVPk_JPEG/review-attachment-e88d5520-b325-4620-b560-31182671b8a5.jpeg?type=f300_300,skfk****,20.06.29.
23,5,와우~~~마감도 깔끔하고 미리 시간체크도 해주시고 무엇보다 지방은 구매할땐 지정일 맞춰주신다하다가 그걸 어기시는데 까사미아 배송팀은 정확히 지켜주셔서 무엇보다 감사합니당 ㅎ 또 더 극찬할것은 미리 헌가구 내려다 달라 해야는데 말 안했는데 친절하게도 혹시나 여쭤보았는데 시간 남으신다고 원랜 죄송해서 2개중 1개만 해달라 했는데 이왕하는거 2개 다 해주신다고 흔쾌히 말씀하셔서 다시한번 감동용 ㅎ 짱입니다용 젊으신분이 일에 대한 열정과 친절함에 다시 한번 꼭 까사미아 찾을꺼예용 ㅎ 성함을 몰라 죄송합니다ㅠ,https://phinf.pstatic.net/checkout.phinf/20210320_238/161625127633752fXi_JPEG/review-attachment-8d547555-b09e-42f7-8133-62b96c0fd4e8.jpeg?type=f300_300,eh74****,19.11.18.
24,5,"아주 제맘에 딱이에요
깔끔합니다~",https://phinf.pstatic.net/checkout.phinf/20210317_79/1615991623938LP6Tt_JPEG/review-attachment-4f0fb223-188a-4857-966b-cca642e40fa5.jpeg?type=f300_300,chao****,19.11.30.
25,5,색감이 너무 예뻐요. 볼때마다 잘 산것 같아 흐뭇해요 ㅎㅎ,https://phinf.pstatic.net/checkout.phinf/20210326_128/1616734837348fnCTR_JPEG/review-attachment-38d39966-f7f3-4a7f-8b9b-c6dd145fbdee.jpeg?type=f300_300,upar****,19.11.28.
26,5,색감이 너무 예뻐서 볼때마다 흐뭇해요,https://phinf.pstatic.net/checkout.phinf/20210326_90/1616725765589EluUh_JPEG/review-attachment-3ce5a608-3e5c-41f3-b53e-932b43874a21.jpeg?type=f300_300,upar****,19.11.28.
27,5,색감이 너무 예뻐서 볼때마다 흐뭇해요,https://phinf.pstatic.net/checkout.phinf/20210311_181/16153908219153d6MN_JPEG/review-attachment-2a742365-113f-4473-96e2-33e6626a2576.jpeg?type=f300_300,upar****,19.11.28.
28,5,만족해용 ㅎㅎㅎ 색도 고급지고용 냄새도 안나요,https://phinf.pstatic.net/checkout.phinf/20210118_182/1610896999532lT0GN_JPEG/review-attachment-ebb210c9-c2f4-49b0-b059-64204ec41bd2.jpeg?type=f300_300,eh74****,19.11.18.
29,5,색상도 예쁘고 옷도 많이걸수있어서 조아요  흔들리지않아서 조아요,https://phinf.pstatic.net/image.nmv/shopnbuyer_2021_01_11_0/f1f667ae-53b7-11eb-9ca7-48df379ccacc_03.jpg?type=ffn300_300,dbsw****,19.11.07.
30,5,훌륭훌륭해용 굿굿굿,https://phinf.pstatic.net/checkout.phinf/20210303_251/1614745157783pfCAY_JPEG/review-attachment-88681ab3-ca32-4489-ad2d-95dc212587fa.jpeg?type=f300_300,eh74****,19.11.18.
31,5,공간활용 내구성 만족스럽네요. 가격은 좀 내렸으면합니다.,https://phinf.pstatic.net/checkout.phinf/20210311_76/1615390281821YudiK_JPEG/review-attachment-b464f07f-2e49-4620-8ac3-a967ee217cf4.jpeg?type=f300_300,caro****,19.10.07.
32,5,잘 쓰고 있어요. 서랍이 조금 더 넓었으면 싶네요. 수납하기 약간 애매해서,https://phinf.pstatic.net/image.nmv/shopnbuyer_2021_01_04_0/5e8e494f-4e77-11eb-a803-a0369ff94ec8_03.jpg?type=ffn300_300,miro****,19.08.10.
33,5,"철프레임이라 튼튼하네요
설치후 흔들리지도 않고
좋은가격에 잘산것 같아요",https://phinf.pstatic.net/checkout.phinf/20210206_297/1612617030683Q87H5_JPEG/review-attachment-19ca8ceb-bf30-4587-917c-206c591be48a.jpeg?type=f300_300,sung****,19.08.06.
34,5,"화면과 다르지 않습니다. 긴옷이 많아서 구입했는데, 매우 만족합니다.",https://phinf.pstatic.net/checkout.phinf/20210109_70/16101906551308Ew4b_JPEG/review-attachment-ae096340-30e9-476c-9c65-a06dae905b7b.jpeg?type=f300_300,caro****,19.07.18.
35,4,디자인이 넘좋아요 공간도 좋고요,https://phinf.pstatic.net/checkout.phinf/20210217_152/1613548771381kgxE0_JPEG/review-attachment-ec0bf13f-127c-4807-b7ff-215e61e38608.jpeg?type=f300_300,hayo****,19.07.17.
36,4,좁은 장소 활용으로 좋습니다. 만족합니다.,https://phinf.pstatic.net/checkout.phinf/20210201_256/1612158639663gWLlS_JPEG/review-attachment-6c3ab54c-ce94-48de-bc96-ddea7c5677c9.jpeg?type=f300_300,caro****,19.07.18.
37,4,"깔끔합니다.
배송도 친절하고 재구매 의사 있습니다",https://phinf.pstatic.net/checkout.phinf/20210309_10/16152439300846KTnU_JPEG/review-attachment-648bac49-8976-40ff-8778-004367ea27a9.jpeg?type=f300_300,miro****,19.06.30.
38,4,가구가 넘 이쁘네요~^^,https://phinf.pstatic.net/checkout.phinf/20210323_223/1616458526071AaqWQ_JPEG/review-attachment-b01b5078-701c-445a-995a-a65075ce3b75.jpeg?type=f300_300,shsh****,19.06.26.
39,5,추천 코너장 끼고 옆으로배치했는데 딱좋습니다. 롱원피스나 롱 아우터 수납에 좋고 아랫칸에 바구니 넣어서 미니백 수납하기 좋아요!,https://phinf.pstatic.net/checkout.phinf/20210302_101/1614654860303pmVPk_JPEG/review-attachment-e88d5520-b325-4620-b560-31182671b8a5.jpeg?type=f300_300,gktn****,18.08.23.
