﻿,star,review,reviewImage,customerId,reviewDate
0,3,조립이 조금 어렵긴하지만 내구성 좋아보이고 가격 적당해요,https://phinf.pstatic.net/checkout.phinf/20210309_10/16152439300846KTnU_JPEG/review-attachment-648bac49-8976-40ff-8778-004367ea27a9.jpeg?type=f300_300,chul****,21.02.28.
1,4,"가격대비 무난합니다~!
옷걸이 봉을 늘릴수 있어서 옷도 넉넉히 걸수 있네요~",https://phinf.pstatic.net/checkout.phinf/20210323_223/1616458526071AaqWQ_JPEG/review-attachment-b01b5078-701c-445a-995a-a65075ce3b75.jpeg?type=f300_300,poto****,21.02.02.
2,5,"구입하길 넘넘 잘했어요~
자투리공간에 쏙 들어가고 수납도 충분해요~",https://phinf.pstatic.net/checkout.phinf/20210302_101/1614654860303pmVPk_JPEG/review-attachment-e88d5520-b325-4620-b560-31182671b8a5.jpeg?type=f300_300,juic****,20.09.21.
