﻿,star,review,reviewImage,customerId,reviewDate
0,4,튼튼하고 잘사용하고 있어요,https://phinf.pstatic.net/checkout.phinf/20210309_10/16152439300846KTnU_JPEG/review-attachment-648bac49-8976-40ff-8778-004367ea27a9.jpeg?type=f300_300,pico****,20.12.08.
1,4,정말 튼튼합니다. 여자혼자 조립은 힘들었어요.ㅠ,https://phinf.pstatic.net/checkout.phinf/20210323_223/1616458526071AaqWQ_JPEG/review-attachment-b01b5078-701c-445a-995a-a65075ce3b75.jpeg?type=f300_300,smil****,20.12.13.
2,4,사이즈가 커 수납공간이 많아요,https://phinf.pstatic.net/checkout.phinf/20210302_101/1614654860303pmVPk_JPEG/review-attachment-e88d5520-b325-4620-b560-31182671b8a5.jpeg?type=f300_300,gs96****,20.12.10.
3,5,프레임이 튼튼하고 많이 걸 수 있어서 100%  만족합니다,https://phinf.pstatic.net/checkout.phinf/20210320_238/161625127633752fXi_JPEG/review-attachment-8d547555-b09e-42f7-8133-62b96c0fd4e8.jpeg?type=f300_300,quee****,20.12.02.
4,3,옆으로 길어서 수납공간 많고 깔끔하네요.무겁긴하지만 여자혼자도 조립가능하고 튼튼해요.,https://phinf.pstatic.net/checkout.phinf/20210317_79/1615991623938LP6Tt_JPEG/review-attachment-4f0fb223-188a-4857-966b-cca642e40fa5.jpeg?type=f300_300,jine****,20.11.17.
5,5,튼튼하고 깔끔하게 정리,https://phinf.pstatic.net/checkout.phinf/20210326_128/1616734837348fnCTR_JPEG/review-attachment-38d39966-f7f3-4a7f-8b9b-c6dd145fbdee.jpeg?type=f300_300,pico****,20.11.01.
6,5,"다소 무겁기는 했으나
그만큼 튼튼하다는거겠죠.
보통 행거보다 깔끔 심플 튼튼합니다",https://phinf.pstatic.net/checkout.phinf/20210326_90/1616725765589EluUh_JPEG/review-attachment-3ce5a608-3e5c-41f3-b53e-932b43874a21.jpeg?type=f300_300,quee****,20.10.29.
7,4,무게감 있고 사이즈가 많이 크네요,https://phinf.pstatic.net/checkout.phinf/20210311_181/16153908219153d6MN_JPEG/review-attachment-2a742365-113f-4473-96e2-33e6626a2576.jpeg?type=f300_300,gs96****,20.10.28.
8,5,완전 튼튼해요 옷도 많고요,https://phinf.pstatic.net/checkout.phinf/20210118_182/1610896999532lT0GN_JPEG/review-attachment-ebb210c9-c2f4-49b0-b059-64204ec41bd2.jpeg?type=f300_300,dkfm****,20.04.20.
9,3,"재구매해서 아주 잘 쓰고있어요.튼튼하니
 너무좋아용",https://phinf.pstatic.net/image.nmv/shopnbuyer_2021_01_11_0/f1f667ae-53b7-11eb-9ca7-48df379ccacc_03.jpg?type=ffn300_300,dbru****,20.04.05.
10,5,"너무너무튼튼하고 공간도 마니 걸수있어
좋고 강추합니다",https://phinf.pstatic.net/checkout.phinf/20210303_251/1614745157783pfCAY_JPEG/review-attachment-88681ab3-ca32-4489-ad2d-95dc212587fa.jpeg?type=f300_300,dbru****,20.04.09.
11,5,아주 튼튼해서 압착식 헹거말고 이거 사길 잘했다는 생각이 듭니다. 무너질 일이 없을 거 같고 넓고 커서 옷을 걸어도 여유롭습니다 좋아요!,https://phinf.pstatic.net/checkout.phinf/20210311_76/1615390281821YudiK_JPEG/review-attachment-b464f07f-2e49-4620-8ac3-a967ee217cf4.jpeg?type=f300_300,ddol****,20.03.19.
12,5,"먼저 하나를 구입했는데요.튼튼하니 
 넉넉하게 걸수 있다는 점 너무좋아서 하나
더 주문했어요ㅎ빨리와야 옷정리가 될거같은
데요 ㅎ 조립도 쉽고 무거운감은 있으나
  좋아요.",https://phinf.pstatic.net/image.nmv/shopnbuyer_2021_01_04_0/5e8e494f-4e77-11eb-a803-a0369ff94ec8_03.jpg?type=ffn300_300,dbru****,20.03.08.
13,5,길이조절되는줄알았는데 아니어서 아쉽네요. 튼튼하고 다른조건은 다 만족이요,https://phinf.pstatic.net/checkout.phinf/20210206_297/1612617030683Q87H5_JPEG/review-attachment-19ca8ceb-bf30-4587-917c-206c591be48a.jpeg?type=f300_300,dkdd****,20.03.11.
14,5,디자인도좋고실용적임,https://phinf.pstatic.net/checkout.phinf/20210109_70/16101906551308Ew4b_JPEG/review-attachment-ae096340-30e9-476c-9c65-a06dae905b7b.jpeg?type=f300_300,on46****,20.02.09.
15,4,"넉넉하니 걸기도 편하고 조립도 쉽고
 아주 맘에 드네요",https://phinf.pstatic.net/checkout.phinf/20210217_152/1613548771381kgxE0_JPEG/review-attachment-ec0bf13f-127c-4807-b7ff-215e61e38608.jpeg?type=f300_300,dbru****,20.01.30.
16,4,튼튼하니 좋네요. 더 하나 신청할까봐요.,https://phinf.pstatic.net/checkout.phinf/20210201_256/1612158639663gWLlS_JPEG/review-attachment-6c3ab54c-ce94-48de-bc96-ddea7c5677c9.jpeg?type=f300_300,dbal****,19.12.11.
17,5,"짱짱하고
수납공간넉넉해서좋네요^^",https://phinf.pstatic.net/checkout.phinf/20210309_10/16152439300846KTnU_JPEG/review-attachment-648bac49-8976-40ff-8778-004367ea27a9.jpeg?type=f300_300,carp****,19.11.19.
