﻿,star,review,reviewImage,customerId,reviewDate
0,5,"가성비 좋고 무료배송에 디자인도 예뻐요
다만 서랍장이 생각보다 작아서
뭘 넣을지 고민중이에요.
헹거는 튼튼하고 공간 넓어요.",https://phinf.pstatic.net/checkout.phinf/20210309_10/16152439300846KTnU_JPEG/review-attachment-648bac49-8976-40ff-8778-004367ea27a9.jpeg?type=f300_300,1117****,21.03.17.
1,5,"다른거 다 만족
배송이 좀 늦긴 했지만.
에넥스 안내원분도 넘 친절하시고.
서랍장 폭이 좀 생각보다 적아서 
그 부붐만 아쉬워요",https://phinf.pstatic.net/checkout.phinf/20210323_223/1616458526071AaqWQ_JPEG/review-attachment-b01b5078-701c-445a-995a-a65075ce3b75.jpeg?type=f300_300,1117****,21.03.17.
2,5,배송도 빠르고 제품도 화면이서 보는 것과 같아서 만족해요,https://phinf.pstatic.net/checkout.phinf/20210302_101/1614654860303pmVPk_JPEG/review-attachment-e88d5520-b325-4620-b560-31182671b8a5.jpeg?type=f300_300,suol****,21.03.14.
3,5,화면에서 보는 것과 같고 배송도 빠르고 좋아요,https://phinf.pstatic.net/checkout.phinf/20210320_238/161625127633752fXi_JPEG/review-attachment-8d547555-b09e-42f7-8133-62b96c0fd4e8.jpeg?type=f300_300,suol****,21.03.14.
4,5,"일단 가격좋고
배송빠르고 기사님친절좋고
색상과 재질 딱좋아요
애들쓰기좋고 다만 새제품이라
냄새가 나지만 3일정도 환기잘시키면
냄새없이 잘쓰고있습니다.
애들이 자기옷장 생겨서
너무 좋아합니다.
알아서 정리정돈하네요ㅋ",https://phinf.pstatic.net/checkout.phinf/20210317_79/1615991623938LP6Tt_JPEG/review-attachment-4f0fb223-188a-4857-966b-cca642e40fa5.jpeg?type=f300_300,codo****,21.01.15.
5,5,"일단 가격좋고
배송빠르고 기사님친절좋고
색상과 재질 딱좋아요
애들쓰기좋고 다만 새제품이라
냄새가 나지만 3일정도 환기잘시키면
냄새없이 잘쓰고있습니다.
애들이 자기옷장 생겨서
너무 좋아합니다.
알아서 정리정돈하네요ㅋ",https://phinf.pstatic.net/checkout.phinf/20210326_128/1616734837348fnCTR_JPEG/review-attachment-38d39966-f7f3-4a7f-8b9b-c6dd145fbdee.jpeg?type=f300_300,codo****,21.01.15.
6,5,"냄새 금방빠지네요
손잡이없는게아쉽지만",https://phinf.pstatic.net/checkout.phinf/20210326_90/1616725765589EluUh_JPEG/review-attachment-3ce5a608-3e5c-41f3-b53e-932b43874a21.jpeg?type=f300_300,kish****,21.01.13.
7,5,"사이즈 좋고 수납도 넉넉하고 아이방에 잘 어울려요
근데 도어 모서리가 좀 날카로워서 이부분은 뭘 붙이던지 보완을 하고 써야할것같네요.",https://phinf.pstatic.net/checkout.phinf/20210311_181/16153908219153d6MN_JPEG/review-attachment-2a742365-113f-4473-96e2-33e6626a2576.jpeg?type=f300_300,yndw****,20.12.29.
8,5,저렴한 가격에 나쁘지 않습니다. 배송이 오래걸리네요. 문 손잡이가 있었으면 좋을 것 같습니다. 눌러서 여는 방식이라 불편합니ㅏㄷ.,https://phinf.pstatic.net/checkout.phinf/20210118_182/1610896999532lT0GN_JPEG/review-attachment-ebb210c9-c2f4-49b0-b059-64204ec41bd2.jpeg?type=f300_300,xogm****,21.01.19.
9,5,"만족합니다.
아이들이 넘나좋아하네요.
많이파세요ㅋ
(약간의문제가있었지만 금방대처하고
해결해주셔서 다행이예요ㅋ)",https://phinf.pstatic.net/image.nmv/shopnbuyer_2021_01_11_0/f1f667ae-53b7-11eb-9ca7-48df379ccacc_03.jpg?type=ffn300_300,codo****,20.12.08.
10,5,"만족합니다.
아이들이 넘나좋아하네요.
많이파세요ㅋ
(약간의문제가있었지만 금방대처하고
해결해주셔서 다행이예요ㅋ)",https://phinf.pstatic.net/checkout.phinf/20210303_251/1614745157783pfCAY_JPEG/review-attachment-88681ab3-ca32-4489-ad2d-95dc212587fa.jpeg?type=f300_300,codo****,20.12.08.
11,4,깔끔하니 무난해서 조아요,https://phinf.pstatic.net/checkout.phinf/20210311_76/1615390281821YudiK_JPEG/review-attachment-b464f07f-2e49-4620-8ac3-a967ee217cf4.jpeg?type=f300_300,khjo****,20.12.20.
12,3,"설치는 영 꽝  내가 직접 문과문사이 틈 조절했어요
아무리 급해도
설치는 잘합시다",https://phinf.pstatic.net/image.nmv/shopnbuyer_2021_01_04_0/5e8e494f-4e77-11eb-a803-a0369ff94ec8_03.jpg?type=ffn300_300,smjl****,20.12.20.
13,5,잘쓸게요 사진은 엄지로 대체,https://phinf.pstatic.net/checkout.phinf/20210206_297/1612617030683Q87H5_JPEG/review-attachment-19ca8ceb-bf30-4587-917c-206c591be48a.jpeg?type=f300_300,kdt3****,20.12.01.
14,5,"배송이 너무늦어서 별하나 뺏지만 만족합니다.
색상도 마음에 들고
 서랍공간도 좋아요^^",https://phinf.pstatic.net/checkout.phinf/20210109_70/16101906551308Ew4b_JPEG/review-attachment-ae096340-30e9-476c-9c65-a06dae905b7b.jpeg?type=f300_300,toto****,20.11.16.
15,5,배송 기사분 친절하시구요 색상도 이쁘고 좋아요,https://phinf.pstatic.net/checkout.phinf/20210217_152/1613548771381kgxE0_JPEG/review-attachment-ec0bf13f-127c-4807-b7ff-215e61e38608.jpeg?type=f300_300,yoo8****,20.10.08.
16,1,기사분 친절하시구요 색상도 예뻐요,https://phinf.pstatic.net/checkout.phinf/20210201_256/1612158639663gWLlS_JPEG/review-attachment-6c3ab54c-ce94-48de-bc96-ddea7c5677c9.jpeg?type=f300_300,yoo8****,20.10.08.
17,5,길이가 조금 짧아서 상의가 바닥에 닿아요 그게 좀 불편하군요  기왕만든거 좀더 길게 만들어주면좋겠어요,https://phinf.pstatic.net/checkout.phinf/20210309_10/16152439300846KTnU_JPEG/review-attachment-648bac49-8976-40ff-8778-004367ea27a9.jpeg?type=f300_300,vodv****,20.10.19.
18,4,길이가 짧아서 옷이 바닥에 끌려서 불편하네요  좀더 길게 만들어주세요,https://phinf.pstatic.net/checkout.phinf/20210323_223/1616458526071AaqWQ_JPEG/review-attachment-b01b5078-701c-445a-995a-a65075ce3b75.jpeg?type=f300_300,vodv****,20.10.19.
19,5,배송은 휴가랑 장마때문에 살짝 늦었지만 이상없이 잘 배송됐고요 근데 서랍장이 자꾸 걸려서 빼서 확인해보니 나사 하나가 덜 박혀서 걸렸더군요 다시 박아보니 이상은 없네요 검수까지 깔끔했으면 금상청화였는데 그거때문에 별하나 뺐습니다,https://phinf.pstatic.net/checkout.phinf/20210302_101/1614654860303pmVPk_JPEG/review-attachment-e88d5520-b325-4620-b560-31182671b8a5.jpeg?type=f300_300,zzoo****,20.08.23.
20,5,"가성비 좋고 무료배송에 디자인도 예뻐요
다만 서랍장이 생각보다 작아서
뭘 넣을지 고민중이에요.
헹거는 튼튼하고 공간 넓어요.",https://phinf.pstatic.net/checkout.phinf/20210309_10/16152439300846KTnU_JPEG/review-attachment-648bac49-8976-40ff-8778-004367ea27a9.jpeg?type=f300_300,1117****,21.03.17.
21,5,"다른거 다 만족
배송이 좀 늦긴 했지만.
에넥스 안내원분도 넘 친절하시고.
서랍장 폭이 좀 생각보다 적아서 
그 부붐만 아쉬워요",https://phinf.pstatic.net/checkout.phinf/20210323_223/1616458526071AaqWQ_JPEG/review-attachment-b01b5078-701c-445a-995a-a65075ce3b75.jpeg?type=f300_300,1117****,21.03.17.
22,5,배송도 빠르고 제품도 화면이서 보는 것과 같아서 만족해요,https://phinf.pstatic.net/checkout.phinf/20210302_101/1614654860303pmVPk_JPEG/review-attachment-e88d5520-b325-4620-b560-31182671b8a5.jpeg?type=f300_300,suol****,21.03.14.
23,5,화면에서 보는 것과 같고 배송도 빠르고 좋아요,https://phinf.pstatic.net/checkout.phinf/20210320_238/161625127633752fXi_JPEG/review-attachment-8d547555-b09e-42f7-8133-62b96c0fd4e8.jpeg?type=f300_300,suol****,21.03.14.
24,5,"일단 가격좋고
배송빠르고 기사님친절좋고
색상과 재질 딱좋아요
애들쓰기좋고 다만 새제품이라
냄새가 나지만 3일정도 환기잘시키면
냄새없이 잘쓰고있습니다.
애들이 자기옷장 생겨서
너무 좋아합니다.
알아서 정리정돈하네요ㅋ",https://phinf.pstatic.net/checkout.phinf/20210317_79/1615991623938LP6Tt_JPEG/review-attachment-4f0fb223-188a-4857-966b-cca642e40fa5.jpeg?type=f300_300,codo****,21.01.15.
25,5,"일단 가격좋고
배송빠르고 기사님친절좋고
색상과 재질 딱좋아요
애들쓰기좋고 다만 새제품이라
냄새가 나지만 3일정도 환기잘시키면
냄새없이 잘쓰고있습니다.
애들이 자기옷장 생겨서
너무 좋아합니다.
알아서 정리정돈하네요ㅋ",https://phinf.pstatic.net/checkout.phinf/20210326_128/1616734837348fnCTR_JPEG/review-attachment-38d39966-f7f3-4a7f-8b9b-c6dd145fbdee.jpeg?type=f300_300,codo****,21.01.15.
26,5,"냄새 금방빠지네요
손잡이없는게아쉽지만",https://phinf.pstatic.net/checkout.phinf/20210326_90/1616725765589EluUh_JPEG/review-attachment-3ce5a608-3e5c-41f3-b53e-932b43874a21.jpeg?type=f300_300,kish****,21.01.13.
27,5,"사이즈 좋고 수납도 넉넉하고 아이방에 잘 어울려요
근데 도어 모서리가 좀 날카로워서 이부분은 뭘 붙이던지 보완을 하고 써야할것같네요.",https://phinf.pstatic.net/checkout.phinf/20210311_181/16153908219153d6MN_JPEG/review-attachment-2a742365-113f-4473-96e2-33e6626a2576.jpeg?type=f300_300,yndw****,20.12.29.
28,5,저렴한 가격에 나쁘지 않습니다. 배송이 오래걸리네요. 문 손잡이가 있었으면 좋을 것 같습니다. 눌러서 여는 방식이라 불편합니ㅏㄷ.,https://phinf.pstatic.net/checkout.phinf/20210118_182/1610896999532lT0GN_JPEG/review-attachment-ebb210c9-c2f4-49b0-b059-64204ec41bd2.jpeg?type=f300_300,xogm****,21.01.19.
29,5,"만족합니다.
아이들이 넘나좋아하네요.
많이파세요ㅋ
(약간의문제가있었지만 금방대처하고
해결해주셔서 다행이예요ㅋ)",https://phinf.pstatic.net/image.nmv/shopnbuyer_2021_01_11_0/f1f667ae-53b7-11eb-9ca7-48df379ccacc_03.jpg?type=ffn300_300,codo****,20.12.08.
30,5,"만족합니다.
아이들이 넘나좋아하네요.
많이파세요ㅋ
(약간의문제가있었지만 금방대처하고
해결해주셔서 다행이예요ㅋ)",https://phinf.pstatic.net/checkout.phinf/20210303_251/1614745157783pfCAY_JPEG/review-attachment-88681ab3-ca32-4489-ad2d-95dc212587fa.jpeg?type=f300_300,codo****,20.12.08.
31,4,깔끔하니 무난해서 조아요,https://phinf.pstatic.net/checkout.phinf/20210311_76/1615390281821YudiK_JPEG/review-attachment-b464f07f-2e49-4620-8ac3-a967ee217cf4.jpeg?type=f300_300,khjo****,20.12.20.
32,3,"설치는 영 꽝  내가 직접 문과문사이 틈 조절했어요
아무리 급해도
설치는 잘합시다",https://phinf.pstatic.net/image.nmv/shopnbuyer_2021_01_04_0/5e8e494f-4e77-11eb-a803-a0369ff94ec8_03.jpg?type=ffn300_300,smjl****,20.12.20.
33,5,잘쓸게요 사진은 엄지로 대체,https://phinf.pstatic.net/checkout.phinf/20210206_297/1612617030683Q87H5_JPEG/review-attachment-19ca8ceb-bf30-4587-917c-206c591be48a.jpeg?type=f300_300,kdt3****,20.12.01.
34,5,"배송이 너무늦어서 별하나 뺏지만 만족합니다.
색상도 마음에 들고
 서랍공간도 좋아요^^",https://phinf.pstatic.net/checkout.phinf/20210109_70/16101906551308Ew4b_JPEG/review-attachment-ae096340-30e9-476c-9c65-a06dae905b7b.jpeg?type=f300_300,toto****,20.11.16.
35,5,배송 기사분 친절하시구요 색상도 이쁘고 좋아요,https://phinf.pstatic.net/checkout.phinf/20210217_152/1613548771381kgxE0_JPEG/review-attachment-ec0bf13f-127c-4807-b7ff-215e61e38608.jpeg?type=f300_300,yoo8****,20.10.08.
36,1,기사분 친절하시구요 색상도 예뻐요,https://phinf.pstatic.net/checkout.phinf/20210201_256/1612158639663gWLlS_JPEG/review-attachment-6c3ab54c-ce94-48de-bc96-ddea7c5677c9.jpeg?type=f300_300,yoo8****,20.10.08.
37,5,길이가 조금 짧아서 상의가 바닥에 닿아요 그게 좀 불편하군요  기왕만든거 좀더 길게 만들어주면좋겠어요,https://phinf.pstatic.net/checkout.phinf/20210309_10/16152439300846KTnU_JPEG/review-attachment-648bac49-8976-40ff-8778-004367ea27a9.jpeg?type=f300_300,vodv****,20.10.19.
38,4,길이가 짧아서 옷이 바닥에 끌려서 불편하네요  좀더 길게 만들어주세요,https://phinf.pstatic.net/checkout.phinf/20210323_223/1616458526071AaqWQ_JPEG/review-attachment-b01b5078-701c-445a-995a-a65075ce3b75.jpeg?type=f300_300,vodv****,20.10.19.
39,5,배송은 휴가랑 장마때문에 살짝 늦었지만 이상없이 잘 배송됐고요 근데 서랍장이 자꾸 걸려서 빼서 확인해보니 나사 하나가 덜 박혀서 걸렸더군요 다시 박아보니 이상은 없네요 검수까지 깔끔했으면 금상청화였는데 그거때문에 별하나 뺐습니다,https://phinf.pstatic.net/checkout.phinf/20210302_101/1614654860303pmVPk_JPEG/review-attachment-e88d5520-b325-4620-b560-31182671b8a5.jpeg?type=f300_300,zzoo****,20.08.23.
