﻿,star,review,reviewImage,customerId,reviewDate
0,5,"상품은 만족스럽고요  주문후  배송관련내용으로  전화와서 1인배송하므로  도와줄 남자가 한사람 있어야된다고해서 참  난감했어요  아니면  추가비용이 있을수있다 등등 ㅠ 배송비는  별도로  받으면서  ..시간되는  사람이 80세 아버지밖에 없어 와달라고 했는데  막상당일 약속시간보다 헐씬 빨리왔고   문열어보니 두명이서 배송왔더라고요  그럼 아버지 안불러도  됐고 걱정할필요도 없었을텐데..배송기사분은  친절했습니다
비싼제품  구입하고  기분은  별로였어요",https://phinf.pstatic.net/checkout.phinf/20210309_10/16152439300846KTnU_JPEG/review-attachment-648bac49-8976-40ff-8778-004367ea27a9.jpeg?type=f300_300,jaa2****,21.03.10.
1,5,어머님방 선물인데 마음에 들어 하시네요~,https://phinf.pstatic.net/checkout.phinf/20210323_223/1616458526071AaqWQ_JPEG/review-attachment-b01b5078-701c-445a-995a-a65075ce3b75.jpeg?type=f300_300,hodd****,21.02.26.
2,4,후기가 좋은 이유가 있네요~ 만족합니다^^,https://phinf.pstatic.net/checkout.phinf/20210302_101/1614654860303pmVPk_JPEG/review-attachment-e88d5520-b325-4620-b560-31182671b8a5.jpeg?type=f300_300,urim****,21.02.07.
3,4,판매자님의친절한대응만족,https://phinf.pstatic.net/checkout.phinf/20210320_238/161625127633752fXi_JPEG/review-attachment-8d547555-b09e-42f7-8133-62b96c0fd4e8.jpeg?type=f300_300,ssam****,20.05.10.
4,4,좋아요세트로샀어요잘쓸께요,https://phinf.pstatic.net/checkout.phinf/20210317_79/1615991623938LP6Tt_JPEG/review-attachment-4f0fb223-188a-4857-966b-cca642e40fa5.jpeg?type=f300_300,djen****,20.04.26.
5,5,"빠른 배송 감사드립니다. 화면에 비해 진한 색인데, 조명차이인 듯 합니다.",https://phinf.pstatic.net/checkout.phinf/20210326_128/1616734837348fnCTR_JPEG/review-attachment-38d39966-f7f3-4a7f-8b9b-c6dd145fbdee.jpeg?type=f300_300,illu****,20.02.03.
6,5,명절 전에 빠르게 배송해 주셔서 감사드립니다.,https://phinf.pstatic.net/checkout.phinf/20210326_90/1616725765589EluUh_JPEG/review-attachment-3ce5a608-3e5c-41f3-b53e-932b43874a21.jpeg?type=f300_300,illu****,20.02.03.
