﻿,star,review,reviewImage,customerId,reviewDate
0,4,"골드유광 프레임이 이쁘네요~^^ 
상판 마감이  조금 아쉬워요",https://phinf.pstatic.net/checkout.phinf/20210309_10/16152439300846KTnU_JPEG/review-attachment-648bac49-8976-40ff-8778-004367ea27a9.jpeg?type=f300_300,lsty****,21.03.10.
1,4,"깔끔하고 골드가 이뻐요
포장두 잘하셨네요",https://phinf.pstatic.net/checkout.phinf/20210323_223/1616458526071AaqWQ_JPEG/review-attachment-b01b5078-701c-445a-995a-a65075ce3b75.jpeg?type=f300_300,skyj****,21.03.01.
2,5,처음에 상품이 살짝 파손되어 왔는데 빠르게 맞교환 처리 해주셔서 정말 만족 합니다. 상품도 예쁘고 가벼워서 여자가 들기도 편해요. 하나 더사야하나 고민중이에요~배송도 진짜 빠르고 굳이 비싼돈 주고 대리석 살 필요 없겠어요~,https://phinf.pstatic.net/checkout.phinf/20210302_101/1614654860303pmVPk_JPEG/review-attachment-e88d5520-b325-4620-b560-31182671b8a5.jpeg?type=f300_300,8778****,21.02.02.
3,5,"오늘받았습니다
음 ..위에마블이 시트지인지몰랐는데
좀들떠있더라구요^^ 그래두 만족합니다",https://phinf.pstatic.net/checkout.phinf/20210320_238/161625127633752fXi_JPEG/review-attachment-8d547555-b09e-42f7-8133-62b96c0fd4e8.jpeg?type=f300_300,dkdk****,21.02.08.
4,4,음 좀 더주고 좋은걸 살걸하는 후회감이 드는 제품이애요,https://phinf.pstatic.net/checkout.phinf/20210317_79/1615991623938LP6Tt_JPEG/review-attachment-4f0fb223-188a-4857-966b-cca642e40fa5.jpeg?type=f300_300,godd****,21.03.15.
5,4,잘쓰고있어요 고맙습니다~,https://phinf.pstatic.net/checkout.phinf/20210326_128/1616734837348fnCTR_JPEG/review-attachment-38d39966-f7f3-4a7f-8b9b-c6dd145fbdee.jpeg?type=f300_300,love****,21.03.12.
6,5,"프레임은 아주 좋음, 상판은 약간 기대이하ㅡㅡ",https://phinf.pstatic.net/checkout.phinf/20210326_90/1616725765589EluUh_JPEG/review-attachment-3ce5a608-3e5c-41f3-b53e-932b43874a21.jpeg?type=f300_300,pqoo****,21.02.19.
7,5,"좀가볍긴 합니다 묵직한 맛은 없어
조금 아쉽습니다",https://phinf.pstatic.net/checkout.phinf/20210311_181/16153908219153d6MN_JPEG/review-attachment-2a742365-113f-4473-96e2-33e6626a2576.jpeg?type=f300_300,usbc****,21.02.12.
8,5,화면 그대로예요 좋아요,https://phinf.pstatic.net/checkout.phinf/20210118_182/1610896999532lT0GN_JPEG/review-attachment-ebb210c9-c2f4-49b0-b059-64204ec41bd2.jpeg?type=f300_300,kja7****,21.02.26.
9,5,"보는 사람마다 어디서 샀냐고 물어보고 사이트도
공유 해달라고 얘기해서 뿌듯하네요~^^
물건 위치들도 바꿔가며 이뿌게 잘 사용하고 있습니다
판매자님께서 보내주신 의자도 정말 정말
감사하게 받았네요 감사합니다^^",https://phinf.pstatic.net/image.nmv/shopnbuyer_2021_01_11_0/f1f667ae-53b7-11eb-9ca7-48df379ccacc_03.jpg?type=ffn300_300,tjf3****,21.01.07.
10,4,질 좋은 물건 저렴하게 잘 샀어요!,https://phinf.pstatic.net/checkout.phinf/20210303_251/1614745157783pfCAY_JPEG/review-attachment-88681ab3-ca32-4489-ad2d-95dc212587fa.jpeg?type=f300_300,usbc****,21.01.26.
11,5,친구 이사기념 선물로 보냈어요 친구가 맘에 든다고 합니당ㅎㅎ,https://phinf.pstatic.net/checkout.phinf/20210311_76/1615390281821YudiK_JPEG/review-attachment-b464f07f-2e49-4620-8ac3-a967ee217cf4.jpeg?type=f300_300,wy78****,21.01.20.
12,5,배송빠르고 깔끔하고 이쁘네요,https://phinf.pstatic.net/image.nmv/shopnbuyer_2021_01_04_0/5e8e494f-4e77-11eb-a803-a0369ff94ec8_03.jpg?type=ffn300_300,jsh8****,21.01.21.
13,5,박송빠르고 이쁩니다~,https://phinf.pstatic.net/checkout.phinf/20210206_297/1612617030683Q87H5_JPEG/review-attachment-19ca8ceb-bf30-4587-917c-206c591be48a.jpeg?type=f300_300,jini****,21.01.26.
14,5,현관앞.볼때마다이쁨,https://phinf.pstatic.net/checkout.phinf/20210109_70/16101906551308Ew4b_JPEG/review-attachment-ae096340-30e9-476c-9c65-a06dae905b7b.jpeg?type=f300_300,love****,21.01.24.
15,5,"사진보다 실제가 더이뻐요
판매자님도 친절하시고 맘에들어요
배송도 급히 부탁들여서 다음날받았어요
감사합니다",https://phinf.pstatic.net/checkout.phinf/20210217_152/1613548771381kgxE0_JPEG/review-attachment-ec0bf13f-127c-4807-b7ff-215e61e38608.jpeg?type=f300_300,cmlj****,20.12.14.
16,5,너무 너무 ㅇ쁘고 좋아용,https://phinf.pstatic.net/checkout.phinf/20210201_256/1612158639663gWLlS_JPEG/review-attachment-6c3ab54c-ce94-48de-bc96-ddea7c5677c9.jpeg?type=f300_300,godd****,21.01.21.
17,4,"반값에 비슷한디자인있던데
상품평이안좋아서
더비싸도 여기꺼주문했어요
넘이뻐요;~~~~~~~",https://phinf.pstatic.net/checkout.phinf/20210309_10/16152439300846KTnU_JPEG/review-attachment-648bac49-8976-40ff-8778-004367ea27a9.jpeg?type=f300_300,love****,20.12.23.
18,5,"배송일도 가능한 맞춰주시고, 제품도 예쁘고 흔들거림 없이 튼튼한 편이라 만족합니다^^ 골드 프레임 부분이 반짝반짝 예뻐요",https://phinf.pstatic.net/checkout.phinf/20210323_223/1616458526071AaqWQ_JPEG/review-attachment-b01b5078-701c-445a-995a-a65075ce3b75.jpeg?type=f300_300,xkxk****,20.12.11.
19,5,"화면 보이는 그대로 딱 좋습니다. 스크레치없이
깔끔하게 포장되어서 왔구요 배송도 바로
해주시네요~ ^^ 이제 이쁘게 꾸며야겠어요
판매자님 상품 다른것도 둘러봐야겠습니다!",https://phinf.pstatic.net/checkout.phinf/20210302_101/1614654860303pmVPk_JPEG/review-attachment-e88d5520-b325-4620-b560-31182671b8a5.jpeg?type=f300_300,tjf3****,20.11.16.
20,4,"골드유광 프레임이 이쁘네요~^^ 
상판 마감이  조금 아쉬워요",https://phinf.pstatic.net/checkout.phinf/20210309_10/16152439300846KTnU_JPEG/review-attachment-648bac49-8976-40ff-8778-004367ea27a9.jpeg?type=f300_300,lsty****,21.03.10.
21,4,"깔끔하고 골드가 이뻐요
포장두 잘하셨네요",https://phinf.pstatic.net/checkout.phinf/20210323_223/1616458526071AaqWQ_JPEG/review-attachment-b01b5078-701c-445a-995a-a65075ce3b75.jpeg?type=f300_300,skyj****,21.03.01.
22,5,처음에 상품이 살짝 파손되어 왔는데 빠르게 맞교환 처리 해주셔서 정말 만족 합니다. 상품도 예쁘고 가벼워서 여자가 들기도 편해요. 하나 더사야하나 고민중이에요~배송도 진짜 빠르고 굳이 비싼돈 주고 대리석 살 필요 없겠어요~,https://phinf.pstatic.net/checkout.phinf/20210302_101/1614654860303pmVPk_JPEG/review-attachment-e88d5520-b325-4620-b560-31182671b8a5.jpeg?type=f300_300,8778****,21.02.02.
23,5,"오늘받았습니다
음 ..위에마블이 시트지인지몰랐는데
좀들떠있더라구요^^ 그래두 만족합니다",https://phinf.pstatic.net/checkout.phinf/20210320_238/161625127633752fXi_JPEG/review-attachment-8d547555-b09e-42f7-8133-62b96c0fd4e8.jpeg?type=f300_300,dkdk****,21.02.08.
24,4,음 좀 더주고 좋은걸 살걸하는 후회감이 드는 제품이애요,https://phinf.pstatic.net/checkout.phinf/20210317_79/1615991623938LP6Tt_JPEG/review-attachment-4f0fb223-188a-4857-966b-cca642e40fa5.jpeg?type=f300_300,godd****,21.03.15.
25,4,잘쓰고있어요 고맙습니다~,https://phinf.pstatic.net/checkout.phinf/20210326_128/1616734837348fnCTR_JPEG/review-attachment-38d39966-f7f3-4a7f-8b9b-c6dd145fbdee.jpeg?type=f300_300,love****,21.03.12.
26,5,"프레임은 아주 좋음, 상판은 약간 기대이하ㅡㅡ",https://phinf.pstatic.net/checkout.phinf/20210326_90/1616725765589EluUh_JPEG/review-attachment-3ce5a608-3e5c-41f3-b53e-932b43874a21.jpeg?type=f300_300,pqoo****,21.02.19.
27,5,"좀가볍긴 합니다 묵직한 맛은 없어
조금 아쉽습니다",https://phinf.pstatic.net/checkout.phinf/20210311_181/16153908219153d6MN_JPEG/review-attachment-2a742365-113f-4473-96e2-33e6626a2576.jpeg?type=f300_300,usbc****,21.02.12.
28,5,화면 그대로예요 좋아요,https://phinf.pstatic.net/checkout.phinf/20210118_182/1610896999532lT0GN_JPEG/review-attachment-ebb210c9-c2f4-49b0-b059-64204ec41bd2.jpeg?type=f300_300,kja7****,21.02.26.
29,5,"보는 사람마다 어디서 샀냐고 물어보고 사이트도
공유 해달라고 얘기해서 뿌듯하네요~^^
물건 위치들도 바꿔가며 이뿌게 잘 사용하고 있습니다
판매자님께서 보내주신 의자도 정말 정말
감사하게 받았네요 감사합니다^^",https://phinf.pstatic.net/image.nmv/shopnbuyer_2021_01_11_0/f1f667ae-53b7-11eb-9ca7-48df379ccacc_03.jpg?type=ffn300_300,tjf3****,21.01.07.
30,4,질 좋은 물건 저렴하게 잘 샀어요!,https://phinf.pstatic.net/checkout.phinf/20210303_251/1614745157783pfCAY_JPEG/review-attachment-88681ab3-ca32-4489-ad2d-95dc212587fa.jpeg?type=f300_300,usbc****,21.01.26.
31,5,친구 이사기념 선물로 보냈어요 친구가 맘에 든다고 합니당ㅎㅎ,https://phinf.pstatic.net/checkout.phinf/20210311_76/1615390281821YudiK_JPEG/review-attachment-b464f07f-2e49-4620-8ac3-a967ee217cf4.jpeg?type=f300_300,wy78****,21.01.20.
32,5,배송빠르고 깔끔하고 이쁘네요,https://phinf.pstatic.net/image.nmv/shopnbuyer_2021_01_04_0/5e8e494f-4e77-11eb-a803-a0369ff94ec8_03.jpg?type=ffn300_300,jsh8****,21.01.21.
33,5,박송빠르고 이쁩니다~,https://phinf.pstatic.net/checkout.phinf/20210206_297/1612617030683Q87H5_JPEG/review-attachment-19ca8ceb-bf30-4587-917c-206c591be48a.jpeg?type=f300_300,jini****,21.01.26.
34,5,현관앞.볼때마다이쁨,https://phinf.pstatic.net/checkout.phinf/20210109_70/16101906551308Ew4b_JPEG/review-attachment-ae096340-30e9-476c-9c65-a06dae905b7b.jpeg?type=f300_300,love****,21.01.24.
35,5,"사진보다 실제가 더이뻐요
판매자님도 친절하시고 맘에들어요
배송도 급히 부탁들여서 다음날받았어요
감사합니다",https://phinf.pstatic.net/checkout.phinf/20210217_152/1613548771381kgxE0_JPEG/review-attachment-ec0bf13f-127c-4807-b7ff-215e61e38608.jpeg?type=f300_300,cmlj****,20.12.14.
36,5,너무 너무 ㅇ쁘고 좋아용,https://phinf.pstatic.net/checkout.phinf/20210201_256/1612158639663gWLlS_JPEG/review-attachment-6c3ab54c-ce94-48de-bc96-ddea7c5677c9.jpeg?type=f300_300,godd****,21.01.21.
37,4,"반값에 비슷한디자인있던데
상품평이안좋아서
더비싸도 여기꺼주문했어요
넘이뻐요;~~~~~~~",https://phinf.pstatic.net/checkout.phinf/20210309_10/16152439300846KTnU_JPEG/review-attachment-648bac49-8976-40ff-8778-004367ea27a9.jpeg?type=f300_300,love****,20.12.23.
38,5,"배송일도 가능한 맞춰주시고, 제품도 예쁘고 흔들거림 없이 튼튼한 편이라 만족합니다^^ 골드 프레임 부분이 반짝반짝 예뻐요",https://phinf.pstatic.net/checkout.phinf/20210323_223/1616458526071AaqWQ_JPEG/review-attachment-b01b5078-701c-445a-995a-a65075ce3b75.jpeg?type=f300_300,xkxk****,20.12.11.
39,5,"화면 보이는 그대로 딱 좋습니다. 스크레치없이
깔끔하게 포장되어서 왔구요 배송도 바로
해주시네요~ ^^ 이제 이쁘게 꾸며야겠어요
판매자님 상품 다른것도 둘러봐야겠습니다!",https://phinf.pstatic.net/checkout.phinf/20210302_101/1614654860303pmVPk_JPEG/review-attachment-e88d5520-b325-4620-b560-31182671b8a5.jpeg?type=f300_300,tjf3****,20.11.16.
