﻿,star,review,reviewImage,customerId,reviewDate
0,5,수납공간이 넓지는 않지만 디자인을 보고 구매한거라 그 부분에서는 만족합니다.,https://phinf.pstatic.net/checkout.phinf/20210309_10/16152439300846KTnU_JPEG/review-attachment-648bac49-8976-40ff-8778-004367ea27a9.jpeg?type=f300_300,suji****,20.06.24.
1,5,"색감이 사진에서 보는거와 동일하고, 
튼튼한게 오래 사용할 수 있을거 같아요! 만족합니다.",https://phinf.pstatic.net/checkout.phinf/20210323_223/1616458526071AaqWQ_JPEG/review-attachment-b01b5078-701c-445a-995a-a65075ce3b75.jpeg?type=f300_300,ch06****,20.03.22.
2,5,예뻐서 좋아요 가구가 작품같아요,https://phinf.pstatic.net/checkout.phinf/20210302_101/1614654860303pmVPk_JPEG/review-attachment-e88d5520-b325-4620-b560-31182671b8a5.jpeg?type=f300_300,hsoo****,20.03.27.
3,5,예뻐요 고급스럽고 아주맘에 들어요,https://phinf.pstatic.net/checkout.phinf/20210320_238/161625127633752fXi_JPEG/review-attachment-8d547555-b09e-42f7-8133-62b96c0fd4e8.jpeg?type=f300_300,hsoo****,20.02.21.
