﻿,star,review,reviewImage,customerId,reviewDate
0,4,배송은 구매후 5일 만에 받은 거 같습니다. 제품이 원목이라 무겁기는 하지만 튼튼하고 좋아요. 약간 크랙부분이 있기는 한데 그럴 수 있다 생각하고 쓸랍니다. 그런데 쇼바 댐퍼가 너무 힘이 없네요. 가스가 빠져나가서 불량인건지 덮개 무게가 무거운 건지 닫을 때는 전혀 압력 발휘를 못하네요. 이부분은 판매자에게 따로 질문해야 겠습니다. 물건은 좋아요^^,https://phinf.pstatic.net/checkout.phinf/20210309_10/16152439300846KTnU_JPEG/review-attachment-648bac49-8976-40ff-8778-004367ea27a9.jpeg?type=f300_300,simo****,21.03.25.
1,5,"엄마 사드렸는데 엄청 마음에 들어하셨어요.
색도 예쁘고 튼튼하고 무게감이 있어서 거울 들었다 내릴때는 조심해야될 거 같아요",https://phinf.pstatic.net/checkout.phinf/20210323_223/1616458526071AaqWQ_JPEG/review-attachment-b01b5078-701c-445a-995a-a65075ce3b75.jpeg?type=f300_300,skqo****,21.03.28.
2,5,"이사하면서 큰맘먹고 로포텐 비버 침실가구,거실가구로 전부 바꾸었어요. 배송전 부터 가구 주문량이 많다보니 고객센터에서 친철하게 꼼꼼히 체크전화 해주시고 주문배송 날짜도 최대한 맞춰주셨구요. 가구 도착해 보자마자 우와~~ 이랬네요. 너무 이뻐서요. 가구 배치 다 하고 꼼꼼히 보면서 닦았는데 어디 흠잡을곳이 없네요. 가구 냄새도 많이 심하지 않구요.
  배송설치 기사님 혼자 오셔서 한 3시간 넘게 하신듯 합니다. 너무 고생많으셨고 친절하게 잘해주셨어요. 식탁주문한게 3월 말에 입고된다니 3월말에 다시 오시겠다고ㅋㅋ",https://phinf.pstatic.net/checkout.phinf/20210302_101/1614654860303pmVPk_JPEG/review-attachment-e88d5520-b325-4620-b560-31182671b8a5.jpeg?type=f300_300,ggog****,21.03.03.
3,4,이쁘네요~^^잘 쓸게요~~,https://phinf.pstatic.net/checkout.phinf/20210320_238/161625127633752fXi_JPEG/review-attachment-8d547555-b09e-42f7-8133-62b96c0fd4e8.jpeg?type=f300_300,thyn****,21.03.25.
4,4,"상판이 하루 하루 지날수로 위쪽으로 휘어져 올라옵니다. 
댐퍼 기능이 없어서 손가락 다치기 딱 좋아요..ㅜ.ㅜ",https://phinf.pstatic.net/checkout.phinf/20210317_79/1615991623938LP6Tt_JPEG/review-attachment-4f0fb223-188a-4857-966b-cca642e40fa5.jpeg?type=f300_300,hoon****,21.02.27.
5,5,"제가 이사하면서 주문한건데요 주소를 전집으로 잘못지정했는데 기사님께서 바로배송을 해주셔서 너무 감사했습니다^^
상품 너무 맘에 들고요 사진 그대로 입니다
설치도 친절하게 해주셨어요~~^^♡",https://phinf.pstatic.net/checkout.phinf/20210326_128/1616734837348fnCTR_JPEG/review-attachment-38d39966-f7f3-4a7f-8b9b-c6dd145fbdee.jpeg?type=f300_300,mees****,21.02.17.
6,5,사진은 조금 더 붉은 느낌이었는데 실제론 그렇지 않아 약간 아쉽네요 ^^ 스크래치나 찍힘 세 군데 정도 있었으나 그냥 쓰려 합니다,https://phinf.pstatic.net/checkout.phinf/20210326_90/1616725765589EluUh_JPEG/review-attachment-3ce5a608-3e5c-41f3-b53e-932b43874a21.jpeg?type=f300_300,heyo****,21.02.09.
7,4,"실제로 받아보니 더 이뻐요!
이사하면서  구입한 제품들중에 제일 마음에 들어요!
먼지 쌓이는게 싫어서 뚜껑덮는 스타일로 구입한건데 너무 잘한거 같아요! 수납공간도 충분이 여유있고요 색상도 사진이랑 크게 다를게 없고 특히 붉은끼가 없어서 더 만족스럽습니다. 좋은제품 잘 쓰겠습니당",https://phinf.pstatic.net/checkout.phinf/20210311_181/16153908219153d6MN_JPEG/review-attachment-2a742365-113f-4473-96e2-33e6626a2576.jpeg?type=f300_300,jsmo****,21.01.24.
8,1,제품은 당연히 좋고 배송해 주시는 기사님 정말 친절하고 빠르게 배송해주셨습니다,https://phinf.pstatic.net/checkout.phinf/20210118_182/1610896999532lT0GN_JPEG/review-attachment-ebb210c9-c2f4-49b0-b059-64204ec41bd2.jpeg?type=f300_300,alsd****,21.03.04.
9,5,많이들어가고 색도 이뻐요,https://phinf.pstatic.net/image.nmv/shopnbuyer_2021_01_11_0/f1f667ae-53b7-11eb-9ca7-48df379ccacc_03.jpg?type=ffn300_300,blan****,21.01.28.
10,4,"원하는 사이즈와 색상 견고함 모두 마음에들어요
잘 사용할게요~",https://phinf.pstatic.net/checkout.phinf/20210303_251/1614745157783pfCAY_JPEG/review-attachment-88681ab3-ca32-4489-ad2d-95dc212587fa.jpeg?type=f300_300,zose****,21.02.07.
