﻿,star,review,reviewImage,customerId,reviewDate
0,5,"화이트 인테리어한 집에 잘 어울려요.
다리색깔이 쨍한 금색이 아니라서 원목가구하고도 잘 어울려서 더 만족합니다.",https://phinf.pstatic.net/checkout.phinf/20210309_10/16152439300846KTnU_JPEG/review-attachment-648bac49-8976-40ff-8778-004367ea27a9.jpeg?type=f300_300,cha4****,21.02.26.
1,3,생각보다 좋네요 ㅋ,https://phinf.pstatic.net/checkout.phinf/20210323_223/1616458526071AaqWQ_JPEG/review-attachment-b01b5078-701c-445a-995a-a65075ce3b75.jpeg?type=f300_300,vhtm****,20.12.21.
2,5,"디자인 깔끔하고 고급스러운편이예요 
가격대비는 쏘쏘예요~ 

거울이랑 소품 의자 따로 사서 꾸미니 괜찮아요",https://phinf.pstatic.net/checkout.phinf/20210302_101/1614654860303pmVPk_JPEG/review-attachment-e88d5520-b325-4620-b560-31182671b8a5.jpeg?type=f300_300,love****,20.10.02.
3,5,"전체적으로 고급스럽고 깔끔합니다!
제가 화장대에 올려놓는 짐이 많은데 충분히 올라갑니다
서랍도 부드럽고 폭도 넉넉하여 좋습니다 :)",https://phinf.pstatic.net/checkout.phinf/20210320_238/161625127633752fXi_JPEG/review-attachment-8d547555-b09e-42f7-8133-62b96c0fd4e8.jpeg?type=f300_300,heed****,20.09.22.
4,5,"심사숙고해서 여러 업체와 비교하고 고민끝에 골랐는데 시간들인 보람이 있어요!
상담해주신 분도 넘 친절하고 약속한 날짜에 배송해주셔서 감사했습니다~
디자인 너무 예뻐요!! 수납공간도 완벽합니다
참고로 스툴은 비싼 가격때문에 망설이다가
비슷한 저렴이로 찾아보려고 검색을 한참했는데
결국 추가구매 했네요~
사길 잘한거같아요 스툴도 만족합니다!
나이믹 자주 구매할게요^^",https://phinf.pstatic.net/checkout.phinf/20210317_79/1615991623938LP6Tt_JPEG/review-attachment-4f0fb223-188a-4857-966b-cca642e40fa5.jpeg?type=f300_300,ddal****,20.08.24.
5,5,기사님도 일정잘맞춰오시고 친절하시고 제품도 이쁨,https://phinf.pstatic.net/checkout.phinf/20210326_128/1616734837348fnCTR_JPEG/review-attachment-38d39966-f7f3-4a7f-8b9b-c6dd145fbdee.jpeg?type=f300_300,jung****,20.08.14.
6,3,아슬아그릉아어어어우우도,https://phinf.pstatic.net/checkout.phinf/20210326_90/1616725765589EluUh_JPEG/review-attachment-3ce5a608-3e5c-41f3-b53e-932b43874a21.jpeg?type=f300_300,wnsr****,20.05.23.
7,5,높이 길이 넓이 색상등등,https://phinf.pstatic.net/checkout.phinf/20210311_181/16153908219153d6MN_JPEG/review-attachment-2a742365-113f-4473-96e2-33e6626a2576.jpeg?type=f300_300,pyon****,20.05.12.
8,5,"사진과 똑같아요 고급스럽고 이쁩니다! 
세트로 거울, 서랍장도 샀어요 잘어울리네요",https://phinf.pstatic.net/checkout.phinf/20210118_182/1610896999532lT0GN_JPEG/review-attachment-ebb210c9-c2f4-49b0-b059-64204ec41bd2.jpeg?type=f300_300,dyh8****,20.03.29.
9,5,"거울이랑 같이 구매했어요.
계속 골라도 미마스가 젤 예뻐서 ㅠ 
공간도 딱맞고 넘 이뻐요 ㅎㅎ",https://phinf.pstatic.net/image.nmv/shopnbuyer_2021_01_11_0/f1f667ae-53b7-11eb-9ca7-48df379ccacc_03.jpg?type=ffn300_300,iioi****,20.03.31.
10,4,역시 보던대로 이쁘네요,https://phinf.pstatic.net/checkout.phinf/20210303_251/1614745157783pfCAY_JPEG/review-attachment-88681ab3-ca32-4489-ad2d-95dc212587fa.jpeg?type=f300_300,like****,20.02.28.
11,4,약속한시간에 배송 받았어요. 기사님 친절하고 설명도 상세하게 해주셨습니다. 화장대 서랍 깊이가 낮아서 세워놓는 화장품은 안들어가서 슬퍼요. 그래도 예쁘니까 다 용서가 되네요.,https://phinf.pstatic.net/checkout.phinf/20210311_76/1615390281821YudiK_JPEG/review-attachment-b464f07f-2e49-4620-8ac3-a967ee217cf4.jpeg?type=f300_300,elvi****,20.02.01.
12,5,"아이 화장대로샀는데 너무 이쁘고 좋아요.
아이가쓰기엔 넘고급진듯 ㅎ화이트라 원목에도 잘어울리네요",https://phinf.pstatic.net/image.nmv/shopnbuyer_2021_01_04_0/5e8e494f-4e77-11eb-a803-a0369ff94ec8_03.jpg?type=ffn300_300,jjon****,20.02.04.
13,5,"사진보다 실제가 더이뻐요
따뜻해보이는 아이보리라 색도이쁘고
마감처리두 잘되어있어 만족합니다
단, 화장대  서랍 오른쪽 2단으로 나뉘어진곳이  생각보다 서랍내경  높이가 작아.. 
수납하기에 효율성이떨어져요..
2단서랍내경은  약4cm정도입니다..
그거만빼면  만족합니다",https://phinf.pstatic.net/checkout.phinf/20210206_297/1612617030683Q87H5_JPEG/review-attachment-19ca8ceb-bf30-4587-917c-206c591be48a.jpeg?type=f300_300,kiki****,19.12.27.
