﻿,star,review,reviewImage,customerId,reviewDate
0,5,잘쓰고있어요 판매자님이 짱 친절한곳!,https://phinf.pstatic.net/checkout.phinf/20210309_10/16152439300846KTnU_JPEG/review-attachment-648bac49-8976-40ff-8778-004367ea27a9.jpeg?type=f300_300,ghkd****,21.01.27.
1,5,"너무이뻐요 사장님도 친절하시구!
잘쓸게요",https://phinf.pstatic.net/checkout.phinf/20210323_223/1616458526071AaqWQ_JPEG/review-attachment-b01b5078-701c-445a-995a-a65075ce3b75.jpeg?type=f300_300,ghkd****,20.12.25.
2,5,"와    디자인 너무 마메들어서 구매했는데
실물이 더 예뻐요.
소재도 때안탈것같은소재.  ㅎㅎ서랍장도 저렴히 제품 아닌거 알겠어욪
 진짜마메듭니다. 명절에주문에서 늦게배송될줄알았는데 배송도빨랐고 미리전화주셔서 배송일자도  친절히 알려주시고
설치해주시는분이 너무 친절하시고
청소기로 먼지까지 청소해주시고 설명도친절히해주셨어요.
거울은 사이즈가작아서 구매취소했는데.
거울큰것도 나오면 조을텐데 그게아쉬워요.
여기서 다른제품도 또구매예덩입니다.",https://phinf.pstatic.net/checkout.phinf/20210302_101/1614654860303pmVPk_JPEG/review-attachment-e88d5520-b325-4620-b560-31182671b8a5.jpeg?type=f300_300,jisu****,20.10.10.
3,5,너무예쁘고좋아요~~~❤️,https://phinf.pstatic.net/checkout.phinf/20210320_238/161625127633752fXi_JPEG/review-attachment-8d547555-b09e-42f7-8133-62b96c0fd4e8.jpeg?type=f300_300,july****,20.08.15.
4,5,"여기사장님 완전 쿨하시고 완전친절하심👍
오늘받았거든요
너무마음에들고 여기서 다른것들 꼭
주문할꺼에요💛",https://phinf.pstatic.net/checkout.phinf/20210317_79/1615991623938LP6Tt_JPEG/review-attachment-4f0fb223-188a-4857-966b-cca642e40fa5.jpeg?type=f300_300,asdk****,20.07.17.
