﻿,star,review,reviewImage,customerId,reviewDate
0,5,"평범함을 원하지 않은 딸아이의 요구에 발견한 제품입니다 제눈엔 디자인만 강조된 느낌이라 자꾸 자꾸 되묻곤했네요^^
설치후 작은방에 적당한 사이즈와 오브제 느낌이 강렬하네요 한발짝 물러서면 책상에 책이며 문제집에 가방이 어지럽지만 요래보니 이쁘네요
수납이 문제인데 ~. 자주 쓰는것만 내놓고  써야 이쁠듯합니다
거울 테두리나 마감은 깔끔하며 단단한 느낌이에요
색상이 조금 진했으면 했는데  나름. 이색도 이뻐요 
햇살이 비칠때 참 이뻐보였어요
햇살과 조명에 따라 달라보여요",https://phinf.pstatic.net/checkout.phinf/20210309_10/16152439300846KTnU_JPEG/review-attachment-648bac49-8976-40ff-8778-004367ea27a9.jpeg?type=f300_300,euna****,21.03.20.
1,5,"일단 나무가 엄청 견고하고 저렴한 원목가구랑
완전 달라서 놀랬어요
크기도 제가 딱 원하는 사이즈고 거울 위치를 원하는대로 조정 할 수 있어서 좋고
거울 크기랑 테두리에 있는 원목도 진짜 고급스럽습니다! 
배송도 빠르고 만족스러웠습니다~~~!!",https://phinf.pstatic.net/checkout.phinf/20210323_223/1616458526071AaqWQ_JPEG/review-attachment-b01b5078-701c-445a-995a-a65075ce3b75.jpeg?type=f300_300,jeb1****,21.03.13.
2,5,조립인지 모르고 샀는데 소재가 좋아서 그냥 써요^^,https://phinf.pstatic.net/checkout.phinf/20210302_101/1614654860303pmVPk_JPEG/review-attachment-e88d5520-b325-4620-b560-31182671b8a5.jpeg?type=f300_300,ywmi****,21.03.19.
