﻿,star,review,reviewImage,customerId,reviewDate
0,5,추가금 내고 서랍장 높이 높였는데 너무 만족스러워요..  옷 수납하려고 생각했는데 엄청 많이 들어갈꺼 같아요..  근데 냄새가 좀 나네요,https://phinf.pstatic.net/checkout.phinf/20210309_10/16152439300846KTnU_JPEG/review-attachment-648bac49-8976-40ff-8778-004367ea27a9.jpeg?type=f300_300,hwh3****,21.03.26.
1,5,잘쓰고있습니다 감사합니다,https://phinf.pstatic.net/checkout.phinf/20210323_223/1616458526071AaqWQ_JPEG/review-attachment-b01b5078-701c-445a-995a-a65075ce3b75.jpeg?type=f300_300,gaib****,20.09.11.
2,5,좋은 물건 잘 쓸께요 감사합니다,https://phinf.pstatic.net/checkout.phinf/20210302_101/1614654860303pmVPk_JPEG/review-attachment-e88d5520-b325-4620-b560-31182671b8a5.jpeg?type=f300_300,gaib****,20.06.27.
3,5,"매장에서 직접 멀바우 원목 보고 구매한 제품이라 안심하고 구매했습니다.
낮은 거실장만 쓰다가 약간 높은걸로 사용해보고싶어 주문했는데 너무 예쁘고 좋아요~!!
설치 기사님도 엄청 친절하시고요.
모든면에서 만족스러운 구매였네요^^",https://phinf.pstatic.net/checkout.phinf/20210320_238/161625127633752fXi_JPEG/review-attachment-8d547555-b09e-42f7-8133-62b96c0fd4e8.jpeg?type=f300_300,eyki****,19.05.25.
4,5,"새집으로 이사하면서 티비장식장 고민 많이 했는데 다행이 잘 어울리네요
소파테이블 고르다 장식장까지 끌레오걸로 했네요~",https://phinf.pstatic.net/checkout.phinf/20210317_79/1615991623938LP6Tt_JPEG/review-attachment-4f0fb223-188a-4857-966b-cca642e40fa5.jpeg?type=f300_300,izzi****,19.03.04.
5,5,"서랍이 열고 닫을때 제대로 양손으로 안잡으면 틀어짐이 생겨요
꼬옥~ 밀어 닫아줘야해요
TV장으로 쓰고있는데, 물이 좀 흘렀더니 얼룩이 생겼네요ㅠ 포도씨유로 살짝 윗부분만 발라줬더니 얼룩이 좀 덜해져보여요
디자인 칼라 모두 맘에 들어요
지인분들 추천해줬어요",https://phinf.pstatic.net/checkout.phinf/20210326_128/1616734837348fnCTR_JPEG/review-attachment-38d39966-f7f3-4a7f-8b9b-c6dd145fbdee.jpeg?type=f300_300,maya****,19.01.24.
6,5,"생각보다 크고 예쁘네요~
튼튼하고 냄새도 없고 만족합니다^^",https://phinf.pstatic.net/checkout.phinf/20210326_90/1616725765589EluUh_JPEG/review-attachment-3ce5a608-3e5c-41f3-b53e-932b43874a21.jpeg?type=f300_300,hibo****,19.02.15.
7,5,"최고의 장인 제품 솜씨가 맞네요~~^^♡
보자마자 실물 깡패예요
칼라도 규격도 너무 좋아요~~~
실물이 사진에 다 안담겨서 아쉽네요
잘쓸께요 감사합니다
배송기사님 넘넘 친절해서 좋아요
목소리도 말씨도 완전 감동이예요ㅎㅎㅎ",https://phinf.pstatic.net/checkout.phinf/20210311_181/16153908219153d6MN_JPEG/review-attachment-2a742365-113f-4473-96e2-33e6626a2576.jpeg?type=f300_300,maya****,18.12.26.
8,5,이뻐요 고급스럽고 너무클까바걱정했는데 딱입니다요 굿굿  다음에는 가구별로 세트로 주문하겠습니다 ^^감사합니다,https://phinf.pstatic.net/checkout.phinf/20210118_182/1610896999532lT0GN_JPEG/review-attachment-ebb210c9-c2f4-49b0-b059-64204ec41bd2.jpeg?type=f300_300,alsk****,18.12.26.
9,5,생각보다 커요 처음에 놀랐지만 놓고 보니 이뻐요 오래 쓸 수 있을것 같아요 이뻐요 화면 그대로에요,https://phinf.pstatic.net/image.nmv/shopnbuyer_2021_01_11_0/f1f667ae-53b7-11eb-9ca7-48df379ccacc_03.jpg?type=ffn300_300,ghgh****,18.12.13.
10,5,"생각보다 예쁘고 배송도빠르고 비오는데 무엇보다 기사님이 친절하셔서 좋았어요^^
가구 냄새도 크게 안나고 예쁘네요^^
기사님께서 멀바우나무 설명도 해주시고
배송도 설치도 깔끔하게 잘 해주셔서 기분이 좋네요~^^친절하세요^^!!
매장이 멀어서 직접보지않고
인터넷 후기로만 구매했는데
너무나 만족합니다
다음에 다른것도 믿고 구매하려합니다
감사합니다^^",https://phinf.pstatic.net/checkout.phinf/20210303_251/1614745157783pfCAY_JPEG/review-attachment-88681ab3-ca32-4489-ad2d-95dc212587fa.jpeg?type=f300_300,lolp****,18.11.08.
11,5,"신혼집 가구로 주문했습니다
사이즈 맞품 제작 문의를 드렷는데
너무 튼튼하고 예쁘서 기대 이상이었어요^^",https://phinf.pstatic.net/checkout.phinf/20210311_76/1615390281821YudiK_JPEG/review-attachment-b464f07f-2e49-4620-8ac3-a967ee217cf4.jpeg?type=f300_300,mlff****,18.11.15.
12,5,만족합니다^^,https://phinf.pstatic.net/image.nmv/shopnbuyer_2021_01_04_0/5e8e494f-4e77-11eb-a803-a0369ff94ec8_03.jpg?type=ffn300_300,lolp****,18.11.08.
13,4,배송빨라요 배송빨라요 생각보다 색도 진하고 이쁘네요 티비올려놨는데 잘어울리는듯합니다 높이도 적당하고 깊이도 괜찮네요 생각보다 무게가 좀 나가니 참고하세요,https://phinf.pstatic.net/checkout.phinf/20210206_297/1612617030683Q87H5_JPEG/review-attachment-19ca8ceb-bf30-4587-917c-206c591be48a.jpeg?type=f300_300,huni****,18.08.31.
14,5,배송빠르고 이쁩니다,https://phinf.pstatic.net/checkout.phinf/20210109_70/16101906551308Ew4b_JPEG/review-attachment-ae096340-30e9-476c-9c65-a06dae905b7b.jpeg?type=f300_300,huni****,18.08.31.
15,5,"만족합니다 생각보다 배송빨랐고요
배송기사분 친절하셨고 포장쓰레기 싹 가져가셨네요
높이가 살짝 낮은듯 하고 서랍이 힘이없는듯 하나
전체적으론 이쁩니다.
전애기 옷장 겸 화장대로 쓰는데 길이가 길어 좋네요
고급집니다.",https://phinf.pstatic.net/checkout.phinf/20210217_152/1613548771381kgxE0_JPEG/review-attachment-ec0bf13f-127c-4807-b7ff-215e61e38608.jpeg?type=f300_300,jmpa****,18.06.12.
16,5,"마음에 듭니다 좋아요. 다리 밑으로 청소기 들어가니 깔끔하고 색상이나 디자인도 마음에 듭니다.
단 서랍이 좀 불안해서 아직 텅 비어있습니다.
배송해주신 분도 친절하고. 약속도 잘 지키셨어요. 좋은 물건 많이 파세요.",https://phinf.pstatic.net/checkout.phinf/20210201_256/1612158639663gWLlS_JPEG/review-attachment-6c3ab54c-ce94-48de-bc96-ddea7c5677c9.jpeg?type=f300_300,hanb****,18.05.28.
17,5,생각보다 낮지만만족합니다.,https://phinf.pstatic.net/checkout.phinf/20210309_10/16152439300846KTnU_JPEG/review-attachment-648bac49-8976-40ff-8778-004367ea27a9.jpeg?type=f300_300,jmpa****,18.06.12.
18,5,"이쁘고. 배송 해주신분도 친절하고 좋습니다.
대신 서랍이 좀 허술해 보여요..",https://phinf.pstatic.net/checkout.phinf/20210323_223/1616458526071AaqWQ_JPEG/review-attachment-b01b5078-701c-445a-995a-a65075ce3b75.jpeg?type=f300_300,hanb****,18.05.26.
19,4,"너무맘에드는 가구^* 딱 찾던 서랍콘솔이에용. 스테인레스골드로 되잇어서 너무 멋스럽고 스타일리쉬해용^^
집에있는 어떤 가구랑도 잘어울리고, 질리지 않을꺼 같아요^^
거실장도 같이 주문해서 받앗는데
너무 만족해용",https://phinf.pstatic.net/checkout.phinf/20210302_101/1614654860303pmVPk_JPEG/review-attachment-e88d5520-b325-4620-b560-31182671b8a5.jpeg?type=f300_300,purp****,18.03.28.
20,5,추가금 내고 서랍장 높이 높였는데 너무 만족스러워요..  옷 수납하려고 생각했는데 엄청 많이 들어갈꺼 같아요..  근데 냄새가 좀 나네요,https://phinf.pstatic.net/checkout.phinf/20210309_10/16152439300846KTnU_JPEG/review-attachment-648bac49-8976-40ff-8778-004367ea27a9.jpeg?type=f300_300,hwh3****,21.03.26.
21,5,잘쓰고있습니다 감사합니다,https://phinf.pstatic.net/checkout.phinf/20210323_223/1616458526071AaqWQ_JPEG/review-attachment-b01b5078-701c-445a-995a-a65075ce3b75.jpeg?type=f300_300,gaib****,20.09.11.
22,5,좋은 물건 잘 쓸께요 감사합니다,https://phinf.pstatic.net/checkout.phinf/20210302_101/1614654860303pmVPk_JPEG/review-attachment-e88d5520-b325-4620-b560-31182671b8a5.jpeg?type=f300_300,gaib****,20.06.27.
23,5,"매장에서 직접 멀바우 원목 보고 구매한 제품이라 안심하고 구매했습니다.
낮은 거실장만 쓰다가 약간 높은걸로 사용해보고싶어 주문했는데 너무 예쁘고 좋아요~!!
설치 기사님도 엄청 친절하시고요.
모든면에서 만족스러운 구매였네요^^",https://phinf.pstatic.net/checkout.phinf/20210320_238/161625127633752fXi_JPEG/review-attachment-8d547555-b09e-42f7-8133-62b96c0fd4e8.jpeg?type=f300_300,eyki****,19.05.25.
24,5,"새집으로 이사하면서 티비장식장 고민 많이 했는데 다행이 잘 어울리네요
소파테이블 고르다 장식장까지 끌레오걸로 했네요~",https://phinf.pstatic.net/checkout.phinf/20210317_79/1615991623938LP6Tt_JPEG/review-attachment-4f0fb223-188a-4857-966b-cca642e40fa5.jpeg?type=f300_300,izzi****,19.03.04.
25,5,"서랍이 열고 닫을때 제대로 양손으로 안잡으면 틀어짐이 생겨요
꼬옥~ 밀어 닫아줘야해요
TV장으로 쓰고있는데, 물이 좀 흘렀더니 얼룩이 생겼네요ㅠ 포도씨유로 살짝 윗부분만 발라줬더니 얼룩이 좀 덜해져보여요
디자인 칼라 모두 맘에 들어요
지인분들 추천해줬어요",https://phinf.pstatic.net/checkout.phinf/20210326_128/1616734837348fnCTR_JPEG/review-attachment-38d39966-f7f3-4a7f-8b9b-c6dd145fbdee.jpeg?type=f300_300,maya****,19.01.24.
26,5,"생각보다 크고 예쁘네요~
튼튼하고 냄새도 없고 만족합니다^^",https://phinf.pstatic.net/checkout.phinf/20210326_90/1616725765589EluUh_JPEG/review-attachment-3ce5a608-3e5c-41f3-b53e-932b43874a21.jpeg?type=f300_300,hibo****,19.02.15.
27,5,"최고의 장인 제품 솜씨가 맞네요~~^^♡
보자마자 실물 깡패예요
칼라도 규격도 너무 좋아요~~~
실물이 사진에 다 안담겨서 아쉽네요
잘쓸께요 감사합니다
배송기사님 넘넘 친절해서 좋아요
목소리도 말씨도 완전 감동이예요ㅎㅎㅎ",https://phinf.pstatic.net/checkout.phinf/20210311_181/16153908219153d6MN_JPEG/review-attachment-2a742365-113f-4473-96e2-33e6626a2576.jpeg?type=f300_300,maya****,18.12.26.
28,5,이뻐요 고급스럽고 너무클까바걱정했는데 딱입니다요 굿굿  다음에는 가구별로 세트로 주문하겠습니다 ^^감사합니다,https://phinf.pstatic.net/checkout.phinf/20210118_182/1610896999532lT0GN_JPEG/review-attachment-ebb210c9-c2f4-49b0-b059-64204ec41bd2.jpeg?type=f300_300,alsk****,18.12.26.
29,5,생각보다 커요 처음에 놀랐지만 놓고 보니 이뻐요 오래 쓸 수 있을것 같아요 이뻐요 화면 그대로에요,https://phinf.pstatic.net/image.nmv/shopnbuyer_2021_01_11_0/f1f667ae-53b7-11eb-9ca7-48df379ccacc_03.jpg?type=ffn300_300,ghgh****,18.12.13.
30,5,"생각보다 예쁘고 배송도빠르고 비오는데 무엇보다 기사님이 친절하셔서 좋았어요^^
가구 냄새도 크게 안나고 예쁘네요^^
기사님께서 멀바우나무 설명도 해주시고
배송도 설치도 깔끔하게 잘 해주셔서 기분이 좋네요~^^친절하세요^^!!
매장이 멀어서 직접보지않고
인터넷 후기로만 구매했는데
너무나 만족합니다
다음에 다른것도 믿고 구매하려합니다
감사합니다^^",https://phinf.pstatic.net/checkout.phinf/20210303_251/1614745157783pfCAY_JPEG/review-attachment-88681ab3-ca32-4489-ad2d-95dc212587fa.jpeg?type=f300_300,lolp****,18.11.08.
31,5,"신혼집 가구로 주문했습니다
사이즈 맞품 제작 문의를 드렷는데
너무 튼튼하고 예쁘서 기대 이상이었어요^^",https://phinf.pstatic.net/checkout.phinf/20210311_76/1615390281821YudiK_JPEG/review-attachment-b464f07f-2e49-4620-8ac3-a967ee217cf4.jpeg?type=f300_300,mlff****,18.11.15.
32,5,만족합니다^^,https://phinf.pstatic.net/image.nmv/shopnbuyer_2021_01_04_0/5e8e494f-4e77-11eb-a803-a0369ff94ec8_03.jpg?type=ffn300_300,lolp****,18.11.08.
33,4,배송빨라요 배송빨라요 생각보다 색도 진하고 이쁘네요 티비올려놨는데 잘어울리는듯합니다 높이도 적당하고 깊이도 괜찮네요 생각보다 무게가 좀 나가니 참고하세요,https://phinf.pstatic.net/checkout.phinf/20210206_297/1612617030683Q87H5_JPEG/review-attachment-19ca8ceb-bf30-4587-917c-206c591be48a.jpeg?type=f300_300,huni****,18.08.31.
34,5,배송빠르고 이쁩니다,https://phinf.pstatic.net/checkout.phinf/20210109_70/16101906551308Ew4b_JPEG/review-attachment-ae096340-30e9-476c-9c65-a06dae905b7b.jpeg?type=f300_300,huni****,18.08.31.
35,5,"만족합니다 생각보다 배송빨랐고요
배송기사분 친절하셨고 포장쓰레기 싹 가져가셨네요
높이가 살짝 낮은듯 하고 서랍이 힘이없는듯 하나
전체적으론 이쁩니다.
전애기 옷장 겸 화장대로 쓰는데 길이가 길어 좋네요
고급집니다.",https://phinf.pstatic.net/checkout.phinf/20210217_152/1613548771381kgxE0_JPEG/review-attachment-ec0bf13f-127c-4807-b7ff-215e61e38608.jpeg?type=f300_300,jmpa****,18.06.12.
36,5,"마음에 듭니다 좋아요. 다리 밑으로 청소기 들어가니 깔끔하고 색상이나 디자인도 마음에 듭니다.
단 서랍이 좀 불안해서 아직 텅 비어있습니다.
배송해주신 분도 친절하고. 약속도 잘 지키셨어요. 좋은 물건 많이 파세요.",https://phinf.pstatic.net/checkout.phinf/20210201_256/1612158639663gWLlS_JPEG/review-attachment-6c3ab54c-ce94-48de-bc96-ddea7c5677c9.jpeg?type=f300_300,hanb****,18.05.28.
37,5,생각보다 낮지만만족합니다.,https://phinf.pstatic.net/checkout.phinf/20210309_10/16152439300846KTnU_JPEG/review-attachment-648bac49-8976-40ff-8778-004367ea27a9.jpeg?type=f300_300,jmpa****,18.06.12.
38,5,"이쁘고. 배송 해주신분도 친절하고 좋습니다.
대신 서랍이 좀 허술해 보여요..",https://phinf.pstatic.net/checkout.phinf/20210323_223/1616458526071AaqWQ_JPEG/review-attachment-b01b5078-701c-445a-995a-a65075ce3b75.jpeg?type=f300_300,hanb****,18.05.26.
39,4,"너무맘에드는 가구^* 딱 찾던 서랍콘솔이에용. 스테인레스골드로 되잇어서 너무 멋스럽고 스타일리쉬해용^^
집에있는 어떤 가구랑도 잘어울리고, 질리지 않을꺼 같아요^^
거실장도 같이 주문해서 받앗는데
너무 만족해용",https://phinf.pstatic.net/checkout.phinf/20210302_101/1614654860303pmVPk_JPEG/review-attachment-e88d5520-b325-4620-b560-31182671b8a5.jpeg?type=f300_300,purp****,18.03.28.
