﻿,star,review,reviewImage,customerId,reviewDate
0,5,예쁘네요 마음에 듭니다.,https://phinf.pstatic.net/checkout.phinf/20210309_10/16152439300846KTnU_JPEG/review-attachment-648bac49-8976-40ff-8778-004367ea27a9.jpeg?type=f300_300,cutt****,18.03.30.
1,3,그럭저럭 괜찮네요,https://phinf.pstatic.net/checkout.phinf/20210323_223/1616458526071AaqWQ_JPEG/review-attachment-b01b5078-701c-445a-995a-a65075ce3b75.jpeg?type=f300_300,limz****,17.08.10.
2,5,조립  노냐야ㅑ자ㅓ터촣ㄴ퍼녀ㅑㅗㄴ햘쟣ㅈㅎㅈㅍ낸퍂냎냎태뉴유ㅐ규ㅐㄱ퍋ㅍ걒걀댣퍋ㅍ앺애ㅠ애유ㅐ유애ㅠ댣ㅍㄷㅍ댶ㅇ,https://phinf.pstatic.net/checkout.phinf/20210302_101/1614654860303pmVPk_JPEG/review-attachment-e88d5520-b325-4620-b560-31182671b8a5.jpeg?type=f300_300,mjki****,17.07.18.
3,5,아내너오ㅗㅜㄴ,https://phinf.pstatic.net/checkout.phinf/20210320_238/161625127633752fXi_JPEG/review-attachment-8d547555-b09e-42f7-8133-62b96c0fd4e8.jpeg?type=f300_300,mjki****,17.07.18.
4,5,"만족합니다~~~
냄새가조금나지만 금방빠지긴해요
기대했던것만큼 진짜이쁘구 색감도 좋아요
사이즈 작은걸로 변경했는데 생각보다 작네요ㅎㅎ
배송 정말 빨리왔어요~ 신경써주셔서 감사합니다!",https://phinf.pstatic.net/checkout.phinf/20210317_79/1615991623938LP6Tt_JPEG/review-attachment-4f0fb223-188a-4857-966b-cca642e40fa5.jpeg?type=f300_300,kimm****,17.05.24.
5,3,"잘받았습니다!
좁은공간에 딱 들어가서 좋아요
색상도이쁘고 다리 조립도 간단하네요
다리부분이 약간 약해보이긴하지만
만족합니다.",https://phinf.pstatic.net/checkout.phinf/20210326_128/1616734837348fnCTR_JPEG/review-attachment-38d39966-f7f3-4a7f-8b9b-c6dd145fbdee.jpeg?type=f300_300,hehe****,17.04.12.
6,5,아이가 만족해합니다^^,https://phinf.pstatic.net/checkout.phinf/20210326_90/1616725765589EluUh_JPEG/review-attachment-3ce5a608-3e5c-41f3-b53e-932b43874a21.jpeg?type=f300_300,sooa****,16.06.14.
