﻿,star,review,reviewImage,customerId,reviewDate
0,5,벌써 구매한지 한달이 다 되어가나보네요 정말 너무 만족하고 있어요ㅋㅋㅋ 그래도 한달기념 굳이굳이 아쉬운 점을 꼽자면 전원을 끄면 한 2초정도 지지직 소리가 미세하게 나요 신경쓰일정도는 아니지만 처음에는 좀 놀랐다는...!,https://phinf.pstatic.net/checkout.phinf/20210309_10/16152439300846KTnU_JPEG/review-attachment-648bac49-8976-40ff-8778-004367ea27a9.jpeg?type=f300_300,choi****,20.08.13.
1,5,"거울에 방이 너무 비쳐서 좀 가렸더니 흉물스럽네요ㅠㅋㅋ 실제로 보면 진짜 예쁜데... 기사님 뚝딱뚝딱 빠르게 잘 설치해주고 가셔서 기분좋았어요!

서랍은 낮을거 예상하고 샀긴한데 아래칸은 진짜 낮네요ㅋㅋㅋ 섀도우 세워놓을 정도의 높이에요 그래도 쫙 나열해놓으니 너무 예쁘고 기분좋아요

그리고 윗부분은 약간 나무?여서 틴트같은거 흘리면 잘 안지워질거같은 불길한 예감이 드네요 조심히 써야겠어요

아 하나 아쉬운 점은 기사님께서 드릴로 박고나서 흰 스티커로 그 구멍을 가려주셨는데 이 스티커가 너무 거슬려요 물론 안가렸으면 더 거슬렸겠죠 구멍이 왜 여기있는지.. 디자인이 조금 아쉽네요ㅠㅠㅠ

가족들이랑 같이 화장대보러 여기저기 다니다가 마음에 드는게 없어 인타넷으로 산건데 가족들은 좀 저렴해보이기도 한대요 근데 딱 제 나이라서 쓸수있는 화장대같다고 젊은 애들꺼 같다며 예쁘다고 하셨어요
 그리고 무엇보다도 일단 제가 너무 마음에 드네요ㅠㅠㅠ 사용하면서 하자만 없었으면 좋겠어요!",https://phinf.pstatic.net/checkout.phinf/20210323_223/1616458526071AaqWQ_JPEG/review-attachment-b01b5078-701c-445a-995a-a65075ce3b75.jpeg?type=f300_300,choi****,20.06.11.
2,4,배송기간에대해 소통이 부족해 생각한대로 안왔지만... 상품도 이쁘고 못박은자리에 스티커로도 가리게옥고 기사님도 친절해서 좋았어요,https://phinf.pstatic.net/checkout.phinf/20210302_101/1614654860303pmVPk_JPEG/review-attachment-e88d5520-b325-4620-b560-31182671b8a5.jpeg?type=f300_300,bps7****,20.05.18.
