﻿,star,review,reviewImage,customerId,reviewDate
0,5,와이프도 잘골랐다고.. 마음에 든다고 하네요!!! 높이때문에 고민이 많았었는데.. 배송도 빠르고.. 감사합니다!!,https://phinf.pstatic.net/checkout.phinf/20210309_10/16152439300846KTnU_JPEG/review-attachment-648bac49-8976-40ff-8778-004367ea27a9.jpeg?type=f300_300,love****,21.03.24.
1,5,"완제품으로 안전하게 잘 포장되어 배달이 오네요/따로 할것 하나없이 꺼내서 바루~
집 안 어느곳이던 놓는곳이 자기 자리네요~
지금은 거실 쇼파옆에 간단한 물건 수납과
제 취미 실뜨기 소품들을 두고 있네요~
딱 좋아요~
베란다 화초들 옆에 두고 화분두는것두 이쁠것 같아요~",https://phinf.pstatic.net/checkout.phinf/20210323_223/1616458526071AaqWQ_JPEG/review-attachment-b01b5078-701c-445a-995a-a65075ce3b75.jpeg?type=f300_300,chae****,21.02.07.
2,5,사진과 자세한설명도 해주시고~예쁘고 멋스러워요~안쪽에는 모자 보관도하고 장식장으로 쓰면 좋을것 같아요~,https://phinf.pstatic.net/checkout.phinf/20210302_101/1614654860303pmVPk_JPEG/review-attachment-e88d5520-b325-4620-b560-31182671b8a5.jpeg?type=f300_300,ssmd****,21.03.10.
3,5,감사합니다 잘 쓸께요 번창하세요 ㅎㅎ,https://phinf.pstatic.net/checkout.phinf/20210320_238/161625127633752fXi_JPEG/review-attachment-8d547555-b09e-42f7-8133-62b96c0fd4e8.jpeg?type=f300_300,god8****,21.02.22.
4,5,"배송부분을많이걱정했습니다
만족합니다
 사진그대로보내주셨서감사합니다
좋은상품 많이올려주세요",https://phinf.pstatic.net/checkout.phinf/20210317_79/1615991623938LP6Tt_JPEG/review-attachment-4f0fb223-188a-4857-966b-cca642e40fa5.jpeg?type=f300_300,sbon****,21.03.05.
5,5,무겁지도 않고 디자인 아주 맘에 들어요 공간을 많이 차지하지 않고요 가벼워서 이동도 넘 쉬워요 다만 배송중에 마구 다뤘는지 박스와 안에 스치로폼이 구멍이 나서 귀퉁이가 좀 떨어져 나갔어요 그래도 만족합니다,https://phinf.pstatic.net/checkout.phinf/20210326_128/1616734837348fnCTR_JPEG/review-attachment-38d39966-f7f3-4a7f-8b9b-c6dd145fbdee.jpeg?type=f300_300,soph****,21.01.15.
6,5,맘에 들어요~~사은품도 예쁜걸로 주셨어요!!잘 사용할께요♡♡,https://phinf.pstatic.net/checkout.phinf/20210326_90/1616725765589EluUh_JPEG/review-attachment-3ce5a608-3e5c-41f3-b53e-932b43874a21.jpeg?type=f300_300,hani****,21.01.28.
7,5,"배송도 정말 빠르고 
너무 친절하세요 ^^ 
그리고 예쁩니다!",https://phinf.pstatic.net/checkout.phinf/20210311_181/16153908219153d6MN_JPEG/review-attachment-2a742365-113f-4473-96e2-33e6626a2576.jpeg?type=f300_300,god8****,21.01.14.
8,5,맘속으로 여행을떠나봅미다.멋스럽구 단단히보이구여.그치만 가벼워서 더맘에들어요.뽀대지대루입니다.선물하나해야겟어요ㅎ,https://phinf.pstatic.net/checkout.phinf/20210118_182/1610896999532lT0GN_JPEG/review-attachment-ebb210c9-c2f4-49b0-b059-64204ec41bd2.jpeg?type=f300_300,zhdt****,20.12.24.
9,5,"화면으로 보는 것보다 실물이 더 예뻐요~
손편지도 감동~~~
감사합니다^^",https://phinf.pstatic.net/image.nmv/shopnbuyer_2021_01_11_0/f1f667ae-53b7-11eb-9ca7-48df379ccacc_03.jpg?type=ffn300_300,gks0****,21.01.07.
10,4,"디자인은 정말 나무랄때없이 너무 이쁩니다.
생각한만큼 튼튼해보이지않아 조금 걱정은 되지만 가벼워서 요기조기 위치 바꿔가며 꾸미는 재미가 있을듯해요^^
제 기준에 나뭇결이 사알짝 거친듯하고색도 조금 연한듯해서 사용하다 오일마감할까 생각중입니다.
예쁜아이 데려올수있어 행복해요~
배송도 빠르고 정성스런 손편지와 사은품까지 ~~ 감사해요~^^",https://phinf.pstatic.net/checkout.phinf/20210303_251/1614745157783pfCAY_JPEG/review-attachment-88681ab3-ca32-4489-ad2d-95dc212587fa.jpeg?type=f300_300,soul****,20.11.15.
11,5,"생각했던만큼 너무 이쁜아이에요..
복도끝 어떤 수납을 놓을까 고민많이 했었는데..
감성있게 잘 고른거 같아요",https://phinf.pstatic.net/checkout.phinf/20210311_76/1615390281821YudiK_JPEG/review-attachment-b464f07f-2e49-4620-8ac3-a967ee217cf4.jpeg?type=f300_300,soso****,20.11.26.
12,5,이뻐요 이뻐요 ㅈㄴ이뻐요,https://phinf.pstatic.net/image.nmv/shopnbuyer_2021_01_04_0/5e8e494f-4e77-11eb-a803-a0369ff94ec8_03.jpg?type=ffn300_300,acto****,21.01.28.
13,5,보통 가구 구입하믄 스크래치나 어느부분이 쿡들어가는경우도있는데 이제품은 뽁뽁이에 스티로폼에..넘  감동적으로 포장을해주셔서 흠   하나없이 깨끗 하게 도착했어요 품절이라 귀찮게  언제들어오냐고 문의드려도 친절하게답주시고  평생고객하고싶어요  번창하세요^^ 또  구매하러올께요~~~,https://phinf.pstatic.net/checkout.phinf/20210206_297/1612617030683Q87H5_JPEG/review-attachment-19ca8ceb-bf30-4587-917c-206c591be48a.jpeg?type=f300_300,djaj****,20.11.21.
14,5,"집에놓으니작아서큰사이즈로바꿨어요
구매참고하셔요^^",https://phinf.pstatic.net/checkout.phinf/20210109_70/16101906551308Ew4b_JPEG/review-attachment-ae096340-30e9-476c-9c65-a06dae905b7b.jpeg?type=f300_300,nani****,20.11.14.
15,5,"생각보다 사이즈도 크고 귀여워요
나무 냄새도 나지않고 판매자님 상품 상태 사진보내주셔서 확인후 발송되니 만족합니다
오래기다린 보람이 있어요
보내주신 사은품 잘 쓰겠습니다",https://phinf.pstatic.net/checkout.phinf/20210217_152/1613548771381kgxE0_JPEG/review-attachment-ec0bf13f-127c-4807-b7ff-215e61e38608.jpeg?type=f300_300,chio****,20.10.15.
16,5,예쁘고 수납 충분합니다. 저렴한 가격에 잘 샀어요!,https://phinf.pstatic.net/checkout.phinf/20210201_256/1612158639663gWLlS_JPEG/review-attachment-6c3ab54c-ce94-48de-bc96-ddea7c5677c9.jpeg?type=f300_300,aktp****,20.10.27.
17,5,특이하고 안에 수납도 만이할수있고 맘에드네요 큰사이즈도주문하려구요   이뻥용,https://phinf.pstatic.net/checkout.phinf/20210309_10/16152439300846KTnU_JPEG/review-attachment-648bac49-8976-40ff-8778-004367ea27a9.jpeg?type=f300_300,au27****,20.10.21.
18,5,화면과 같지만 생각보다 튼튼하지는 않네요.,https://phinf.pstatic.net/checkout.phinf/20210323_223/1616458526071AaqWQ_JPEG/review-attachment-b01b5078-701c-445a-995a-a65075ce3b75.jpeg?type=f300_300,prim****,20.10.28.
19,5,판매자분이 친절하게 배송전 물건 사진도 보내주시고 ~ 안내도 완전 친절 ~~ 많이 파세요,https://phinf.pstatic.net/checkout.phinf/20210302_101/1614654860303pmVPk_JPEG/review-attachment-e88d5520-b325-4620-b560-31182671b8a5.jpeg?type=f300_300,tryj****,20.09.06.
20,5,와이프도 잘골랐다고.. 마음에 든다고 하네요!!! 높이때문에 고민이 많았었는데.. 배송도 빠르고.. 감사합니다!!,https://phinf.pstatic.net/checkout.phinf/20210309_10/16152439300846KTnU_JPEG/review-attachment-648bac49-8976-40ff-8778-004367ea27a9.jpeg?type=f300_300,love****,21.03.24.
21,5,"완제품으로 안전하게 잘 포장되어 배달이 오네요/따로 할것 하나없이 꺼내서 바루~
집 안 어느곳이던 놓는곳이 자기 자리네요~
지금은 거실 쇼파옆에 간단한 물건 수납과
제 취미 실뜨기 소품들을 두고 있네요~
딱 좋아요~
베란다 화초들 옆에 두고 화분두는것두 이쁠것 같아요~",https://phinf.pstatic.net/checkout.phinf/20210323_223/1616458526071AaqWQ_JPEG/review-attachment-b01b5078-701c-445a-995a-a65075ce3b75.jpeg?type=f300_300,chae****,21.02.07.
22,5,사진과 자세한설명도 해주시고~예쁘고 멋스러워요~안쪽에는 모자 보관도하고 장식장으로 쓰면 좋을것 같아요~,https://phinf.pstatic.net/checkout.phinf/20210302_101/1614654860303pmVPk_JPEG/review-attachment-e88d5520-b325-4620-b560-31182671b8a5.jpeg?type=f300_300,ssmd****,21.03.10.
23,5,감사합니다 잘 쓸께요 번창하세요 ㅎㅎ,https://phinf.pstatic.net/checkout.phinf/20210320_238/161625127633752fXi_JPEG/review-attachment-8d547555-b09e-42f7-8133-62b96c0fd4e8.jpeg?type=f300_300,god8****,21.02.22.
24,5,"배송부분을많이걱정했습니다
만족합니다
 사진그대로보내주셨서감사합니다
좋은상품 많이올려주세요",https://phinf.pstatic.net/checkout.phinf/20210317_79/1615991623938LP6Tt_JPEG/review-attachment-4f0fb223-188a-4857-966b-cca642e40fa5.jpeg?type=f300_300,sbon****,21.03.05.
25,5,무겁지도 않고 디자인 아주 맘에 들어요 공간을 많이 차지하지 않고요 가벼워서 이동도 넘 쉬워요 다만 배송중에 마구 다뤘는지 박스와 안에 스치로폼이 구멍이 나서 귀퉁이가 좀 떨어져 나갔어요 그래도 만족합니다,https://phinf.pstatic.net/checkout.phinf/20210326_128/1616734837348fnCTR_JPEG/review-attachment-38d39966-f7f3-4a7f-8b9b-c6dd145fbdee.jpeg?type=f300_300,soph****,21.01.15.
26,5,맘에 들어요~~사은품도 예쁜걸로 주셨어요!!잘 사용할께요♡♡,https://phinf.pstatic.net/checkout.phinf/20210326_90/1616725765589EluUh_JPEG/review-attachment-3ce5a608-3e5c-41f3-b53e-932b43874a21.jpeg?type=f300_300,hani****,21.01.28.
27,5,"배송도 정말 빠르고 
너무 친절하세요 ^^ 
그리고 예쁩니다!",https://phinf.pstatic.net/checkout.phinf/20210311_181/16153908219153d6MN_JPEG/review-attachment-2a742365-113f-4473-96e2-33e6626a2576.jpeg?type=f300_300,god8****,21.01.14.
28,5,맘속으로 여행을떠나봅미다.멋스럽구 단단히보이구여.그치만 가벼워서 더맘에들어요.뽀대지대루입니다.선물하나해야겟어요ㅎ,https://phinf.pstatic.net/checkout.phinf/20210118_182/1610896999532lT0GN_JPEG/review-attachment-ebb210c9-c2f4-49b0-b059-64204ec41bd2.jpeg?type=f300_300,zhdt****,20.12.24.
29,5,"화면으로 보는 것보다 실물이 더 예뻐요~
손편지도 감동~~~
감사합니다^^",https://phinf.pstatic.net/image.nmv/shopnbuyer_2021_01_11_0/f1f667ae-53b7-11eb-9ca7-48df379ccacc_03.jpg?type=ffn300_300,gks0****,21.01.07.
30,4,"디자인은 정말 나무랄때없이 너무 이쁩니다.
생각한만큼 튼튼해보이지않아 조금 걱정은 되지만 가벼워서 요기조기 위치 바꿔가며 꾸미는 재미가 있을듯해요^^
제 기준에 나뭇결이 사알짝 거친듯하고색도 조금 연한듯해서 사용하다 오일마감할까 생각중입니다.
예쁜아이 데려올수있어 행복해요~
배송도 빠르고 정성스런 손편지와 사은품까지 ~~ 감사해요~^^",https://phinf.pstatic.net/checkout.phinf/20210303_251/1614745157783pfCAY_JPEG/review-attachment-88681ab3-ca32-4489-ad2d-95dc212587fa.jpeg?type=f300_300,soul****,20.11.15.
31,5,"생각했던만큼 너무 이쁜아이에요..
복도끝 어떤 수납을 놓을까 고민많이 했었는데..
감성있게 잘 고른거 같아요",https://phinf.pstatic.net/checkout.phinf/20210311_76/1615390281821YudiK_JPEG/review-attachment-b464f07f-2e49-4620-8ac3-a967ee217cf4.jpeg?type=f300_300,soso****,20.11.26.
32,5,이뻐요 이뻐요 ㅈㄴ이뻐요,https://phinf.pstatic.net/image.nmv/shopnbuyer_2021_01_04_0/5e8e494f-4e77-11eb-a803-a0369ff94ec8_03.jpg?type=ffn300_300,acto****,21.01.28.
33,5,보통 가구 구입하믄 스크래치나 어느부분이 쿡들어가는경우도있는데 이제품은 뽁뽁이에 스티로폼에..넘  감동적으로 포장을해주셔서 흠   하나없이 깨끗 하게 도착했어요 품절이라 귀찮게  언제들어오냐고 문의드려도 친절하게답주시고  평생고객하고싶어요  번창하세요^^ 또  구매하러올께요~~~,https://phinf.pstatic.net/checkout.phinf/20210206_297/1612617030683Q87H5_JPEG/review-attachment-19ca8ceb-bf30-4587-917c-206c591be48a.jpeg?type=f300_300,djaj****,20.11.21.
34,5,"집에놓으니작아서큰사이즈로바꿨어요
구매참고하셔요^^",https://phinf.pstatic.net/checkout.phinf/20210109_70/16101906551308Ew4b_JPEG/review-attachment-ae096340-30e9-476c-9c65-a06dae905b7b.jpeg?type=f300_300,nani****,20.11.14.
35,5,"생각보다 사이즈도 크고 귀여워요
나무 냄새도 나지않고 판매자님 상품 상태 사진보내주셔서 확인후 발송되니 만족합니다
오래기다린 보람이 있어요
보내주신 사은품 잘 쓰겠습니다",https://phinf.pstatic.net/checkout.phinf/20210217_152/1613548771381kgxE0_JPEG/review-attachment-ec0bf13f-127c-4807-b7ff-215e61e38608.jpeg?type=f300_300,chio****,20.10.15.
36,5,예쁘고 수납 충분합니다. 저렴한 가격에 잘 샀어요!,https://phinf.pstatic.net/checkout.phinf/20210201_256/1612158639663gWLlS_JPEG/review-attachment-6c3ab54c-ce94-48de-bc96-ddea7c5677c9.jpeg?type=f300_300,aktp****,20.10.27.
37,5,특이하고 안에 수납도 만이할수있고 맘에드네요 큰사이즈도주문하려구요   이뻥용,https://phinf.pstatic.net/checkout.phinf/20210309_10/16152439300846KTnU_JPEG/review-attachment-648bac49-8976-40ff-8778-004367ea27a9.jpeg?type=f300_300,au27****,20.10.21.
38,5,화면과 같지만 생각보다 튼튼하지는 않네요.,https://phinf.pstatic.net/checkout.phinf/20210323_223/1616458526071AaqWQ_JPEG/review-attachment-b01b5078-701c-445a-995a-a65075ce3b75.jpeg?type=f300_300,prim****,20.10.28.
39,5,판매자분이 친절하게 배송전 물건 사진도 보내주시고 ~ 안내도 완전 친절 ~~ 많이 파세요,https://phinf.pstatic.net/checkout.phinf/20210302_101/1614654860303pmVPk_JPEG/review-attachment-e88d5520-b325-4620-b560-31182671b8a5.jpeg?type=f300_300,tryj****,20.09.06.
