﻿,star,review,reviewImage,customerId,reviewDate
0,4,이쁜거같아요 좀 낮긴해요 수납도 나름 알차네용,https://phinf.pstatic.net/checkout.phinf/20210309_10/16152439300846KTnU_JPEG/review-attachment-648bac49-8976-40ff-8778-004367ea27a9.jpeg?type=f300_300,zzic****,21.03.19.
1,4,양 옆에 가구를 두면 서랍이 안열리지만 그점만 감안하면 좋아요,https://phinf.pstatic.net/checkout.phinf/20210323_223/1616458526071AaqWQ_JPEG/review-attachment-b01b5078-701c-445a-995a-a65075ce3b75.jpeg?type=f300_300,jise****,20.08.29.
2,5,너무 잘  사욘하고있습니다 ^^  수납공간도 많아   너무 사용하기  편하네요,https://phinf.pstatic.net/checkout.phinf/20210302_101/1614654860303pmVPk_JPEG/review-attachment-e88d5520-b325-4620-b560-31182671b8a5.jpeg?type=f300_300,ikon****,20.04.04.
3,5,"가구자체는 대만족  합니다. 
 조금만 더 신경써주시면  정말좋은제품인거같네요.!",https://phinf.pstatic.net/checkout.phinf/20210320_238/161625127633752fXi_JPEG/review-attachment-8d547555-b09e-42f7-8133-62b96c0fd4e8.jpeg?type=f300_300,ikon****,20.02.18.
4,4,가성비 아주 좋습니다,https://phinf.pstatic.net/checkout.phinf/20210317_79/1615991623938LP6Tt_JPEG/review-attachment-4f0fb223-188a-4857-966b-cca642e40fa5.jpeg?type=f300_300,isch****,18.12.21.
5,4,보기보다  조금 낮네요  조금만 높았으면하는  아쉬움이  있긴하네요,https://phinf.pstatic.net/checkout.phinf/20210326_128/1616734837348fnCTR_JPEG/review-attachment-38d39966-f7f3-4a7f-8b9b-c6dd145fbdee.jpeg?type=f300_300,hrle****,18.09.06.
