﻿,star,review,reviewImage,customerId,reviewDate
0,5,인테리어 효과 좋아요.,https://phinf.pstatic.net/checkout.phinf/20210309_10/16152439300846KTnU_JPEG/review-attachment-648bac49-8976-40ff-8778-004367ea27a9.jpeg?type=f300_300,rebo****,21.03.09.
1,5,너무 이뻐요 인테리어용으로 딱이네요,https://phinf.pstatic.net/checkout.phinf/20210323_223/1616458526071AaqWQ_JPEG/review-attachment-b01b5078-701c-445a-995a-a65075ce3b75.jpeg?type=f300_300,bird****,21.02.18.
2,3,디자인은 마음애 들었는데 생각보다 작았어요,https://phinf.pstatic.net/checkout.phinf/20210302_101/1614654860303pmVPk_JPEG/review-attachment-e88d5520-b325-4620-b560-31182671b8a5.jpeg?type=f300_300,them****,21.03.06.
3,4,"상품대비 가격이 조금 비싼감이 있네요
그래도 분위기 있어 보입니다",https://phinf.pstatic.net/checkout.phinf/20210320_238/161625127633752fXi_JPEG/review-attachment-8d547555-b09e-42f7-8133-62b96c0fd4e8.jpeg?type=f300_300,diam****,21.02.08.
4,5,"생각보다 사이즈가 작아서 아주 쬐금 실망했지만, 제품 자체에 대한 만족감은 좋았어요",https://phinf.pstatic.net/checkout.phinf/20210317_79/1615991623938LP6Tt_JPEG/review-attachment-4f0fb223-188a-4857-966b-cca642e40fa5.jpeg?type=f300_300,mery****,21.02.04.
5,5,정리하는 수납으로 사용하기 너무 좋아요 화장품을 그냥 둘때보다 보기도 좋고 예쁩니다 사각이  여러가지 올려놓기 좋아서 잘 선택한거 같아요,https://phinf.pstatic.net/checkout.phinf/20210326_128/1616734837348fnCTR_JPEG/review-attachment-38d39966-f7f3-4a7f-8b9b-c6dd145fbdee.jpeg?type=f300_300,body****,21.02.06.
6,5,"깔끔함과 우아함 동시 갖춘상품 이네요
잘쓰겠습니다",https://phinf.pstatic.net/checkout.phinf/20210326_90/1616725765589EluUh_JPEG/review-attachment-3ce5a608-3e5c-41f3-b53e-932b43874a21.jpeg?type=f300_300,sube****,21.02.16.
7,5,이뻐요 화장대 분의기 바꿨어요 ~^^,https://phinf.pstatic.net/checkout.phinf/20210311_181/16153908219153d6MN_JPEG/review-attachment-2a742365-113f-4473-96e2-33e6626a2576.jpeg?type=f300_300,nkyq****,21.02.20.
8,5,이뻐요 화장대 분의기 바꿨어요 ~^^,https://phinf.pstatic.net/checkout.phinf/20210118_182/1610896999532lT0GN_JPEG/review-attachment-ebb210c9-c2f4-49b0-b059-64204ec41bd2.jpeg?type=f300_300,nkyq****,21.02.20.
9,3,"그냥 이뻐요
대만족!",https://phinf.pstatic.net/image.nmv/shopnbuyer_2021_01_11_0/f1f667ae-53b7-11eb-9ca7-48df379ccacc_03.jpg?type=ffn300_300,sube****,21.02.16.
10,4,"좋아요
제가 요런걸 넘좋아합니다
집에 넘쳐나도  또사요",https://phinf.pstatic.net/checkout.phinf/20210303_251/1614745157783pfCAY_JPEG/review-attachment-88681ab3-ca32-4489-ad2d-95dc212587fa.jpeg?type=f300_300,nym1****,21.02.06.
11,5,"라운드 사고싶었는데 품절이라 
사각했는데 디피해보니 만족스러워요^^
너무 예쁘네요♡♡♡",https://phinf.pstatic.net/checkout.phinf/20210311_76/1615390281821YudiK_JPEG/review-attachment-b464f07f-2e49-4620-8ac3-a967ee217cf4.jpeg?type=f300_300,aran****,21.01.13.
12,5,인테리어용으로 사용중입니다.,https://phinf.pstatic.net/image.nmv/shopnbuyer_2021_01_04_0/5e8e494f-4e77-11eb-a803-a0369ff94ec8_03.jpg?type=ffn300_300,halo****,21.01.16.
13,5,"타원형을 사고 싶었는데.. 품절ㅜㅜ
근데 상품 받아보니 스퀘어도 너무 맘에 듭니다.",https://phinf.pstatic.net/checkout.phinf/20210206_297/1612617030683Q87H5_JPEG/review-attachment-19ca8ceb-bf30-4587-917c-206c591be48a.jpeg?type=f300_300,rebo****,21.01.02.
14,5,포장 일단 꼼꼼하구요 실물이 훨씬 예쁘네용 튼튼하고 약하지도 않아요 화장대에 넣으니 너무 분위기도 좋고 화사해졌어요 너무 감사합니다 ^^,https://phinf.pstatic.net/checkout.phinf/20210109_70/16101906551308Ew4b_JPEG/review-attachment-ae096340-30e9-476c-9c65-a06dae905b7b.jpeg?type=f300_300,body****,21.01.06.
15,5,와 무지하게 포장해주셔서 전혀 깨짐없이 잘받았습니다,https://phinf.pstatic.net/checkout.phinf/20210217_152/1613548771381kgxE0_JPEG/review-attachment-ec0bf13f-127c-4807-b7ff-215e61e38608.jpeg?type=f300_300,gemm****,20.12.31.
16,5,잘 사용하고 있어요 예뻐요,https://phinf.pstatic.net/checkout.phinf/20210201_256/1612158639663gWLlS_JPEG/review-attachment-6c3ab54c-ce94-48de-bc96-ddea7c5677c9.jpeg?type=f300_300,zjiy****,21.01.03.
17,5,"고급스럽고 정말 예쁘네요 
사이즈를 생각 안하고 구매했는데 
생각보다 커서 어떻게 사용할까 
고민을 좀 했는데 선물받은 양초 놓으니깐
인테리어 효과도 있고 완전 딱이예요",https://phinf.pstatic.net/checkout.phinf/20210309_10/16152439300846KTnU_JPEG/review-attachment-648bac49-8976-40ff-8778-004367ea27a9.jpeg?type=f300_300,zjiy****,20.11.28.
18,5,앤틱하고 여성스러운 디자인이라 화장대 정리에 좋아요,https://phinf.pstatic.net/checkout.phinf/20210323_223/1616458526071AaqWQ_JPEG/review-attachment-b01b5078-701c-445a-995a-a65075ce3b75.jpeg?type=f300_300,gizm****,20.12.03.
19,5,사진 그대로네요 예뻐요~,https://phinf.pstatic.net/checkout.phinf/20210302_101/1614654860303pmVPk_JPEG/review-attachment-e88d5520-b325-4620-b560-31182671b8a5.jpeg?type=f300_300,whit****,20.12.04.
20,5,인테리어 효과 좋아요.,https://phinf.pstatic.net/checkout.phinf/20210309_10/16152439300846KTnU_JPEG/review-attachment-648bac49-8976-40ff-8778-004367ea27a9.jpeg?type=f300_300,rebo****,21.03.09.
21,5,너무 이뻐요 인테리어용으로 딱이네요,https://phinf.pstatic.net/checkout.phinf/20210323_223/1616458526071AaqWQ_JPEG/review-attachment-b01b5078-701c-445a-995a-a65075ce3b75.jpeg?type=f300_300,bird****,21.02.18.
22,3,디자인은 마음애 들었는데 생각보다 작았어요,https://phinf.pstatic.net/checkout.phinf/20210302_101/1614654860303pmVPk_JPEG/review-attachment-e88d5520-b325-4620-b560-31182671b8a5.jpeg?type=f300_300,them****,21.03.06.
23,4,"상품대비 가격이 조금 비싼감이 있네요
그래도 분위기 있어 보입니다",https://phinf.pstatic.net/checkout.phinf/20210320_238/161625127633752fXi_JPEG/review-attachment-8d547555-b09e-42f7-8133-62b96c0fd4e8.jpeg?type=f300_300,diam****,21.02.08.
24,5,"생각보다 사이즈가 작아서 아주 쬐금 실망했지만, 제품 자체에 대한 만족감은 좋았어요",https://phinf.pstatic.net/checkout.phinf/20210317_79/1615991623938LP6Tt_JPEG/review-attachment-4f0fb223-188a-4857-966b-cca642e40fa5.jpeg?type=f300_300,mery****,21.02.04.
25,5,정리하는 수납으로 사용하기 너무 좋아요 화장품을 그냥 둘때보다 보기도 좋고 예쁩니다 사각이  여러가지 올려놓기 좋아서 잘 선택한거 같아요,https://phinf.pstatic.net/checkout.phinf/20210326_128/1616734837348fnCTR_JPEG/review-attachment-38d39966-f7f3-4a7f-8b9b-c6dd145fbdee.jpeg?type=f300_300,body****,21.02.06.
26,5,"깔끔함과 우아함 동시 갖춘상품 이네요
잘쓰겠습니다",https://phinf.pstatic.net/checkout.phinf/20210326_90/1616725765589EluUh_JPEG/review-attachment-3ce5a608-3e5c-41f3-b53e-932b43874a21.jpeg?type=f300_300,sube****,21.02.16.
27,5,이뻐요 화장대 분의기 바꿨어요 ~^^,https://phinf.pstatic.net/checkout.phinf/20210311_181/16153908219153d6MN_JPEG/review-attachment-2a742365-113f-4473-96e2-33e6626a2576.jpeg?type=f300_300,nkyq****,21.02.20.
28,5,이뻐요 화장대 분의기 바꿨어요 ~^^,https://phinf.pstatic.net/checkout.phinf/20210118_182/1610896999532lT0GN_JPEG/review-attachment-ebb210c9-c2f4-49b0-b059-64204ec41bd2.jpeg?type=f300_300,nkyq****,21.02.20.
29,3,"그냥 이뻐요
대만족!",https://phinf.pstatic.net/image.nmv/shopnbuyer_2021_01_11_0/f1f667ae-53b7-11eb-9ca7-48df379ccacc_03.jpg?type=ffn300_300,sube****,21.02.16.
30,4,"좋아요
제가 요런걸 넘좋아합니다
집에 넘쳐나도  또사요",https://phinf.pstatic.net/checkout.phinf/20210303_251/1614745157783pfCAY_JPEG/review-attachment-88681ab3-ca32-4489-ad2d-95dc212587fa.jpeg?type=f300_300,nym1****,21.02.06.
31,5,"라운드 사고싶었는데 품절이라 
사각했는데 디피해보니 만족스러워요^^
너무 예쁘네요♡♡♡",https://phinf.pstatic.net/checkout.phinf/20210311_76/1615390281821YudiK_JPEG/review-attachment-b464f07f-2e49-4620-8ac3-a967ee217cf4.jpeg?type=f300_300,aran****,21.01.13.
32,5,인테리어용으로 사용중입니다.,https://phinf.pstatic.net/image.nmv/shopnbuyer_2021_01_04_0/5e8e494f-4e77-11eb-a803-a0369ff94ec8_03.jpg?type=ffn300_300,halo****,21.01.16.
33,5,"타원형을 사고 싶었는데.. 품절ㅜㅜ
근데 상품 받아보니 스퀘어도 너무 맘에 듭니다.",https://phinf.pstatic.net/checkout.phinf/20210206_297/1612617030683Q87H5_JPEG/review-attachment-19ca8ceb-bf30-4587-917c-206c591be48a.jpeg?type=f300_300,rebo****,21.01.02.
34,5,포장 일단 꼼꼼하구요 실물이 훨씬 예쁘네용 튼튼하고 약하지도 않아요 화장대에 넣으니 너무 분위기도 좋고 화사해졌어요 너무 감사합니다 ^^,https://phinf.pstatic.net/checkout.phinf/20210109_70/16101906551308Ew4b_JPEG/review-attachment-ae096340-30e9-476c-9c65-a06dae905b7b.jpeg?type=f300_300,body****,21.01.06.
35,5,와 무지하게 포장해주셔서 전혀 깨짐없이 잘받았습니다,https://phinf.pstatic.net/checkout.phinf/20210217_152/1613548771381kgxE0_JPEG/review-attachment-ec0bf13f-127c-4807-b7ff-215e61e38608.jpeg?type=f300_300,gemm****,20.12.31.
36,5,잘 사용하고 있어요 예뻐요,https://phinf.pstatic.net/checkout.phinf/20210201_256/1612158639663gWLlS_JPEG/review-attachment-6c3ab54c-ce94-48de-bc96-ddea7c5677c9.jpeg?type=f300_300,zjiy****,21.01.03.
37,5,"고급스럽고 정말 예쁘네요 
사이즈를 생각 안하고 구매했는데 
생각보다 커서 어떻게 사용할까 
고민을 좀 했는데 선물받은 양초 놓으니깐
인테리어 효과도 있고 완전 딱이예요",https://phinf.pstatic.net/checkout.phinf/20210309_10/16152439300846KTnU_JPEG/review-attachment-648bac49-8976-40ff-8778-004367ea27a9.jpeg?type=f300_300,zjiy****,20.11.28.
38,5,앤틱하고 여성스러운 디자인이라 화장대 정리에 좋아요,https://phinf.pstatic.net/checkout.phinf/20210323_223/1616458526071AaqWQ_JPEG/review-attachment-b01b5078-701c-445a-995a-a65075ce3b75.jpeg?type=f300_300,gizm****,20.12.03.
39,5,사진 그대로네요 예뻐요~,https://phinf.pstatic.net/checkout.phinf/20210302_101/1614654860303pmVPk_JPEG/review-attachment-e88d5520-b325-4620-b560-31182671b8a5.jpeg?type=f300_300,whit****,20.12.04.
40,5,생각보다커서 향수 올리기 딱,https://phinf.pstatic.net/checkout.phinf/20210309_10/16152439300846KTnU_JPEG/review-attachment-648bac49-8976-40ff-8778-004367ea27a9.jpeg?type=f300_300,9316****,20.12.17.
41,5,"너무예뻐요
분위기짱이예염~~^^",https://phinf.pstatic.net/checkout.phinf/20210323_223/1616458526071AaqWQ_JPEG/review-attachment-b01b5078-701c-445a-995a-a65075ce3b75.jpeg?type=f300_300,goni****,20.11.22.
42,3,사진과 똑같아요 너무 이쁘네용~~블링블링 최고에요~~^^,https://phinf.pstatic.net/checkout.phinf/20210302_101/1614654860303pmVPk_JPEG/review-attachment-e88d5520-b325-4620-b560-31182671b8a5.jpeg?type=f300_300,jinn****,20.12.06.
43,4,"깨끗하고 예쁘네요
배송도 특급이였고 포장상태도 넘좋았어요",https://phinf.pstatic.net/checkout.phinf/20210320_238/161625127633752fXi_JPEG/review-attachment-8d547555-b09e-42f7-8133-62b96c0fd4e8.jpeg?type=f300_300,najy****,20.11.04.
44,5,예뻐요 고급스럽긴한데 생각보다 엄청고급스럽진않은? 크기는 제가생각했던것보단 조금작았어요,https://phinf.pstatic.net/checkout.phinf/20210317_79/1615991623938LP6Tt_JPEG/review-attachment-4f0fb223-188a-4857-966b-cca642e40fa5.jpeg?type=f300_300,pris****,20.10.25.
45,5,예쁩니다 맘에들어요^^,https://phinf.pstatic.net/checkout.phinf/20210326_128/1616734837348fnCTR_JPEG/review-attachment-38d39966-f7f3-4a7f-8b9b-c6dd145fbdee.jpeg?type=f300_300,gdha****,20.10.30.
46,4,생각보다 크지만 너무 마음에 들어요,https://phinf.pstatic.net/checkout.phinf/20210326_90/1616725765589EluUh_JPEG/review-attachment-3ce5a608-3e5c-41f3-b53e-932b43874a21.jpeg?type=f300_300,sosu****,20.10.15.
47,5,엄마가 고른제품이에요,https://phinf.pstatic.net/checkout.phinf/20210311_181/16153908219153d6MN_JPEG/review-attachment-2a742365-113f-4473-96e2-33e6626a2576.jpeg?type=f300_300,wpsf****,20.11.01.
48,5,배송도 빠르고 이쁘네요. 화장대가 화사해졌어요,https://phinf.pstatic.net/checkout.phinf/20210118_182/1610896999532lT0GN_JPEG/review-attachment-ebb210c9-c2f4-49b0-b059-64204ec41bd2.jpeg?type=f300_300,fkwl****,20.10.17.
49,5,엄마가 시켜달라해서 주문했어요,https://phinf.pstatic.net/image.nmv/shopnbuyer_2021_01_11_0/f1f667ae-53b7-11eb-9ca7-48df379ccacc_03.jpg?type=ffn300_300,wpsf****,20.10.06.
50,3,보기와 똑같앙ᆢㄷ~,https://phinf.pstatic.net/checkout.phinf/20210303_251/1614745157783pfCAY_JPEG/review-attachment-88681ab3-ca32-4489-ad2d-95dc212587fa.jpeg?type=f300_300,cej0****,20.10.10.
51,4,"기초화장품놓고쓰는대 굿 넘예쁘네요  ~~ 
비싼화장품이 아닌대 값져보이는 효과가있네요",https://phinf.pstatic.net/checkout.phinf/20210311_76/1615390281821YudiK_JPEG/review-attachment-b464f07f-2e49-4620-8ac3-a967ee217cf4.jpeg?type=f300_300,skwj****,20.09.11.
52,5,"고급스러워요~^^
플리마켓할때 사용하려고 구매해봤는데
너무 만족스럽고 사진 찍을때도 너무 좋아요",https://phinf.pstatic.net/image.nmv/shopnbuyer_2021_01_04_0/5e8e494f-4e77-11eb-a803-a0369ff94ec8_03.jpg?type=ffn300_300,ebed****,20.08.19.
53,5,화면보다 사이즈가 살짝 작은게 아쉬운데 그래두 최고의 상품이네요 장식품과 같이 진열해놓으니 더 고급스럽네요,https://phinf.pstatic.net/checkout.phinf/20210206_297/1612617030683Q87H5_JPEG/review-attachment-19ca8ceb-bf30-4587-917c-206c591be48a.jpeg?type=f300_300,cari****,20.08.19.
54,4,"테두리가 갠적으로 실버였음 더 이뻤을듯,",https://phinf.pstatic.net/checkout.phinf/20210109_70/16101906551308Ew4b_JPEG/review-attachment-ae096340-30e9-476c-9c65-a06dae905b7b.jpeg?type=f300_300,quee****,20.08.23.
55,5,너무너무 고급스럽고 우리집 엔틱가구랑 아주 찰떡궁합 진짜 이뻐요,https://phinf.pstatic.net/checkout.phinf/20210217_152/1613548771381kgxE0_JPEG/review-attachment-ec0bf13f-127c-4807-b7ff-215e61e38608.jpeg?type=f300_300,cari****,20.08.19.
56,5,"작다는 리뷰가많은데 생가보다 커요
가격대비 고급져요 이뻐요",https://phinf.pstatic.net/checkout.phinf/20210201_256/1612158639663gWLlS_JPEG/review-attachment-6c3ab54c-ce94-48de-bc96-ddea7c5677c9.jpeg?type=f300_300,cygy****,20.08.18.
57,5,실제로 묵직하고 예쁩니다,https://phinf.pstatic.net/checkout.phinf/20210309_10/16152439300846KTnU_JPEG/review-attachment-648bac49-8976-40ff-8778-004367ea27a9.jpeg?type=f300_300,avri****,20.08.03.
58,5,생각보다 작았지만 너무 맘에 듭니다. 앤틱크한 장식으로 아주 좋은 것 같습니다. 다른 제품들도 둘러보고 같이 매치해서 사용해보고자 합니다. 예쁜 물건 살수 있어 기쁘네요. 감사합니다.,https://phinf.pstatic.net/checkout.phinf/20210323_223/1616458526071AaqWQ_JPEG/review-attachment-b01b5078-701c-445a-995a-a65075ce3b75.jpeg?type=f300_300,idms****,20.06.17.
59,5,디자인 이뻐요  향수 올려놓으면  이쁠것 같아요,https://phinf.pstatic.net/checkout.phinf/20210302_101/1614654860303pmVPk_JPEG/review-attachment-e88d5520-b325-4620-b560-31182671b8a5.jpeg?type=f300_300,lemk****,20.07.22.
60,5,사진 찍는용도로 쓰려고 샀어요~^^너무 이쁘네요~~나중에 라운드형도 구매하고싶어요~♡,https://phinf.pstatic.net/checkout.phinf/20210309_10/16152439300846KTnU_JPEG/review-attachment-648bac49-8976-40ff-8778-004367ea27a9.jpeg?type=f300_300,didr****,20.06.18.
61,5,만족스러워요~~~~,https://phinf.pstatic.net/checkout.phinf/20210323_223/1616458526071AaqWQ_JPEG/review-attachment-b01b5078-701c-445a-995a-a65075ce3b75.jpeg?type=f300_300,dk04****,20.07.01.
62,3,베르사유궁전의 느낌이예요^^ 엔틱한 분위기가 넘넘 행복함을 주네요~~~이뻐요,https://phinf.pstatic.net/checkout.phinf/20210302_101/1614654860303pmVPk_JPEG/review-attachment-e88d5520-b325-4620-b560-31182671b8a5.jpeg?type=f300_300,pure****,20.06.13.
63,4,"배송빠르고 포장도 진짜 꼼꼼하게 해주셨어요
크기가 생각보단 조금 작았지만 그래두 만족해요
쟁반으로 여러가지 용도로 잘 사용할듯요",https://phinf.pstatic.net/checkout.phinf/20210320_238/161625127633752fXi_JPEG/review-attachment-8d547555-b09e-42f7-8133-62b96c0fd4e8.jpeg?type=f300_300,jryu****,20.06.02.
64,5,포장이 엄청큰 상자가 와서 ㅋ생각보다 사이즈가 큰가 했는데 포장이 엄청낫네요 거울이라 안전하게왔어요^^ 너무이쁩니다 골드라기보단 실버빛이 더 있어요ㅎㅎ 화이트말고 골드있으면 하나 더 사야겟네요.,https://phinf.pstatic.net/checkout.phinf/20210317_79/1615991623938LP6Tt_JPEG/review-attachment-4f0fb223-188a-4857-966b-cca642e40fa5.jpeg?type=f300_300,hbk2****,20.05.26.
65,5,"사이즈가 생각보다는 안컸지만 고급져보이고 묵직해요
잘 사용하고 있습니다",https://phinf.pstatic.net/checkout.phinf/20210326_128/1616734837348fnCTR_JPEG/review-attachment-38d39966-f7f3-4a7f-8b9b-c6dd145fbdee.jpeg?type=f300_300,ing9****,20.06.29.
66,5,너무 이쁘고 갠춘하네요,https://phinf.pstatic.net/checkout.phinf/20210326_90/1616725765589EluUh_JPEG/review-attachment-3ce5a608-3e5c-41f3-b53e-932b43874a21.jpeg?type=f300_300,sson****,20.06.17.
67,5,"배송 신경써주셔서 감사해요~
자잘하게 주문했는데도,빠짐없이 체크 다시 해주시고,피드백도 빨라서 고마웠어요~
감사히 잘쓸게요~^^
타원트레이는 딱 원하던 사이즈로,
고급스러워요^^
큰 사이즈도 있다면 또하나 구입하고싶을정도예요~^^",https://phinf.pstatic.net/checkout.phinf/20210311_181/16153908219153d6MN_JPEG/review-attachment-2a742365-113f-4473-96e2-33e6626a2576.jpeg?type=f300_300,star****,20.05.22.
68,5,포인트로 쏘쏘합니다 질이나 배송도 무난했어요,https://phinf.pstatic.net/checkout.phinf/20210118_182/1610896999532lT0GN_JPEG/review-attachment-ebb210c9-c2f4-49b0-b059-64204ec41bd2.jpeg?type=f300_300,ing9****,20.06.29.
69,5,이거하나로 칙칙했던 아일랜드장이 화사해졌어요 너무예쁩니다!!!,https://phinf.pstatic.net/image.nmv/shopnbuyer_2021_01_11_0/f1f667ae-53b7-11eb-9ca7-48df379ccacc_03.jpg?type=ffn300_300,skdm****,20.05.28.
70,5,두개구매했다가 딸이 이쁘다고 또 하나 구맿했어요~~ 화장품 올려놨더니  깔끔해서 좋코 이뻐요~^^,https://phinf.pstatic.net/checkout.phinf/20210303_251/1614745157783pfCAY_JPEG/review-attachment-88681ab3-ca32-4489-ad2d-95dc212587fa.jpeg?type=f300_300,jji8****,20.05.15.
71,3,"이뻐요
이뻐요
이뻐요~",https://phinf.pstatic.net/checkout.phinf/20210311_76/1615390281821YudiK_JPEG/review-attachment-b464f07f-2e49-4620-8ac3-a967ee217cf4.jpeg?type=f300_300,seoy****,20.07.07.
72,5,상품이 빨리 왔습니다 넘 이뻐요  예쁘게 잘 사용하고   있습니다,https://phinf.pstatic.net/image.nmv/shopnbuyer_2021_01_04_0/5e8e494f-4e77-11eb-a803-a0369ff94ec8_03.jpg?type=ffn300_300,bnim****,20.05.10.
73,5,선물받는 분이 정말 좋아했어요~,https://phinf.pstatic.net/checkout.phinf/20210206_297/1612617030683Q87H5_JPEG/review-attachment-19ca8ceb-bf30-4587-917c-206c591be48a.jpeg?type=f300_300,ange****,20.06.09.
74,4,많이들사용하는 인테리어제품입니다!,https://phinf.pstatic.net/checkout.phinf/20210109_70/16101906551308Ew4b_JPEG/review-attachment-ae096340-30e9-476c-9c65-a06dae905b7b.jpeg?type=f300_300,lee_****,20.06.03.
75,5,너무이뻐요~ 잘쓸께요~,https://phinf.pstatic.net/checkout.phinf/20210217_152/1613548771381kgxE0_JPEG/review-attachment-ec0bf13f-127c-4807-b7ff-215e61e38608.jpeg?type=f300_300,jys3****,20.06.03.
76,5,"사각트레이도 주문했는데 이번에 라운드형 선물할려고 샀는데 넘넘 이뻐요.
사각,타원형 모두 무난한듯 좋아요^^",https://phinf.pstatic.net/checkout.phinf/20210201_256/1612158639663gWLlS_JPEG/review-attachment-6c3ab54c-ce94-48de-bc96-ddea7c5677c9.jpeg?type=f300_300,cosm****,20.05.17.
77,5,생각보다 많이 커요,https://phinf.pstatic.net/checkout.phinf/20210309_10/16152439300846KTnU_JPEG/review-attachment-648bac49-8976-40ff-8778-004367ea27a9.jpeg?type=f300_300,1shl****,20.05.31.
78,5,이뻐요 기분전환되네요,https://phinf.pstatic.net/checkout.phinf/20210323_223/1616458526071AaqWQ_JPEG/review-attachment-b01b5078-701c-445a-995a-a65075ce3b75.jpeg?type=f300_300,ro-a****,20.04.24.
79,5,"트레이가 생각보다 큰 편이라 여러가지 올려도 넉넉해요! 금색보단 살짝 은색끼 있는 테두린데, 오히려 석고상하고 색이 맞아서 예쁘네요",https://phinf.pstatic.net/checkout.phinf/20210302_101/1614654860303pmVPk_JPEG/review-attachment-e88d5520-b325-4620-b560-31182671b8a5.jpeg?type=f300_300,soor****,20.03.30.
80,5,예쁘고 배송도 빨라요. 역시 저렴한것들과는 다르네요. 싼티가 전혀안나요 고급져요,https://phinf.pstatic.net/checkout.phinf/20210309_10/16152439300846KTnU_JPEG/review-attachment-648bac49-8976-40ff-8778-004367ea27a9.jpeg?type=f300_300,wink****,20.04.06.
81,5,이뻐요!!무게감도 있어서 좋아요!,https://phinf.pstatic.net/checkout.phinf/20210323_223/1616458526071AaqWQ_JPEG/review-attachment-b01b5078-701c-445a-995a-a65075ce3b75.jpeg?type=f300_300,rrkd****,20.04.15.
82,3,실물이 훨씬 이뻐요,https://phinf.pstatic.net/checkout.phinf/20210302_101/1614654860303pmVPk_JPEG/review-attachment-e88d5520-b325-4620-b560-31182671b8a5.jpeg?type=f300_300,seoy****,20.05.04.
83,4,"배송도 빠르고 안전하게 포장되어서 왔어요.
물건 올려놓았을때 예뻐서 만족스럽습니다.",https://phinf.pstatic.net/checkout.phinf/20210320_238/161625127633752fXi_JPEG/review-attachment-8d547555-b09e-42f7-8133-62b96c0fd4e8.jpeg?type=f300_300,rebe****,20.03.11.
84,5,너무 예뻐요♥ 마음에 들어요,https://phinf.pstatic.net/checkout.phinf/20210317_79/1615991623938LP6Tt_JPEG/review-attachment-4f0fb223-188a-4857-966b-cca642e40fa5.jpeg?type=f300_300,arte****,20.03.21.
85,5,너무 이뻐요 사이즈도 굿,https://phinf.pstatic.net/checkout.phinf/20210326_128/1616734837348fnCTR_JPEG/review-attachment-38d39966-f7f3-4a7f-8b9b-c6dd145fbdee.jpeg?type=f300_300,gudw****,20.03.10.
86,5,예쁘고 러블리하게 앤틱해요,https://phinf.pstatic.net/checkout.phinf/20210326_90/1616725765589EluUh_JPEG/review-attachment-3ce5a608-3e5c-41f3-b53e-932b43874a21.jpeg?type=f300_300,csa1****,20.04.02.
87,5,색이 먼가 어중간한 느낌이긴 하네요. 제품자체는 괜찬씁니다,https://phinf.pstatic.net/checkout.phinf/20210311_181/16153908219153d6MN_JPEG/review-attachment-2a742365-113f-4473-96e2-33e6626a2576.jpeg?type=f300_300,bbom****,20.02.27.
88,5,화장대에  나란이놓코 화장품 올려놨는데 너무 이뻐요~~~,https://phinf.pstatic.net/checkout.phinf/20210118_182/1610896999532lT0GN_JPEG/review-attachment-ebb210c9-c2f4-49b0-b059-64204ec41bd2.jpeg?type=f300_300,jji8****,20.03.24.
89,5,이뻐요~^^ 현관에 들어오자마자 고급진 느낌이래요ㅎㅎ 밍숭맹숭 디퓨저만 있는게 허전해서 샀더니 넘 이쁩니다 !,https://phinf.pstatic.net/image.nmv/shopnbuyer_2021_01_11_0/f1f667ae-53b7-11eb-9ca7-48df379ccacc_03.jpg?type=ffn300_300,jaer****,20.02.21.
90,5,화장품과 헤어제품 올렸났는데  깔끔하고 좋아요~~,https://phinf.pstatic.net/checkout.phinf/20210303_251/1614745157783pfCAY_JPEG/review-attachment-88681ab3-ca32-4489-ad2d-95dc212587fa.jpeg?type=f300_300,jji8****,20.03.24.
91,5,좋아요좋아요좋아요좋아요,https://phinf.pstatic.net/checkout.phinf/20210311_76/1615390281821YudiK_JPEG/review-attachment-b464f07f-2e49-4620-8ac3-a967ee217cf4.jpeg?type=f300_300,csa1****,20.04.19.
92,5,완전 골드는 아닌데 예쁘네요 ㅎ,https://phinf.pstatic.net/image.nmv/shopnbuyer_2021_01_04_0/5e8e494f-4e77-11eb-a803-a0369ff94ec8_03.jpg?type=ffn300_300,ban7****,20.02.28.
93,4,"이사오면서 향수 정리하는 용도로 구매 했어요~ 
너무너무 맘에 들고 이쁘구요~
생각한 사이즈보다 조금 작은듯한 느낌이 들지만 만족합니다!!",https://phinf.pstatic.net/checkout.phinf/20210206_297/1612617030683Q87H5_JPEG/review-attachment-19ca8ceb-bf30-4587-917c-206c591be48a.jpeg?type=f300_300,namu****,20.02.08.
94,5,사이즈가 작지만 디자인 이쁩니다,https://phinf.pstatic.net/checkout.phinf/20210109_70/16101906551308Ew4b_JPEG/review-attachment-ae096340-30e9-476c-9c65-a06dae905b7b.jpeg?type=f300_300,227e****,20.03.15.
95,5,이렇게 이쁜건 첨봐요,https://phinf.pstatic.net/checkout.phinf/20210217_152/1613548771381kgxE0_JPEG/review-attachment-ec0bf13f-127c-4807-b7ff-215e61e38608.jpeg?type=f300_300,as87****,20.03.16.
96,5,사진촬영과 상세페이지를 다시 만드셔야할 것 같습니다.,https://phinf.pstatic.net/checkout.phinf/20210201_256/1612158639663gWLlS_JPEG/review-attachment-6c3ab54c-ce94-48de-bc96-ddea7c5677c9.jpeg?type=f300_300,fuu1****,20.03.08.
97,5,문제가생기긴했지만   빠른처리감사합니다~^&,https://phinf.pstatic.net/checkout.phinf/20210309_10/16152439300846KTnU_JPEG/review-attachment-648bac49-8976-40ff-8778-004367ea27a9.jpeg?type=f300_300,c671****,20.03.11.
98,4,"인테리어 소품 올려놓는 용도로 쓰구있어욮
제품 이뻐요~~",https://phinf.pstatic.net/checkout.phinf/20210323_223/1616458526071AaqWQ_JPEG/review-attachment-b01b5078-701c-445a-995a-a65075ce3b75.jpeg?type=f300_300,llvm****,20.02.14.
99,5,"금색인걸로 보내달라구했는데..
검수하고 보내주셨다면서
또 은색을보내주셨네요ㅎ..
심지어 전에받은것보다
더심하게 은색인걸루요ㅎ;;
교환반품하기엔 귀찮아서
그냥쓰겠지만 이러는건좀..
아닌것같아용..ㅎㅎ
우롱,기만 당한기분이네염..
재가 그냥 아크릴물감사서
칠해서 쓰도록 하겠습니당..
믿고 재구매한건데 전보다더심한게
왔으므로 1점줍니다..",https://phinf.pstatic.net/checkout.phinf/20210302_101/1614654860303pmVPk_JPEG/review-attachment-e88d5520-b325-4620-b560-31182671b8a5.jpeg?type=f300_300,vofl****,20.01.08.
