﻿,star,review,reviewImage,customerId,reviewDate
0,5,기존 서랍장과 비슷한 계열의 화장대를 구하다 가겨과 수납 모두 만족한 제품을 어렵게 찾아냈어요ㅎㅎ 조금더 어두운 색을 원했지만 단독으로 볼땐 나쁘지않습니다^^,https://phinf.pstatic.net/checkout.phinf/20210309_10/16152439300846KTnU_JPEG/review-attachment-648bac49-8976-40ff-8778-004367ea27a9.jpeg?type=f300_300,5310****,21.03.18.
1,5,혼자 사용할 화장대로 샀는데 색이 조금 더 진했으면 좋겠지만 디자인이나 활용도는 만족합니다,https://phinf.pstatic.net/checkout.phinf/20210323_223/1616458526071AaqWQ_JPEG/review-attachment-b01b5078-701c-445a-995a-a65075ce3b75.jpeg?type=f300_300,kie0****,21.03.13.
2,5,화장대 진짜 너무 이쁘네요 만족합니다.,https://phinf.pstatic.net/checkout.phinf/20210302_101/1614654860303pmVPk_JPEG/review-attachment-e88d5520-b325-4620-b560-31182671b8a5.jpeg?type=f300_300,joar****,20.12.22.
3,5,잘 쓰고 있어요!! 맘에 듭니당!!,https://phinf.pstatic.net/checkout.phinf/20210320_238/161625127633752fXi_JPEG/review-attachment-8d547555-b09e-42f7-8133-62b96c0fd4e8.jpeg?type=f300_300,dori****,20.12.10.
4,5,마음에들어요 색도 괜찮아요,https://phinf.pstatic.net/checkout.phinf/20210317_79/1615991623938LP6Tt_JPEG/review-attachment-4f0fb223-188a-4857-966b-cca642e40fa5.jpeg?type=f300_300,mumm****,20.12.07.
5,5,"배송 이상함..=.= 배송일 지정했는데 그 전주 금요일에 전화와서 토요일에 배송하겠다고 연락옴. 배송일 지정했다하니 그런거 없다함. 토요일은 일정있는데 시간도 일방적으로 정해버림. 결국 내 일정 늦는걸로 하고 토요일에 받기로 했는데, 그날 아침 전화와서 다음주 수요일로 배송 지정하셨냐고... 엥 뭐지;;; 어제 오늘 오신다고 통화하셨잖아요 했더니 배송일지정 자기가 깜빡했다함. ㅡㅡ 그런거 없다면서요.. 일정 늦기로 조정 아닌 희생을 했는데; 그냥 오시라고 함.
근데 오는길도 못찾으심. 택배며 마트 배송 다 시키고 잘 오는데, 왜 가구 배송기사님만 우리집 네비 잘 안나온다고 하시는건지? 자꾸 다른집 얘기하는거같은데 생소해서 어디얘기하는지 못알아듣니 살짝 짜증내심. 그러면서 네비에 잘 안뜬다하는데, 저희도 네비 보고다녀요 기사님. 
어찌저찌 찾은 기사님 왈. (주문시 구주소 썼음). 제가 주소 잘못썼다는듯이 건물에 붙은 도로명주소 말하면서 x다시x 잖아요 하심. 아니 배송다니시는 분이 구주소 신주소도 구분 못하시는건지?
일정 늦어가며 대신 받아준 사람이 기사님 친절했다고 해서 그냥 넘어갔으나 계속해서 전화받는 저는 상당히 기분 안좋았음

그리고선 원래 배송지정일인 수요일에 가구배송하셨냐고 다른 기사님한테 전화옴 ㅋㅋㅋ 대체 무슨 시스템인지 모르겠음..

엘베없는 3층 와이드체스트+화장대 배송비 10만원나옴..ㄷㄷ 개당 4만+계단 각 1만 나온건데 배송비 오지게 비쌈 ㅠ

와이드체스트는 생각보다 작아요 옷 세워두기 애매하고 눕혀서 디피하듯이 놓고있어요 화장대는 수납도 넉넉하고 딱 맘에들어요
두 가구가 세트처럼 비슷할 줄 알았는데 마감 공정이 좀 다른가봐요 화장대가 더 밝아서 그게 많이 아쉽더라구요",https://phinf.pstatic.net/checkout.phinf/20210326_128/1616734837348fnCTR_JPEG/review-attachment-38d39966-f7f3-4a7f-8b9b-c6dd145fbdee.jpeg?type=f300_300,dana****,20.09.25.
6,5,배송도 빨랐고 디자인도 괜찮고... 수납 공간도 이 정도면 뭐 만족하는데 마감이 다소 아쉬운 부분이 있었어요.,https://phinf.pstatic.net/checkout.phinf/20210326_90/1616725765589EluUh_JPEG/review-attachment-3ce5a608-3e5c-41f3-b53e-932b43874a21.jpeg?type=f300_300,dori****,20.11.06.
7,5,엄마가 마음에 쏙 들어하심~ 마감도 컬러도 좋아요,https://phinf.pstatic.net/checkout.phinf/20210311_181/16153908219153d6MN_JPEG/review-attachment-2a742365-113f-4473-96e2-33e6626a2576.jpeg?type=f300_300,limi****,20.10.28.
8,5,찾던 형태의 화장대여서 좋았습니다. 대신 수납장을 공간성있게 잘 활용해야할거같아요.,https://phinf.pstatic.net/checkout.phinf/20210118_182/1610896999532lT0GN_JPEG/review-attachment-ebb210c9-c2f4-49b0-b059-64204ec41bd2.jpeg?type=f300_300,tnal****,20.10.30.
9,4,거울도 큼직하고 화장품 놓고 쓰기도 좋고 화장대 다리도 맘에 들고 좋아요 잘 쓰고 있어요,https://phinf.pstatic.net/image.nmv/shopnbuyer_2021_01_11_0/f1f667ae-53b7-11eb-9ca7-48df379ccacc_03.jpg?type=ffn300_300,bbij****,20.10.01.
10,4,디자인 깔끔합니다 서랍도 부드럽게 열리고 거울이 커서 시원하게 잘 보입니다 거울위에도 작은 소품들 올려놓을 수 있고 거울앞에도 자주쓰는 화장품 기초 놓고 쓰니 좋으네요 나무 무늬가 그대로 보이는데 검은점무늬가 많아서 좀 신경쓰이긴 합니다 배송도 조립도 잘해주셨습니다 섬 배송고 아닌데 배송비 4만원은 좀 비싸다는 생각이 듭니다 그래도 기대만큼 디자인이 맘에 들어 좋습니다 좋은 가구 싸게 잘 구입했습니다 잘 쓰겠습니다,https://phinf.pstatic.net/checkout.phinf/20210303_251/1614745157783pfCAY_JPEG/review-attachment-88681ab3-ca32-4489-ad2d-95dc212587fa.jpeg?type=f300_300,bbij****,20.08.22.
11,5,디자인 사이즈 재질 다 좋아요,https://phinf.pstatic.net/checkout.phinf/20210311_76/1615390281821YudiK_JPEG/review-attachment-b464f07f-2e49-4620-8ac3-a967ee217cf4.jpeg?type=f300_300,aria****,20.09.23.
12,5,화면이랑 똑같이 잘 받았습니당 ^^,https://phinf.pstatic.net/image.nmv/shopnbuyer_2021_01_04_0/5e8e494f-4e77-11eb-a803-a0369ff94ec8_03.jpg?type=ffn300_300,leaf****,20.09.07.
13,5,"화장대 보면볼수록이뻐요
희망배송일을선택했음에도 거의 일주일지나 배송되었지만 화장대가이뻐 커버됩니다.
어울리는 스툴을구매해야되는데 고민이네요
화장대가 너무이뻐서 계속보게되네요
블랙스틸다리 멋집니다.",https://phinf.pstatic.net/checkout.phinf/20210206_297/1612617030683Q87H5_JPEG/review-attachment-19ca8ceb-bf30-4587-917c-206c591be48a.jpeg?type=f300_300,aldu****,20.08.21.
14,5,물건은 좋네요 감사합니다,https://phinf.pstatic.net/checkout.phinf/20210109_70/16101906551308Ew4b_JPEG/review-attachment-ae096340-30e9-476c-9c65-a06dae905b7b.jpeg?type=f300_300,wnsg****,20.09.10.
15,5,튼튼하고 색깔도 너무 맘에 들어요,https://phinf.pstatic.net/checkout.phinf/20210217_152/1613548771381kgxE0_JPEG/review-attachment-ec0bf13f-127c-4807-b7ff-215e61e38608.jpeg?type=f300_300,ki_t****,20.08.18.
16,5,"비슷한 디자인에 다리까지 원목인 제품들은 여기도 물론이고 다른 판매처도 많았는데 철제다리가 맘에 들어서 이걸로 주문했어요!
제가 원하던 사이즈에 큼지막한 거울도 맘에들어요
오른쪽 서랍은 깊어서 어지간한 화장품들 다 수납 가능해서 좋네요!
높이 20센치정도 되는 스킨까지 들어갔어요~
튼튼해서 오래쓸수 있을 것 같아요! 이 가격에 대박인듯!!",https://phinf.pstatic.net/checkout.phinf/20210201_256/1612158639663gWLlS_JPEG/review-attachment-6c3ab54c-ce94-48de-bc96-ddea7c5677c9.jpeg?type=f300_300,rhy8****,20.06.24.
17,4,"깔끔하고 이쁩니다 
수납도 넉넉합니다",https://phinf.pstatic.net/checkout.phinf/20210309_10/16152439300846KTnU_JPEG/review-attachment-648bac49-8976-40ff-8778-004367ea27a9.jpeg?type=f300_300,hanw****,20.08.12.
18,5,넘 이뻐요 제 맘에  쏙 들어요,https://phinf.pstatic.net/checkout.phinf/20210323_223/1616458526071AaqWQ_JPEG/review-attachment-b01b5078-701c-445a-995a-a65075ce3b75.jpeg?type=f300_300,puco****,20.07.19.
19,5,"너무 마음에 들어요~
선물한건데 안방에 둘거라 사이즈가 너무 크지 않은걸 원해서 요 제품이 딱일것 같았는데 다른가구들이랑도 잘 어울리고 사이즈도 맞춤이었어요 ^^ 선물받은분도 너무너무 좋아하셨어요!",https://phinf.pstatic.net/checkout.phinf/20210302_101/1614654860303pmVPk_JPEG/review-attachment-e88d5520-b325-4620-b560-31182671b8a5.jpeg?type=f300_300,isht****,20.05.05.
20,5,기존 서랍장과 비슷한 계열의 화장대를 구하다 가겨과 수납 모두 만족한 제품을 어렵게 찾아냈어요ㅎㅎ 조금더 어두운 색을 원했지만 단독으로 볼땐 나쁘지않습니다^^,https://phinf.pstatic.net/checkout.phinf/20210309_10/16152439300846KTnU_JPEG/review-attachment-648bac49-8976-40ff-8778-004367ea27a9.jpeg?type=f300_300,5310****,21.03.18.
21,5,혼자 사용할 화장대로 샀는데 색이 조금 더 진했으면 좋겠지만 디자인이나 활용도는 만족합니다,https://phinf.pstatic.net/checkout.phinf/20210323_223/1616458526071AaqWQ_JPEG/review-attachment-b01b5078-701c-445a-995a-a65075ce3b75.jpeg?type=f300_300,kie0****,21.03.13.
22,5,화장대 진짜 너무 이쁘네요 만족합니다.,https://phinf.pstatic.net/checkout.phinf/20210302_101/1614654860303pmVPk_JPEG/review-attachment-e88d5520-b325-4620-b560-31182671b8a5.jpeg?type=f300_300,joar****,20.12.22.
23,5,잘 쓰고 있어요!! 맘에 듭니당!!,https://phinf.pstatic.net/checkout.phinf/20210320_238/161625127633752fXi_JPEG/review-attachment-8d547555-b09e-42f7-8133-62b96c0fd4e8.jpeg?type=f300_300,dori****,20.12.10.
24,5,마음에들어요 색도 괜찮아요,https://phinf.pstatic.net/checkout.phinf/20210317_79/1615991623938LP6Tt_JPEG/review-attachment-4f0fb223-188a-4857-966b-cca642e40fa5.jpeg?type=f300_300,mumm****,20.12.07.
25,5,"배송 이상함..=.= 배송일 지정했는데 그 전주 금요일에 전화와서 토요일에 배송하겠다고 연락옴. 배송일 지정했다하니 그런거 없다함. 토요일은 일정있는데 시간도 일방적으로 정해버림. 결국 내 일정 늦는걸로 하고 토요일에 받기로 했는데, 그날 아침 전화와서 다음주 수요일로 배송 지정하셨냐고... 엥 뭐지;;; 어제 오늘 오신다고 통화하셨잖아요 했더니 배송일지정 자기가 깜빡했다함. ㅡㅡ 그런거 없다면서요.. 일정 늦기로 조정 아닌 희생을 했는데; 그냥 오시라고 함.
근데 오는길도 못찾으심. 택배며 마트 배송 다 시키고 잘 오는데, 왜 가구 배송기사님만 우리집 네비 잘 안나온다고 하시는건지? 자꾸 다른집 얘기하는거같은데 생소해서 어디얘기하는지 못알아듣니 살짝 짜증내심. 그러면서 네비에 잘 안뜬다하는데, 저희도 네비 보고다녀요 기사님. 
어찌저찌 찾은 기사님 왈. (주문시 구주소 썼음). 제가 주소 잘못썼다는듯이 건물에 붙은 도로명주소 말하면서 x다시x 잖아요 하심. 아니 배송다니시는 분이 구주소 신주소도 구분 못하시는건지?
일정 늦어가며 대신 받아준 사람이 기사님 친절했다고 해서 그냥 넘어갔으나 계속해서 전화받는 저는 상당히 기분 안좋았음

그리고선 원래 배송지정일인 수요일에 가구배송하셨냐고 다른 기사님한테 전화옴 ㅋㅋㅋ 대체 무슨 시스템인지 모르겠음..

엘베없는 3층 와이드체스트+화장대 배송비 10만원나옴..ㄷㄷ 개당 4만+계단 각 1만 나온건데 배송비 오지게 비쌈 ㅠ

와이드체스트는 생각보다 작아요 옷 세워두기 애매하고 눕혀서 디피하듯이 놓고있어요 화장대는 수납도 넉넉하고 딱 맘에들어요
두 가구가 세트처럼 비슷할 줄 알았는데 마감 공정이 좀 다른가봐요 화장대가 더 밝아서 그게 많이 아쉽더라구요",https://phinf.pstatic.net/checkout.phinf/20210326_128/1616734837348fnCTR_JPEG/review-attachment-38d39966-f7f3-4a7f-8b9b-c6dd145fbdee.jpeg?type=f300_300,dana****,20.09.25.
26,5,배송도 빨랐고 디자인도 괜찮고... 수납 공간도 이 정도면 뭐 만족하는데 마감이 다소 아쉬운 부분이 있었어요.,https://phinf.pstatic.net/checkout.phinf/20210326_90/1616725765589EluUh_JPEG/review-attachment-3ce5a608-3e5c-41f3-b53e-932b43874a21.jpeg?type=f300_300,dori****,20.11.06.
27,5,엄마가 마음에 쏙 들어하심~ 마감도 컬러도 좋아요,https://phinf.pstatic.net/checkout.phinf/20210311_181/16153908219153d6MN_JPEG/review-attachment-2a742365-113f-4473-96e2-33e6626a2576.jpeg?type=f300_300,limi****,20.10.28.
28,5,찾던 형태의 화장대여서 좋았습니다. 대신 수납장을 공간성있게 잘 활용해야할거같아요.,https://phinf.pstatic.net/checkout.phinf/20210118_182/1610896999532lT0GN_JPEG/review-attachment-ebb210c9-c2f4-49b0-b059-64204ec41bd2.jpeg?type=f300_300,tnal****,20.10.30.
29,4,거울도 큼직하고 화장품 놓고 쓰기도 좋고 화장대 다리도 맘에 들고 좋아요 잘 쓰고 있어요,https://phinf.pstatic.net/image.nmv/shopnbuyer_2021_01_11_0/f1f667ae-53b7-11eb-9ca7-48df379ccacc_03.jpg?type=ffn300_300,bbij****,20.10.01.
30,4,디자인 깔끔합니다 서랍도 부드럽게 열리고 거울이 커서 시원하게 잘 보입니다 거울위에도 작은 소품들 올려놓을 수 있고 거울앞에도 자주쓰는 화장품 기초 놓고 쓰니 좋으네요 나무 무늬가 그대로 보이는데 검은점무늬가 많아서 좀 신경쓰이긴 합니다 배송도 조립도 잘해주셨습니다 섬 배송고 아닌데 배송비 4만원은 좀 비싸다는 생각이 듭니다 그래도 기대만큼 디자인이 맘에 들어 좋습니다 좋은 가구 싸게 잘 구입했습니다 잘 쓰겠습니다,https://phinf.pstatic.net/checkout.phinf/20210303_251/1614745157783pfCAY_JPEG/review-attachment-88681ab3-ca32-4489-ad2d-95dc212587fa.jpeg?type=f300_300,bbij****,20.08.22.
31,5,디자인 사이즈 재질 다 좋아요,https://phinf.pstatic.net/checkout.phinf/20210311_76/1615390281821YudiK_JPEG/review-attachment-b464f07f-2e49-4620-8ac3-a967ee217cf4.jpeg?type=f300_300,aria****,20.09.23.
32,5,화면이랑 똑같이 잘 받았습니당 ^^,https://phinf.pstatic.net/image.nmv/shopnbuyer_2021_01_04_0/5e8e494f-4e77-11eb-a803-a0369ff94ec8_03.jpg?type=ffn300_300,leaf****,20.09.07.
33,5,"화장대 보면볼수록이뻐요
희망배송일을선택했음에도 거의 일주일지나 배송되었지만 화장대가이뻐 커버됩니다.
어울리는 스툴을구매해야되는데 고민이네요
화장대가 너무이뻐서 계속보게되네요
블랙스틸다리 멋집니다.",https://phinf.pstatic.net/checkout.phinf/20210206_297/1612617030683Q87H5_JPEG/review-attachment-19ca8ceb-bf30-4587-917c-206c591be48a.jpeg?type=f300_300,aldu****,20.08.21.
34,5,물건은 좋네요 감사합니다,https://phinf.pstatic.net/checkout.phinf/20210109_70/16101906551308Ew4b_JPEG/review-attachment-ae096340-30e9-476c-9c65-a06dae905b7b.jpeg?type=f300_300,wnsg****,20.09.10.
35,5,튼튼하고 색깔도 너무 맘에 들어요,https://phinf.pstatic.net/checkout.phinf/20210217_152/1613548771381kgxE0_JPEG/review-attachment-ec0bf13f-127c-4807-b7ff-215e61e38608.jpeg?type=f300_300,ki_t****,20.08.18.
36,5,"비슷한 디자인에 다리까지 원목인 제품들은 여기도 물론이고 다른 판매처도 많았는데 철제다리가 맘에 들어서 이걸로 주문했어요!
제가 원하던 사이즈에 큼지막한 거울도 맘에들어요
오른쪽 서랍은 깊어서 어지간한 화장품들 다 수납 가능해서 좋네요!
높이 20센치정도 되는 스킨까지 들어갔어요~
튼튼해서 오래쓸수 있을 것 같아요! 이 가격에 대박인듯!!",https://phinf.pstatic.net/checkout.phinf/20210201_256/1612158639663gWLlS_JPEG/review-attachment-6c3ab54c-ce94-48de-bc96-ddea7c5677c9.jpeg?type=f300_300,rhy8****,20.06.24.
37,4,"깔끔하고 이쁩니다 
수납도 넉넉합니다",https://phinf.pstatic.net/checkout.phinf/20210309_10/16152439300846KTnU_JPEG/review-attachment-648bac49-8976-40ff-8778-004367ea27a9.jpeg?type=f300_300,hanw****,20.08.12.
38,5,넘 이뻐요 제 맘에  쏙 들어요,https://phinf.pstatic.net/checkout.phinf/20210323_223/1616458526071AaqWQ_JPEG/review-attachment-b01b5078-701c-445a-995a-a65075ce3b75.jpeg?type=f300_300,puco****,20.07.19.
39,5,"너무 마음에 들어요~
선물한건데 안방에 둘거라 사이즈가 너무 크지 않은걸 원해서 요 제품이 딱일것 같았는데 다른가구들이랑도 잘 어울리고 사이즈도 맞춤이었어요 ^^ 선물받은분도 너무너무 좋아하셨어요!",https://phinf.pstatic.net/checkout.phinf/20210302_101/1614654860303pmVPk_JPEG/review-attachment-e88d5520-b325-4620-b560-31182671b8a5.jpeg?type=f300_300,isht****,20.05.05.
