﻿,star,review,reviewImage,customerId,reviewDate
0,5,"원목에다 마음에 드는 화장대를 찾는다고 2달 넘게 인터넷을 뒤지다가 진짜 우연히 발견했는데 가격이랑 실물을 볼 수 없어서 조금 망설였지만 원목에다 원하던 제품이라 1월 초에 구매했어요. 지정일 배송보다 2주나 일찍 배송왔는데요, 화장대는 사진이랑 같고 실제로 보니 더 예뻐서 행복했습니다ㅎㅎㅎ 거울도 잘 움직이는 것 보다 나무 홈으로 되어있는게 더 좋고, 서랍도 넓고, 오른쪽 서랍은 깊기까지해서 드라이기랑 고데기 넣기 좋아요. 선반? 높이도 빗 놓고 책 꽃아 놔도 널널하고 꺼내기도 편해서 진짜 맘에 들어욥!! 원목가구라 찍힘이 있긴했는데 색이 진하지 않아서인지, 원목 무늬 때문인지 보이는 곳도 딱히 신경쓰이지 않았어요. 거울부분에 궁금한 점도 있었고, 나무의 특성때문에 문의도 드렸는데 톡톡 답변도 잘해주시고, 전화도 해주시고, 해결도 해주셔서 고맙습니다ㅎㅎ 지정일 배송때문에 리뷰도 빨리 못 쓰고 있다보니 사용한지 한달이 훌쩍 넘었는데요. 책도 읽고, 인강도 듣고 진짜 너무 잘 사서 잘 쓰고 있어요~~!!",https://phinf.pstatic.net/checkout.phinf/20210309_10/16152439300846KTnU_JPEG/review-attachment-648bac49-8976-40ff-8778-004367ea27a9.jpeg?type=f300_300,mhj9****,21.03.13.
1,4,"배송날짜도 맞춰서 잘왔고
크기도 색상도 생각했던것처럼 딱 좋네요
다만 서랍안쪽이나 상판에 조금씩
걸리적거리는게 있어요 쓰다보면 괜찮아지겠죠",https://phinf.pstatic.net/checkout.phinf/20210323_223/1616458526071AaqWQ_JPEG/review-attachment-b01b5078-701c-445a-995a-a65075ce3b75.jpeg?type=f300_300,gusw****,21.03.25.
2,4,"기사님들은 조심스럽게 꺼내서 설치해주셨는데 새 유리인데 이미 찍힘과 기스가 있네요 포장을 좀 더 신경써야 될거같습니다
화장대 자체는 좋아요 지정된 날짜에 잘왔고 기사님들도 친절하셨습니다",https://phinf.pstatic.net/checkout.phinf/20210302_101/1614654860303pmVPk_JPEG/review-attachment-e88d5520-b325-4620-b560-31182671b8a5.jpeg?type=f300_300,khm8****,21.02.28.
3,4,"정말 맘에들고 예쁜데 설치해주시고 가시자마자 닦다가 깨진?부분 있어서 문의드렸는데 열흘후에 연락와서 교환해주신다고 ...이미 쓰고있는데 어떡하냐했더니 제품의 하자이기때문에 당연히 교환해준다며 다만 제작 후 순차적 배송이라 시간이 걸릴거라며 배송기사님께서 연락주실꺼라고...문의남기고 열흘이나 지나 굳이 교환할 생각어졌어서 너무 감사했는데 웬걸~  아직까지 연락없으신건 뭔가요~~~
제가 안된다는걸 바꿔달라고 사정한것도 아니잖아요~~~그래도 잘 쓰고있습니다
이부분때문에 주저앉거나 부숴질일은 없을테니 계속 잘 쓸게요",https://phinf.pstatic.net/checkout.phinf/20210320_238/161625127633752fXi_JPEG/review-attachment-8d547555-b09e-42f7-8133-62b96c0fd4e8.jpeg?type=f300_300,glar****,21.02.27.
4,5,화장대 너무 예뻐요. 견고하고 수납도 넉넉한 편이네요. 침대랑 같이 주문했는데 세트라서 더 예뻐요.,https://phinf.pstatic.net/checkout.phinf/20210317_79/1615991623938LP6Tt_JPEG/review-attachment-4f0fb223-188a-4857-966b-cca642e40fa5.jpeg?type=f300_300,shee****,21.03.13.
5,5,방이 좁아서 화장대 엄청 많이 찾아보다가 샀는데 아주 만족합니다! 원목이면서 내츄럴 톤에 수납도 많고 거울도 있는 화장대를 찾았는데 아주 딱이에요! 배송기사님들도 하루 전에 안내 전화 주시고 정해진 시간에 오셨어요. 친절하게 설명해주시고 슉슉 조립하고 가셨습니다 ㅎㅎ 스툴이 세트로 없어서 따로 샀는데 ㅜㅜ 세트로 있었으면 더 좋았을 것 같아용,https://phinf.pstatic.net/checkout.phinf/20210326_128/1616734837348fnCTR_JPEG/review-attachment-38d39966-f7f3-4a7f-8b9b-c6dd145fbdee.jpeg?type=f300_300,slrk****,21.02.06.
6,5,한달 걸린다고 했는데 주문하고 일주일 뒤엔가 왔어요 지정 해 놓은 날짜가 되어야 구매확정이 된다고 해서 거의 한달만에 리뷰쓰네요  상품평 보고 색이 좀 더 어두우려나 기대했는데 상세 색이랑 똑같고 잘쓰고 있어요,https://phinf.pstatic.net/checkout.phinf/20210326_90/1616725765589EluUh_JPEG/review-attachment-3ce5a608-3e5c-41f3-b53e-932b43874a21.jpeg?type=f300_300,lash****,21.02.21.
7,4,"이번에 처음 독립하면서 산 가구들 중 정말 제 최애 1등 가구입니다!!
제가 샀지만 이런걸 찾아낸 나 너무너무 기특하고 ㅋㅋㅋ 이렇게 예쁘고 감각적인 디자인, 세심한 마무리, 고급스러운 원목 재질!!
거기다 원목 컬러까지!!! 정말 빠지는게 하나도 없어요!!!

첨부한 사진에서 곡선의 마무리 함 보세요!! 
진짜 퀄러티 좋아요!!

그리고 오크컬러도 나무마다 톤이나 결이 달라서 시키고 보면 다 제각각이고 내 마음에 쏙 드는건 찾기 힘들었는데.. 이건 정말 딱입니다!!
은은하고 차분하고 고급스러운 원목컬러..
하..진짜 최고에요

다른 가구들까지 싹다 장미맨숀 리브시리즈로 바꾸고 싶을 정도에요 ㅠㅠ
주변에도 여기 가구 너무 좋다고 얘기하고 있고
나중에 제가 가구 구매할 일이 있으면 제일 먼저 장미맨숀 가구부터 체크할꺼에요!!

기회가 되면 쇼룸에도 들러서 가구 감상하다 오고 싶네요!!

남자친구가 3월에 이사하는데
그때 남자친구 가구 구매리스트에도 이곳 제품 일순위로 리스트업해뒀습니다!!
뭔가 대리만족 하는 기분으로 ㅎㅎ

앞으로도 예쁘고 퀄러티 좋은, 그러면서 가격은 합리적인 이런 착한가구 계속 만들어주세요!!

그러려면 여기 가구 마니마니들 사주세요~~!!

저 여기랑 아무 관계 없는데,
이런덴 앞으로 계속 남아있어주셔야해요 ㅠㅠ",https://phinf.pstatic.net/checkout.phinf/20210311_181/16153908219153d6MN_JPEG/review-attachment-2a742365-113f-4473-96e2-33e6626a2576.jpeg?type=f300_300,gold****,20.12.17.
8,4,"이쁘네요. 딸애방에도 잘 어울리고, 갓 입학한 대학생이 쓰기엔 아기자기하고 옆에 있는 책상과도 잘 어울립니다. 물론, 가성비가 좋구요. 30대 넘어서 쓰기엔 조금 가벼워 보이지만 대학생 저학년들이 쓰기엔 안성맞춤이네요.",https://phinf.pstatic.net/checkout.phinf/20210118_182/1610896999532lT0GN_JPEG/review-attachment-ebb210c9-c2f4-49b0-b059-64204ec41bd2.jpeg?type=f300_300,hana****,21.02.10.
9,4,너무 이쁘고 마감이 고급스럽고 좋아요.,https://phinf.pstatic.net/image.nmv/shopnbuyer_2021_01_11_0/f1f667ae-53b7-11eb-9ca7-48df379ccacc_03.jpg?type=ffn300_300,bong****,21.02.14.
10,5,은근 수납 많이 되네요 깔끔하고 이뻐요^.^,https://phinf.pstatic.net/checkout.phinf/20210303_251/1614745157783pfCAY_JPEG/review-attachment-88681ab3-ca32-4489-ad2d-95dc212587fa.jpeg?type=f300_300,irox****,21.03.03.
11,5,"서랍장이랑 같이 샀는데 넘 맘에들어요

배송은 좀 걸렸습니다~",https://phinf.pstatic.net/checkout.phinf/20210311_76/1615390281821YudiK_JPEG/review-attachment-b464f07f-2e49-4620-8ac3-a967ee217cf4.jpeg?type=f300_300,rhdu****,21.01.20.
12,4,디자인은 생각했던 대로 너무 이쁜데요. 군데군데 찍힌 부분이 서너 군데 있네요. 교환하기 귀찮아서 그냥 쓰는데 검수 잘 하셔야 할 것 같아요..,https://phinf.pstatic.net/image.nmv/shopnbuyer_2021_01_04_0/5e8e494f-4e77-11eb-a803-a0369ff94ec8_03.jpg?type=ffn300_300,viru****,20.12.26.
13,5,아침일찍 배송받았는데(7시반) 원하는날짜 토욜이니 감안하구요 조립식인지는 몰랐는데 와서 조립해주셨고.. 색상은 예상한대로 내추럴에 어두운색이네요 감안하세요! 저는 살짝별론데 엄마가 좋다고하니 뭐 ㅎㅎㅎ 튼튼해보여요..고무나무 내추럴옷장과 비교ㅅㅏ진 첨부했어요 도움되길 ~,https://phinf.pstatic.net/checkout.phinf/20210206_297/1612617030683Q87H5_JPEG/review-attachment-19ca8ceb-bf30-4587-917c-206c591be48a.jpeg?type=f300_300,eun_****,20.12.05.
14,5,컬러감이 화면과는 조금 달라서 아쉽습니다 ㅠ,https://phinf.pstatic.net/checkout.phinf/20210109_70/16101906551308Ew4b_JPEG/review-attachment-ae096340-30e9-476c-9c65-a06dae905b7b.jpeg?type=f300_300,ejwi****,20.11.16.
