﻿,star,review,reviewImage,customerId,reviewDate
0,5,잘쓸게요 감사합니다.,https://phinf.pstatic.net/checkout.phinf/20210309_10/16152439300846KTnU_JPEG/review-attachment-648bac49-8976-40ff-8778-004367ea27a9.jpeg?type=f300_300,kjb8****,21.02.24.
1,5,"이사 당일날 받았는데 여기 저기 왔다 갔다 하느라 제가 없이 기사님이 설치 해주시고 가셨어요~설치후 사진도 찍어 주시고 전화도 친절히 해주시고 가셨어요~
화장대는 너무 이쁘고 좋은데 거울이 고정이 안되서 위험한것 같더라구요~그리고 맨위 서랍장은 열리고 닫히는게 너무 빡빡?해서 사용하기 불편하구요..ㅜㅠ
서랍장 위쪽으로 스크래치도 있공 ㅜ(사진첨부가 안되네용)
개인 적인 생각은 화장대는 이쁜데 가격에 비해 아쉬운감이 있네용 ㅜ",https://phinf.pstatic.net/checkout.phinf/20210323_223/1616458526071AaqWQ_JPEG/review-attachment-b01b5078-701c-445a-995a-a65075ce3b75.jpeg?type=f300_300,jhr1****,20.10.20.
2,5,"사진이랑 똑같고 크기도 적당하니 예뻐요~~
조명도 밝고 수납도 은근 많이 되네요
조명 너무 밝으면 몇 개는 약간 돌려서 꺼놓으면 되요~",https://phinf.pstatic.net/checkout.phinf/20210302_101/1614654860303pmVPk_JPEG/review-attachment-e88d5520-b325-4620-b560-31182671b8a5.jpeg?type=f300_300,craz****,20.10.11.
3,5,"너무 이뻐요 수납이 좋아요
단 조명이 완전 환해서 저는 조명을 돌려놔서 한개만 나오게 켰어요^^",https://phinf.pstatic.net/checkout.phinf/20210320_238/161625127633752fXi_JPEG/review-attachment-8d547555-b09e-42f7-8133-62b96c0fd4e8.jpeg?type=f300_300,saya****,20.07.20.
4,5,"얼마나 고민을 했는지 몰라요..
다른건 눈에 차지가 않더라구요
제가 똥손이라 화면에 다 담을수 없다는게 너무아쉽네요ㅜㅜ 설치기사님도 정말 친절하시고 제가 조명때문에 고민하니까 일일이 보여주시면서 설명해주셨어요ㅜㅜ덕분에 탁월한 선택할수있었습니다 감사해요!
잘쓸게요 진짜 예뻐요 볼때마다 흐뭇~~",https://phinf.pstatic.net/checkout.phinf/20210317_79/1615991623938LP6Tt_JPEG/review-attachment-4f0fb223-188a-4857-966b-cca642e40fa5.jpeg?type=f300_300,coco****,20.05.12.
5,2,"만족합니다. 저희집도 구매했다가 마음에 들어서
어버이날 기념으로 부모님 댁에도 구매를 했어요
엄청 만족해 하시네요",https://phinf.pstatic.net/checkout.phinf/20210326_128/1616734837348fnCTR_JPEG/review-attachment-38d39966-f7f3-4a7f-8b9b-c6dd145fbdee.jpeg?type=f300_300,namk****,20.05.27.
6,5,너무 이쁘네요~~~~,https://phinf.pstatic.net/checkout.phinf/20210326_90/1616725765589EluUh_JPEG/review-attachment-3ce5a608-3e5c-41f3-b53e-932b43874a21.jpeg?type=f300_300,jiho****,20.06.02.
7,5,맘에 쏙 들어요 !!!,https://phinf.pstatic.net/checkout.phinf/20210311_181/16153908219153d6MN_JPEG/review-attachment-2a742365-113f-4473-96e2-33e6626a2576.jpeg?type=f300_300,zzik****,20.02.21.
8,5,"고민하다 구매하게 되었습니다
역시..조명은굿입니다
나무가 진짜원목이였음 하는 아쉬움과 조금더 컬러감 도 다양했으면 하는 아쉬움 생기더군요
하지만.. 맘에 들어요...  조명빨  화장대ㅋㅋㅋ
특히 ......배송기사님  진짜 친절하셔요",https://phinf.pstatic.net/checkout.phinf/20210118_182/1610896999532lT0GN_JPEG/review-attachment-ebb210c9-c2f4-49b0-b059-64204ec41bd2.jpeg?type=f300_300,desi****,19.12.03.
9,5,화장대 알아보다가 발견했는데 보자마자 너무 사고싶었어요ㅎ 가격이 너무 비싸서 계속 망설이다가 한두해 쓸거아니니깐 큰맘먹고 질렀는데 정말 잘한것같아요 큰사이즈를 사고싶었는데 집에 둘 공간 크기가 아쉽게도 조금 모자라서 미니샀는데 미니도 크네요ㅎ 배송도 빠르고 만족합니다ㅎ,https://phinf.pstatic.net/image.nmv/shopnbuyer_2021_01_11_0/f1f667ae-53b7-11eb-9ca7-48df379ccacc_03.jpg?type=ffn300_300,kais****,19.10.31.
10,5,배송도 일주일도 안걸렸어요 배송기사분이 친절하게 설명도 잘해주시고 조명은 화이트로 변경했는데 재고가 없어서 택배로 다음날 바로 받았어요 생각보다 수납이 넉넉해서 너무 맘에 들어요,https://phinf.pstatic.net/checkout.phinf/20210303_251/1614745157783pfCAY_JPEG/review-attachment-88681ab3-ca32-4489-ad2d-95dc212587fa.jpeg?type=f300_300,mete****,19.08.27.
11,5,화면이미지랑 같아요~ 너무 예뻐요. 후기들처럼 배송기사님 너무너무 친절하셨고 주말인데도 오셔서 고생 많으셨어요. 거울은 부착용이 아니라 분리되는 형태인데 넘어지진 않는 구조예요. 서랍이 넓어서 잡동사니 정리 가능하구요. 유리테이블이어서 안에 수납공간 확인 가능해서 좋아요! 거기에 led등도 예쁘고 따로 스위치랑 콘센트 같이 있는 형태라 너무 편리해요 의자도 가볍도 좋네요,https://phinf.pstatic.net/checkout.phinf/20210311_76/1615390281821YudiK_JPEG/review-attachment-b464f07f-2e49-4620-8ac3-a967ee217cf4.jpeg?type=f300_300,aiha****,19.07.22.
12,5,"오자마자 제 화장품고ㅡ 약을 다 털어넣었어요 1000 조금 넘을수도있는데 제가 잰 공간이 1020이라 딱 들어갔구요

전구는 커요 수납공간이 많고 저는 저 갈색이 의자라서 뺄수있는줄알았는데 아니더라고요 ㅋㅋㅋ 아래 전부 큰 서랍이예요 의자 따로 왔구요 폭신하네요~

손잡이가 없는건 장점일수도있는데 전 손톱다 망가져서 단점인듯 ㅠ",https://phinf.pstatic.net/image.nmv/shopnbuyer_2021_01_04_0/5e8e494f-4e77-11eb-a803-a0369ff94ec8_03.jpg?type=ffn300_300,vivi****,19.05.15.
13,5,실물을 보고 더 만족했습니드,https://phinf.pstatic.net/checkout.phinf/20210206_297/1612617030683Q87H5_JPEG/review-attachment-19ca8ceb-bf30-4587-917c-206c591be48a.jpeg?type=f300_300,ysh6****,19.06.26.
14,5,넘이뻐요ㅎㅎㅎ 화장할맛이나네요ㅋㅋ,https://phinf.pstatic.net/checkout.phinf/20210109_70/16101906551308Ew4b_JPEG/review-attachment-ae096340-30e9-476c-9c65-a06dae905b7b.jpeg?type=f300_300,love****,19.06.01.
15,5,"잘받았어요 
배송기사분이 너무 친절하셔서 좋아요
디자인도 이쁘네요",https://phinf.pstatic.net/checkout.phinf/20210217_152/1613548771381kgxE0_JPEG/review-attachment-ec0bf13f-127c-4807-b7ff-215e61e38608.jpeg?type=f300_300,minh****,19.03.15.
16,5,사물함크기도 넉넉하니 너무 좋아요!,https://phinf.pstatic.net/checkout.phinf/20210201_256/1612158639663gWLlS_JPEG/review-attachment-6c3ab54c-ce94-48de-bc96-ddea7c5677c9.jpeg?type=f300_300,wldu****,19.03.11.
17,5,넘무 예뻐요.진짜 잘 사용할수 있을것 같아요,https://phinf.pstatic.net/checkout.phinf/20210309_10/16152439300846KTnU_JPEG/review-attachment-648bac49-8976-40ff-8778-004367ea27a9.jpeg?type=f300_300,skin****,19.03.20.
18,5,"정말 최고예요 
처음에 큰 사이즈 주문했다가 이사갈집에 사이즈가 안맞아 작은거로 요청드렸는데 상담도 친정하게해주시고 설치기사님도 너무 친절하십니다!!! 정말 이뻐요 기대 그 이상에 이상입니다👍🏻👍🏻",https://phinf.pstatic.net/checkout.phinf/20210323_223/1616458526071AaqWQ_JPEG/review-attachment-b01b5078-701c-445a-995a-a65075ce3b75.jpeg?type=f300_300,wldu****,19.02.01.
19,5,"엄마 선물로 보내드렸어요.
지방인데도 배송이 1주일 정도밖에 안걸렸고,
값진 화장대 같다며 엄마가 무척 좋아하세요.",https://phinf.pstatic.net/checkout.phinf/20210302_101/1614654860303pmVPk_JPEG/review-attachment-e88d5520-b325-4620-b560-31182671b8a5.jpeg?type=f300_300,nugu****,19.01.07.
20,5,잘쓸게요 감사합니다.,https://phinf.pstatic.net/checkout.phinf/20210309_10/16152439300846KTnU_JPEG/review-attachment-648bac49-8976-40ff-8778-004367ea27a9.jpeg?type=f300_300,kjb8****,21.02.24.
21,5,"이사 당일날 받았는데 여기 저기 왔다 갔다 하느라 제가 없이 기사님이 설치 해주시고 가셨어요~설치후 사진도 찍어 주시고 전화도 친절히 해주시고 가셨어요~
화장대는 너무 이쁘고 좋은데 거울이 고정이 안되서 위험한것 같더라구요~그리고 맨위 서랍장은 열리고 닫히는게 너무 빡빡?해서 사용하기 불편하구요..ㅜㅠ
서랍장 위쪽으로 스크래치도 있공 ㅜ(사진첨부가 안되네용)
개인 적인 생각은 화장대는 이쁜데 가격에 비해 아쉬운감이 있네용 ㅜ",https://phinf.pstatic.net/checkout.phinf/20210323_223/1616458526071AaqWQ_JPEG/review-attachment-b01b5078-701c-445a-995a-a65075ce3b75.jpeg?type=f300_300,jhr1****,20.10.20.
22,5,"사진이랑 똑같고 크기도 적당하니 예뻐요~~
조명도 밝고 수납도 은근 많이 되네요
조명 너무 밝으면 몇 개는 약간 돌려서 꺼놓으면 되요~",https://phinf.pstatic.net/checkout.phinf/20210302_101/1614654860303pmVPk_JPEG/review-attachment-e88d5520-b325-4620-b560-31182671b8a5.jpeg?type=f300_300,craz****,20.10.11.
23,5,"너무 이뻐요 수납이 좋아요
단 조명이 완전 환해서 저는 조명을 돌려놔서 한개만 나오게 켰어요^^",https://phinf.pstatic.net/checkout.phinf/20210320_238/161625127633752fXi_JPEG/review-attachment-8d547555-b09e-42f7-8133-62b96c0fd4e8.jpeg?type=f300_300,saya****,20.07.20.
24,5,"얼마나 고민을 했는지 몰라요..
다른건 눈에 차지가 않더라구요
제가 똥손이라 화면에 다 담을수 없다는게 너무아쉽네요ㅜㅜ 설치기사님도 정말 친절하시고 제가 조명때문에 고민하니까 일일이 보여주시면서 설명해주셨어요ㅜㅜ덕분에 탁월한 선택할수있었습니다 감사해요!
잘쓸게요 진짜 예뻐요 볼때마다 흐뭇~~",https://phinf.pstatic.net/checkout.phinf/20210317_79/1615991623938LP6Tt_JPEG/review-attachment-4f0fb223-188a-4857-966b-cca642e40fa5.jpeg?type=f300_300,coco****,20.05.12.
25,2,"만족합니다. 저희집도 구매했다가 마음에 들어서
어버이날 기념으로 부모님 댁에도 구매를 했어요
엄청 만족해 하시네요",https://phinf.pstatic.net/checkout.phinf/20210326_128/1616734837348fnCTR_JPEG/review-attachment-38d39966-f7f3-4a7f-8b9b-c6dd145fbdee.jpeg?type=f300_300,namk****,20.05.27.
26,5,너무 이쁘네요~~~~,https://phinf.pstatic.net/checkout.phinf/20210326_90/1616725765589EluUh_JPEG/review-attachment-3ce5a608-3e5c-41f3-b53e-932b43874a21.jpeg?type=f300_300,jiho****,20.06.02.
27,5,맘에 쏙 들어요 !!!,https://phinf.pstatic.net/checkout.phinf/20210311_181/16153908219153d6MN_JPEG/review-attachment-2a742365-113f-4473-96e2-33e6626a2576.jpeg?type=f300_300,zzik****,20.02.21.
28,5,"고민하다 구매하게 되었습니다
역시..조명은굿입니다
나무가 진짜원목이였음 하는 아쉬움과 조금더 컬러감 도 다양했으면 하는 아쉬움 생기더군요
하지만.. 맘에 들어요...  조명빨  화장대ㅋㅋㅋ
특히 ......배송기사님  진짜 친절하셔요",https://phinf.pstatic.net/checkout.phinf/20210118_182/1610896999532lT0GN_JPEG/review-attachment-ebb210c9-c2f4-49b0-b059-64204ec41bd2.jpeg?type=f300_300,desi****,19.12.03.
29,5,화장대 알아보다가 발견했는데 보자마자 너무 사고싶었어요ㅎ 가격이 너무 비싸서 계속 망설이다가 한두해 쓸거아니니깐 큰맘먹고 질렀는데 정말 잘한것같아요 큰사이즈를 사고싶었는데 집에 둘 공간 크기가 아쉽게도 조금 모자라서 미니샀는데 미니도 크네요ㅎ 배송도 빠르고 만족합니다ㅎ,https://phinf.pstatic.net/image.nmv/shopnbuyer_2021_01_11_0/f1f667ae-53b7-11eb-9ca7-48df379ccacc_03.jpg?type=ffn300_300,kais****,19.10.31.
30,5,배송도 일주일도 안걸렸어요 배송기사분이 친절하게 설명도 잘해주시고 조명은 화이트로 변경했는데 재고가 없어서 택배로 다음날 바로 받았어요 생각보다 수납이 넉넉해서 너무 맘에 들어요,https://phinf.pstatic.net/checkout.phinf/20210303_251/1614745157783pfCAY_JPEG/review-attachment-88681ab3-ca32-4489-ad2d-95dc212587fa.jpeg?type=f300_300,mete****,19.08.27.
31,5,화면이미지랑 같아요~ 너무 예뻐요. 후기들처럼 배송기사님 너무너무 친절하셨고 주말인데도 오셔서 고생 많으셨어요. 거울은 부착용이 아니라 분리되는 형태인데 넘어지진 않는 구조예요. 서랍이 넓어서 잡동사니 정리 가능하구요. 유리테이블이어서 안에 수납공간 확인 가능해서 좋아요! 거기에 led등도 예쁘고 따로 스위치랑 콘센트 같이 있는 형태라 너무 편리해요 의자도 가볍도 좋네요,https://phinf.pstatic.net/checkout.phinf/20210311_76/1615390281821YudiK_JPEG/review-attachment-b464f07f-2e49-4620-8ac3-a967ee217cf4.jpeg?type=f300_300,aiha****,19.07.22.
32,5,"오자마자 제 화장품고ㅡ 약을 다 털어넣었어요 1000 조금 넘을수도있는데 제가 잰 공간이 1020이라 딱 들어갔구요

전구는 커요 수납공간이 많고 저는 저 갈색이 의자라서 뺄수있는줄알았는데 아니더라고요 ㅋㅋㅋ 아래 전부 큰 서랍이예요 의자 따로 왔구요 폭신하네요~

손잡이가 없는건 장점일수도있는데 전 손톱다 망가져서 단점인듯 ㅠ",https://phinf.pstatic.net/image.nmv/shopnbuyer_2021_01_04_0/5e8e494f-4e77-11eb-a803-a0369ff94ec8_03.jpg?type=ffn300_300,vivi****,19.05.15.
33,5,실물을 보고 더 만족했습니드,https://phinf.pstatic.net/checkout.phinf/20210206_297/1612617030683Q87H5_JPEG/review-attachment-19ca8ceb-bf30-4587-917c-206c591be48a.jpeg?type=f300_300,ysh6****,19.06.26.
34,5,넘이뻐요ㅎㅎㅎ 화장할맛이나네요ㅋㅋ,https://phinf.pstatic.net/checkout.phinf/20210109_70/16101906551308Ew4b_JPEG/review-attachment-ae096340-30e9-476c-9c65-a06dae905b7b.jpeg?type=f300_300,love****,19.06.01.
35,5,"잘받았어요 
배송기사분이 너무 친절하셔서 좋아요
디자인도 이쁘네요",https://phinf.pstatic.net/checkout.phinf/20210217_152/1613548771381kgxE0_JPEG/review-attachment-ec0bf13f-127c-4807-b7ff-215e61e38608.jpeg?type=f300_300,minh****,19.03.15.
36,5,사물함크기도 넉넉하니 너무 좋아요!,https://phinf.pstatic.net/checkout.phinf/20210201_256/1612158639663gWLlS_JPEG/review-attachment-6c3ab54c-ce94-48de-bc96-ddea7c5677c9.jpeg?type=f300_300,wldu****,19.03.11.
37,5,넘무 예뻐요.진짜 잘 사용할수 있을것 같아요,https://phinf.pstatic.net/checkout.phinf/20210309_10/16152439300846KTnU_JPEG/review-attachment-648bac49-8976-40ff-8778-004367ea27a9.jpeg?type=f300_300,skin****,19.03.20.
38,5,"정말 최고예요 
처음에 큰 사이즈 주문했다가 이사갈집에 사이즈가 안맞아 작은거로 요청드렸는데 상담도 친정하게해주시고 설치기사님도 너무 친절하십니다!!! 정말 이뻐요 기대 그 이상에 이상입니다👍🏻👍🏻",https://phinf.pstatic.net/checkout.phinf/20210323_223/1616458526071AaqWQ_JPEG/review-attachment-b01b5078-701c-445a-995a-a65075ce3b75.jpeg?type=f300_300,wldu****,19.02.01.
39,5,"엄마 선물로 보내드렸어요.
지방인데도 배송이 1주일 정도밖에 안걸렸고,
값진 화장대 같다며 엄마가 무척 좋아하세요.",https://phinf.pstatic.net/checkout.phinf/20210302_101/1614654860303pmVPk_JPEG/review-attachment-e88d5520-b325-4620-b560-31182671b8a5.jpeg?type=f300_300,nugu****,19.01.07.
40,5,예쁘게 잘 사용 하고 있습니다.,https://phinf.pstatic.net/checkout.phinf/20210309_10/16152439300846KTnU_JPEG/review-attachment-648bac49-8976-40ff-8778-004367ea27a9.jpeg?type=f300_300,hcwi****,18.12.28.
41,5,"사진보다 훨씬 예뻐요
딸이 너무 좋아해서 흐뭇하네요
배송기사님 완전 친절하셔서 기분좋게 배송받았어요
감사합니다",https://phinf.pstatic.net/checkout.phinf/20210323_223/1616458526071AaqWQ_JPEG/review-attachment-b01b5078-701c-445a-995a-a65075ce3b75.jpeg?type=f300_300,kang****,18.11.02.
42,5,실용적이고 예쁜 화장대 집들이 했을때 친구들이 다들 부러워 하는 화장대가 됬습니다. 불을 켜면 공주화장대처럼 더 블링블링해요. 원목이라 튼튼하고 나무 향도 좋습니다.,https://phinf.pstatic.net/checkout.phinf/20210302_101/1614654860303pmVPk_JPEG/review-attachment-e88d5520-b325-4620-b560-31182671b8a5.jpeg?type=f300_300,ivyw****,18.08.22.
43,5,너무이뻐요😍😍 화장대를 이금액주고 사야되나 말아야되나 걱정하다가 이것보다 이쁜게 눈에 안 띄여서 구매결정했는데 진짜 너무 이쁘네요,https://phinf.pstatic.net/checkout.phinf/20210320_238/161625127633752fXi_JPEG/review-attachment-8d547555-b09e-42f7-8133-62b96c0fd4e8.jpeg?type=f300_300,cute****,18.08.16.
44,5,너무이뻐요,https://phinf.pstatic.net/checkout.phinf/20210317_79/1615991623938LP6Tt_JPEG/review-attachment-4f0fb223-188a-4857-966b-cca642e40fa5.jpeg?type=f300_300,cute****,18.08.16.
45,5,사진이랑 똑같네요 ㅎㅎ 너무이뻐요,https://phinf.pstatic.net/checkout.phinf/20210326_128/1616734837348fnCTR_JPEG/review-attachment-38d39966-f7f3-4a7f-8b9b-c6dd145fbdee.jpeg?type=f300_300,wlal****,18.08.07.
46,5,굿 너무이버용 ㅠㅠ완전 반했어용배송기사님도 친절하시고 설치잘해주셔서 좋앗어용근데 쓰다보니앞면이유리라먼지가 쌓여서 티나는거빼곤넘 잘쓰고잇어요 ㅎㅎ,https://phinf.pstatic.net/checkout.phinf/20210326_90/1616725765589EluUh_JPEG/review-attachment-3ce5a608-3e5c-41f3-b53e-932b43874a21.jpeg?type=f300_300,gods****,18.07.16.
47,5,넘맘에들어용 ㅎ,https://phinf.pstatic.net/checkout.phinf/20210311_181/16153908219153d6MN_JPEG/review-attachment-2a742365-113f-4473-96e2-33e6626a2576.jpeg?type=f300_300,gods****,18.07.16.
48,5,만적합니다,https://phinf.pstatic.net/checkout.phinf/20210118_182/1610896999532lT0GN_JPEG/review-attachment-ebb210c9-c2f4-49b0-b059-64204ec41bd2.jpeg?type=f300_300,tndu****,18.07.20.
49,5,너무너무 예뻐서 화장대 앉을때마다 공주가 되는 기분이에요.^^,https://phinf.pstatic.net/image.nmv/shopnbuyer_2021_01_11_0/f1f667ae-53b7-11eb-9ca7-48df379ccacc_03.jpg?type=ffn300_300,ivyw****,18.06.03.
50,5,넘나 이뽀요! 큰거 살려다가 미니로샀는데 사이즈도 딱 좋구 넘나 이뻐요! 조명달린게 훨씬이쁘네요! 기사님도 친절하셔서 기분좋습니다!,https://phinf.pstatic.net/checkout.phinf/20210303_251/1614745157783pfCAY_JPEG/review-attachment-88681ab3-ca32-4489-ad2d-95dc212587fa.jpeg?type=f300_300,unlo****,18.04.17.
51,5,"와이프사줬어용! 요번에 이사하면서 저희 와이프 쪼그려앉아서 화장하는게 마음아퍼서, 사줬습니다.
부족한 저에게  시집와서 고생만하고, 그래도 인상한번구기지않고, 큰소리않내고, 살아준 와이프에게 선물합니다.

p.s덕분에 차바꿨어요...ㅋㅋㅋ",https://phinf.pstatic.net/checkout.phinf/20210311_76/1615390281821YudiK_JPEG/review-attachment-b464f07f-2e49-4620-8ac3-a967ee217cf4.jpeg?type=f300_300,ally****,18.04.23.
52,5,너무이쁩니다 너무이뻐요          색도 맘에들고                                  전구도크고 깊이도40이라서 자리많이안차지해요!,https://phinf.pstatic.net/image.nmv/shopnbuyer_2021_01_04_0/5e8e494f-4e77-11eb-a803-a0369ff94ec8_03.jpg?type=ffn300_300,euny****,18.04.25.
53,5,이뻐요!와이프가엄청좋아라하심.ㅎㅎ 덕분에 차바꿨음!!,https://phinf.pstatic.net/checkout.phinf/20210206_297/1612617030683Q87H5_JPEG/review-attachment-19ca8ceb-bf30-4587-917c-206c591be48a.jpeg?type=f300_300,ally****,18.04.23.
54,5,사이즈도 적당하고 너무 예뻐요! 기사분이 친절하셔서 기분이 좋습니다!,https://phinf.pstatic.net/checkout.phinf/20210109_70/16101906551308Ew4b_JPEG/review-attachment-ae096340-30e9-476c-9c65-a06dae905b7b.jpeg?type=f300_300,unlo****,18.04.17.
55,5,배송기사분너무친절하시고 생각보다 수납은많이안되요,https://phinf.pstatic.net/checkout.phinf/20210217_152/1613548771381kgxE0_JPEG/review-attachment-ec0bf13f-127c-4807-b7ff-215e61e38608.jpeg?type=f300_300,love****,18.04.17.
56,5,너무이뻐요ㅜ,https://phinf.pstatic.net/checkout.phinf/20210201_256/1612158639663gWLlS_JPEG/review-attachment-6c3ab54c-ce94-48de-bc96-ddea7c5677c9.jpeg?type=f300_300,euny****,18.04.25.
57,5,예 쁩 니 따 ,https://phinf.pstatic.net/checkout.phinf/20210309_10/16152439300846KTnU_JPEG/review-attachment-648bac49-8976-40ff-8778-004367ea27a9.jpeg?type=f300_300,wdg2****,18.04.04.
58,5,굿굿좋아요,https://phinf.pstatic.net/checkout.phinf/20210323_223/1616458526071AaqWQ_JPEG/review-attachment-b01b5078-701c-445a-995a-a65075ce3b75.jpeg?type=f300_300,spri****,18.04.17.
59,5,예쁘고 맘에들어요 ^^,https://phinf.pstatic.net/checkout.phinf/20210302_101/1614654860303pmVPk_JPEG/review-attachment-e88d5520-b325-4620-b560-31182671b8a5.jpeg?type=f300_300,youx****,18.03.22.
