﻿,star,review,reviewImage,customerId,reviewDate
0,5,너무잘쓰고있습니다! 다른분들한테 추천하고있어요~,https://phinf.pstatic.net/checkout.phinf/20210309_10/16152439300846KTnU_JPEG/review-attachment-648bac49-8976-40ff-8778-004367ea27a9.jpeg?type=f300_300,tlsa****,21.01.29.
1,5,재질도 맘에들고 서랍이 나눠있어 쓸모있어요 집에있던 우리 깔았는데 딱 맞아요 ㅎㅎㅎ 냄새도 안나고 좋아요~~~^^,https://phinf.pstatic.net/checkout.phinf/20210323_223/1616458526071AaqWQ_JPEG/review-attachment-b01b5078-701c-445a-995a-a65075ce3b75.jpeg?type=f300_300,navc****,20.12.27.
2,5,디자인 예뻐요 색깔이 완전 화이트는 아니고 아이보리에요!!,https://phinf.pstatic.net/checkout.phinf/20210302_101/1614654860303pmVPk_JPEG/review-attachment-e88d5520-b325-4620-b560-31182671b8a5.jpeg?type=f300_300,doto****,21.01.13.
3,4,배송기사님이 친절하셨고 제품도 너무이뻐요^^,https://phinf.pstatic.net/checkout.phinf/20210320_238/161625127633752fXi_JPEG/review-attachment-8d547555-b09e-42f7-8133-62b96c0fd4e8.jpeg?type=f300_300,doto****,20.12.11.
4,5,서랍 여닫기 부드러워좋아요  생각보다 정리하기좋은 사이즈입니다,https://phinf.pstatic.net/checkout.phinf/20210317_79/1615991623938LP6Tt_JPEG/review-attachment-4f0fb223-188a-4857-966b-cca642e40fa5.jpeg?type=f300_300,ljho****,20.12.21.
5,5,심플하고 좋앙ㅕ~~~,https://phinf.pstatic.net/checkout.phinf/20210326_128/1616734837348fnCTR_JPEG/review-attachment-38d39966-f7f3-4a7f-8b9b-c6dd145fbdee.jpeg?type=f300_300,ljs7****,20.12.03.
6,4,"전체적으로 화이트라 깨끗하고 예뻐요. 수납도 잘되고 배송도 빠르고 냄새도 없고 모든게 만족해요. 공간이 없어서 싸이즈때문에 고민했는데 적당한 크기에 서랍도 부드럽고 맨윗서랍이 안경등 작은소품 넣기 조아요
사업 번창하세요~~~~",https://phinf.pstatic.net/checkout.phinf/20210326_90/1616725765589EluUh_JPEG/review-attachment-3ce5a608-3e5c-41f3-b53e-932b43874a21.jpeg?type=f300_300,jcb8****,20.10.22.
7,5,만족합니다. 다만 아래쪽 귀퉁이쪽에 도장이 좀 잘 안되어 있는 부분이 있어서 별하나 뺐습니다. 색은 확실히 화이트라기 보단 아이보리 .. 전체적으로는 만족합니다.,https://phinf.pstatic.net/checkout.phinf/20210311_181/16153908219153d6MN_JPEG/review-attachment-2a742365-113f-4473-96e2-33e6626a2576.jpeg?type=f300_300,hyun****,20.10.28.
8,5,"얼룩안생기고, 서랍도 편해요.",https://phinf.pstatic.net/checkout.phinf/20210118_182/1610896999532lT0GN_JPEG/review-attachment-ebb210c9-c2f4-49b0-b059-64204ec41bd2.jpeg?type=f300_300,jinx****,20.03.16.
9,5,거울도 큼직하니 맘에 들고 배송도 빨리 도착했습니다 수납공간 넉넉하고 첫번째ㅜ서랍장 칸막이 분리도 되니 공간 활용 잘 될거 같아요 배송기사님도 친절하시도 만족 100%입니다,https://phinf.pstatic.net/image.nmv/shopnbuyer_2021_01_11_0/f1f667ae-53b7-11eb-9ca7-48df379ccacc_03.jpg?type=ffn300_300,wldn****,19.12.30.
10,5,"좋은 상품, 빠른 배송,기사님도 친절하셨어요",https://phinf.pstatic.net/checkout.phinf/20210303_251/1614745157783pfCAY_JPEG/review-attachment-88681ab3-ca32-4489-ad2d-95dc212587fa.jpeg?type=f300_300,jinx****,20.02.03.
11,4,사진에서 보던 그대로 이고 배송도 생각보다 빨라서 만족합니다~,https://phinf.pstatic.net/checkout.phinf/20210311_76/1615390281821YudiK_JPEG/review-attachment-b464f07f-2e49-4620-8ac3-a967ee217cf4.jpeg?type=f300_300,ice1****,19.10.23.
12,5,"너~~~~무 예뻐요. 살짝 무광에 화이트인데, 톤다운 . 이 가격대로 수납장 겸 화장대 할 서랍장을 얼마나 뒤졌는지.. 일주일을 찾다가 이 수납장 보고 바로 결제 했어요 ㅎㅎ 
배송은 지정일 바로 다음날 배송왔고, 직영 택배 기사님인지,, 택배 회사 직원분이신지, 너무 친절하셔서 감사했어요! 수납공간도 널널하고 높이도 화장대로 쓰기에 딱 좋더라구요! 
한개만 샀는데 여유 되면 하나 더 살까 해요^^",https://phinf.pstatic.net/image.nmv/shopnbuyer_2021_01_04_0/5e8e494f-4e77-11eb-a803-a0369ff94ec8_03.jpg?type=ffn300_300,v0v1****,19.05.30.
13,5,화면이랑 색상이 달라요. 아이보리빛이 많이 납니다. 새 하얀 화이트 생각하시는 분들은 구매 고려해보셔야 할듯. 제 옷장이 완전 화이트라서 색 비교되라고 같이 찍었어요.,https://phinf.pstatic.net/checkout.phinf/20210206_297/1612617030683Q87H5_JPEG/review-attachment-19ca8ceb-bf30-4587-917c-206c591be48a.jpeg?type=f300_300,tjdg****,18.12.28.
14,5,"추천합니다 원하는 사이즈가 없어서 한참 찾았는데 딱 맞아서 너무 좋네요서랍 높이가 젤윗칸은 짧고 아래칸들은 길어서 수납도 아주 효율적이에요화장대겸 수납장으로 쓰기에 정말 좋네여튼튼해보이고 레일도 부드럽고,, 너무 싼거는 안좋더라고요,, 이 가격대비 아주 추천합니다다만 서서 쓰기에는 아래쪽 손잡이 홈이 좀 낮게 느껴져여위쪽에 서랍 홈이 있는게 더 편리할거 같은데,, 아님 아래,위쪽 다 있거나요ㅋ 배송도 가구치고 빠른편이었어요 감사합니다",https://phinf.pstatic.net/checkout.phinf/20210109_70/16101906551308Ew4b_JPEG/review-attachment-ae096340-30e9-476c-9c65-a06dae905b7b.jpeg?type=f300_300,ggar****,18.11.05.
15,5,너무 이뻐요~ 완전 만족 합니다~!!! 서울이라 지정일 배송으로 받았네요~배송 기사님도 너무 친절하게 해주시고 가셔서 기분이 좋았습니다. 포인트 서랍장을 생각하다가 문안하게 화이트 컬러로 구매하게 되었는데 생각보다 너무 이쁘네요~ 레일도 튼튼하고 무엇보다 새 제품 냄새가 아닌 나무냄새가 너무 좋아서 깜짝 놀랐습니다. 거실 분위기가 서랍장 하나로 바뀐 거 같아 너무 기분 좋습니다. 많이 파세요~,https://phinf.pstatic.net/checkout.phinf/20210217_152/1613548771381kgxE0_JPEG/review-attachment-ec0bf13f-127c-4807-b7ff-215e61e38608.jpeg?type=f300_300,bohy****,18.10.29.
16,5,사진보다 더 갠찮아요 서랍장 와이드형으로 고르고 거울을 원래 벽에 걸려하다가 스윙 거울까지 발견하고 세트로 샀어요... 집에 서랍장이 여러개 있는데 젤 나아 보여요 ㅎㅎ 그리고 배송기사님 전화로도 설치 하시러 오셔서도 참 친절하셔서 감사했어요^^,https://phinf.pstatic.net/checkout.phinf/20210201_256/1612158639663gWLlS_JPEG/review-attachment-6c3ab54c-ce94-48de-bc96-ddea7c5677c9.jpeg?type=f300_300,insu****,18.10.26.
17,4,딱 원하던 사이즈에요 너무 맘에 들어여 사진보다 더 예쁘고 수납도 많이됨,https://phinf.pstatic.net/checkout.phinf/20210309_10/16152439300846KTnU_JPEG/review-attachment-648bac49-8976-40ff-8778-004367ea27a9.jpeg?type=f300_300,ggar****,18.11.05.
18,5,너무 이뻐요 상품이 너무 괜찮네요. 배송도 원하는 날짜에 오고 좋았습니다. 침대 색깔이랑 매칭이 되어서 너무 마음에 들어요,https://phinf.pstatic.net/checkout.phinf/20210323_223/1616458526071AaqWQ_JPEG/review-attachment-b01b5078-701c-445a-995a-a65075ce3b75.jpeg?type=f300_300,cjw3****,18.10.22.
19,5,지정배송일에 받았어요~너무 이쁘네요~,https://phinf.pstatic.net/checkout.phinf/20210302_101/1614654860303pmVPk_JPEG/review-attachment-e88d5520-b325-4620-b560-31182671b8a5.jpeg?type=f300_300,bohy****,18.10.28.
20,5,너무잘쓰고있습니다! 다른분들한테 추천하고있어요~,https://phinf.pstatic.net/checkout.phinf/20210309_10/16152439300846KTnU_JPEG/review-attachment-648bac49-8976-40ff-8778-004367ea27a9.jpeg?type=f300_300,tlsa****,21.01.29.
21,5,재질도 맘에들고 서랍이 나눠있어 쓸모있어요 집에있던 우리 깔았는데 딱 맞아요 ㅎㅎㅎ 냄새도 안나고 좋아요~~~^^,https://phinf.pstatic.net/checkout.phinf/20210323_223/1616458526071AaqWQ_JPEG/review-attachment-b01b5078-701c-445a-995a-a65075ce3b75.jpeg?type=f300_300,navc****,20.12.27.
22,5,디자인 예뻐요 색깔이 완전 화이트는 아니고 아이보리에요!!,https://phinf.pstatic.net/checkout.phinf/20210302_101/1614654860303pmVPk_JPEG/review-attachment-e88d5520-b325-4620-b560-31182671b8a5.jpeg?type=f300_300,doto****,21.01.13.
23,4,배송기사님이 친절하셨고 제품도 너무이뻐요^^,https://phinf.pstatic.net/checkout.phinf/20210320_238/161625127633752fXi_JPEG/review-attachment-8d547555-b09e-42f7-8133-62b96c0fd4e8.jpeg?type=f300_300,doto****,20.12.11.
24,5,서랍 여닫기 부드러워좋아요  생각보다 정리하기좋은 사이즈입니다,https://phinf.pstatic.net/checkout.phinf/20210317_79/1615991623938LP6Tt_JPEG/review-attachment-4f0fb223-188a-4857-966b-cca642e40fa5.jpeg?type=f300_300,ljho****,20.12.21.
25,5,심플하고 좋앙ㅕ~~~,https://phinf.pstatic.net/checkout.phinf/20210326_128/1616734837348fnCTR_JPEG/review-attachment-38d39966-f7f3-4a7f-8b9b-c6dd145fbdee.jpeg?type=f300_300,ljs7****,20.12.03.
26,4,"전체적으로 화이트라 깨끗하고 예뻐요. 수납도 잘되고 배송도 빠르고 냄새도 없고 모든게 만족해요. 공간이 없어서 싸이즈때문에 고민했는데 적당한 크기에 서랍도 부드럽고 맨윗서랍이 안경등 작은소품 넣기 조아요
사업 번창하세요~~~~",https://phinf.pstatic.net/checkout.phinf/20210326_90/1616725765589EluUh_JPEG/review-attachment-3ce5a608-3e5c-41f3-b53e-932b43874a21.jpeg?type=f300_300,jcb8****,20.10.22.
27,5,만족합니다. 다만 아래쪽 귀퉁이쪽에 도장이 좀 잘 안되어 있는 부분이 있어서 별하나 뺐습니다. 색은 확실히 화이트라기 보단 아이보리 .. 전체적으로는 만족합니다.,https://phinf.pstatic.net/checkout.phinf/20210311_181/16153908219153d6MN_JPEG/review-attachment-2a742365-113f-4473-96e2-33e6626a2576.jpeg?type=f300_300,hyun****,20.10.28.
28,5,"얼룩안생기고, 서랍도 편해요.",https://phinf.pstatic.net/checkout.phinf/20210118_182/1610896999532lT0GN_JPEG/review-attachment-ebb210c9-c2f4-49b0-b059-64204ec41bd2.jpeg?type=f300_300,jinx****,20.03.16.
29,5,거울도 큼직하니 맘에 들고 배송도 빨리 도착했습니다 수납공간 넉넉하고 첫번째ㅜ서랍장 칸막이 분리도 되니 공간 활용 잘 될거 같아요 배송기사님도 친절하시도 만족 100%입니다,https://phinf.pstatic.net/image.nmv/shopnbuyer_2021_01_11_0/f1f667ae-53b7-11eb-9ca7-48df379ccacc_03.jpg?type=ffn300_300,wldn****,19.12.30.
30,5,"좋은 상품, 빠른 배송,기사님도 친절하셨어요",https://phinf.pstatic.net/checkout.phinf/20210303_251/1614745157783pfCAY_JPEG/review-attachment-88681ab3-ca32-4489-ad2d-95dc212587fa.jpeg?type=f300_300,jinx****,20.02.03.
31,4,사진에서 보던 그대로 이고 배송도 생각보다 빨라서 만족합니다~,https://phinf.pstatic.net/checkout.phinf/20210311_76/1615390281821YudiK_JPEG/review-attachment-b464f07f-2e49-4620-8ac3-a967ee217cf4.jpeg?type=f300_300,ice1****,19.10.23.
32,5,"너~~~~무 예뻐요. 살짝 무광에 화이트인데, 톤다운 . 이 가격대로 수납장 겸 화장대 할 서랍장을 얼마나 뒤졌는지.. 일주일을 찾다가 이 수납장 보고 바로 결제 했어요 ㅎㅎ 
배송은 지정일 바로 다음날 배송왔고, 직영 택배 기사님인지,, 택배 회사 직원분이신지, 너무 친절하셔서 감사했어요! 수납공간도 널널하고 높이도 화장대로 쓰기에 딱 좋더라구요! 
한개만 샀는데 여유 되면 하나 더 살까 해요^^",https://phinf.pstatic.net/image.nmv/shopnbuyer_2021_01_04_0/5e8e494f-4e77-11eb-a803-a0369ff94ec8_03.jpg?type=ffn300_300,v0v1****,19.05.30.
33,5,화면이랑 색상이 달라요. 아이보리빛이 많이 납니다. 새 하얀 화이트 생각하시는 분들은 구매 고려해보셔야 할듯. 제 옷장이 완전 화이트라서 색 비교되라고 같이 찍었어요.,https://phinf.pstatic.net/checkout.phinf/20210206_297/1612617030683Q87H5_JPEG/review-attachment-19ca8ceb-bf30-4587-917c-206c591be48a.jpeg?type=f300_300,tjdg****,18.12.28.
34,5,"추천합니다 원하는 사이즈가 없어서 한참 찾았는데 딱 맞아서 너무 좋네요서랍 높이가 젤윗칸은 짧고 아래칸들은 길어서 수납도 아주 효율적이에요화장대겸 수납장으로 쓰기에 정말 좋네여튼튼해보이고 레일도 부드럽고,, 너무 싼거는 안좋더라고요,, 이 가격대비 아주 추천합니다다만 서서 쓰기에는 아래쪽 손잡이 홈이 좀 낮게 느껴져여위쪽에 서랍 홈이 있는게 더 편리할거 같은데,, 아님 아래,위쪽 다 있거나요ㅋ 배송도 가구치고 빠른편이었어요 감사합니다",https://phinf.pstatic.net/checkout.phinf/20210109_70/16101906551308Ew4b_JPEG/review-attachment-ae096340-30e9-476c-9c65-a06dae905b7b.jpeg?type=f300_300,ggar****,18.11.05.
35,5,너무 이뻐요~ 완전 만족 합니다~!!! 서울이라 지정일 배송으로 받았네요~배송 기사님도 너무 친절하게 해주시고 가셔서 기분이 좋았습니다. 포인트 서랍장을 생각하다가 문안하게 화이트 컬러로 구매하게 되었는데 생각보다 너무 이쁘네요~ 레일도 튼튼하고 무엇보다 새 제품 냄새가 아닌 나무냄새가 너무 좋아서 깜짝 놀랐습니다. 거실 분위기가 서랍장 하나로 바뀐 거 같아 너무 기분 좋습니다. 많이 파세요~,https://phinf.pstatic.net/checkout.phinf/20210217_152/1613548771381kgxE0_JPEG/review-attachment-ec0bf13f-127c-4807-b7ff-215e61e38608.jpeg?type=f300_300,bohy****,18.10.29.
36,5,사진보다 더 갠찮아요 서랍장 와이드형으로 고르고 거울을 원래 벽에 걸려하다가 스윙 거울까지 발견하고 세트로 샀어요... 집에 서랍장이 여러개 있는데 젤 나아 보여요 ㅎㅎ 그리고 배송기사님 전화로도 설치 하시러 오셔서도 참 친절하셔서 감사했어요^^,https://phinf.pstatic.net/checkout.phinf/20210201_256/1612158639663gWLlS_JPEG/review-attachment-6c3ab54c-ce94-48de-bc96-ddea7c5677c9.jpeg?type=f300_300,insu****,18.10.26.
37,4,딱 원하던 사이즈에요 너무 맘에 들어여 사진보다 더 예쁘고 수납도 많이됨,https://phinf.pstatic.net/checkout.phinf/20210309_10/16152439300846KTnU_JPEG/review-attachment-648bac49-8976-40ff-8778-004367ea27a9.jpeg?type=f300_300,ggar****,18.11.05.
38,5,너무 이뻐요 상품이 너무 괜찮네요. 배송도 원하는 날짜에 오고 좋았습니다. 침대 색깔이랑 매칭이 되어서 너무 마음에 들어요,https://phinf.pstatic.net/checkout.phinf/20210323_223/1616458526071AaqWQ_JPEG/review-attachment-b01b5078-701c-445a-995a-a65075ce3b75.jpeg?type=f300_300,cjw3****,18.10.22.
39,5,지정배송일에 받았어요~너무 이쁘네요~,https://phinf.pstatic.net/checkout.phinf/20210302_101/1614654860303pmVPk_JPEG/review-attachment-e88d5520-b325-4620-b560-31182671b8a5.jpeg?type=f300_300,bohy****,18.10.28.
