﻿,star,review,reviewImage,customerId,reviewDate
0,5,먼저 화장대도 좋고 맘에 들지만 배송기사님이 정말 친절하시고 유머감각도 많으셔서 웃으시면서 다 조립 설치해 주시고 화장대 수납공간이 많아서 너무 좋습니다.,https://phinf.pstatic.net/checkout.phinf/20210309_10/16152439300846KTnU_JPEG/review-attachment-648bac49-8976-40ff-8778-004367ea27a9.jpeg?type=f300_300,newl****,21.03.25.
1,4,단단하고 깔끔하고 고급스럽습니다!! 거울이 생각보다 엄청요 잘쓸게요~ 근데 의자가 이쁘긴한데 색깔이 좀 안맞네용 의자가 아예블랙이었다면 디자인적으로는 더 나을거같아요,https://phinf.pstatic.net/checkout.phinf/20210323_223/1616458526071AaqWQ_JPEG/review-attachment-b01b5078-701c-445a-995a-a65075ce3b75.jpeg?type=f300_300,sin3****,20.12.14.
2,5,"와~~대박!!
인터넷으로보고 구매했는데 직접배송되고보니 생각보다 더마음에들어요~~어쩜이리 고급스럽고 수납공간많아서 편리하고 제인생에산가구중 가장잘한결정인것같아요~~무조건구매하세요
정말마음에드실거예요~~",https://phinf.pstatic.net/checkout.phinf/20210302_101/1614654860303pmVPk_JPEG/review-attachment-e88d5520-b325-4620-b560-31182671b8a5.jpeg?type=f300_300,whan****,20.07.30.
3,5,이뻐요  실물이 더더더요,https://phinf.pstatic.net/checkout.phinf/20210320_238/161625127633752fXi_JPEG/review-attachment-8d547555-b09e-42f7-8133-62b96c0fd4e8.jpeg?type=f300_300,test****,20.08.13.
4,5,너무예뻐요~근데 살짝 기스가있네요,https://phinf.pstatic.net/checkout.phinf/20210317_79/1615991623938LP6Tt_JPEG/review-attachment-4f0fb223-188a-4857-966b-cca642e40fa5.jpeg?type=f300_300,neru****,20.03.17.
5,5,좋아요 좋아요 매우 맘에 들어요 기사분도 친절하구요,https://phinf.pstatic.net/checkout.phinf/20210326_128/1616734837348fnCTR_JPEG/review-attachment-38d39966-f7f3-4a7f-8b9b-c6dd145fbdee.jpeg?type=f300_300,mine****,19.08.28.
