﻿,star,review,reviewImage,customerId,reviewDate
0,4,"서랍이 생각보다 얕고좁아서 옷을 돌돌말아서 보관해야해요.
옷보다는 잡동사니 보관하는게 더나을듯싶지만..

배송문제로 좀 화가났는데, 업체대처는 맘에안들었지만,
배송기사분이 착하셔서 넘어갔습니다.

무게가 꽤 있어요 묵직묵직. 그래서 웬만치 밀리지는않아요.

색상도 맘에듭니다.
화장대부분에 조명을 심어줄까 생각중이에요.

근데 다른분들이 말씀하셨던것처럼 상세페이지에는 서랍이 내부까지 녹색으로 되어있는 반면에, 실물은 나무그대로 있어서 이건 수정하셔야할것같아요.
이걸로 반품요청해도 할말 없으실것같은데..

전반적으로 무난합니다.
가격만큼인지는 솔직히 모르겠어요~",https://phinf.pstatic.net/checkout.phinf/20210309_10/16152439300846KTnU_JPEG/review-attachment-648bac49-8976-40ff-8778-004367ea27a9.jpeg?type=f300_300,iunl****,20.09.23.
1,3,색깔이 고급지고 너무 예쁘네요,https://phinf.pstatic.net/checkout.phinf/20210323_223/1616458526071AaqWQ_JPEG/review-attachment-b01b5078-701c-445a-995a-a65075ce3b75.jpeg?type=f300_300,jjon****,20.10.16.
2,4,"설치기사님께서는 친절하고 꼼꼼하게 설치해주고 가셨습니다. 설치하고 나니 이쁘긴한데, 서랍부분이 ... 실망스럽습니다. 제품설명에는 서랍전체가 그린으로 칠해져서 고급스러워보여서 구매한건데 실제 배송온 제품은 서랍이 나무그대로일뿐더러 마감도 거칠어서 전혀 다른느낌입니다. 반품한다해도 바뀔게 없을것같아 그냥 쓰긴하겠지만 볼때마다 화나고 속상하네요. 속은 기분입니다. 판매자님께서는 상세설명에 서랍부분 수정해서 판매하셨으면 좋겠습니다.",https://phinf.pstatic.net/checkout.phinf/20210302_101/1614654860303pmVPk_JPEG/review-attachment-e88d5520-b325-4620-b560-31182671b8a5.jpeg?type=f300_300,ddec****,20.07.30.
3,5,사진보단 조금 부족한 느낌 하지만 좋아요.,https://phinf.pstatic.net/checkout.phinf/20210320_238/161625127633752fXi_JPEG/review-attachment-8d547555-b09e-42f7-8133-62b96c0fd4e8.jpeg?type=f300_300,sfer****,20.09.13.
