﻿,star,review,reviewImage,customerId,reviewDate
0,5,"기사님이 친절하셨어요!
꼼꼼히 설치해주셨고 
수납 공간이 깊지 않아 아쉬움은 있지만
마음에 들어요!",https://phinf.pstatic.net/checkout.phinf/20210309_10/16152439300846KTnU_JPEG/review-attachment-648bac49-8976-40ff-8778-004367ea27a9.jpeg?type=f300_300,zozo****,21.03.17.
1,5,로포텐 원목책상과  ㄱ자고 연결하니 사용하기 좋고 색상도 화면보다 나은거 같습니다 . . 튼튼함도 견고함도 모두 만점입니다.,https://phinf.pstatic.net/checkout.phinf/20210323_223/1616458526071AaqWQ_JPEG/review-attachment-b01b5078-701c-445a-995a-a65075ce3b75.jpeg?type=f300_300,es61****,21.03.08.
2,5,디자인 등은 생각한 그대로에요. 튼튼해요. 근데 색깔이 보기보다 더 노랗고 빨간 느낌이에요. 그리고 제가 받은 거에는 무슨 빨간 액체가 흐르다 굳어서 그게 고스란히 보이네요. 조금 거슬리지만 그냥 쓰기로 했어요. 수납공간은 예상했지만 높이가 좀 낮아요- 개인 물건 재배치가 필요할 것 같아요~,https://phinf.pstatic.net/checkout.phinf/20210302_101/1614654860303pmVPk_JPEG/review-attachment-e88d5520-b325-4620-b560-31182671b8a5.jpeg?type=f300_300,hell****,21.02.04.
3,5,잘사용하고 있어요  딸도 좋아해요,https://phinf.pstatic.net/checkout.phinf/20210320_238/161625127633752fXi_JPEG/review-attachment-8d547555-b09e-42f7-8133-62b96c0fd4e8.jpeg?type=f300_300,dnwk****,21.02.09.
4,5,"기다리던 디자인 그대로 왔네요~ 책상으로도 쓸수있고 화장대수납력도 좋고 만족스럽습니다^^ 원목이라 그런지 다리나 문쪽이 약간 안맞는 부분이 있으나, 수납장 롤러도 부드럽고 튼튼하니 잘쓰겠습니다",https://phinf.pstatic.net/checkout.phinf/20210317_79/1615991623938LP6Tt_JPEG/review-attachment-4f0fb223-188a-4857-966b-cca642e40fa5.jpeg?type=f300_300,amy4****,21.01.21.
5,5,"티비대랑 같이 사는거라서 같은 느낌의 원목 화장대를 구입했어요~색도 원하는 밝은 느낌의 원목이였고 디자인도 깔끔하고 귀여운 느낌입니다~ 거울을 여닫을수 있는 디자인으로 찾고 있었는데 좋네요 닫아놓으면 먼지없이 쓸수있을으니 좋아요~ 
옆에 서랍 안이 생각보다는 높이가 낮아서 아쉽긴해요 그래도 생각했던 느낌이라 만족스럽네요~같이산 그레이 의자도 너무 귀엽게 잘어울려요 배송도 빠르고 친절하게 처리해주셔서 감사합니다^^",https://phinf.pstatic.net/checkout.phinf/20210326_128/1616734837348fnCTR_JPEG/review-attachment-38d39966-f7f3-4a7f-8b9b-c6dd145fbdee.jpeg?type=f300_300,gala****,20.12.24.
6,4,화장대 너무 좋아요 예쁘고 실용적이에요,https://phinf.pstatic.net/checkout.phinf/20210326_90/1616725765589EluUh_JPEG/review-attachment-3ce5a608-3e5c-41f3-b53e-932b43874a21.jpeg?type=f300_300,pcs6****,21.01.21.
7,5,색깔도 예쁘고 모양도 좋아요....,https://phinf.pstatic.net/checkout.phinf/20210311_181/16153908219153d6MN_JPEG/review-attachment-2a742365-113f-4473-96e2-33e6626a2576.jpeg?type=f300_300,choy****,21.02.04.
8,5,"이쁘다 화면 보다~더 이뻐요
너무  만족~감사합니다",https://phinf.pstatic.net/checkout.phinf/20210118_182/1610896999532lT0GN_JPEG/review-attachment-ebb210c9-c2f4-49b0-b059-64204ec41bd2.jpeg?type=f300_300,naiv****,21.01.07.
9,5,딸의첫 화장대  아이가 좋아해서 더만족해요,https://phinf.pstatic.net/image.nmv/shopnbuyer_2021_01_11_0/f1f667ae-53b7-11eb-9ca7-48df379ccacc_03.jpg?type=ffn300_300,dnwk****,20.12.30.
10,5,"색상이 집이랑 잘 어울려서 좋습니다.
마감도 좋고 깔끔하고 새가구 특유의 냄새도 심하지 않아 좋습니다",https://phinf.pstatic.net/checkout.phinf/20210303_251/1614745157783pfCAY_JPEG/review-attachment-88681ab3-ca32-4489-ad2d-95dc212587fa.jpeg?type=f300_300,ifdr****,20.10.27.
11,4,"수납이 좀 부족하고 제가 살때보다 가격이 내려가서 넘 슬프긴 하지만 책상으로도 쓸 수 있고 좋아요
손 끼임 걱정은 좀 됩니다",https://phinf.pstatic.net/checkout.phinf/20210311_76/1615390281821YudiK_JPEG/review-attachment-b464f07f-2e49-4620-8ac3-a967ee217cf4.jpeg?type=f300_300,ldh9****,20.10.05.
12,5,"한달 넘게 사용해보고 쓰는 후기입니다. 제품 튼튼하고 가성비 좋습니다. 새가구 냄새도 거의 없어서 좋았구요. 환기 잘 되는 곳에 며칠만 두면 금방 빠집니다. 화장대 거울을 닫으면 책상으로도 쓸 수 있지만 저는 애초에 화장대 기능만을 생각하고 주문했기 때문에 여러 화장품을 세워서 수납하고 있습니다. 다만 서랍장 깊이가 얕은부분은 아쉽네요. 그래도 같이 구매한 수납의자 속에 여러가지 수납 가능해서 유용하게 쓰고 있습니다, 
가성비 좋고 디자인도 좋아 만족스러운 화장대입니다.",https://phinf.pstatic.net/image.nmv/shopnbuyer_2021_01_04_0/5e8e494f-4e77-11eb-a803-a0369ff94ec8_03.jpg?type=ffn300_300,ryeo****,20.08.29.
13,5,품질은 가격대비 좋습니다. 서랍이 생각보다 작아요.,https://phinf.pstatic.net/checkout.phinf/20210206_297/1612617030683Q87H5_JPEG/review-attachment-19ca8ceb-bf30-4587-917c-206c591be48a.jpeg?type=f300_300,juli****,20.10.19.
14,5,"로션이나 스킨은 넣을 수 없어서 아쉽긴 한데, 책상도 필요해서 나름 요긴해요",https://phinf.pstatic.net/checkout.phinf/20210109_70/16101906551308Ew4b_JPEG/review-attachment-ae096340-30e9-476c-9c65-a06dae905b7b.jpeg?type=f300_300,soyo****,20.09.27.
15,4,화장대 튼튼하고 제품 만족해요.,https://phinf.pstatic.net/checkout.phinf/20210217_152/1613548771381kgxE0_JPEG/review-attachment-ec0bf13f-127c-4807-b7ff-215e61e38608.jpeg?type=f300_300,kyun****,20.10.19.
16,5,딱 제가 생각하던 화장대에요 원룸에는 아쉽게도 필요한걸 다 살 수는 없고.. 화장대도 책상도 필요했던 저에게 단비같은 존재였네요. 참고로 저는 시디즈의자와 각도조절책상을 겸해서 사용해요. 화장대사이즈가 작아서 같이 쓰기 불편하지 않을까 엄청 고민하고 주문했는데 (위의 제품 모두 환불 불가능) 위의 상품과도 궁합이 잘 맞습니다. 혹시나 참고하실분 참고하세요. 책상에서 화장대로 번갈아쓰는 과정은 쉽지않지만 그거라도 가능하게되어서 저는 좋습니다. 빨간기가 있다는 리뷰를 봤는데 색보다는 원목자체가 주는 느낌이 좋고 디자인이 예뻐서 별 영향이 없습니다. 그리고 옆에 서랍은 두개가 하나더라고요 서랍이 여섯개인줄알았는데 세개임 다행이에요,https://phinf.pstatic.net/checkout.phinf/20210201_256/1612158639663gWLlS_JPEG/review-attachment-6c3ab54c-ce94-48de-bc96-ddea7c5677c9.jpeg?type=f300_300,dmsw****,20.08.01.
17,4,"오늘 화장대 배송받았습니다.
화장대 구입할 때 고려한 것들이
거울과 일체형일것, E0등급 이상의 목재를 사용한 제품, 좁은 공간에도 들어갈 수 있는 적당한 사이즈. 이 세 가지였습니다. 그리고 그 세 가지에 가장 부합한 제품이었구요.
서랍이 깊지 않은 점은 조금 아쉽지만, 어차피 액세서리나 화장품 샘플 정도를 수납할 생각이라서 큰 문제 없구요, 비교적 아담한 사이즈지만 거울 아래 수납칸이 실용적으로 구성되어 있어서 좋습니다.
수납이 가능한 의자를 추가구매했는데 굉장히 잘 어울려요. 의자도 함께 구매하실 분들은 로포텐 제품으로 세트 구매하시는 걸 추천드려요.",https://phinf.pstatic.net/checkout.phinf/20210309_10/16152439300846KTnU_JPEG/review-attachment-648bac49-8976-40ff-8778-004367ea27a9.jpeg?type=f300_300,ryeo****,20.07.29.
18,5,좋은제품 잘쓸게요.,https://phinf.pstatic.net/checkout.phinf/20210323_223/1616458526071AaqWQ_JPEG/review-attachment-b01b5078-701c-445a-995a-a65075ce3b75.jpeg?type=f300_300,kyun****,20.09.16.
19,5,"넘이쁜  화장대입니다~  약간에  문제가있었지만
친절히  도와주셨구요~  넘 맘에 드네요~",https://phinf.pstatic.net/checkout.phinf/20210302_101/1614654860303pmVPk_JPEG/review-attachment-e88d5520-b325-4620-b560-31182671b8a5.jpeg?type=f300_300,heju****,20.07.15.
20,5,"기사님이 친절하셨어요!
꼼꼼히 설치해주셨고 
수납 공간이 깊지 않아 아쉬움은 있지만
마음에 들어요!",https://phinf.pstatic.net/checkout.phinf/20210309_10/16152439300846KTnU_JPEG/review-attachment-648bac49-8976-40ff-8778-004367ea27a9.jpeg?type=f300_300,zozo****,21.03.17.
21,5,로포텐 원목책상과  ㄱ자고 연결하니 사용하기 좋고 색상도 화면보다 나은거 같습니다 . . 튼튼함도 견고함도 모두 만점입니다.,https://phinf.pstatic.net/checkout.phinf/20210323_223/1616458526071AaqWQ_JPEG/review-attachment-b01b5078-701c-445a-995a-a65075ce3b75.jpeg?type=f300_300,es61****,21.03.08.
22,5,디자인 등은 생각한 그대로에요. 튼튼해요. 근데 색깔이 보기보다 더 노랗고 빨간 느낌이에요. 그리고 제가 받은 거에는 무슨 빨간 액체가 흐르다 굳어서 그게 고스란히 보이네요. 조금 거슬리지만 그냥 쓰기로 했어요. 수납공간은 예상했지만 높이가 좀 낮아요- 개인 물건 재배치가 필요할 것 같아요~,https://phinf.pstatic.net/checkout.phinf/20210302_101/1614654860303pmVPk_JPEG/review-attachment-e88d5520-b325-4620-b560-31182671b8a5.jpeg?type=f300_300,hell****,21.02.04.
23,5,잘사용하고 있어요  딸도 좋아해요,https://phinf.pstatic.net/checkout.phinf/20210320_238/161625127633752fXi_JPEG/review-attachment-8d547555-b09e-42f7-8133-62b96c0fd4e8.jpeg?type=f300_300,dnwk****,21.02.09.
24,5,"기다리던 디자인 그대로 왔네요~ 책상으로도 쓸수있고 화장대수납력도 좋고 만족스럽습니다^^ 원목이라 그런지 다리나 문쪽이 약간 안맞는 부분이 있으나, 수납장 롤러도 부드럽고 튼튼하니 잘쓰겠습니다",https://phinf.pstatic.net/checkout.phinf/20210317_79/1615991623938LP6Tt_JPEG/review-attachment-4f0fb223-188a-4857-966b-cca642e40fa5.jpeg?type=f300_300,amy4****,21.01.21.
25,5,"티비대랑 같이 사는거라서 같은 느낌의 원목 화장대를 구입했어요~색도 원하는 밝은 느낌의 원목이였고 디자인도 깔끔하고 귀여운 느낌입니다~ 거울을 여닫을수 있는 디자인으로 찾고 있었는데 좋네요 닫아놓으면 먼지없이 쓸수있을으니 좋아요~ 
옆에 서랍 안이 생각보다는 높이가 낮아서 아쉽긴해요 그래도 생각했던 느낌이라 만족스럽네요~같이산 그레이 의자도 너무 귀엽게 잘어울려요 배송도 빠르고 친절하게 처리해주셔서 감사합니다^^",https://phinf.pstatic.net/checkout.phinf/20210326_128/1616734837348fnCTR_JPEG/review-attachment-38d39966-f7f3-4a7f-8b9b-c6dd145fbdee.jpeg?type=f300_300,gala****,20.12.24.
26,4,화장대 너무 좋아요 예쁘고 실용적이에요,https://phinf.pstatic.net/checkout.phinf/20210326_90/1616725765589EluUh_JPEG/review-attachment-3ce5a608-3e5c-41f3-b53e-932b43874a21.jpeg?type=f300_300,pcs6****,21.01.21.
27,5,색깔도 예쁘고 모양도 좋아요....,https://phinf.pstatic.net/checkout.phinf/20210311_181/16153908219153d6MN_JPEG/review-attachment-2a742365-113f-4473-96e2-33e6626a2576.jpeg?type=f300_300,choy****,21.02.04.
28,5,"이쁘다 화면 보다~더 이뻐요
너무  만족~감사합니다",https://phinf.pstatic.net/checkout.phinf/20210118_182/1610896999532lT0GN_JPEG/review-attachment-ebb210c9-c2f4-49b0-b059-64204ec41bd2.jpeg?type=f300_300,naiv****,21.01.07.
29,5,딸의첫 화장대  아이가 좋아해서 더만족해요,https://phinf.pstatic.net/image.nmv/shopnbuyer_2021_01_11_0/f1f667ae-53b7-11eb-9ca7-48df379ccacc_03.jpg?type=ffn300_300,dnwk****,20.12.30.
30,5,"색상이 집이랑 잘 어울려서 좋습니다.
마감도 좋고 깔끔하고 새가구 특유의 냄새도 심하지 않아 좋습니다",https://phinf.pstatic.net/checkout.phinf/20210303_251/1614745157783pfCAY_JPEG/review-attachment-88681ab3-ca32-4489-ad2d-95dc212587fa.jpeg?type=f300_300,ifdr****,20.10.27.
31,4,"수납이 좀 부족하고 제가 살때보다 가격이 내려가서 넘 슬프긴 하지만 책상으로도 쓸 수 있고 좋아요
손 끼임 걱정은 좀 됩니다",https://phinf.pstatic.net/checkout.phinf/20210311_76/1615390281821YudiK_JPEG/review-attachment-b464f07f-2e49-4620-8ac3-a967ee217cf4.jpeg?type=f300_300,ldh9****,20.10.05.
32,5,"한달 넘게 사용해보고 쓰는 후기입니다. 제품 튼튼하고 가성비 좋습니다. 새가구 냄새도 거의 없어서 좋았구요. 환기 잘 되는 곳에 며칠만 두면 금방 빠집니다. 화장대 거울을 닫으면 책상으로도 쓸 수 있지만 저는 애초에 화장대 기능만을 생각하고 주문했기 때문에 여러 화장품을 세워서 수납하고 있습니다. 다만 서랍장 깊이가 얕은부분은 아쉽네요. 그래도 같이 구매한 수납의자 속에 여러가지 수납 가능해서 유용하게 쓰고 있습니다, 
가성비 좋고 디자인도 좋아 만족스러운 화장대입니다.",https://phinf.pstatic.net/image.nmv/shopnbuyer_2021_01_04_0/5e8e494f-4e77-11eb-a803-a0369ff94ec8_03.jpg?type=ffn300_300,ryeo****,20.08.29.
33,5,품질은 가격대비 좋습니다. 서랍이 생각보다 작아요.,https://phinf.pstatic.net/checkout.phinf/20210206_297/1612617030683Q87H5_JPEG/review-attachment-19ca8ceb-bf30-4587-917c-206c591be48a.jpeg?type=f300_300,juli****,20.10.19.
34,5,"로션이나 스킨은 넣을 수 없어서 아쉽긴 한데, 책상도 필요해서 나름 요긴해요",https://phinf.pstatic.net/checkout.phinf/20210109_70/16101906551308Ew4b_JPEG/review-attachment-ae096340-30e9-476c-9c65-a06dae905b7b.jpeg?type=f300_300,soyo****,20.09.27.
35,4,화장대 튼튼하고 제품 만족해요.,https://phinf.pstatic.net/checkout.phinf/20210217_152/1613548771381kgxE0_JPEG/review-attachment-ec0bf13f-127c-4807-b7ff-215e61e38608.jpeg?type=f300_300,kyun****,20.10.19.
36,5,딱 제가 생각하던 화장대에요 원룸에는 아쉽게도 필요한걸 다 살 수는 없고.. 화장대도 책상도 필요했던 저에게 단비같은 존재였네요. 참고로 저는 시디즈의자와 각도조절책상을 겸해서 사용해요. 화장대사이즈가 작아서 같이 쓰기 불편하지 않을까 엄청 고민하고 주문했는데 (위의 제품 모두 환불 불가능) 위의 상품과도 궁합이 잘 맞습니다. 혹시나 참고하실분 참고하세요. 책상에서 화장대로 번갈아쓰는 과정은 쉽지않지만 그거라도 가능하게되어서 저는 좋습니다. 빨간기가 있다는 리뷰를 봤는데 색보다는 원목자체가 주는 느낌이 좋고 디자인이 예뻐서 별 영향이 없습니다. 그리고 옆에 서랍은 두개가 하나더라고요 서랍이 여섯개인줄알았는데 세개임 다행이에요,https://phinf.pstatic.net/checkout.phinf/20210201_256/1612158639663gWLlS_JPEG/review-attachment-6c3ab54c-ce94-48de-bc96-ddea7c5677c9.jpeg?type=f300_300,dmsw****,20.08.01.
37,4,"오늘 화장대 배송받았습니다.
화장대 구입할 때 고려한 것들이
거울과 일체형일것, E0등급 이상의 목재를 사용한 제품, 좁은 공간에도 들어갈 수 있는 적당한 사이즈. 이 세 가지였습니다. 그리고 그 세 가지에 가장 부합한 제품이었구요.
서랍이 깊지 않은 점은 조금 아쉽지만, 어차피 액세서리나 화장품 샘플 정도를 수납할 생각이라서 큰 문제 없구요, 비교적 아담한 사이즈지만 거울 아래 수납칸이 실용적으로 구성되어 있어서 좋습니다.
수납이 가능한 의자를 추가구매했는데 굉장히 잘 어울려요. 의자도 함께 구매하실 분들은 로포텐 제품으로 세트 구매하시는 걸 추천드려요.",https://phinf.pstatic.net/checkout.phinf/20210309_10/16152439300846KTnU_JPEG/review-attachment-648bac49-8976-40ff-8778-004367ea27a9.jpeg?type=f300_300,ryeo****,20.07.29.
38,5,좋은제품 잘쓸게요.,https://phinf.pstatic.net/checkout.phinf/20210323_223/1616458526071AaqWQ_JPEG/review-attachment-b01b5078-701c-445a-995a-a65075ce3b75.jpeg?type=f300_300,kyun****,20.09.16.
39,5,"넘이쁜  화장대입니다~  약간에  문제가있었지만
친절히  도와주셨구요~  넘 맘에 드네요~",https://phinf.pstatic.net/checkout.phinf/20210302_101/1614654860303pmVPk_JPEG/review-attachment-e88d5520-b325-4620-b560-31182671b8a5.jpeg?type=f300_300,heju****,20.07.15.
