﻿,star,review,reviewImage,customerId,reviewDate
0,1,상품불량. 마감 불량. 주문 후회. 배송,https://phinf.pstatic.net/checkout.phinf/20210309_10/16152439300846KTnU_JPEG/review-attachment-648bac49-8976-40ff-8778-004367ea27a9.jpeg?type=f300_300,kimp****,20.10.10.
1,4,"냄새가 많이나요,,ㅠㅠ
그거빼고는 다 마음에 들어요~~",https://phinf.pstatic.net/checkout.phinf/20210323_223/1616458526071AaqWQ_JPEG/review-attachment-b01b5078-701c-445a-995a-a65075ce3b75.jpeg?type=f300_300,han9****,20.09.04.
2,5,사진과 같아요 저렴하고 예쁘네요,https://phinf.pstatic.net/checkout.phinf/20210302_101/1614654860303pmVPk_JPEG/review-attachment-e88d5520-b325-4620-b560-31182671b8a5.jpeg?type=f300_300,eunh****,20.08.13.
3,4,잘 사용하고 있습니다,https://phinf.pstatic.net/checkout.phinf/20210320_238/161625127633752fXi_JPEG/review-attachment-8d547555-b09e-42f7-8133-62b96c0fd4e8.jpeg?type=f300_300,eski****,20.06.15.
4,1,윈목이라 튼튼해보입니다^^,https://phinf.pstatic.net/checkout.phinf/20210317_79/1615991623938LP6Tt_JPEG/review-attachment-4f0fb223-188a-4857-966b-cca642e40fa5.jpeg?type=f300_300,zzz3****,20.07.04.
5,3,쓰면 쓸수록 수납공간이 넉넉해서 만족스럽네요,https://phinf.pstatic.net/checkout.phinf/20210326_128/1616734837348fnCTR_JPEG/review-attachment-38d39966-f7f3-4a7f-8b9b-c6dd145fbdee.jpeg?type=f300_300,qqe3****,20.06.13.
6,4,화면보다는 가구 색깔이 연하지만  수납면에서는 실용적이고 거울도 얼굴이 예쁘게 잘 나와서 볼때마다  기분이 좋네요  제 맘에 딱드는 화장대네요,https://phinf.pstatic.net/checkout.phinf/20210326_90/1616725765589EluUh_JPEG/review-attachment-3ce5a608-3e5c-41f3-b53e-932b43874a21.jpeg?type=f300_300,qqe3****,20.05.03.
7,5,"가성비 최고!
디자인도 좋고 튼튼해요
요청사항도 잘 들어 주셔서 불편함 없이 설치했어요",https://phinf.pstatic.net/checkout.phinf/20210311_181/16153908219153d6MN_JPEG/review-attachment-2a742365-113f-4473-96e2-33e6626a2576.jpeg?type=f300_300,juju****,20.05.09.
8,4,제품은 마음에 드나 배송에 문제가 있어서 받는데 오래걸렸어요,https://phinf.pstatic.net/checkout.phinf/20210118_182/1610896999532lT0GN_JPEG/review-attachment-ebb210c9-c2f4-49b0-b059-64204ec41bd2.jpeg?type=f300_300,eski****,20.04.20.
9,5,콤팩트한 화장대입니다. 가성비 보통 제품이구요. 일주일 기다려서 받았는데 거울 하단 일부가 깨져서 다시 거울교체 해주신다고 하셨어요. 하지만 교체까지 3주나 걸렸네요...전화도 여러번 드렸으나 피드백이 항상 늦으시고 약속한 기한 내 처리를 못받아서 기분이 썩 좋지는 않습니다.,https://phinf.pstatic.net/image.nmv/shopnbuyer_2021_01_11_0/f1f667ae-53b7-11eb-9ca7-48df379ccacc_03.jpg?type=ffn300_300,jeon****,20.03.31.
10,5,"문의 드렸을때 원목이라고 하셔서
믿고 빠른구매 했으나
모든부분이 원목은 아닙니다
이부분이 아쉽네요
전체적인 모양새나 실용적이고 깔끔한
부분은 마음에 들어서 구매 확정 눌렀습니다",https://phinf.pstatic.net/checkout.phinf/20210303_251/1614745157783pfCAY_JPEG/review-attachment-88681ab3-ca32-4489-ad2d-95dc212587fa.jpeg?type=f300_300,gong****,20.03.19.
