﻿,star,review,reviewImage,customerId,reviewDate
0,2,"화장대에서 벌레가 나왔어요
너무 징그러워서 배송기사님한테
서랍빼서 다 확인해달라고 했는데
서랍안엔 없네요
기사님께서 창고있을때 박스에 들어가있던것
같다고 하시든데 사용해보고 벌레가 또 나오면
교환해 주시거나 반품해주세요",https://phinf.pstatic.net/checkout.phinf/20210309_10/16152439300846KTnU_JPEG/review-attachment-648bac49-8976-40ff-8778-004367ea27a9.jpeg?type=f300_300,zyoo****,21.03.24.
1,5,"본의아니게 이름을 알리게 된 김x나 라고 합니다
생에 첫 화장대를 갖게 된 동생을 위해 레이스 좀 깔아줬더니
퇴근하고 보고는 난리 난리~ 내가 여자냐고 
레이스 접더니 아 화장대 이쁘네 ~하네요 
급한건 아니었는데 주문하고 빨리 설치 받았어요
제가 쓸 화장대를 구입한게 아니라 남동생이 요새 갑자기 
누나 나도 방에 화장대 놓을까?라기에 게이냐?화장 왜하냐 했더니 아니 스킨로션 뭐 안경집 같은거 정리대 겸 
그래 하나 사줄게 하고 구입했는데
정말 수많은 사이트에서 한 3일 정도 본 것 같아요 
고무나무 원목이 저렴한 원목인데 가성비가 좋거든요 거울에 비치는 침대 헤드프레임도 고무나무인데 디자인도 이쁘지만 냄새도 없고 원목 색도 이쁘고 해서 만족했던 제품인데 이 화장대도 고무나무가 원료이고 색이 침대와 찰떡이네요 
원목이 아닌 제품에 원목 무늬 시트지 붙인 제품하고 다르죠 
20대엔 저렴하다고 그런 가구 샀다가 까지고 뜯기고 그런 경험 후 절대로 시트지 가구 안사요 ...그당시 구입했던 시트지 가구도 
작은 화장대 기준 20선이었음
이 화장대를 구입하게 된 계기가 수많은 사이트 수십건의 물건을 봤어도 원목에 이가격이 없으며 디자인이 매우 심플해서 그점에서 많이 끌렸어요
후기에 보면 서랍에 넥타이도 안들어 간다 라는 후기를 보고 
아...장식용 서랍인가 심한데...걱정을 했으나
안경집 두꺼운거(썬글라스류) 6개 정도 들어가구요 한칸에
또다른 한칸엔 동생 얼굴에 붙이는 팩 열댓장~그리고 자질구리한 충전기류 이런건 트레이 하나에 싹 담아서 넣었더니 너무 깔끔해요
서랍이 작지만 여자가 사용할 경우 립스틱이나 샘플류 트레이에 정리해서 충분히들어가며 옆칸엔 화장솜 면봉 이런거 넣음 되겠던데요
아 드라이기는 안들어갑니다 옆에 거세요 ㅋㅋ

거실장, 주방가구, 장롱 비싼 수입가구도 사봤고 이렇게 저렴한 가구도 사봤지만 100%완벽한 원목가구는 없어요 
기스나 찍힘은 어느정도 감수해야 할 부분이라 생각합니다.
눈에 불을 켜고 구석구석 찾으면 어느 가구건 나오더라구요

정말 저렴한 가격에 예쁜 화장대 감사합니다.
가구 사게 되면 이 회사 기억했으니 다시 올게요",https://phinf.pstatic.net/checkout.phinf/20210323_223/1616458526071AaqWQ_JPEG/review-attachment-b01b5078-701c-445a-995a-a65075ce3b75.jpeg?type=f300_300,gkss****,21.01.19.
2,5,배송은 구매후 따로 연락주셔서 사이트보다 더 빠릅니다. 서랍공간 생각보다 적습니다. 다른면으론 그래서 더 씸플하게 쓸수 있습니다. 배송기사님이 직접 설치 다해주십니다. 문제가 거울인데;; 거울각이 고정이라서 조금아쉽습니다. 가격대비 이만한게 없습니다. 추천은 만점 드립니다. 잘쓸께요 :),https://phinf.pstatic.net/checkout.phinf/20210302_101/1614654860303pmVPk_JPEG/review-attachment-e88d5520-b325-4620-b560-31182671b8a5.jpeg?type=f300_300,ljh0****,21.03.25.
3,4,"전체적으론 괜찮아요 디자인이나 컬러 유사하구요.
근데 그런 채로 왔는지 설치중 까진건지.. 다리가 뜯겼구요, 거울밑쪽이 흠이 있네요, 막크진 않은데 뽑기운이 안좋았던듯요ㅠㅠ 서랍안쪽 거칠구요, 잘 안보이는 쪽은  마감이 좀 미흡하게 돼 있는 부분이 꽤 있어요. 가격이 저렴하니 감수하고 쓸만하구요 자세히 신경쓰지않음 크게 거슬릴 건 아닐듯도^^;; 서랍냄새도 좀 오래가구요..",https://phinf.pstatic.net/checkout.phinf/20210320_238/161625127633752fXi_JPEG/review-attachment-8d547555-b09e-42f7-8133-62b96c0fd4e8.jpeg?type=f300_300,wway****,21.02.22.
4,5,"회장대 위에 여러가지 저의 기존의 아이템을 배치해서 어지러워 보이는데, 화장대 자체는 아주 깔끔!하고 정사이즈의 화장대입니다. 나무결, 구석구석 마감도 부드럽고 좋은 화장대라고 생각됩니다. 심플한 원목 화장대로 딱 알맞아요! 추천합니다~",https://phinf.pstatic.net/checkout.phinf/20210317_79/1615991623938LP6Tt_JPEG/review-attachment-4f0fb223-188a-4857-966b-cca642e40fa5.jpeg?type=f300_300,park****,21.03.11.
5,5,"화장대 너무 잘산거같아요 !
튼튼하고 무엇보다 이 금액에 싸구려 같지도않고 
고급스러워보여요",https://phinf.pstatic.net/checkout.phinf/20210326_128/1616734837348fnCTR_JPEG/review-attachment-38d39966-f7f3-4a7f-8b9b-c6dd145fbdee.jpeg?type=f300_300,www1****,21.03.17.
6,2,퀄리티&배송 모두 만족입니다. 원목이 아주 좋네요 냄새도 하나도 안나고 정말 좋아요 서랍 레일 아닌것도 맘에들고 안쪽에 서랍빠짐방지(?) 장치도 있어서 퀄리티 좋아요,https://phinf.pstatic.net/checkout.phinf/20210326_90/1616725765589EluUh_JPEG/review-attachment-3ce5a608-3e5c-41f3-b53e-932b43874a21.jpeg?type=f300_300,bobb****,21.03.27.
7,5,"실제로 받아보니 이쁘고 심플하네요^^
밑에 서랍은 솔직히 작아요~수납은  많이 못하지만
알고 산거고 저는 작은물건만 넣어둬서 문제는 없어요~~ㅎ
배송이 아침7시에 온다해서 놀랐지만ㅋ",https://phinf.pstatic.net/checkout.phinf/20210311_181/16153908219153d6MN_JPEG/review-attachment-2a742365-113f-4473-96e2-33e6626a2576.jpeg?type=f300_300,eve0****,21.02.10.
8,5,짐이 많아서 귀퉁이 찍어봤어요 크기도 딱맞고 예뻐요,https://phinf.pstatic.net/checkout.phinf/20210118_182/1610896999532lT0GN_JPEG/review-attachment-ebb210c9-c2f4-49b0-b059-64204ec41bd2.jpeg?type=f300_300,alth****,21.03.21.
9,4,잘 사용하고 있습니다. 다만 거울이 낮아 조금 아쉽습니다.,https://phinf.pstatic.net/image.nmv/shopnbuyer_2021_01_11_0/f1f667ae-53b7-11eb-9ca7-48df379ccacc_03.jpg?type=ffn300_300,eunh****,21.03.20.
10,5,이 가격에 이쁜 화장대 사서 기분 좋으네요.ㅎ 배송도 빨리 오고 제품도 튼튼합니다.ㅎ 좋아요 ~,https://phinf.pstatic.net/checkout.phinf/20210303_251/1614745157783pfCAY_JPEG/review-attachment-88681ab3-ca32-4489-ad2d-95dc212587fa.jpeg?type=f300_300,ooal****,21.03.15.
11,5,"침대와같이 주문했어요.
로포텐 식탁을 어머님댁에 선물해드렸는데 
마음에 들어하셔서 침대와 화장대도
망설임 없이 로포텐으로 결정했습니다.

사진처럼 예쁘고튼튼하고 좋습니다.
원목이라 어머님도 매우 만족해하시네요^^
추천하고싶은 제품입니다.",https://phinf.pstatic.net/checkout.phinf/20210311_76/1615390281821YudiK_JPEG/review-attachment-b464f07f-2e49-4620-8ac3-a967ee217cf4.jpeg?type=f300_300,bonb****,21.02.19.
12,5,"고급집니다^^
이가격대에 잘 산거 같아요~~

수납공간은 작습니다 ㅎ",https://phinf.pstatic.net/image.nmv/shopnbuyer_2021_01_04_0/5e8e494f-4e77-11eb-a803-a0369ff94ec8_03.jpg?type=ffn300_300,remi****,21.03.02.
13,5,"색상이랑 크기 딱 좋구 맘에 들어용 ㅎㅎ
배송도 잘해주셔서 감사합니다 ㅎㅎ
잘 쓸거 같아요 !",https://phinf.pstatic.net/checkout.phinf/20210206_297/1612617030683Q87H5_JPEG/review-attachment-19ca8ceb-bf30-4587-917c-206c591be48a.jpeg?type=f300_300,jmj6****,21.02.24.
14,4,디자인이 예뻐서 샀는데 맘에 들어요!!!,https://phinf.pstatic.net/checkout.phinf/20210109_70/16101906551308Ew4b_JPEG/review-attachment-ae096340-30e9-476c-9c65-a06dae905b7b.jpeg?type=f300_300,seoy****,21.03.05.
15,5,"정확한 날에 배송해주셨는데
문제는 거울은 상품에 포장되지않아서 거울만 나중에 따로 설치해주셨어요
근데 설치기사님이 언제 오실지 애매하게 말해주시고는 갑자기 전화해서 지금 간다고하시더라고요..
설치끝나고 거울포장지챙겨가시더니 신발신고 나가실때 “이런건 그냥 버릴수있죠? “하면서 저한테 주고가셨어요
배송ㅇ운제로 상품 애정도 그저그렇네요",https://phinf.pstatic.net/checkout.phinf/20210217_152/1613548771381kgxE0_JPEG/review-attachment-ec0bf13f-127c-4807-b7ff-215e61e38608.jpeg?type=f300_300,qufd****,21.02.06.
16,5,너무 맘에 들어요 잘사용 하고 있읍니다,https://phinf.pstatic.net/checkout.phinf/20210201_256/1612158639663gWLlS_JPEG/review-attachment-6c3ab54c-ce94-48de-bc96-ddea7c5677c9.jpeg?type=f300_300,pmmj****,21.03.20.
17,5,"아담합니다.
중간정도",https://phinf.pstatic.net/checkout.phinf/20210309_10/16152439300846KTnU_JPEG/review-attachment-648bac49-8976-40ff-8778-004367ea27a9.jpeg?type=f300_300,apci****,21.03.24.
18,5,사용하면서 화장대 높이가 아쉬워요.,https://phinf.pstatic.net/checkout.phinf/20210323_223/1616458526071AaqWQ_JPEG/review-attachment-b01b5078-701c-445a-995a-a65075ce3b75.jpeg?type=f300_300,oyj7****,21.02.22.
19,5,너무 예쁜데 서랍칸은 많이 작아요,https://phinf.pstatic.net/checkout.phinf/20210302_101/1614654860303pmVPk_JPEG/review-attachment-e88d5520-b325-4620-b560-31182671b8a5.jpeg?type=f300_300,devo****,21.02.22.
20,2,"화장대에서 벌레가 나왔어요
너무 징그러워서 배송기사님한테
서랍빼서 다 확인해달라고 했는데
서랍안엔 없네요
기사님께서 창고있을때 박스에 들어가있던것
같다고 하시든데 사용해보고 벌레가 또 나오면
교환해 주시거나 반품해주세요",https://phinf.pstatic.net/checkout.phinf/20210309_10/16152439300846KTnU_JPEG/review-attachment-648bac49-8976-40ff-8778-004367ea27a9.jpeg?type=f300_300,zyoo****,21.03.24.
21,5,"본의아니게 이름을 알리게 된 김x나 라고 합니다
생에 첫 화장대를 갖게 된 동생을 위해 레이스 좀 깔아줬더니
퇴근하고 보고는 난리 난리~ 내가 여자냐고 
레이스 접더니 아 화장대 이쁘네 ~하네요 
급한건 아니었는데 주문하고 빨리 설치 받았어요
제가 쓸 화장대를 구입한게 아니라 남동생이 요새 갑자기 
누나 나도 방에 화장대 놓을까?라기에 게이냐?화장 왜하냐 했더니 아니 스킨로션 뭐 안경집 같은거 정리대 겸 
그래 하나 사줄게 하고 구입했는데
정말 수많은 사이트에서 한 3일 정도 본 것 같아요 
고무나무 원목이 저렴한 원목인데 가성비가 좋거든요 거울에 비치는 침대 헤드프레임도 고무나무인데 디자인도 이쁘지만 냄새도 없고 원목 색도 이쁘고 해서 만족했던 제품인데 이 화장대도 고무나무가 원료이고 색이 침대와 찰떡이네요 
원목이 아닌 제품에 원목 무늬 시트지 붙인 제품하고 다르죠 
20대엔 저렴하다고 그런 가구 샀다가 까지고 뜯기고 그런 경험 후 절대로 시트지 가구 안사요 ...그당시 구입했던 시트지 가구도 
작은 화장대 기준 20선이었음
이 화장대를 구입하게 된 계기가 수많은 사이트 수십건의 물건을 봤어도 원목에 이가격이 없으며 디자인이 매우 심플해서 그점에서 많이 끌렸어요
후기에 보면 서랍에 넥타이도 안들어 간다 라는 후기를 보고 
아...장식용 서랍인가 심한데...걱정을 했으나
안경집 두꺼운거(썬글라스류) 6개 정도 들어가구요 한칸에
또다른 한칸엔 동생 얼굴에 붙이는 팩 열댓장~그리고 자질구리한 충전기류 이런건 트레이 하나에 싹 담아서 넣었더니 너무 깔끔해요
서랍이 작지만 여자가 사용할 경우 립스틱이나 샘플류 트레이에 정리해서 충분히들어가며 옆칸엔 화장솜 면봉 이런거 넣음 되겠던데요
아 드라이기는 안들어갑니다 옆에 거세요 ㅋㅋ

거실장, 주방가구, 장롱 비싼 수입가구도 사봤고 이렇게 저렴한 가구도 사봤지만 100%완벽한 원목가구는 없어요 
기스나 찍힘은 어느정도 감수해야 할 부분이라 생각합니다.
눈에 불을 켜고 구석구석 찾으면 어느 가구건 나오더라구요

정말 저렴한 가격에 예쁜 화장대 감사합니다.
가구 사게 되면 이 회사 기억했으니 다시 올게요",https://phinf.pstatic.net/checkout.phinf/20210323_223/1616458526071AaqWQ_JPEG/review-attachment-b01b5078-701c-445a-995a-a65075ce3b75.jpeg?type=f300_300,gkss****,21.01.19.
22,5,배송은 구매후 따로 연락주셔서 사이트보다 더 빠릅니다. 서랍공간 생각보다 적습니다. 다른면으론 그래서 더 씸플하게 쓸수 있습니다. 배송기사님이 직접 설치 다해주십니다. 문제가 거울인데;; 거울각이 고정이라서 조금아쉽습니다. 가격대비 이만한게 없습니다. 추천은 만점 드립니다. 잘쓸께요 :),https://phinf.pstatic.net/checkout.phinf/20210302_101/1614654860303pmVPk_JPEG/review-attachment-e88d5520-b325-4620-b560-31182671b8a5.jpeg?type=f300_300,ljh0****,21.03.25.
23,4,"전체적으론 괜찮아요 디자인이나 컬러 유사하구요.
근데 그런 채로 왔는지 설치중 까진건지.. 다리가 뜯겼구요, 거울밑쪽이 흠이 있네요, 막크진 않은데 뽑기운이 안좋았던듯요ㅠㅠ 서랍안쪽 거칠구요, 잘 안보이는 쪽은  마감이 좀 미흡하게 돼 있는 부분이 꽤 있어요. 가격이 저렴하니 감수하고 쓸만하구요 자세히 신경쓰지않음 크게 거슬릴 건 아닐듯도^^;; 서랍냄새도 좀 오래가구요..",https://phinf.pstatic.net/checkout.phinf/20210320_238/161625127633752fXi_JPEG/review-attachment-8d547555-b09e-42f7-8133-62b96c0fd4e8.jpeg?type=f300_300,wway****,21.02.22.
24,5,"회장대 위에 여러가지 저의 기존의 아이템을 배치해서 어지러워 보이는데, 화장대 자체는 아주 깔끔!하고 정사이즈의 화장대입니다. 나무결, 구석구석 마감도 부드럽고 좋은 화장대라고 생각됩니다. 심플한 원목 화장대로 딱 알맞아요! 추천합니다~",https://phinf.pstatic.net/checkout.phinf/20210317_79/1615991623938LP6Tt_JPEG/review-attachment-4f0fb223-188a-4857-966b-cca642e40fa5.jpeg?type=f300_300,park****,21.03.11.
25,5,"화장대 너무 잘산거같아요 !
튼튼하고 무엇보다 이 금액에 싸구려 같지도않고 
고급스러워보여요",https://phinf.pstatic.net/checkout.phinf/20210326_128/1616734837348fnCTR_JPEG/review-attachment-38d39966-f7f3-4a7f-8b9b-c6dd145fbdee.jpeg?type=f300_300,www1****,21.03.17.
26,2,퀄리티&배송 모두 만족입니다. 원목이 아주 좋네요 냄새도 하나도 안나고 정말 좋아요 서랍 레일 아닌것도 맘에들고 안쪽에 서랍빠짐방지(?) 장치도 있어서 퀄리티 좋아요,https://phinf.pstatic.net/checkout.phinf/20210326_90/1616725765589EluUh_JPEG/review-attachment-3ce5a608-3e5c-41f3-b53e-932b43874a21.jpeg?type=f300_300,bobb****,21.03.27.
27,5,"실제로 받아보니 이쁘고 심플하네요^^
밑에 서랍은 솔직히 작아요~수납은  많이 못하지만
알고 산거고 저는 작은물건만 넣어둬서 문제는 없어요~~ㅎ
배송이 아침7시에 온다해서 놀랐지만ㅋ",https://phinf.pstatic.net/checkout.phinf/20210311_181/16153908219153d6MN_JPEG/review-attachment-2a742365-113f-4473-96e2-33e6626a2576.jpeg?type=f300_300,eve0****,21.02.10.
28,5,짐이 많아서 귀퉁이 찍어봤어요 크기도 딱맞고 예뻐요,https://phinf.pstatic.net/checkout.phinf/20210118_182/1610896999532lT0GN_JPEG/review-attachment-ebb210c9-c2f4-49b0-b059-64204ec41bd2.jpeg?type=f300_300,alth****,21.03.21.
29,4,잘 사용하고 있습니다. 다만 거울이 낮아 조금 아쉽습니다.,https://phinf.pstatic.net/image.nmv/shopnbuyer_2021_01_11_0/f1f667ae-53b7-11eb-9ca7-48df379ccacc_03.jpg?type=ffn300_300,eunh****,21.03.20.
30,5,이 가격에 이쁜 화장대 사서 기분 좋으네요.ㅎ 배송도 빨리 오고 제품도 튼튼합니다.ㅎ 좋아요 ~,https://phinf.pstatic.net/checkout.phinf/20210303_251/1614745157783pfCAY_JPEG/review-attachment-88681ab3-ca32-4489-ad2d-95dc212587fa.jpeg?type=f300_300,ooal****,21.03.15.
31,5,"침대와같이 주문했어요.
로포텐 식탁을 어머님댁에 선물해드렸는데 
마음에 들어하셔서 침대와 화장대도
망설임 없이 로포텐으로 결정했습니다.

사진처럼 예쁘고튼튼하고 좋습니다.
원목이라 어머님도 매우 만족해하시네요^^
추천하고싶은 제품입니다.",https://phinf.pstatic.net/checkout.phinf/20210311_76/1615390281821YudiK_JPEG/review-attachment-b464f07f-2e49-4620-8ac3-a967ee217cf4.jpeg?type=f300_300,bonb****,21.02.19.
32,5,"고급집니다^^
이가격대에 잘 산거 같아요~~

수납공간은 작습니다 ㅎ",https://phinf.pstatic.net/image.nmv/shopnbuyer_2021_01_04_0/5e8e494f-4e77-11eb-a803-a0369ff94ec8_03.jpg?type=ffn300_300,remi****,21.03.02.
33,5,"색상이랑 크기 딱 좋구 맘에 들어용 ㅎㅎ
배송도 잘해주셔서 감사합니다 ㅎㅎ
잘 쓸거 같아요 !",https://phinf.pstatic.net/checkout.phinf/20210206_297/1612617030683Q87H5_JPEG/review-attachment-19ca8ceb-bf30-4587-917c-206c591be48a.jpeg?type=f300_300,jmj6****,21.02.24.
34,4,디자인이 예뻐서 샀는데 맘에 들어요!!!,https://phinf.pstatic.net/checkout.phinf/20210109_70/16101906551308Ew4b_JPEG/review-attachment-ae096340-30e9-476c-9c65-a06dae905b7b.jpeg?type=f300_300,seoy****,21.03.05.
35,5,"정확한 날에 배송해주셨는데
문제는 거울은 상품에 포장되지않아서 거울만 나중에 따로 설치해주셨어요
근데 설치기사님이 언제 오실지 애매하게 말해주시고는 갑자기 전화해서 지금 간다고하시더라고요..
설치끝나고 거울포장지챙겨가시더니 신발신고 나가실때 “이런건 그냥 버릴수있죠? “하면서 저한테 주고가셨어요
배송ㅇ운제로 상품 애정도 그저그렇네요",https://phinf.pstatic.net/checkout.phinf/20210217_152/1613548771381kgxE0_JPEG/review-attachment-ec0bf13f-127c-4807-b7ff-215e61e38608.jpeg?type=f300_300,qufd****,21.02.06.
36,5,너무 맘에 들어요 잘사용 하고 있읍니다,https://phinf.pstatic.net/checkout.phinf/20210201_256/1612158639663gWLlS_JPEG/review-attachment-6c3ab54c-ce94-48de-bc96-ddea7c5677c9.jpeg?type=f300_300,pmmj****,21.03.20.
37,5,"아담합니다.
중간정도",https://phinf.pstatic.net/checkout.phinf/20210309_10/16152439300846KTnU_JPEG/review-attachment-648bac49-8976-40ff-8778-004367ea27a9.jpeg?type=f300_300,apci****,21.03.24.
38,5,사용하면서 화장대 높이가 아쉬워요.,https://phinf.pstatic.net/checkout.phinf/20210323_223/1616458526071AaqWQ_JPEG/review-attachment-b01b5078-701c-445a-995a-a65075ce3b75.jpeg?type=f300_300,oyj7****,21.02.22.
39,5,너무 예쁜데 서랍칸은 많이 작아요,https://phinf.pstatic.net/checkout.phinf/20210302_101/1614654860303pmVPk_JPEG/review-attachment-e88d5520-b325-4620-b560-31182671b8a5.jpeg?type=f300_300,devo****,21.02.22.
40,2,화장대 갈라짐이있어서 글남겼는데 바로 교환처리 해주시기로했습니다,https://phinf.pstatic.net/checkout.phinf/20210309_10/16152439300846KTnU_JPEG/review-attachment-648bac49-8976-40ff-8778-004367ea27a9.jpeg?type=f300_300,leeh****,21.03.03.
41,5,아~~정말 대박입니다..화장대 넘 이뿌고 나무도 넘 좋고 냄새도 하나도 안나고 크기도 딱이고..정말 좋네요..가격이 넘 싼거 아닌가 싶네요..찐짜 강추입니다~~좋은 상품 넘 감사해요~~배송도 엄청 빨리 잘해주시공~감사합니다~~,https://phinf.pstatic.net/checkout.phinf/20210323_223/1616458526071AaqWQ_JPEG/review-attachment-b01b5078-701c-445a-995a-a65075ce3b75.jpeg?type=f300_300,sils****,21.01.11.
42,5,"쓰다보니  
서랍안에잇는거있자나여 뭐 걸리지않게해논것같은데 
그것땀시 더걸려요 자꾸 뻑뻑하니 덜그럭걸리고 부드럽게열리지않습니당
잡아뜯어버리고싶은데 안뜯겨요 고정이 단단히되잇어여 
암튼 그래더 잘쓰고잇습니닷",https://phinf.pstatic.net/checkout.phinf/20210302_101/1614654860303pmVPk_JPEG/review-attachment-e88d5520-b325-4620-b560-31182671b8a5.jpeg?type=f300_300,jott****,21.02.06.
43,4,깔끔하고 예쁜거 골랐다고 칭찬받았어요,https://phinf.pstatic.net/checkout.phinf/20210320_238/161625127633752fXi_JPEG/review-attachment-8d547555-b09e-42f7-8133-62b96c0fd4e8.jpeg?type=f300_300,dntj****,21.02.06.
44,5,"디자인깔끔하고 튼튼해서 좋아요
배송설치 3만5천원은 좀 아깝네요
조립을 직접해도 좋을듯 합니다",https://phinf.pstatic.net/checkout.phinf/20210317_79/1615991623938LP6Tt_JPEG/review-attachment-4f0fb223-188a-4857-966b-cca642e40fa5.jpeg?type=f300_300,peta****,21.02.16.
45,5,배송은 느렸지만 디자인모두맘에들어요,https://phinf.pstatic.net/checkout.phinf/20210326_128/1616734837348fnCTR_JPEG/review-attachment-38d39966-f7f3-4a7f-8b9b-c6dd145fbdee.jpeg?type=f300_300,jyt0****,21.02.22.
46,4,보는 사람 마다 어디서 샀냐고 물어봅니다.,https://phinf.pstatic.net/checkout.phinf/20210326_90/1616725765589EluUh_JPEG/review-attachment-3ce5a608-3e5c-41f3-b53e-932b43874a21.jpeg?type=f300_300,tear****,21.02.25.
47,5,배송도 빠르고 만족스럽습니다,https://phinf.pstatic.net/checkout.phinf/20210311_181/16153908219153d6MN_JPEG/review-attachment-2a742365-113f-4473-96e2-33e6626a2576.jpeg?type=f300_300,futu****,21.02.25.
48,4,"이 금액에 이정도 퀄리티라니
이건 꼭 사셔야 합니다 ㅎㅎㅎ
원목결 좋고
마무리까지 괜찮습니다",https://phinf.pstatic.net/checkout.phinf/20210118_182/1610896999532lT0GN_JPEG/review-attachment-ebb210c9-c2f4-49b0-b059-64204ec41bd2.jpeg?type=f300_300,spec****,21.01.22.
49,5,너무 맘에드네요  딸아이방에도 하나 장만한까 합니다,https://phinf.pstatic.net/image.nmv/shopnbuyer_2021_01_11_0/f1f667ae-53b7-11eb-9ca7-48df379ccacc_03.jpg?type=ffn300_300,pmmj****,21.02.10.
50,4,배송 날자도 지켜주시고 깔끔하니 좋네요.,https://phinf.pstatic.net/checkout.phinf/20210303_251/1614745157783pfCAY_JPEG/review-attachment-88681ab3-ca32-4489-ad2d-95dc212587fa.jpeg?type=f300_300,sm24****,21.01.24.
51,5,판매자분의 빠른 응대 좋았어요,https://phinf.pstatic.net/checkout.phinf/20210311_76/1615390281821YudiK_JPEG/review-attachment-b464f07f-2e49-4620-8ac3-a967ee217cf4.jpeg?type=f300_300,loui****,21.02.17.
52,5,"튼튼하고 이뻐요
싸구려 같은거랑 확실히 다른거 같아용!!!
고급져보여요 배송도 빠르고 짱
정리만 잘하면 될거 가타여",https://phinf.pstatic.net/image.nmv/shopnbuyer_2021_01_04_0/5e8e494f-4e77-11eb-a803-a0369ff94ec8_03.jpg?type=ffn300_300,www1****,21.01.12.
53,5,맘에 들어요. 사진그대로 상품. 마감도 좋아요.,https://phinf.pstatic.net/checkout.phinf/20210206_297/1612617030683Q87H5_JPEG/review-attachment-19ca8ceb-bf30-4587-917c-206c591be48a.jpeg?type=f300_300,bana****,21.02.06.
54,5,싸게 잘 샀습니다^^ 대만족,https://phinf.pstatic.net/checkout.phinf/20210109_70/16101906551308Ew4b_JPEG/review-attachment-ae096340-30e9-476c-9c65-a06dae905b7b.jpeg?type=f300_300,2052****,21.02.08.
55,5,"깨져왔어여 ..
수평도안맞구
흔들흔들 다리가 부실해요 
걍써여..싼게..",https://phinf.pstatic.net/checkout.phinf/20210217_152/1613548771381kgxE0_JPEG/review-attachment-ec0bf13f-127c-4807-b7ff-215e61e38608.jpeg?type=f300_300,jott****,21.01.06.
56,5,책상겸용으로 사용하기에 좋습니다,https://phinf.pstatic.net/checkout.phinf/20210201_256/1612158639663gWLlS_JPEG/review-attachment-6c3ab54c-ce94-48de-bc96-ddea7c5677c9.jpeg?type=f300_300,dntj****,21.01.18.
57,5,색상도 이쁘고 견고해요.침대와 세트로 샀더니 방안 분위기가 사네요~^^,https://phinf.pstatic.net/checkout.phinf/20210309_10/16152439300846KTnU_JPEG/review-attachment-648bac49-8976-40ff-8778-004367ea27a9.jpeg?type=f300_300,cats****,21.01.23.
58,5,잘 받았습니다~~~,https://phinf.pstatic.net/checkout.phinf/20210323_223/1616458526071AaqWQ_JPEG/review-attachment-b01b5078-701c-445a-995a-a65075ce3b75.jpeg?type=f300_300,gemi****,21.02.05.
59,5,대만족이에요! 저렴한 화장대들과는 차원이 다릅니다,https://phinf.pstatic.net/checkout.phinf/20210302_101/1614654860303pmVPk_JPEG/review-attachment-e88d5520-b325-4620-b560-31182671b8a5.jpeg?type=f300_300,loon****,20.12.29.
60,2,"심플하니 생각했던대로예요
로포텐 믿고 구매합니다
가격대비 품질이 아주 맘에 듭니다^^",https://phinf.pstatic.net/checkout.phinf/20210309_10/16152439300846KTnU_JPEG/review-attachment-648bac49-8976-40ff-8778-004367ea27a9.jpeg?type=f300_300,esj6****,20.12.27.
61,5,"아주  견고하고 클래식해서  맘에
드네요~",https://phinf.pstatic.net/checkout.phinf/20210323_223/1616458526071AaqWQ_JPEG/review-attachment-b01b5078-701c-445a-995a-a65075ce3b75.jpeg?type=f300_300,ango****,21.01.23.
62,5,색상 이뻐요 잘 쓸께요,https://phinf.pstatic.net/checkout.phinf/20210302_101/1614654860303pmVPk_JPEG/review-attachment-e88d5520-b325-4620-b560-31182671b8a5.jpeg?type=f300_300,6389****,21.01.05.
63,4,사이즈도 좋고 사용하기 좋아요,https://phinf.pstatic.net/checkout.phinf/20210320_238/161625127633752fXi_JPEG/review-attachment-8d547555-b09e-42f7-8133-62b96c0fd4e8.jpeg?type=f300_300,memo****,21.01.02.
64,5,정말 이쁩니다. 흔들어도 흔들리지 않고 무척 튼튼합니다. 이가격에 이런 제품이라니... 강력 추천합니다.,https://phinf.pstatic.net/checkout.phinf/20210317_79/1615991623938LP6Tt_JPEG/review-attachment-4f0fb223-188a-4857-966b-cca642e40fa5.jpeg?type=f300_300,tear****,21.01.04.
65,5,괜츈 수납 많이 안하시는분들 추천,https://phinf.pstatic.net/checkout.phinf/20210326_128/1616734837348fnCTR_JPEG/review-attachment-38d39966-f7f3-4a7f-8b9b-c6dd145fbdee.jpeg?type=f300_300,cksg****,20.12.27.
66,5,튼튼하고 넘 예뻐요 가성비갑이에요 대만족,https://phinf.pstatic.net/checkout.phinf/20210326_90/1616725765589EluUh_JPEG/review-attachment-3ce5a608-3e5c-41f3-b53e-932b43874a21.jpeg?type=f300_300,govk****,20.12.21.
67,5,깔끔하고 디자인 예뻐요 만족합니다!,https://phinf.pstatic.net/checkout.phinf/20210311_181/16153908219153d6MN_JPEG/review-attachment-2a742365-113f-4473-96e2-33e6626a2576.jpeg?type=f300_300,sadi****,20.12.23.
68,5,예뻐요~ 수납공간 도 전 적당해요,https://phinf.pstatic.net/checkout.phinf/20210118_182/1610896999532lT0GN_JPEG/review-attachment-ebb210c9-c2f4-49b0-b059-64204ec41bd2.jpeg?type=f300_300,puin****,21.01.12.
69,5,깔끔한 디자인에 질리지 않고 오랫동안 잘 사용 할 거 같아요~또한 설치 기사님 너무 친절하셨습니다. 기분좋은 제품 구매였습니다~^^,https://phinf.pstatic.net/image.nmv/shopnbuyer_2021_01_11_0/f1f667ae-53b7-11eb-9ca7-48df379ccacc_03.jpg?type=ffn300_300,oyj7****,20.12.03.
70,5,전체샷은 이쁜데 문제점이 보여요ㅜㅜ,https://phinf.pstatic.net/checkout.phinf/20210303_251/1614745157783pfCAY_JPEG/review-attachment-88681ab3-ca32-4489-ad2d-95dc212587fa.jpeg?type=f300_300,unih****,20.11.23.
71,5,상품 맘에 듭니다!!,https://phinf.pstatic.net/checkout.phinf/20210311_76/1615390281821YudiK_JPEG/review-attachment-b464f07f-2e49-4620-8ac3-a967ee217cf4.jpeg?type=f300_300,hmki****,21.01.11.
72,5,"튼튼하고 원목이라 따뜻한 느낌이네요~~^^
설치기사분도  친절하셔요~~
일주일정도  걸렸어요
기대한 만큼...만족해요~
화면에 있는 회전의자도 같이 주문하고 싶었는데
품절이라...따로 구매했는데...
화장대랑 잘 어울려서 좋았네요~^^♡",https://phinf.pstatic.net/image.nmv/shopnbuyer_2021_01_04_0/5e8e494f-4e77-11eb-a803-a0369ff94ec8_03.jpg?type=ffn300_300,zz38****,20.11.24.
73,5,"딸아이 선물해줬는데 내구성도
좋고 디자인 고급스럽네요",https://phinf.pstatic.net/checkout.phinf/20210206_297/1612617030683Q87H5_JPEG/review-attachment-19ca8ceb-bf30-4587-917c-206c591be48a.jpeg?type=f300_300,heeb****,20.12.30.
74,5,잘 사용하고 있습니다,https://phinf.pstatic.net/checkout.phinf/20210109_70/16101906551308Ew4b_JPEG/review-attachment-ae096340-30e9-476c-9c65-a06dae905b7b.jpeg?type=f300_300,eeee****,21.01.07.
75,5,저렴한 가격에 원목 화장대 그럭저럭 만족하며 쓰고 있어요~ 그런데 서랍장 냄새가 잘 안빠지네요ㅠㅠ 고정용 플라스틱때문에 물건이 좀 찍혀서 많이는 안 넣고 있어요 나중엔 플라스틱을 후기처럼 분리할까 생각중이예요 워낙 서랍이 얕은건 알고사서 쓸만합니다^^,https://phinf.pstatic.net/checkout.phinf/20210217_152/1613548771381kgxE0_JPEG/review-attachment-ec0bf13f-127c-4807-b7ff-215e61e38608.jpeg?type=f300_300,chow****,20.11.15.
76,3,가성비최고. 제가 샀던 가구 중에 제일 맘에 들어여 ㅎㅎ 이뿌고ㅎ 근데 서랍안에 걸리는? 부분이 있던데 그건 어떻게 하죵 그냥 놔둬야하는건가요,https://phinf.pstatic.net/checkout.phinf/20210201_256/1612158639663gWLlS_JPEG/review-attachment-6c3ab54c-ce94-48de-bc96-ddea7c5677c9.jpeg?type=f300_300,govk****,20.11.23.
77,5,수납공간은 부족하지만 알고 구매한 부분이고 너무 예뻐요 완전 만족 ㅜㅜ,https://phinf.pstatic.net/checkout.phinf/20210309_10/16152439300846KTnU_JPEG/review-attachment-648bac49-8976-40ff-8778-004367ea27a9.jpeg?type=f300_300,hidd****,20.12.08.
78,5,원하던 디자인 색상 사이즈 그대로네요 수납도 충분하고 무겁고 견고해서 오래쓸 듯 합니다 기다린 만큼 만족스러워요❤️,https://phinf.pstatic.net/checkout.phinf/20210323_223/1616458526071AaqWQ_JPEG/review-attachment-b01b5078-701c-445a-995a-a65075ce3b75.jpeg?type=f300_300,tnwl****,20.11.28.
79,5,"심플하고 군더더기 없는 디자인이에요.
화장품이 많지 않아서 수납공간도 적당하고
자리를 많이 차지하지 않아서 방안에 두기 딱 좋아요",https://phinf.pstatic.net/checkout.phinf/20210302_101/1614654860303pmVPk_JPEG/review-attachment-e88d5520-b325-4620-b560-31182671b8a5.jpeg?type=f300_300,kime****,20.11.19.
80,2,수납은 그냥그래요 전에 본게 품절이라 이제품으로 사서 쓰고 있는데 쏘쏘~,https://phinf.pstatic.net/checkout.phinf/20210309_10/16152439300846KTnU_JPEG/review-attachment-648bac49-8976-40ff-8778-004367ea27a9.jpeg?type=f300_300,yuny****,20.12.20.
81,5,"서랍장 안에가 못이 튀어나왔어요
그리고 화장대 위부분이 홈이 파였네요
배송시 파손된건 아닌것같고 원래그런 판으로 만드신건지
배송기사분께 말씀드리니 여기에 문의하시라 하네요
할인을 받든 하시라고",https://phinf.pstatic.net/checkout.phinf/20210323_223/1616458526071AaqWQ_JPEG/review-attachment-b01b5078-701c-445a-995a-a65075ce3b75.jpeg?type=f300_300,yuny****,20.11.10.
82,5,적당한가격에 만족합니다,https://phinf.pstatic.net/checkout.phinf/20210302_101/1614654860303pmVPk_JPEG/review-attachment-e88d5520-b325-4620-b560-31182671b8a5.jpeg?type=f300_300,848w****,20.12.05.
83,4,나무결이랑 색깔이랑 예뻐서 가격대비 너무 훌륭합니다 수납공간이 많지 않은 점은 감안하거 구매하세요^^!,https://phinf.pstatic.net/checkout.phinf/20210320_238/161625127633752fXi_JPEG/review-attachment-8d547555-b09e-42f7-8133-62b96c0fd4e8.jpeg?type=f300_300,yuri****,20.10.31.
84,5,이사와서 산 가구중에 제일 맘에드는것중 하나예요,https://phinf.pstatic.net/checkout.phinf/20210317_79/1615991623938LP6Tt_JPEG/review-attachment-4f0fb223-188a-4857-966b-cca642e40fa5.jpeg?type=f300_300,silv****,20.11.30.
85,5,"주문일로부터 대략 2주 정도 소요가 된다고 하셨는데 며칠 안에 생각보다 빨리 도착하여 좋았어요.^^
화면에서 보았던 대로 깔끔하고 예뻤어요.^^
잘 사용하겠습니다.^^",https://phinf.pstatic.net/checkout.phinf/20210326_128/1616734837348fnCTR_JPEG/review-attachment-38d39966-f7f3-4a7f-8b9b-c6dd145fbdee.jpeg?type=f300_300,latt****,20.11.10.
86,4,"아주 맘에 듭니다..
주문하고 원하는 날짜에 잘 받았습니다..",https://phinf.pstatic.net/checkout.phinf/20210326_90/1616725765589EluUh_JPEG/review-attachment-3ce5a608-3e5c-41f3-b53e-932b43874a21.jpeg?type=f300_300,lina****,20.12.17.
87,4,디뜰림이 생겨서  마누라가 나가 죽으래요,https://phinf.pstatic.net/checkout.phinf/20210311_181/16153908219153d6MN_JPEG/review-attachment-2a742365-113f-4473-96e2-33e6626a2576.jpeg?type=f300_300,tktl****,20.12.16.
88,5,너무 이쁘고 튼튼하고 놀라운 가격에 놀라운 품질!!! 강추합니다. 딸램 생일 선물이였는데 너무 마음에 들어하네요...,https://phinf.pstatic.net/checkout.phinf/20210118_182/1610896999532lT0GN_JPEG/review-attachment-ebb210c9-c2f4-49b0-b059-64204ec41bd2.jpeg?type=f300_300,ckh7****,20.11.05.
89,5,"주택에서 사시다가 일흔 넘어 아파트이사
인생 첫 화장대 선물을 했습니다.
높이도 적당하고 거울도 고급스럽고
회전의자도 좋아라 하시네요.
배송도 주문후 희망일보다 빨리왔네요.
추천합니다~~^^",https://phinf.pstatic.net/image.nmv/shopnbuyer_2021_01_11_0/f1f667ae-53b7-11eb-9ca7-48df379ccacc_03.jpg?type=ffn300_300,memo****,20.10.24.
90,5,저렴한 가격에 잘 샀어요 여자친구 선물로 사줬는데 좋다고 하네요,https://phinf.pstatic.net/checkout.phinf/20210303_251/1614745157783pfCAY_JPEG/review-attachment-88681ab3-ca32-4489-ad2d-95dc212587fa.jpeg?type=f300_300,jysr****,20.11.28.
91,5,서랍 안에 고정 장치가 조금 불편해요,https://phinf.pstatic.net/checkout.phinf/20210311_76/1615390281821YudiK_JPEG/review-attachment-b464f07f-2e49-4620-8ac3-a967ee217cf4.jpeg?type=f300_300,wjdd****,20.12.08.
92,5,배송도 빠르고 냄새도 없고 좋아요,https://phinf.pstatic.net/image.nmv/shopnbuyer_2021_01_04_0/5e8e494f-4e77-11eb-a803-a0369ff94ec8_03.jpg?type=ffn300_300,chan****,20.12.07.
93,5,"맘에 들어서 매장에서도 한번 보고, 동생꺼랑 두개 샀는데 사용하니 더 좋습니다. 
화장대 받고 연휴여서 집을 비우는 바람에 제대로 확인을 못했는데 거울쪽 나무에 흠이 있어서 문의하니깐 친절하게 응대해주시고, 교체해주셨어요!! 넘 감사해요^^
이쁘게 잘 사용할께요!",https://phinf.pstatic.net/checkout.phinf/20210206_297/1612617030683Q87H5_JPEG/review-attachment-19ca8ceb-bf30-4587-917c-206c591be48a.jpeg?type=f300_300,hemi****,20.10.15.
94,5,딸아이가 너무너무 맘에 들어해요~^^,https://phinf.pstatic.net/checkout.phinf/20210109_70/16101906551308Ew4b_JPEG/review-attachment-ae096340-30e9-476c-9c65-a06dae905b7b.jpeg?type=f300_300,wumi****,20.11.05.
95,5,생각보다 작은데 화장대는 이뻐요,https://phinf.pstatic.net/checkout.phinf/20210217_152/1613548771381kgxE0_JPEG/review-attachment-ec0bf13f-127c-4807-b7ff-215e61e38608.jpeg?type=f300_300,muha****,20.12.03.
96,5,재질도 좋고 깔끔하니 고급스럽네요,https://phinf.pstatic.net/checkout.phinf/20210201_256/1612158639663gWLlS_JPEG/review-attachment-6c3ab54c-ce94-48de-bc96-ddea7c5677c9.jpeg?type=f300_300,heeb****,20.11.30.
97,4,배송날짜도 희망에 도착하고 가구디자인도 예뻐 방분위기랑 잘 맞았어요,https://phinf.pstatic.net/checkout.phinf/20210309_10/16152439300846KTnU_JPEG/review-attachment-648bac49-8976-40ff-8778-004367ea27a9.jpeg?type=f300_300,kkkm****,20.11.07.
98,5,"가격대비 정말 좋은 제품인것같아요!
한달쯤 써본 저의 의견은
일단 첫번째로 디자인.. 너무 마음에 들고요
색상도 화면에 나온 색 그대로입니다
우드톤을 좋아해서 구매했는데 맘에 들어요
두번째 흔들거리지 않고 튼튼하고요!
세번째 사이즈도 적당합니다
다만 서랍 사이즈가 생각보다 작을 수 있는데 이건 제가 이미 알고 구매한거고 서랍이 커지면 지금의 이 디자인은 없을거라도 생각해서 저는 만족해요b",https://phinf.pstatic.net/checkout.phinf/20210323_223/1616458526071AaqWQ_JPEG/review-attachment-b01b5078-701c-445a-995a-a65075ce3b75.jpeg?type=f300_300,gkst****,20.09.30.
99,5,"대체적으로이쁘고,만족합니다만,서랍에서냄새가나요ㅜㅜ곧빠지겠죠?",https://phinf.pstatic.net/checkout.phinf/20210302_101/1614654860303pmVPk_JPEG/review-attachment-e88d5520-b325-4620-b560-31182671b8a5.jpeg?type=f300_300,sh83****,20.11.10.
