﻿,star,review,reviewImage,customerId,reviewDate
0,5,"이뻐요 보이는 그대로예요^^ 
냄새도 안나고 마감도좋구 만족합니다",https://phinf.pstatic.net/checkout.phinf/20210309_10/16152439300846KTnU_JPEG/review-attachment-648bac49-8976-40ff-8778-004367ea27a9.jpeg?type=f300_300,kuku****,21.03.02.
1,5,"좋아요 예뻐요~만족합니다
또 구매할께요!최고야~~~~~",https://phinf.pstatic.net/checkout.phinf/20210323_223/1616458526071AaqWQ_JPEG/review-attachment-b01b5078-701c-445a-995a-a65075ce3b75.jpeg?type=f300_300,hong****,21.03.20.
2,5,수납공간이 많아 더 좋아요. 매일 보면서 잘 샀다 생각 됩니다.,https://phinf.pstatic.net/checkout.phinf/20210302_101/1614654860303pmVPk_JPEG/review-attachment-e88d5520-b325-4620-b560-31182671b8a5.jpeg?type=f300_300,ansi****,21.01.13.
3,4,"튼튼하고 고급스럽고 수납도 좋아요.
유리대신 나무로 하니 더 깔끔합니다.
예약배송도 해 주시고 배송 기사님도 너무 친절하고 좋았어요. 강추합니다.~~",https://phinf.pstatic.net/checkout.phinf/20210320_238/161625127633752fXi_JPEG/review-attachment-8d547555-b09e-42f7-8133-62b96c0fd4e8.jpeg?type=f300_300,ansi****,21.01.02.
4,5,예쁘게 잘 쓰고있어요,https://phinf.pstatic.net/checkout.phinf/20210317_79/1615991623938LP6Tt_JPEG/review-attachment-4f0fb223-188a-4857-966b-cca642e40fa5.jpeg?type=f300_300,hamy****,21.02.04.
5,5,"상당해주신분과 배송기사님 모두 친절하시구
다른곳에비해 저렴하게 구입했어요
수납이 여러개라 많은것을 넣을 수 있어서 좋아요
옷넣는 공간이 폭에비해 높이가낮은점과 원목이다보니 나무가루가 묻어있어 몇일 닦아야 할듯 하지만 아쉬운점보다 좋은점이 더 많아좋아요
화이트가구하고도 잘 어울리고 만족스러워요~
다음에 다른가구도 구매하고 싶으네요",https://phinf.pstatic.net/checkout.phinf/20210326_128/1616734837348fnCTR_JPEG/review-attachment-38d39966-f7f3-4a7f-8b9b-c6dd145fbdee.jpeg?type=f300_300,aile****,20.10.08.
6,5,매장에서 직접 본 상품인데 배송받아 설치하니 더 마음에 들어요~,https://phinf.pstatic.net/checkout.phinf/20210326_90/1616725765589EluUh_JPEG/review-attachment-3ce5a608-3e5c-41f3-b53e-932b43874a21.jpeg?type=f300_300,mina****,20.10.27.
7,5,"벌써 구매한지 한달, 질리지도않고 이뻐요ㅎㅎ
수납도 모자람없이 넉넉하고 분리가되서 ㄱ자로 놓고 사용하는데 공간활용도 좋아요 색상이 밝아서 방이 밝고 넓어보이는 효과도있어서 너무 좋은거 같아요 기존 사용하던 나무수납함들고 잘어울려서 후회없는 화장대입니다 거울까지 사진찍어서 올리려고하니 화장대위에 너무 지저분해서 거울은 빼고찍었어요",https://phinf.pstatic.net/checkout.phinf/20210311_181/16153908219153d6MN_JPEG/review-attachment-2a742365-113f-4473-96e2-33e6626a2576.jpeg?type=f300_300,gust****,20.09.16.
8,5,"화장대랑 프레임이랑 같이 샀는데
색상이 안맞을까봐 고민했었는데
그 걱정이 무색하게 잘맞네요
프레임이랑 화장대사이즈가 좀있는 편이라 안방이 꽉차긴했지만 굉장히 만족스럽습니다
드라이기 넣는곳도 생각보다 커서 일반적인 사이즈는 다들어갈거같고 서랍장은 깊진않긴한데 속옷이나 양말들은 충분히 잘들어가네요",https://phinf.pstatic.net/checkout.phinf/20210118_182/1610896999532lT0GN_JPEG/review-attachment-ebb210c9-c2f4-49b0-b059-64204ec41bd2.jpeg?type=f300_300,kimm****,20.09.22.
9,5,"같은 곳에서 프레임과 같은 색상으로 샀지만
공장이 달라서 색상 차이가 있다고 ..
하셨지만 어째뜬 잘 사용 하고 있습니다",https://phinf.pstatic.net/image.nmv/shopnbuyer_2021_01_11_0/f1f667ae-53b7-11eb-9ca7-48df379ccacc_03.jpg?type=ffn300_300,doye****,20.10.08.
10,5,신혼집 입주날에 맞추어 희망배송 신청했는데 배송일에 맞게 와주셨고 설치도 깔끔하게 잘해주고 가셨어요^^ 수납공간 많고 너무너무 이뻐요 원목냄새가 나는데 싫은 냄새가 아니라 자연의 냄새같이 기분도 좋아지네요,https://phinf.pstatic.net/checkout.phinf/20210303_251/1614745157783pfCAY_JPEG/review-attachment-88681ab3-ca32-4489-ad2d-95dc212587fa.jpeg?type=f300_300,suvi****,20.09.16.
11,4,"사진대로네요,만족합니다.",https://phinf.pstatic.net/checkout.phinf/20210311_76/1615390281821YudiK_JPEG/review-attachment-b464f07f-2e49-4620-8ac3-a967ee217cf4.jpeg?type=f300_300,swee****,20.10.13.
12,5,배송 기사님이 매우 친절합니다.,https://phinf.pstatic.net/image.nmv/shopnbuyer_2021_01_04_0/5e8e494f-4e77-11eb-a803-a0369ff94ec8_03.jpg?type=ffn300_300,ljy_****,20.10.12.
13,5,"기다리고 기다린끝에 드뎌 도착!!!
기사님들 아주친절하시고.. 설치도 깔끔하게 해주심ㅎㅎ 거울도 움직이지말라고 고정해주심ㅎㅎ
센스 쨩!!
선반에 유맂없이 제작해달랫는데 흔쾌히 해주심~~
무엇보다 가구 나무냄세가 넘좋음~~
신랑도 굿! 이라네요~~",https://phinf.pstatic.net/checkout.phinf/20210206_297/1612617030683Q87H5_JPEG/review-attachment-19ca8ceb-bf30-4587-917c-206c591be48a.jpeg?type=f300_300,cndy****,20.07.19.
14,5,"수납공간좋고 생각보다 더컷는데 색상이 밝다보니 환하고 넓어보여요 마감도 괜찮고 서랍도 생각보다 커요 단지,,,, 드라이기보관함이 드라이기보다 작아서 안들어가요ㅠ 그래도 요청한 일정에 맞춰서 빨리왔어요",https://phinf.pstatic.net/checkout.phinf/20210109_70/16101906551308Ew4b_JPEG/review-attachment-ae096340-30e9-476c-9c65-a06dae905b7b.jpeg?type=f300_300,gust****,20.08.15.
15,4,"수납공간도 넉넉하고 딸아이가 아주 만족해하네요.
기사님도 무척 친절하시네요^^",https://phinf.pstatic.net/checkout.phinf/20210217_152/1613548771381kgxE0_JPEG/review-attachment-ec0bf13f-127c-4807-b7ff-215e61e38608.jpeg?type=f300_300,jaeb****,20.08.20.
16,5,"침대랑 같은색상으로 시켰는데 다른 공장이긴 하지만  같은 네추럴이라 비슷 하다고 하셨었는데 
둘 차이가 확실히 나네요;;",https://phinf.pstatic.net/checkout.phinf/20210201_256/1612158639663gWLlS_JPEG/review-attachment-6c3ab54c-ce94-48de-bc96-ddea7c5677c9.jpeg?type=f300_300,doye****,20.07.20.
17,4,"빠른 배송 감사합니다
마감이나 소재 보면 퀄리티 있는 제품입니다.",https://phinf.pstatic.net/checkout.phinf/20210309_10/16152439300846KTnU_JPEG/review-attachment-648bac49-8976-40ff-8778-004367ea27a9.jpeg?type=f300_300,kimm****,20.07.20.
18,5,"안내전화 주신 배송일정 맞춰 오셨고요.
색상은 생각보다 넘 예뻐요^^
냄새도 안 나고 특히 드라이어 수납 부분 맘에 쏙 듭니다.
제 드라이어가 크고 폴딩 안되는거라 걱정했는데 들어가네요~
거울 고정을 받으셔야 상판이랑 단단히 고정되는거 같아요~
상판 유리 부분을 안 좋아해서 깔끔하게 원목으로만 요청드렸는데 추가비용 없이 잘 해주셔서 넘 이쁘네요~
설치기사님도 친절하시고 잘 설치해주셨는데 가시고나니 거울 옆 서랍 손잡이 바깥으로 다시는거 깜빡하신듯요^^ 별거 아니라 제가 달면 되지만 설치받으실 분들 저기 확인해보세요~
서랍 안쪽은 옹이들이 좀 많은 부분인데 안쪽이라 크게 상관없을듯 해요~
이쁘게 잘 쓸게요^^",https://phinf.pstatic.net/checkout.phinf/20210323_223/1616458526071AaqWQ_JPEG/review-attachment-b01b5078-701c-445a-995a-a65075ce3b75.jpeg?type=f300_300,bbos****,20.05.09.
19,5,"이른아침부터 시간맞춰 배송해주셔서 감사해요, 물론 친절하셨구요! 제작한 크기대로 잘왔고 기타 다른 잔기스도 거의없이 와서 만족합니다. 다만 찍힘ㅠ 그리고 상부장 왼쪽아래 패임이있어서 속상해요, 깊이도 더 깊게 제작할까하다가 판매자분이 굳이 제작안해도된다하셔서 그럼 45센치는 꼭 지켜주셨음좋겠다고 전화까지드렸는데 44조금넘네요.
색깔은 고민많이했었는데, 홍송색깔로하길 잘한것같아요, 살짝붉은기는있어요, 첫번째첨부사진색깔이 실제와가장비슷합니다. 조명도 이쁘고요!",https://phinf.pstatic.net/checkout.phinf/20210302_101/1614654860303pmVPk_JPEG/review-attachment-e88d5520-b325-4620-b560-31182671b8a5.jpeg?type=f300_300,hyeo****,20.05.20.
20,5,"이뻐요 보이는 그대로예요^^ 
냄새도 안나고 마감도좋구 만족합니다",https://phinf.pstatic.net/checkout.phinf/20210309_10/16152439300846KTnU_JPEG/review-attachment-648bac49-8976-40ff-8778-004367ea27a9.jpeg?type=f300_300,kuku****,21.03.02.
21,5,"좋아요 예뻐요~만족합니다
또 구매할께요!최고야~~~~~",https://phinf.pstatic.net/checkout.phinf/20210323_223/1616458526071AaqWQ_JPEG/review-attachment-b01b5078-701c-445a-995a-a65075ce3b75.jpeg?type=f300_300,hong****,21.03.20.
22,5,수납공간이 많아 더 좋아요. 매일 보면서 잘 샀다 생각 됩니다.,https://phinf.pstatic.net/checkout.phinf/20210302_101/1614654860303pmVPk_JPEG/review-attachment-e88d5520-b325-4620-b560-31182671b8a5.jpeg?type=f300_300,ansi****,21.01.13.
23,4,"튼튼하고 고급스럽고 수납도 좋아요.
유리대신 나무로 하니 더 깔끔합니다.
예약배송도 해 주시고 배송 기사님도 너무 친절하고 좋았어요. 강추합니다.~~",https://phinf.pstatic.net/checkout.phinf/20210320_238/161625127633752fXi_JPEG/review-attachment-8d547555-b09e-42f7-8133-62b96c0fd4e8.jpeg?type=f300_300,ansi****,21.01.02.
24,5,예쁘게 잘 쓰고있어요,https://phinf.pstatic.net/checkout.phinf/20210317_79/1615991623938LP6Tt_JPEG/review-attachment-4f0fb223-188a-4857-966b-cca642e40fa5.jpeg?type=f300_300,hamy****,21.02.04.
25,5,"상당해주신분과 배송기사님 모두 친절하시구
다른곳에비해 저렴하게 구입했어요
수납이 여러개라 많은것을 넣을 수 있어서 좋아요
옷넣는 공간이 폭에비해 높이가낮은점과 원목이다보니 나무가루가 묻어있어 몇일 닦아야 할듯 하지만 아쉬운점보다 좋은점이 더 많아좋아요
화이트가구하고도 잘 어울리고 만족스러워요~
다음에 다른가구도 구매하고 싶으네요",https://phinf.pstatic.net/checkout.phinf/20210326_128/1616734837348fnCTR_JPEG/review-attachment-38d39966-f7f3-4a7f-8b9b-c6dd145fbdee.jpeg?type=f300_300,aile****,20.10.08.
26,5,매장에서 직접 본 상품인데 배송받아 설치하니 더 마음에 들어요~,https://phinf.pstatic.net/checkout.phinf/20210326_90/1616725765589EluUh_JPEG/review-attachment-3ce5a608-3e5c-41f3-b53e-932b43874a21.jpeg?type=f300_300,mina****,20.10.27.
27,5,"벌써 구매한지 한달, 질리지도않고 이뻐요ㅎㅎ
수납도 모자람없이 넉넉하고 분리가되서 ㄱ자로 놓고 사용하는데 공간활용도 좋아요 색상이 밝아서 방이 밝고 넓어보이는 효과도있어서 너무 좋은거 같아요 기존 사용하던 나무수납함들고 잘어울려서 후회없는 화장대입니다 거울까지 사진찍어서 올리려고하니 화장대위에 너무 지저분해서 거울은 빼고찍었어요",https://phinf.pstatic.net/checkout.phinf/20210311_181/16153908219153d6MN_JPEG/review-attachment-2a742365-113f-4473-96e2-33e6626a2576.jpeg?type=f300_300,gust****,20.09.16.
28,5,"화장대랑 프레임이랑 같이 샀는데
색상이 안맞을까봐 고민했었는데
그 걱정이 무색하게 잘맞네요
프레임이랑 화장대사이즈가 좀있는 편이라 안방이 꽉차긴했지만 굉장히 만족스럽습니다
드라이기 넣는곳도 생각보다 커서 일반적인 사이즈는 다들어갈거같고 서랍장은 깊진않긴한데 속옷이나 양말들은 충분히 잘들어가네요",https://phinf.pstatic.net/checkout.phinf/20210118_182/1610896999532lT0GN_JPEG/review-attachment-ebb210c9-c2f4-49b0-b059-64204ec41bd2.jpeg?type=f300_300,kimm****,20.09.22.
29,5,"같은 곳에서 프레임과 같은 색상으로 샀지만
공장이 달라서 색상 차이가 있다고 ..
하셨지만 어째뜬 잘 사용 하고 있습니다",https://phinf.pstatic.net/image.nmv/shopnbuyer_2021_01_11_0/f1f667ae-53b7-11eb-9ca7-48df379ccacc_03.jpg?type=ffn300_300,doye****,20.10.08.
30,5,신혼집 입주날에 맞추어 희망배송 신청했는데 배송일에 맞게 와주셨고 설치도 깔끔하게 잘해주고 가셨어요^^ 수납공간 많고 너무너무 이뻐요 원목냄새가 나는데 싫은 냄새가 아니라 자연의 냄새같이 기분도 좋아지네요,https://phinf.pstatic.net/checkout.phinf/20210303_251/1614745157783pfCAY_JPEG/review-attachment-88681ab3-ca32-4489-ad2d-95dc212587fa.jpeg?type=f300_300,suvi****,20.09.16.
31,4,"사진대로네요,만족합니다.",https://phinf.pstatic.net/checkout.phinf/20210311_76/1615390281821YudiK_JPEG/review-attachment-b464f07f-2e49-4620-8ac3-a967ee217cf4.jpeg?type=f300_300,swee****,20.10.13.
32,5,배송 기사님이 매우 친절합니다.,https://phinf.pstatic.net/image.nmv/shopnbuyer_2021_01_04_0/5e8e494f-4e77-11eb-a803-a0369ff94ec8_03.jpg?type=ffn300_300,ljy_****,20.10.12.
33,5,"기다리고 기다린끝에 드뎌 도착!!!
기사님들 아주친절하시고.. 설치도 깔끔하게 해주심ㅎㅎ 거울도 움직이지말라고 고정해주심ㅎㅎ
센스 쨩!!
선반에 유맂없이 제작해달랫는데 흔쾌히 해주심~~
무엇보다 가구 나무냄세가 넘좋음~~
신랑도 굿! 이라네요~~",https://phinf.pstatic.net/checkout.phinf/20210206_297/1612617030683Q87H5_JPEG/review-attachment-19ca8ceb-bf30-4587-917c-206c591be48a.jpeg?type=f300_300,cndy****,20.07.19.
34,5,"수납공간좋고 생각보다 더컷는데 색상이 밝다보니 환하고 넓어보여요 마감도 괜찮고 서랍도 생각보다 커요 단지,,,, 드라이기보관함이 드라이기보다 작아서 안들어가요ㅠ 그래도 요청한 일정에 맞춰서 빨리왔어요",https://phinf.pstatic.net/checkout.phinf/20210109_70/16101906551308Ew4b_JPEG/review-attachment-ae096340-30e9-476c-9c65-a06dae905b7b.jpeg?type=f300_300,gust****,20.08.15.
35,4,"수납공간도 넉넉하고 딸아이가 아주 만족해하네요.
기사님도 무척 친절하시네요^^",https://phinf.pstatic.net/checkout.phinf/20210217_152/1613548771381kgxE0_JPEG/review-attachment-ec0bf13f-127c-4807-b7ff-215e61e38608.jpeg?type=f300_300,jaeb****,20.08.20.
36,5,"침대랑 같은색상으로 시켰는데 다른 공장이긴 하지만  같은 네추럴이라 비슷 하다고 하셨었는데 
둘 차이가 확실히 나네요;;",https://phinf.pstatic.net/checkout.phinf/20210201_256/1612158639663gWLlS_JPEG/review-attachment-6c3ab54c-ce94-48de-bc96-ddea7c5677c9.jpeg?type=f300_300,doye****,20.07.20.
37,4,"빠른 배송 감사합니다
마감이나 소재 보면 퀄리티 있는 제품입니다.",https://phinf.pstatic.net/checkout.phinf/20210309_10/16152439300846KTnU_JPEG/review-attachment-648bac49-8976-40ff-8778-004367ea27a9.jpeg?type=f300_300,kimm****,20.07.20.
38,5,"안내전화 주신 배송일정 맞춰 오셨고요.
색상은 생각보다 넘 예뻐요^^
냄새도 안 나고 특히 드라이어 수납 부분 맘에 쏙 듭니다.
제 드라이어가 크고 폴딩 안되는거라 걱정했는데 들어가네요~
거울 고정을 받으셔야 상판이랑 단단히 고정되는거 같아요~
상판 유리 부분을 안 좋아해서 깔끔하게 원목으로만 요청드렸는데 추가비용 없이 잘 해주셔서 넘 이쁘네요~
설치기사님도 친절하시고 잘 설치해주셨는데 가시고나니 거울 옆 서랍 손잡이 바깥으로 다시는거 깜빡하신듯요^^ 별거 아니라 제가 달면 되지만 설치받으실 분들 저기 확인해보세요~
서랍 안쪽은 옹이들이 좀 많은 부분인데 안쪽이라 크게 상관없을듯 해요~
이쁘게 잘 쓸게요^^",https://phinf.pstatic.net/checkout.phinf/20210323_223/1616458526071AaqWQ_JPEG/review-attachment-b01b5078-701c-445a-995a-a65075ce3b75.jpeg?type=f300_300,bbos****,20.05.09.
39,5,"이른아침부터 시간맞춰 배송해주셔서 감사해요, 물론 친절하셨구요! 제작한 크기대로 잘왔고 기타 다른 잔기스도 거의없이 와서 만족합니다. 다만 찍힘ㅠ 그리고 상부장 왼쪽아래 패임이있어서 속상해요, 깊이도 더 깊게 제작할까하다가 판매자분이 굳이 제작안해도된다하셔서 그럼 45센치는 꼭 지켜주셨음좋겠다고 전화까지드렸는데 44조금넘네요.
색깔은 고민많이했었는데, 홍송색깔로하길 잘한것같아요, 살짝붉은기는있어요, 첫번째첨부사진색깔이 실제와가장비슷합니다. 조명도 이쁘고요!",https://phinf.pstatic.net/checkout.phinf/20210302_101/1614654860303pmVPk_JPEG/review-attachment-e88d5520-b325-4620-b560-31182671b8a5.jpeg?type=f300_300,hyeo****,20.05.20.
40,5,사진으로 보던 것보다 더 커서 벽 한쪽을 거의 차지하고 있어요 ㅋㅋㅋ 조명 옵션으로 선택했는데 조명 들어오는거 너무 이쁘고 다른 조명 안 키고 화장대 조명 켜놓고 쓰면 되니까 편해요 화장대 안쪽에 콘센트 있어서 머리 말릴 때 드라이기 꽂아두고 사용하는거 너무 좋네요 악세사리 걸어두는 곳은 조금 협소하긴 한데 그럭저럭 쓸만해요 화장대 위에 화장품 없이 서랍에 다 넣을 만한 수납공간이 되네요 자주 사용하는 스킨 로션 정도는 그냥 화장대 위에 놓고 써도 될 것 같긴해요 배송날짜만 조율이 되었으면 참 좋았을텐데.. 그게 너무 아쉬웠어요 배송 오기 전에 전화할 때 엘베 없는 4층이라 배송비도 6만원 줘야한다고 하셔서 6만원 드렸습니다 토욜에 오셨는데 1~3시 사이에 온다고 하셨는데 3시반에 오셨어요(주말이라 차가 막히셨다고) 약속 있어서 최대한 빨리 와달라고 부탁드렸었는데.. ㅜㅜ 설치기사님 두 분이 오셨는데 위치 확인하시고는 설치 다 해주시고 거울도 고정해주시고 굉장히 친절하셨어요 4층까지 들고오시느라 수고하셨어요 제품 정말 맘에 들어요!!,https://phinf.pstatic.net/checkout.phinf/20210309_10/16152439300846KTnU_JPEG/review-attachment-648bac49-8976-40ff-8778-004367ea27a9.jpeg?type=f300_300,tjtn****,20.05.01.
41,5,두달넘게 쓰고 있는 중인데 보면 볼수록 맘에 듭니다 ㅎㅎ 향도 어느정도 지나니 은은한 나무향이 기분좋게 나고 수납력이 좋아 불편없이 만족하며 쓰고 있습니다 ㅎ 화장대 하나로 방 전체가 사는 느낌입니다 ㅎ,https://phinf.pstatic.net/checkout.phinf/20210323_223/1616458526071AaqWQ_JPEG/review-attachment-b01b5078-701c-445a-995a-a65075ce3b75.jpeg?type=f300_300,qkqh****,20.06.02.
42,5,"말씀드린 날짜와 시간에 딱 맞춰 와주셔서 정말 감사했어요. 친절하게 설치 잘 해주셨고 역시나 화장대는 넘나 이쁩니다 ㅎㅎㅎ
애초에 수납력이랑 디자인 요거 딱 두개만 보고 고른건데 세상에, 제품퀄리티도 장난아니네요. 원목제품답게 단단, 튼튼하고 색감도 참 고급집니다 ㅎㅎ 많이 비싼 가격도 아닌데 제품이 그 값어치 이상을 하는 것 같아서 오랜만에 내돈 쓰고도 기쁘네요 ㅋㅋㅋ",https://phinf.pstatic.net/checkout.phinf/20210302_101/1614654860303pmVPk_JPEG/review-attachment-e88d5520-b325-4620-b560-31182671b8a5.jpeg?type=f300_300,qkqh****,20.03.30.
43,4,가격대비 디자인과 나무상태가 좋았어요,https://phinf.pstatic.net/checkout.phinf/20210320_238/161625127633752fXi_JPEG/review-attachment-8d547555-b09e-42f7-8133-62b96c0fd4e8.jpeg?type=f300_300,hysu****,20.05.31.
44,5,"침대와 맞추려고 홍송색으로 선택했는데 칙칙하진 않을까 걱정 많이 했는데 직원분 말씀 믿고 결정했는데 전혀 칙칙하지 않고 색상 넘 마음에 듭니다. 
수납도 많이 되고 조명은 넘 사용해보고 싶어서 추가했는데 실용성보단 그냥 예쁘네요ㅋㅋ 딸이 더 더 더 좋아해요^^
유리없이 그냥 해달라고 요청드렸는데 역시 유리없애길 잘했어요. 너무 깔끔하고 만족합니다. 상담해주시는 직원분과 배송해주신 기사님 다 친절하시고 
침대.화장대.수납장 함께 구입했는데 전부다 정말 잘 산것같아요♡",https://phinf.pstatic.net/checkout.phinf/20210317_79/1615991623938LP6Tt_JPEG/review-attachment-4f0fb223-188a-4857-966b-cca642e40fa5.jpeg?type=f300_300,youn****,20.04.28.
45,5,고무나무 냄새가 너무 좋네요 튼튼해서 오래쓸것 같습니다,https://phinf.pstatic.net/checkout.phinf/20210326_128/1616734837348fnCTR_JPEG/review-attachment-38d39966-f7f3-4a7f-8b9b-c6dd145fbdee.jpeg?type=f300_300,rkrk****,20.06.04.
46,4,"박수가 절로나오는 화장대예요
수납공간도 많고!
거울고정이라고해서 벽고정인줄알았는데
화장대수납장과 거울을 고정하는거였더라구요!
그것도 모르고 안한다고 했다가 다시 해달라고 부탁드렸더니 다시해주셧어요ㅠㅠ죄송합니다
색도 넘 예쁘고 사이즈 조절가능해서 완전 맘에들어요! 
프레임이랑 세트는 아니지만 색을 맞췄더니 세트처럼보이고 넘 예뻐서 좋아요
수납장안에 콘센트도 있어서 더더 만족스럽습니다!!",https://phinf.pstatic.net/checkout.phinf/20210326_90/1616725765589EluUh_JPEG/review-attachment-3ce5a608-3e5c-41f3-b53e-932b43874a21.jpeg?type=f300_300,clar****,20.04.04.
47,5,"1.배송 
바로 날짜 정해주시고 기사님도 오시기전에 미리 전화주셔서 잘 받았습니다!
2.제품
생각한 만큼 크진 않았지만 적당히 넉넉하고 좋아요
화장품이 많은 편은 아니라 서랍쪽은 양말이나 속옷 등 잡화 보관하기에 좋아요 
특히 콘셉트 꽂는 수납이 좋아요 항상 드라이기랑 고데기가 밖에 꺼내있어서 지저분했는데 아주 깔끔하기 정리됐어요
유리쪽도 아예 투명유리아닌 것도 깔끔해보입니다

원목이라 오래오래 길들이면서 잘 써볼게요!
감사합니다",https://phinf.pstatic.net/checkout.phinf/20210311_181/16153908219153d6MN_JPEG/review-attachment-2a742365-113f-4473-96e2-33e6626a2576.jpeg?type=f300_300,kjmi****,20.03.30.
48,5,견고하고 예뻐요~~^^잘쓸게요~~,https://phinf.pstatic.net/checkout.phinf/20210118_182/1610896999532lT0GN_JPEG/review-attachment-ebb210c9-c2f4-49b0-b059-64204ec41bd2.jpeg?type=f300_300,cau2****,20.05.09.
49,5,수납장있는 화장대는 다른 판매처와 많이 비교했는데 모양은 다 똑같더라구요. 색상보고 여기서 결정했어요. 근데 오른쪽 윗서랍장 문닫을 때 원래 잘 안닫히나요? 힘을 줘도 잘 안닫혀서 설치해두신 쇠로된 걸 중간을 접어줘야 닫혀서요 . 이거 불편한 건 빼고 잘 쓰고있어요.,https://phinf.pstatic.net/image.nmv/shopnbuyer_2021_01_11_0/f1f667ae-53b7-11eb-9ca7-48df379ccacc_03.jpg?type=ffn300_300,hoon****,20.04.09.
50,5,"신혼집에 놓으려고 한참 찾았던 화장대였고
디자인도 마음에 들고 배송도 친절히 잘 해주셨어요
수납공간이 많이 있었으면 해서 고심해서 고른건데
생각보다 수납력이 좋지는 않아요
일단 서랍들의 깊이가 깊지 않고 특히 거울뒤 악세사리보관함쪽은 수납하기 애매해서 아무것도 못넣고 있어요
직접 보고 구매한게 아니라 수납부분은 아쉬움이 남아요",https://phinf.pstatic.net/checkout.phinf/20210303_251/1614745157783pfCAY_JPEG/review-attachment-88681ab3-ca32-4489-ad2d-95dc212587fa.jpeg?type=f300_300,ted0****,20.04.02.
51,5,"너무 예뻐요~  요청주문도 잘 들어주셨어요~ 
따듯한 색감,  목걸이 수납등 완벽하네요^^",https://phinf.pstatic.net/checkout.phinf/20210311_76/1615390281821YudiK_JPEG/review-attachment-b464f07f-2e49-4620-8ac3-a967ee217cf4.jpeg?type=f300_300,hell****,20.04.16.
52,5,완전기대하고기다린보람이있네요~집이확살고환해졌어요,https://phinf.pstatic.net/image.nmv/shopnbuyer_2021_01_04_0/5e8e494f-4e77-11eb-a803-a0369ff94ec8_03.jpg?type=ffn300_300,cjl1****,20.05.12.
53,5,배송기사님이 우선 너무 착하셔서 1차부터 기분 좋았구 여러므로 설명해주시면서 화장대 만들어 주시구 완성보니깐 더 맘에들구 진짜 이거 상술이 아니라 너무 예뻐여 그리고 여기 배송기사님 진짜  착하시구 잘 만들어주시구 배송기사님 집처럼 조심조심 다른 가구들 안 다치게 잘해주셔서 감사해요ㅎㅎ진짜 고민하시는 분들 고민 그만하시구 장만하세요ㅎ제값합니다ㅎ그리고 아쉬웠던 점은 미에뜰 가구에서 배송시간 같이 맞췃는데 서로 다르게 말해서 조금 착오가 있어서 불편하긴 했지만 이 부분만 고치면 대박날듯 저는 만족 매우 만족입니다👍🏻,https://phinf.pstatic.net/checkout.phinf/20210206_297/1612617030683Q87H5_JPEG/review-attachment-19ca8ceb-bf30-4587-917c-206c591be48a.jpeg?type=f300_300,alsg****,20.03.17.
54,5,"디자인 깔끔하고 좋습니다.
상부 유리장 없애달라는 요청도 잘 들어주시고 배송도 친절하셨어요.
사이즈가 좀 안맞아서 거울프레임이 더 길게 튀어나와있었는데 오늘 교환까지 마쳤습니다.
재택근무라서 집에 있게되어 다행이네요..
암튼 잘쓰겠습니다!",https://phinf.pstatic.net/checkout.phinf/20210109_70/16101906551308Ew4b_JPEG/review-attachment-ae096340-30e9-476c-9c65-a06dae905b7b.jpeg?type=f300_300,icha****,20.03.25.
55,4,예쁘고 선물했는데 좋아하네요  감사합니다,https://phinf.pstatic.net/checkout.phinf/20210217_152/1613548771381kgxE0_JPEG/review-attachment-ec0bf13f-127c-4807-b7ff-215e61e38608.jpeg?type=f300_300,ffsl****,20.04.20.
56,4,"같은 디자인 다른 브랜드에서 비싸게 주고 사려다가 인터넷 찾아보던 중 발견해서 샀어요. 
정말정말 !!강추예요 ! 너무 예쁘고 맘에듭니다. 원목이라 향도 좋고.. 색감도 넘 예쁘네요. 배송도 원하는 날짜에 해주시고, 흠집난 부분도 바로 바꿔주시네요. 주변에도 추천할게요 ㅎㅎ 앞으로 더 번창하세요~!!",https://phinf.pstatic.net/checkout.phinf/20210201_256/1612158639663gWLlS_JPEG/review-attachment-6c3ab54c-ce94-48de-bc96-ddea7c5677c9.jpeg?type=f300_300,dudt****,20.02.17.
57,5,만족합니다  즐판하세요~,https://phinf.pstatic.net/checkout.phinf/20210309_10/16152439300846KTnU_JPEG/review-attachment-648bac49-8976-40ff-8778-004367ea27a9.jpeg?type=f300_300,ssia****,20.04.16.
58,5,침대프레임과 같이 주문했는데요 둘다 각각 너무 이쁘고 또 두개가 매치도 좋네요 배송기사님 친절하게 설치 잘해주셨어요 주변에 추천 해드릴께요,https://phinf.pstatic.net/checkout.phinf/20210323_223/1616458526071AaqWQ_JPEG/review-attachment-b01b5078-701c-445a-995a-a65075ce3b75.jpeg?type=f300_300,bhso****,20.03.16.
59,5,"원하던 컬러와 디자인이었는데
생각보다 수납이 많이 안되서 조금 아쉬워요",https://phinf.pstatic.net/checkout.phinf/20210302_101/1614654860303pmVPk_JPEG/review-attachment-e88d5520-b325-4620-b560-31182671b8a5.jpeg?type=f300_300,ted0****,20.04.02.
