﻿,star,review,reviewImage,customerId,reviewDate
0,5,"화장대 정말 많이 검색하다가
보자마자 넘 맘에 들어서 구매했어요
수납공간은 고려하지않고 구매했는데
생각보다 서랍과 거울 아래칸에 
수납이 많이 되네요
컬러가 세련되고
마감처리도 좋고 묵직합니다
아주 만족합니다^^

기사님이 잘 설치해주셨구요
눈이 왔는데도 멀리서 와주셔서 감사했습니다",https://phinf.pstatic.net/checkout.phinf/20210309_10/16152439300846KTnU_JPEG/review-attachment-648bac49-8976-40ff-8778-004367ea27a9.jpeg?type=f300_300,cute****,21.01.31.
1,3,일단배송이 ...지방이라그런지 좀늦었는데 제품은맘에들어요ㅎ 서랍이 뻑뻑한거빼곤 맘에들어요 많이파세요,https://phinf.pstatic.net/checkout.phinf/20210323_223/1616458526071AaqWQ_JPEG/review-attachment-b01b5078-701c-445a-995a-a65075ce3b75.jpeg?type=f300_300,k8s0****,21.02.17.
2,5,넘 이뻐요.  굿굿.,https://phinf.pstatic.net/checkout.phinf/20210302_101/1614654860303pmVPk_JPEG/review-attachment-e88d5520-b325-4620-b560-31182671b8a5.jpeg?type=f300_300,www-****,21.02.05.
3,5,"일단 디자인 너무이쁘고
수납공간넉넉하고 너무맘에듭니다!",https://phinf.pstatic.net/checkout.phinf/20210320_238/161625127633752fXi_JPEG/review-attachment-8d547555-b09e-42f7-8133-62b96c0fd4e8.jpeg?type=f300_300,dndu****,21.02.04.
4,5,집하고잘어울리고조아요,https://phinf.pstatic.net/checkout.phinf/20210317_79/1615991623938LP6Tt_JPEG/review-attachment-4f0fb223-188a-4857-966b-cca642e40fa5.jpeg?type=f300_300,dulk****,21.02.03.
5,3,너무 예뻐요 사진이랑 똑같아요!,https://phinf.pstatic.net/checkout.phinf/20210326_128/1616734837348fnCTR_JPEG/review-attachment-38d39966-f7f3-4a7f-8b9b-c6dd145fbdee.jpeg?type=f300_300,wwwk****,20.12.08.
6,5,"너무 마음에 듭니당 ~
예정보다 빨리 오셔서 금방 받았어요
오셔서 조립도 다 해주시고 감사합니다 :-)",https://phinf.pstatic.net/checkout.phinf/20210326_90/1616725765589EluUh_JPEG/review-attachment-3ce5a608-3e5c-41f3-b53e-932b43874a21.jpeg?type=f300_300,beng****,20.11.20.
7,5,"화장대 엄청 고민하다 구매했어요 예상 배송일보다 일찍배송됐고, 화장대는 진짜마음에 들어요 색깔도, 사이즈도, 크기도 딱이네요.",https://phinf.pstatic.net/checkout.phinf/20210311_181/16153908219153d6MN_JPEG/review-attachment-2a742365-113f-4473-96e2-33e6626a2576.jpeg?type=f300_300,cc60****,20.11.15.
8,5,진짜 너무너무 이뻐요. 희망일 배송도 맘에 들구요! 서랍도 생각보다 좀 깊어서 수납 넉넉하네요.. 크기도 크고 넘 이쁩니다 ㅠㅠ,https://phinf.pstatic.net/checkout.phinf/20210118_182/1610896999532lT0GN_JPEG/review-attachment-ebb210c9-c2f4-49b0-b059-64204ec41bd2.jpeg?type=f300_300,k_h_****,20.10.08.
