﻿,star,review,reviewImage,customerId,reviewDate
0,5,"너무이쁘고 고급스럽습니다
기대이상이네요",https://phinf.pstatic.net/checkout.phinf/20210309_10/16152439300846KTnU_JPEG/review-attachment-648bac49-8976-40ff-8778-004367ea27a9.jpeg?type=f300_300,dese****,20.11.21.
1,5,기사님 친절하시고 상품 만족합니다,https://phinf.pstatic.net/checkout.phinf/20210323_223/1616458526071AaqWQ_JPEG/review-attachment-b01b5078-701c-445a-995a-a65075ce3b75.jpeg?type=f300_300,leea****,20.10.11.
2,5,서랍크기가 작지않아 좋아요,https://phinf.pstatic.net/checkout.phinf/20210302_101/1614654860303pmVPk_JPEG/review-attachment-e88d5520-b325-4620-b560-31182671b8a5.jpeg?type=f300_300,leea****,20.10.11.
3,5,"고급지고 좋아요^^
잘 구매 한듯",https://phinf.pstatic.net/checkout.phinf/20210320_238/161625127633752fXi_JPEG/review-attachment-8d547555-b09e-42f7-8133-62b96c0fd4e8.jpeg?type=f300_300,dla5****,20.09.22.
4,5,너무이쁘고 재질도 맘에들어요 배송은 적당합니다,https://phinf.pstatic.net/checkout.phinf/20210317_79/1615991623938LP6Tt_JPEG/review-attachment-4f0fb223-188a-4857-966b-cca642e40fa5.jpeg?type=f300_300,sleh****,20.09.04.
5,5,"배송에 오래 걸린다는 안내를 받고, 잊고 지냈네요
기사님 연락으로 약속 날짜 잡아 받았습니다
큰 아이 서랍장으로 구매하였는데 깔끔하고 큼직하고 수납에 딱 좋아요
살짝씩 한두군데 흠이 좀 보이지만, 왠만하면 사고나서 그냥그냥 쓰는 스타일이라...
다만 냄새가 좀 오래가서 여유있게 빼고 있습니다",https://phinf.pstatic.net/checkout.phinf/20210326_128/1616734837348fnCTR_JPEG/review-attachment-38d39966-f7f3-4a7f-8b9b-c6dd145fbdee.jpeg?type=f300_300,x935****,20.07.01.
6,5,만족합니다,https://phinf.pstatic.net/checkout.phinf/20210326_90/1616725765589EluUh_JPEG/review-attachment-3ce5a608-3e5c-41f3-b53e-932b43874a21.jpeg?type=f300_300,ghdc****,18.06.21.
