﻿,star,review,reviewImage,customerId,reviewDate
0,4,가격도 착하고 디자인도 심플해서 잘 어울리네요~ 서랍도 잘 열리고 좋네요 ㅎㅎ,https://phinf.pstatic.net/checkout.phinf/20210309_10/16152439300846KTnU_JPEG/review-attachment-648bac49-8976-40ff-8778-004367ea27a9.jpeg?type=f300_300,crea****,20.05.31.
1,5,"처음에 화장대 다리가 불량으로 와서 교환했습니당 신경써주셔서 감사해요
다만 서랍이 조금 불편하네요 열때마다 안에서 걸려서 한번만에 안열려요 ㅠㅠ",https://phinf.pstatic.net/checkout.phinf/20210323_223/1616458526071AaqWQ_JPEG/review-attachment-b01b5078-701c-445a-995a-a65075ce3b75.jpeg?type=f300_300,ckdu****,20.03.14.
2,4,"피티샵 여성 탈의실에 쓰려고 구매하였어요. 원하는 사이즈가 길어서 두개 구매하여 붙였습니다.
화이트 인테리어에 잘 어울려요! 예쁘게 사용할게요",https://phinf.pstatic.net/checkout.phinf/20210302_101/1614654860303pmVPk_JPEG/review-attachment-e88d5520-b325-4620-b560-31182671b8a5.jpeg?type=f300_300,hano****,20.02.21.
3,4,"화면과 같구요,
크기 모양 다 무난하게 예쁘네요.
배송은 정말빠릅니다.
포장도 꼼꼼하구요,
조립도 쉽습니다.",https://phinf.pstatic.net/checkout.phinf/20210320_238/161625127633752fXi_JPEG/review-attachment-8d547555-b09e-42f7-8133-62b96c0fd4e8.jpeg?type=f300_300,pian****,20.02.27.
4,4,"생각보다는 괜찮아 보이네요.
조립도 어렵지 않고요.
단, 서랍은 사용하기가 조심스럽네요.
한번 열면 서랍옆면 나무들이 뜯겨져 일어나있어서 닫히지를 않아요. 아쉬운대로 스카치테잎을 붙여 놓았네요.",https://phinf.pstatic.net/checkout.phinf/20210317_79/1615991623938LP6Tt_JPEG/review-attachment-4f0fb223-188a-4857-966b-cca642e40fa5.jpeg?type=f300_300,leeh****,20.02.09.
5,5,asdfdfdsfdsfg,https://phinf.pstatic.net/checkout.phinf/20210326_128/1616734837348fnCTR_JPEG/review-attachment-38d39966-f7f3-4a7f-8b9b-c6dd145fbdee.jpeg?type=f300_300,q546****,20.02.25.
6,4,화면하고같아요~조립도 어렵지않고 배송 무지빨라 좋았어요~~,https://phinf.pstatic.net/checkout.phinf/20210326_90/1616725765589EluUh_JPEG/review-attachment-3ce5a608-3e5c-41f3-b53e-932b43874a21.jpeg?type=f300_300,elle****,19.11.09.
7,5,TV 다이로 쓰려고 구매했어요. 예쁘네요. 이 가격에 이만하면 훌륭하다고 생각합니다.,https://phinf.pstatic.net/checkout.phinf/20210311_181/16153908219153d6MN_JPEG/review-attachment-2a742365-113f-4473-96e2-33e6626a2576.jpeg?type=f300_300,tear****,19.11.01.
8,4,다리가 좀 문제가 있는거 같네요ㅠ,https://phinf.pstatic.net/checkout.phinf/20210118_182/1610896999532lT0GN_JPEG/review-attachment-ebb210c9-c2f4-49b0-b059-64204ec41bd2.jpeg?type=f300_300,ledy****,18.07.28.
9,3,"칼배송이네요! 주문한지 하루만에 배송되었구요
조립도 쉽고 간단해요
생각보다 컬러가 조금 어두운 듯 하나
사이즈도 적당하고 괜찮아요
적극 추천합니다!!",https://phinf.pstatic.net/image.nmv/shopnbuyer_2021_01_11_0/f1f667ae-53b7-11eb-9ca7-48df379ccacc_03.jpg?type=ffn300_300,psji****,18.02.03.
10,4,"주문 후 하루만에 배송왔구요.
상품도 만족해요.
다리를 조립하는건데 장비 필요없이
돌리기만하면 끝이에요.
만족합니다",https://phinf.pstatic.net/checkout.phinf/20210303_251/1614745157783pfCAY_JPEG/review-attachment-88681ab3-ca32-4489-ad2d-95dc212587fa.jpeg?type=f300_300,psji****,18.02.03.
11,5,고민하다가 샀는데 이뻐요. 싼티 별로 안나구요. 콘솔은 다 넘 비싼데 그마나 좀 덜 나가는 걸로 샀어요. 배송도 빠르구요.,https://phinf.pstatic.net/checkout.phinf/20210311_76/1615390281821YudiK_JPEG/review-attachment-b464f07f-2e49-4620-8ac3-a967ee217cf4.jpeg?type=f300_300,dhdm****,17.08.04.
12,3,이뻐요 안보이는 쪽에 대차게 까져와서 신경쓰였지만 외관상으론 안보이니까 만족으로 점수 줍니다.,https://phinf.pstatic.net/image.nmv/shopnbuyer_2021_01_04_0/5e8e494f-4e77-11eb-a803-a0369ff94ec8_03.jpg?type=ffn300_300,dhdm****,17.08.04.
13,5,나쁘진 않네요~~,https://phinf.pstatic.net/checkout.phinf/20210206_297/1612617030683Q87H5_JPEG/review-attachment-19ca8ceb-bf30-4587-917c-206c591be48a.jpeg?type=f300_300,dnjs****,17.08.13.
14,5,"다리만조립하면되고.조립은간단합니다
근데서랍열고닫기가너무빡빡해서콘솔전체가흔들릴도ㅠㅠ서랍사용은그다지하지않을듯해서사용하기로결정했어요.tv장으로샀는데딱이네요.예뻐요",https://phinf.pstatic.net/checkout.phinf/20210109_70/16101906551308Ew4b_JPEG/review-attachment-ae096340-30e9-476c-9c65-a06dae905b7b.jpeg?type=f300_300,jise****,17.01.06.
15,4,빠른배송 좋아여 근데 흰색이라 그런지 살짝살짝 긁힌게 보여요 배송중 생긴건지 몰겠지만요ㅠ 그래도 이뻐서 만족ㅎ,https://phinf.pstatic.net/checkout.phinf/20210217_152/1613548771381kgxE0_JPEG/review-attachment-ec0bf13f-127c-4807-b7ff-215e61e38608.jpeg?type=f300_300,bara****,17.01.11.
