﻿,star,review,reviewImage,customerId,reviewDate
0,5,"고민 많이 하다가 샀는데 넘 맘에 들어요!
사이즈도 좋도 안에 수납도 생각보다 많이 되요.
그래서 매일 사용하는 것만 위에 올리고
안에 다 정리해서 넣으니 깔끔하고 좋아요.
다음에 필요한 거 있음 여기 꺼 또 사고 싶어요!",https://phinf.pstatic.net/checkout.phinf/20210309_10/16152439300846KTnU_JPEG/review-attachment-648bac49-8976-40ff-8778-004367ea27a9.jpeg?type=f300_300,0him****,21.03.18.
1,5,"동생결혼 선물로 샀어요
동생이 맘에 들어해서 너무 좋으네요
주문제작이라 배송에 시간이 걸렸지만 이부분 상세정보에 미리 공지 되어 있으니 필요하신 날짜에 맞춰  주문하면 될듯합니다",https://phinf.pstatic.net/checkout.phinf/20210323_223/1616458526071AaqWQ_JPEG/review-attachment-b01b5078-701c-445a-995a-a65075ce3b75.jpeg?type=f300_300,seok****,21.03.11.
2,4,너무너무 맘에 들어요 ㅎㅎ 전 거울을 세로로 세워서 쓰고있습니다 ㅎㅎ 수납 공간이 아주 쬐끔 아쉽지만 예쁨으로 커버 가능!,https://phinf.pstatic.net/checkout.phinf/20210302_101/1614654860303pmVPk_JPEG/review-attachment-e88d5520-b325-4620-b560-31182671b8a5.jpeg?type=f300_300,tnru****,21.03.01.
3,5,화면이랑 똑같이 이뻐요 상담원도 친절하셨고 배달기사님도 친절하셨어요!ㅎㅎ 거울이 일체형이 아니라서 고정방법이나 활용법에 대해서도 잘 알려주셨어요,https://phinf.pstatic.net/checkout.phinf/20210320_238/161625127633752fXi_JPEG/review-attachment-8d547555-b09e-42f7-8133-62b96c0fd4e8.jpeg?type=f300_300,boky****,21.02.27.
4,5,디자인도 특이하고 수납력도좋고 너무잘쓰고있어요 침대랑 세뚜세뚜라 방분위기 고급져요,https://phinf.pstatic.net/checkout.phinf/20210317_79/1615991623938LP6Tt_JPEG/review-attachment-4f0fb223-188a-4857-966b-cca642e40fa5.jpeg?type=f300_300,euni****,21.03.02.
5,5,"너무예뻐요. 서랍이랑세트로샀는데 돈이안아까워요. 가구놓고 문열면 2cm남아서 아슬아슬해서 고민했는데 가로길이가 긴대신 38cm로 폭이좁아서 집이더넓어보입니다ㅎㅎㅎ
진짜 강추에요~~비슷한가격대원목 가구점많이봤는데 자재도 고급스럽구요 추천해요",https://phinf.pstatic.net/checkout.phinf/20210326_128/1616734837348fnCTR_JPEG/review-attachment-38d39966-f7f3-4a7f-8b9b-c6dd145fbdee.jpeg?type=f300_300,iamg****,21.02.06.
6,5,침대랑 세트로 삼. 예쁨....,https://phinf.pstatic.net/checkout.phinf/20210326_90/1616725765589EluUh_JPEG/review-attachment-3ce5a608-3e5c-41f3-b53e-932b43874a21.jpeg?type=f300_300,seul****,21.03.26.
7,5,서랍도 칸칸 나뉘어져 분류해서 수납할수있어 편하네요 작은 디테일이 한끗차이인데 만족감은 큽니다 다른쪽 서랍도 깊고 넓어서 물건이 많이들어가서 놀랐어요,https://phinf.pstatic.net/checkout.phinf/20210311_181/16153908219153d6MN_JPEG/review-attachment-2a742365-113f-4473-96e2-33e6626a2576.jpeg?type=f300_300,euni****,21.01.29.
8,4,수납공간도 많도 디자인이 정말 예뻐요:) 협탁과 마찬가지로 생각보다 색이 연해서 아쉽지만 ㅜㅜ 그래서 오히려 은은하니 어디든지 잘 어울릴 것 같기도 하고 .... 암튼 예뻐요!!,https://phinf.pstatic.net/checkout.phinf/20210118_182/1610896999532lT0GN_JPEG/review-attachment-ebb210c9-c2f4-49b0-b059-64204ec41bd2.jpeg?type=f300_300,sooi****,21.01.26.
9,5,"이사하면서 구매했는데 다들 예쁘다고 해요!
원목색감도 맘에들고 틀도 튼튼하고 좋네요 ㅎㅎ",https://phinf.pstatic.net/image.nmv/shopnbuyer_2021_01_11_0/f1f667ae-53b7-11eb-9ca7-48df379ccacc_03.jpg?type=ffn300_300,hana****,21.01.28.
10,5,상품 자체는 좋으나 냄새가 좀 오래가는편입니다.,https://phinf.pstatic.net/checkout.phinf/20210303_251/1614745157783pfCAY_JPEG/review-attachment-88681ab3-ca32-4489-ad2d-95dc212587fa.jpeg?type=f300_300,eesp****,21.02.13.
11,5,"화장대 너무 이뻐요^^ 침대 프레임이랑 같이 구매했는데 찰떡이네요~!! 
안에 수납공간도 나눠져잇어요!!! 정말 맘에들어요~ 거울도 큼직합니당ㅋㅋㅋ
나무냄새도 솔솔나고.. 좋은물건 감사해요^^",https://phinf.pstatic.net/checkout.phinf/20210311_76/1615390281821YudiK_JPEG/review-attachment-b464f07f-2e49-4620-8ac3-a967ee217cf4.jpeg?type=f300_300,pmin****,21.01.11.
12,5,"배송비가 조금 비싸서 아쉽지만 
저렴하게 잘 산거 같아요",https://phinf.pstatic.net/image.nmv/shopnbuyer_2021_01_04_0/5e8e494f-4e77-11eb-a803-a0369ff94ec8_03.jpg?type=ffn300_300,pkop****,21.02.01.
13,5,"예뻐요~~
화장대를 가장 고민하면서 골랐는데, 보람이 있네요. 오래 쓸 수 있을 것 같아요!",https://phinf.pstatic.net/checkout.phinf/20210206_297/1612617030683Q87H5_JPEG/review-attachment-19ca8ceb-bf30-4587-917c-206c591be48a.jpeg?type=f300_300,juky****,21.01.28.
14,4,화면과 색상이 좀 달라요 침대랑 협탁이랑 화장대 세트로 주문했는데 화장대만 유독 색상이 뭐랄까.. 오일바르지않은 느낌이에요 사진보다 좀 더 거친느낌이에요 그래도 디자인이이 견고하고 예쁩니다 만족해요!,https://phinf.pstatic.net/checkout.phinf/20210109_70/16101906551308Ew4b_JPEG/review-attachment-ae096340-30e9-476c-9c65-a06dae905b7b.jpeg?type=f300_300,mjh9****,21.01.12.
15,5,화장대 예뻐요~~!,https://phinf.pstatic.net/checkout.phinf/20210217_152/1613548771381kgxE0_JPEG/review-attachment-ec0bf13f-127c-4807-b7ff-215e61e38608.jpeg?type=f300_300,kkk3****,21.02.20.
16,4,배송은 거의 2주 걸렸어요~ 크리스마스 선물처럼 도착했네요. 지방이라서 배송비가 후덜덜...상품은 매우 만족입니다~ 설치기사분도 좋으셨어요~,https://phinf.pstatic.net/checkout.phinf/20210201_256/1612158639663gWLlS_JPEG/review-attachment-6c3ab54c-ce94-48de-bc96-ddea7c5677c9.jpeg?type=f300_300,jeyp****,20.12.23.
17,5,"와와와너무너무 맘에 들어요~^^
최고 잘 산거 같아요!!!^^
감사합니다:)",https://phinf.pstatic.net/checkout.phinf/20210309_10/16152439300846KTnU_JPEG/review-attachment-648bac49-8976-40ff-8778-004367ea27a9.jpeg?type=f300_300,jinr****,21.01.05.
18,5,"예뻐요.색상도 자연스럽고. 표면을 조금더 
매끄럽게 다듬었으면하는 아쉬움이있어요",https://phinf.pstatic.net/checkout.phinf/20210323_223/1616458526071AaqWQ_JPEG/review-attachment-b01b5078-701c-445a-995a-a65075ce3b75.jpeg?type=f300_300,sk22****,21.01.14.
19,5,"아주 좋아요 가구 마무리도 잘 되어잇어요
다른제품도 사고싶어요",https://phinf.pstatic.net/checkout.phinf/20210302_101/1614654860303pmVPk_JPEG/review-attachment-e88d5520-b325-4620-b560-31182671b8a5.jpeg?type=f300_300,jooy****,20.12.28.
20,5,"고민 많이 하다가 샀는데 넘 맘에 들어요!
사이즈도 좋도 안에 수납도 생각보다 많이 되요.
그래서 매일 사용하는 것만 위에 올리고
안에 다 정리해서 넣으니 깔끔하고 좋아요.
다음에 필요한 거 있음 여기 꺼 또 사고 싶어요!",https://phinf.pstatic.net/checkout.phinf/20210309_10/16152439300846KTnU_JPEG/review-attachment-648bac49-8976-40ff-8778-004367ea27a9.jpeg?type=f300_300,0him****,21.03.18.
21,5,"동생결혼 선물로 샀어요
동생이 맘에 들어해서 너무 좋으네요
주문제작이라 배송에 시간이 걸렸지만 이부분 상세정보에 미리 공지 되어 있으니 필요하신 날짜에 맞춰  주문하면 될듯합니다",https://phinf.pstatic.net/checkout.phinf/20210323_223/1616458526071AaqWQ_JPEG/review-attachment-b01b5078-701c-445a-995a-a65075ce3b75.jpeg?type=f300_300,seok****,21.03.11.
22,4,너무너무 맘에 들어요 ㅎㅎ 전 거울을 세로로 세워서 쓰고있습니다 ㅎㅎ 수납 공간이 아주 쬐끔 아쉽지만 예쁨으로 커버 가능!,https://phinf.pstatic.net/checkout.phinf/20210302_101/1614654860303pmVPk_JPEG/review-attachment-e88d5520-b325-4620-b560-31182671b8a5.jpeg?type=f300_300,tnru****,21.03.01.
23,5,화면이랑 똑같이 이뻐요 상담원도 친절하셨고 배달기사님도 친절하셨어요!ㅎㅎ 거울이 일체형이 아니라서 고정방법이나 활용법에 대해서도 잘 알려주셨어요,https://phinf.pstatic.net/checkout.phinf/20210320_238/161625127633752fXi_JPEG/review-attachment-8d547555-b09e-42f7-8133-62b96c0fd4e8.jpeg?type=f300_300,boky****,21.02.27.
24,5,디자인도 특이하고 수납력도좋고 너무잘쓰고있어요 침대랑 세뚜세뚜라 방분위기 고급져요,https://phinf.pstatic.net/checkout.phinf/20210317_79/1615991623938LP6Tt_JPEG/review-attachment-4f0fb223-188a-4857-966b-cca642e40fa5.jpeg?type=f300_300,euni****,21.03.02.
25,5,"너무예뻐요. 서랍이랑세트로샀는데 돈이안아까워요. 가구놓고 문열면 2cm남아서 아슬아슬해서 고민했는데 가로길이가 긴대신 38cm로 폭이좁아서 집이더넓어보입니다ㅎㅎㅎ
진짜 강추에요~~비슷한가격대원목 가구점많이봤는데 자재도 고급스럽구요 추천해요",https://phinf.pstatic.net/checkout.phinf/20210326_128/1616734837348fnCTR_JPEG/review-attachment-38d39966-f7f3-4a7f-8b9b-c6dd145fbdee.jpeg?type=f300_300,iamg****,21.02.06.
26,5,침대랑 세트로 삼. 예쁨....,https://phinf.pstatic.net/checkout.phinf/20210326_90/1616725765589EluUh_JPEG/review-attachment-3ce5a608-3e5c-41f3-b53e-932b43874a21.jpeg?type=f300_300,seul****,21.03.26.
27,5,서랍도 칸칸 나뉘어져 분류해서 수납할수있어 편하네요 작은 디테일이 한끗차이인데 만족감은 큽니다 다른쪽 서랍도 깊고 넓어서 물건이 많이들어가서 놀랐어요,https://phinf.pstatic.net/checkout.phinf/20210311_181/16153908219153d6MN_JPEG/review-attachment-2a742365-113f-4473-96e2-33e6626a2576.jpeg?type=f300_300,euni****,21.01.29.
28,4,수납공간도 많도 디자인이 정말 예뻐요:) 협탁과 마찬가지로 생각보다 색이 연해서 아쉽지만 ㅜㅜ 그래서 오히려 은은하니 어디든지 잘 어울릴 것 같기도 하고 .... 암튼 예뻐요!!,https://phinf.pstatic.net/checkout.phinf/20210118_182/1610896999532lT0GN_JPEG/review-attachment-ebb210c9-c2f4-49b0-b059-64204ec41bd2.jpeg?type=f300_300,sooi****,21.01.26.
29,5,"이사하면서 구매했는데 다들 예쁘다고 해요!
원목색감도 맘에들고 틀도 튼튼하고 좋네요 ㅎㅎ",https://phinf.pstatic.net/image.nmv/shopnbuyer_2021_01_11_0/f1f667ae-53b7-11eb-9ca7-48df379ccacc_03.jpg?type=ffn300_300,hana****,21.01.28.
30,5,상품 자체는 좋으나 냄새가 좀 오래가는편입니다.,https://phinf.pstatic.net/checkout.phinf/20210303_251/1614745157783pfCAY_JPEG/review-attachment-88681ab3-ca32-4489-ad2d-95dc212587fa.jpeg?type=f300_300,eesp****,21.02.13.
31,5,"화장대 너무 이뻐요^^ 침대 프레임이랑 같이 구매했는데 찰떡이네요~!! 
안에 수납공간도 나눠져잇어요!!! 정말 맘에들어요~ 거울도 큼직합니당ㅋㅋㅋ
나무냄새도 솔솔나고.. 좋은물건 감사해요^^",https://phinf.pstatic.net/checkout.phinf/20210311_76/1615390281821YudiK_JPEG/review-attachment-b464f07f-2e49-4620-8ac3-a967ee217cf4.jpeg?type=f300_300,pmin****,21.01.11.
32,5,"배송비가 조금 비싸서 아쉽지만 
저렴하게 잘 산거 같아요",https://phinf.pstatic.net/image.nmv/shopnbuyer_2021_01_04_0/5e8e494f-4e77-11eb-a803-a0369ff94ec8_03.jpg?type=ffn300_300,pkop****,21.02.01.
33,5,"예뻐요~~
화장대를 가장 고민하면서 골랐는데, 보람이 있네요. 오래 쓸 수 있을 것 같아요!",https://phinf.pstatic.net/checkout.phinf/20210206_297/1612617030683Q87H5_JPEG/review-attachment-19ca8ceb-bf30-4587-917c-206c591be48a.jpeg?type=f300_300,juky****,21.01.28.
34,4,화면과 색상이 좀 달라요 침대랑 협탁이랑 화장대 세트로 주문했는데 화장대만 유독 색상이 뭐랄까.. 오일바르지않은 느낌이에요 사진보다 좀 더 거친느낌이에요 그래도 디자인이이 견고하고 예쁩니다 만족해요!,https://phinf.pstatic.net/checkout.phinf/20210109_70/16101906551308Ew4b_JPEG/review-attachment-ae096340-30e9-476c-9c65-a06dae905b7b.jpeg?type=f300_300,mjh9****,21.01.12.
35,5,화장대 예뻐요~~!,https://phinf.pstatic.net/checkout.phinf/20210217_152/1613548771381kgxE0_JPEG/review-attachment-ec0bf13f-127c-4807-b7ff-215e61e38608.jpeg?type=f300_300,kkk3****,21.02.20.
36,4,배송은 거의 2주 걸렸어요~ 크리스마스 선물처럼 도착했네요. 지방이라서 배송비가 후덜덜...상품은 매우 만족입니다~ 설치기사분도 좋으셨어요~,https://phinf.pstatic.net/checkout.phinf/20210201_256/1612158639663gWLlS_JPEG/review-attachment-6c3ab54c-ce94-48de-bc96-ddea7c5677c9.jpeg?type=f300_300,jeyp****,20.12.23.
37,5,"와와와너무너무 맘에 들어요~^^
최고 잘 산거 같아요!!!^^
감사합니다:)",https://phinf.pstatic.net/checkout.phinf/20210309_10/16152439300846KTnU_JPEG/review-attachment-648bac49-8976-40ff-8778-004367ea27a9.jpeg?type=f300_300,jinr****,21.01.05.
38,5,"예뻐요.색상도 자연스럽고. 표면을 조금더 
매끄럽게 다듬었으면하는 아쉬움이있어요",https://phinf.pstatic.net/checkout.phinf/20210323_223/1616458526071AaqWQ_JPEG/review-attachment-b01b5078-701c-445a-995a-a65075ce3b75.jpeg?type=f300_300,sk22****,21.01.14.
39,5,"아주 좋아요 가구 마무리도 잘 되어잇어요
다른제품도 사고싶어요",https://phinf.pstatic.net/checkout.phinf/20210302_101/1614654860303pmVPk_JPEG/review-attachment-e88d5520-b325-4620-b560-31182671b8a5.jpeg?type=f300_300,jooy****,20.12.28.
