﻿,star,review,reviewImage,customerId,reviewDate
0,5,.이쁩니다 다만 다리가 너무 황금색이네요,https://phinf.pstatic.net/checkout.phinf/20210309_10/16152439300846KTnU_JPEG/review-attachment-648bac49-8976-40ff-8778-004367ea27a9.jpeg?type=f300_300,acek****,21.01.05.
1,4,받고 싶었던 날짜 전에 배송해주셔서 너무 감사했네요^^ 실물이 훨씬 더 고급스럽고 넘 맘에 듭니다.~!!,https://phinf.pstatic.net/checkout.phinf/20210323_223/1616458526071AaqWQ_JPEG/review-attachment-b01b5078-701c-445a-995a-a65075ce3b75.jpeg?type=f300_300,yoon****,20.07.05.
2,5,가격은쫌나가도제품하나는짱인것같아요ㆍ튼튼하고ㆍ디자인도고급스러워요ㆍ후회하지않을제품인것같아요ㆍ,https://phinf.pstatic.net/checkout.phinf/20210302_101/1614654860303pmVPk_JPEG/review-attachment-e88d5520-b325-4620-b560-31182671b8a5.jpeg?type=f300_300,9732****,20.06.10.
3,5,밀라 골드제품은 너무 이뻐요,https://phinf.pstatic.net/checkout.phinf/20210320_238/161625127633752fXi_JPEG/review-attachment-8d547555-b09e-42f7-8133-62b96c0fd4e8.jpeg?type=f300_300,nemo****,20.05.20.
4,3,디자인도완전고급지고깔끔합니다ㆍ,https://phinf.pstatic.net/checkout.phinf/20210317_79/1615991623938LP6Tt_JPEG/review-attachment-4f0fb223-188a-4857-966b-cca642e40fa5.jpeg?type=f300_300,9732****,20.05.04.
5,5,이뻐요. 덜컹해서 다리에 종이깔아야 겠어요.,https://phinf.pstatic.net/checkout.phinf/20210326_128/1616734837348fnCTR_JPEG/review-attachment-38d39966-f7f3-4a7f-8b9b-c6dd145fbdee.jpeg?type=f300_300,dysl****,20.03.10.
6,5,사진과 같습니다.골드테이블중에서 이게 제일 이쁜거같아서샀어요^^^ 다른테이블다 디테일이 있어서조아요,https://phinf.pstatic.net/checkout.phinf/20210326_90/1616725765589EluUh_JPEG/review-attachment-3ce5a608-3e5c-41f3-b53e-932b43874a21.jpeg?type=f300_300,youy****,19.10.29.
7,5,이쁘네요 받아보니 더 이뻐용,https://phinf.pstatic.net/checkout.phinf/20210311_181/16153908219153d6MN_JPEG/review-attachment-2a742365-113f-4473-96e2-33e6626a2576.jpeg?type=f300_300,zzzz****,19.11.17.
8,5,이쁩니다 가격대비 최고,https://phinf.pstatic.net/checkout.phinf/20210118_182/1610896999532lT0GN_JPEG/review-attachment-ebb210c9-c2f4-49b0-b059-64204ec41bd2.jpeg?type=f300_300,zico****,19.09.30.
9,4,실물이 더 이쁘네요,https://phinf.pstatic.net/image.nmv/shopnbuyer_2021_01_11_0/f1f667ae-53b7-11eb-9ca7-48df379ccacc_03.jpg?type=ffn300_300,husu****,19.10.08.
10,5,세련되고.생각보다.더예뻐요♥♥,https://phinf.pstatic.net/checkout.phinf/20210303_251/1614745157783pfCAY_JPEG/review-attachment-88681ab3-ca32-4489-ad2d-95dc212587fa.jpeg?type=f300_300,choi****,19.07.28.
11,5,보이는대로네요. 이쁘고 좋은데 티타늄이었으면 더좋았을껄하는 아쉬움이생겨요. 집에 티타늄거울 있는데 콘솔 스틸부분이 생각보다 더 노랗게보여요. 배송기사님 친절하시고 제품은 마음에듭니다.,https://phinf.pstatic.net/checkout.phinf/20210311_76/1615390281821YudiK_JPEG/review-attachment-b464f07f-2e49-4620-8ac3-a967ee217cf4.jpeg?type=f300_300,sjsc****,19.06.22.
12,5,생각햇던이미지랑 똑같네요,https://phinf.pstatic.net/image.nmv/shopnbuyer_2021_01_04_0/5e8e494f-4e77-11eb-a803-a0369ff94ec8_03.jpg?type=ffn300_300,skym****,19.06.11.
13,4,사진이랑 같습니다~,https://phinf.pstatic.net/checkout.phinf/20210206_297/1612617030683Q87H5_JPEG/review-attachment-19ca8ceb-bf30-4587-917c-206c591be48a.jpeg?type=f300_300,chan****,19.06.29.
