﻿,star,review,reviewImage,customerId,reviewDate
0,5,사진과 같고 수납공간도 넉넉해서 좋았습니다.,https://phinf.pstatic.net/checkout.phinf/20210309_10/16152439300846KTnU_JPEG/review-attachment-648bac49-8976-40ff-8778-004367ea27a9.jpeg?type=f300_300,viki****,20.10.23.
1,3,"생각보다 서랍장의 깊이가 깊지않아서 양말이나 속옷정도 넣어두는 용도로 쓰려구요~

의자까지 세트로 있는지 몰랐는데 빠른 배송 감사드려요 :)
덕분에 신혼분위기 확~ 사는것같아요",https://phinf.pstatic.net/checkout.phinf/20210323_223/1616458526071AaqWQ_JPEG/review-attachment-b01b5078-701c-445a-995a-a65075ce3b75.jpeg?type=f300_300,fly_****,20.06.08.
2,4,"제품은 사진과 같습니다 배송일정 정하고 그날 맞춰 잘 오긴 했는데 처음에 받은 제품이 상판부분 하자가 너무 많더라구요 바로 연락드리니 사진보내달라하셔서 보내드림 아마 교체해야될 것 같다고 다음날 바로 교체해주셨습니다

다만 처음 배송 설치 중 바닥찍힘이 여러군데 발생했어요 설치전 잘찍힌다고 조심해달라고 분명히 말씀드렸는데요..  심지어 끌차? 갖고 들어오신거 제대로 안세워두셔서 바닥 개박살날뻔한건 제가 잡아서 막았답니다..^^

업체에 말씀드리니 교체배송때 체크하고 말해준다더니 보는둥마는둥 
그뒤로 연락도 없어서 다시 전화하니 모름.ㅋ
사진도 보내라는 번호로 다보내줬는데 자기가 받은게 아니라서 모른다함.ㅋ

그러더니 자기네 as팀이 와서 보수해준다고 얘기함 메꾸면된다고..ㅋㅋㅋ
심지어 토요일에 오기로 했었는데 그것도 전날 일요일에 가먄 안되냐고 전화와서 그냥 됐다고 오지마라함
아파트 시설팀에 문의하니 메꾸면 티난다고 그러네요 새집인데..^^

배송받은지 3주정도 됐는데 일부러 구매확정안하고 있었지만 연락없음

그 사이 2200사이즈거실장 
겁나 무거운 식탁 쇼파 배송 받았지만 다들조심히 설치하셨고 카펫같은거 깔고 작업하심 아무도 안찍어놈 다 혼자 설치 하시는 건데

화장대 설치만 내가 조금씩 들어드리고 도와드림.
ㅎㅎㅎ

수납장은 생각보다 얕음 속옷이랑 양말정도 수납하면 ㅇㅋ

상품은 가격대비 좋아요 배송이랑 사후처리는 엉망진창이네요 많이파세요",https://phinf.pstatic.net/checkout.phinf/20210302_101/1614654860303pmVPk_JPEG/review-attachment-e88d5520-b325-4620-b560-31182671b8a5.jpeg?type=f300_300,bunn****,19.11.23.
3,5,볼때마다 디자인 고급스럽군요,https://phinf.pstatic.net/checkout.phinf/20210320_238/161625127633752fXi_JPEG/review-attachment-8d547555-b09e-42f7-8133-62b96c0fd4e8.jpeg?type=f300_300,baes****,20.01.02.
4,4,원목도좋고 실용성도 좋아요. 서랍이 쫌 얉은감이 있지만. 만족합니다,https://phinf.pstatic.net/checkout.phinf/20210317_79/1615991623938LP6Tt_JPEG/review-attachment-4f0fb223-188a-4857-966b-cca642e40fa5.jpeg?type=f300_300,ldjg****,19.12.05.
5,5,방 분위기와 잘어울리고 예뻐요,https://phinf.pstatic.net/checkout.phinf/20210326_128/1616734837348fnCTR_JPEG/review-attachment-38d39966-f7f3-4a7f-8b9b-c6dd145fbdee.jpeg?type=f300_300,mode****,19.12.07.
6,3,직원 서비스 감사하며 제품견고하고 이쁨니다요,https://phinf.pstatic.net/checkout.phinf/20210326_90/1616725765589EluUh_JPEG/review-attachment-3ce5a608-3e5c-41f3-b53e-932b43874a21.jpeg?type=f300_300,baes****,19.11.24.
7,4,"디자인, 색감 모두 생각했던 그대로고 마음에 듭니다. 모든 수납장에 레일이 들어가 있고 좋은 레일을 쓰셔서 서랍이 부드럽게 열리고 닫히네요 만족스러워요 :) 나무냄새가 좀 나지만 환기시키면 될 정도고 전 싫지 않네요. 발품 팔고 팔아 선택한 화장대인데 맘에 들어 만족스러워요. ㅎㅎ 옷도 넣을 수 있는 서랍장이 있으면서도 화장품 둘 공간이 충분한 화장대를 찾았는데 딱인 것 같아요. 오래오래 잘 쓰겠습니다 :)",https://phinf.pstatic.net/checkout.phinf/20210311_181/16153908219153d6MN_JPEG/review-attachment-2a742365-113f-4473-96e2-33e6626a2576.jpeg?type=f300_300,gkst****,19.08.20.
