﻿,star,review,reviewImage,customerId,reviewDate
0,5,배송 빨라요. 처음엔 조립 어려웠는데 하다보니 감 잡혀서 금방해요. 근데 필름 떼는거 완전 귀찮아요...,https://phinf.pstatic.net/checkout.phinf/20210309_10/16152439300846KTnU_JPEG/review-attachment-648bac49-8976-40ff-8778-004367ea27a9.jpeg?type=f300_300,tpdu****,21.03.27.
1,5,깔끔하고 좋아요 또 구매할거예요,https://phinf.pstatic.net/checkout.phinf/20210323_223/1616458526071AaqWQ_JPEG/review-attachment-b01b5078-701c-445a-995a-a65075ce3b75.jpeg?type=f300_300,leh5****,21.03.23.
2,5,엄청 수납이 잘 되어요! 라지 사이즈로 시켰고 예상대로의 크기와 모양새입니다. 조립도 쉬웠구요. 약간 화장품 판매점 매대 같이 되었는데 다 한 눈에 보이니 딱 집어서 화장하기 너무 좋아졌어요,https://phinf.pstatic.net/checkout.phinf/20210302_101/1614654860303pmVPk_JPEG/review-attachment-e88d5520-b325-4620-b560-31182671b8a5.jpeg?type=f300_300,vani****,21.01.02.
3,5,상자에 신문지가 완충재로 들어있네요~ 무사히 잘 도착했구요~ 조립보다 필름 떼느라 고생했어요ㅋ 라지라서 크기가 커서 수납 많이 되요~,https://phinf.pstatic.net/checkout.phinf/20210320_238/161625127633752fXi_JPEG/review-attachment-8d547555-b09e-42f7-8133-62b96c0fd4e8.jpeg?type=f300_300,dimp****,20.12.18.
4,5,너무깔끔하게 정리됫어요 굿입니다,https://phinf.pstatic.net/checkout.phinf/20210317_79/1615991623938LP6Tt_JPEG/review-attachment-4f0fb223-188a-4857-966b-cca642e40fa5.jpeg?type=f300_300,7226****,21.01.28.
5,5,생각보다 너무 마음에 들어요. 다음에 하나더사려구용ㅎㅎ,https://phinf.pstatic.net/checkout.phinf/20210326_128/1616734837348fnCTR_JPEG/review-attachment-38d39966-f7f3-4a7f-8b9b-c6dd145fbdee.jpeg?type=f300_300,aldz****,21.01.08.
6,5,깔끔해진 화장대입니다,https://phinf.pstatic.net/checkout.phinf/20210326_90/1616725765589EluUh_JPEG/review-attachment-3ce5a608-3e5c-41f3-b53e-932b43874a21.jpeg?type=f300_300,lka5****,20.12.21.
7,5,생각보다 좀 컷어요,https://phinf.pstatic.net/checkout.phinf/20210311_181/16153908219153d6MN_JPEG/review-attachment-2a742365-113f-4473-96e2-33e6626a2576.jpeg?type=f300_300,5851****,20.12.27.
8,5,정리너무잘되고 이쁩니당!!!!,https://phinf.pstatic.net/checkout.phinf/20210118_182/1610896999532lT0GN_JPEG/review-attachment-ebb210c9-c2f4-49b0-b059-64204ec41bd2.jpeg?type=f300_300,ghkd****,20.11.03.
9,5,"맘에들어요 그런데 만드는데 조금 힘드네요

모든 아크릴마다 양쪽으로 테잎이 붙어있는지 

모르고 조립했다가 다시 풀고 조립했어요

힘들었지만 만족해요

그런데 조립했다가 해체하는 과정에서 조금 힘을줬더니 부러져 버렸네요 ㅠ

다시 본드로 붙혀서 쓰고있네요",https://phinf.pstatic.net/image.nmv/shopnbuyer_2021_01_11_0/f1f667ae-53b7-11eb-9ca7-48df379ccacc_03.jpg?type=ffn300_300,love****,20.08.27.
10,5,조립하기 간편해요. 정리함을 사용하니 확실히 더 깔끔해졌어요.,https://phinf.pstatic.net/checkout.phinf/20210303_251/1614745157783pfCAY_JPEG/review-attachment-88681ab3-ca32-4489-ad2d-95dc212587fa.jpeg?type=f300_300,bunj****,20.08.25.
11,4,이런 안쓰는 섀도우 갖다버려야겠네요. 30~40개 넣으니 꽉차네요. 조립 쉽고 재밌데요ㅎㅎ,https://phinf.pstatic.net/checkout.phinf/20210311_76/1615390281821YudiK_JPEG/review-attachment-b464f07f-2e49-4620-8ac3-a967ee217cf4.jpeg?type=f300_300,rjf2****,20.09.08.
12,5,화장대가 정리도어서 찾기쉬워요,https://phinf.pstatic.net/image.nmv/shopnbuyer_2021_01_04_0/5e8e494f-4e77-11eb-a803-a0369ff94ec8_03.jpg?type=ffn300_300,one8****,20.06.07.
13,4,생각보다는별로안들어가네요,https://phinf.pstatic.net/checkout.phinf/20210206_297/1612617030683Q87H5_JPEG/review-attachment-19ca8ceb-bf30-4587-917c-206c591be48a.jpeg?type=f300_300,one8****,20.04.25.
14,4,너무좋아요~ 수납잘되고 직접조립하는게 좀 귀찮긴했는데 이정도면 깔끔하고 좋은거같아요,https://phinf.pstatic.net/checkout.phinf/20210109_70/16101906551308Ew4b_JPEG/review-attachment-ae096340-30e9-476c-9c65-a06dae905b7b.jpeg?type=f300_300,bbon****,20.03.17.
15,5,생각했던거보다 커서 좋았습니다 쉐도우 수납하기 딱 좋아요,https://phinf.pstatic.net/checkout.phinf/20210217_152/1613548771381kgxE0_JPEG/review-attachment-ec0bf13f-127c-4807-b7ff-215e61e38608.jpeg?type=f300_300,sksg****,20.03.07.
16,4,화장품 정리하기 용이해요,https://phinf.pstatic.net/checkout.phinf/20210201_256/1612158639663gWLlS_JPEG/review-attachment-6c3ab54c-ce94-48de-bc96-ddea7c5677c9.jpeg?type=f300_300,dbwj****,20.02.21.
17,3,좋아요~~~~~~~~=,https://phinf.pstatic.net/checkout.phinf/20210309_10/16152439300846KTnU_JPEG/review-attachment-648bac49-8976-40ff-8778-004367ea27a9.jpeg?type=f300_300,kies****,20.03.01.
18,5,크다고생각했는데 생각보다 많이들어가진않네요ㅋ 그래도 깔끔해서너무좋아요,https://phinf.pstatic.net/checkout.phinf/20210323_223/1616458526071AaqWQ_JPEG/review-attachment-b01b5078-701c-445a-995a-a65075ce3b75.jpeg?type=f300_300,asdf****,19.11.28.
19,5,유용하네요 ㅎ 라지로 살걸그랬나봐요 ㅎ,https://phinf.pstatic.net/checkout.phinf/20210302_101/1614654860303pmVPk_JPEG/review-attachment-e88d5520-b325-4620-b560-31182671b8a5.jpeg?type=f300_300,0168****,19.12.01.
20,5,배송 빨라요. 처음엔 조립 어려웠는데 하다보니 감 잡혀서 금방해요. 근데 필름 떼는거 완전 귀찮아요...,https://phinf.pstatic.net/checkout.phinf/20210309_10/16152439300846KTnU_JPEG/review-attachment-648bac49-8976-40ff-8778-004367ea27a9.jpeg?type=f300_300,tpdu****,21.03.27.
21,5,깔끔하고 좋아요 또 구매할거예요,https://phinf.pstatic.net/checkout.phinf/20210323_223/1616458526071AaqWQ_JPEG/review-attachment-b01b5078-701c-445a-995a-a65075ce3b75.jpeg?type=f300_300,leh5****,21.03.23.
22,5,엄청 수납이 잘 되어요! 라지 사이즈로 시켰고 예상대로의 크기와 모양새입니다. 조립도 쉬웠구요. 약간 화장품 판매점 매대 같이 되었는데 다 한 눈에 보이니 딱 집어서 화장하기 너무 좋아졌어요,https://phinf.pstatic.net/checkout.phinf/20210302_101/1614654860303pmVPk_JPEG/review-attachment-e88d5520-b325-4620-b560-31182671b8a5.jpeg?type=f300_300,vani****,21.01.02.
23,5,상자에 신문지가 완충재로 들어있네요~ 무사히 잘 도착했구요~ 조립보다 필름 떼느라 고생했어요ㅋ 라지라서 크기가 커서 수납 많이 되요~,https://phinf.pstatic.net/checkout.phinf/20210320_238/161625127633752fXi_JPEG/review-attachment-8d547555-b09e-42f7-8133-62b96c0fd4e8.jpeg?type=f300_300,dimp****,20.12.18.
24,5,너무깔끔하게 정리됫어요 굿입니다,https://phinf.pstatic.net/checkout.phinf/20210317_79/1615991623938LP6Tt_JPEG/review-attachment-4f0fb223-188a-4857-966b-cca642e40fa5.jpeg?type=f300_300,7226****,21.01.28.
25,5,생각보다 너무 마음에 들어요. 다음에 하나더사려구용ㅎㅎ,https://phinf.pstatic.net/checkout.phinf/20210326_128/1616734837348fnCTR_JPEG/review-attachment-38d39966-f7f3-4a7f-8b9b-c6dd145fbdee.jpeg?type=f300_300,aldz****,21.01.08.
26,5,깔끔해진 화장대입니다,https://phinf.pstatic.net/checkout.phinf/20210326_90/1616725765589EluUh_JPEG/review-attachment-3ce5a608-3e5c-41f3-b53e-932b43874a21.jpeg?type=f300_300,lka5****,20.12.21.
27,5,생각보다 좀 컷어요,https://phinf.pstatic.net/checkout.phinf/20210311_181/16153908219153d6MN_JPEG/review-attachment-2a742365-113f-4473-96e2-33e6626a2576.jpeg?type=f300_300,5851****,20.12.27.
28,5,정리너무잘되고 이쁩니당!!!!,https://phinf.pstatic.net/checkout.phinf/20210118_182/1610896999532lT0GN_JPEG/review-attachment-ebb210c9-c2f4-49b0-b059-64204ec41bd2.jpeg?type=f300_300,ghkd****,20.11.03.
29,5,"맘에들어요 그런데 만드는데 조금 힘드네요

모든 아크릴마다 양쪽으로 테잎이 붙어있는지 

모르고 조립했다가 다시 풀고 조립했어요

힘들었지만 만족해요

그런데 조립했다가 해체하는 과정에서 조금 힘을줬더니 부러져 버렸네요 ㅠ

다시 본드로 붙혀서 쓰고있네요",https://phinf.pstatic.net/image.nmv/shopnbuyer_2021_01_11_0/f1f667ae-53b7-11eb-9ca7-48df379ccacc_03.jpg?type=ffn300_300,love****,20.08.27.
30,5,조립하기 간편해요. 정리함을 사용하니 확실히 더 깔끔해졌어요.,https://phinf.pstatic.net/checkout.phinf/20210303_251/1614745157783pfCAY_JPEG/review-attachment-88681ab3-ca32-4489-ad2d-95dc212587fa.jpeg?type=f300_300,bunj****,20.08.25.
31,4,이런 안쓰는 섀도우 갖다버려야겠네요. 30~40개 넣으니 꽉차네요. 조립 쉽고 재밌데요ㅎㅎ,https://phinf.pstatic.net/checkout.phinf/20210311_76/1615390281821YudiK_JPEG/review-attachment-b464f07f-2e49-4620-8ac3-a967ee217cf4.jpeg?type=f300_300,rjf2****,20.09.08.
32,5,화장대가 정리도어서 찾기쉬워요,https://phinf.pstatic.net/image.nmv/shopnbuyer_2021_01_04_0/5e8e494f-4e77-11eb-a803-a0369ff94ec8_03.jpg?type=ffn300_300,one8****,20.06.07.
33,4,생각보다는별로안들어가네요,https://phinf.pstatic.net/checkout.phinf/20210206_297/1612617030683Q87H5_JPEG/review-attachment-19ca8ceb-bf30-4587-917c-206c591be48a.jpeg?type=f300_300,one8****,20.04.25.
34,4,너무좋아요~ 수납잘되고 직접조립하는게 좀 귀찮긴했는데 이정도면 깔끔하고 좋은거같아요,https://phinf.pstatic.net/checkout.phinf/20210109_70/16101906551308Ew4b_JPEG/review-attachment-ae096340-30e9-476c-9c65-a06dae905b7b.jpeg?type=f300_300,bbon****,20.03.17.
35,5,생각했던거보다 커서 좋았습니다 쉐도우 수납하기 딱 좋아요,https://phinf.pstatic.net/checkout.phinf/20210217_152/1613548771381kgxE0_JPEG/review-attachment-ec0bf13f-127c-4807-b7ff-215e61e38608.jpeg?type=f300_300,sksg****,20.03.07.
36,4,화장품 정리하기 용이해요,https://phinf.pstatic.net/checkout.phinf/20210201_256/1612158639663gWLlS_JPEG/review-attachment-6c3ab54c-ce94-48de-bc96-ddea7c5677c9.jpeg?type=f300_300,dbwj****,20.02.21.
37,3,좋아요~~~~~~~~=,https://phinf.pstatic.net/checkout.phinf/20210309_10/16152439300846KTnU_JPEG/review-attachment-648bac49-8976-40ff-8778-004367ea27a9.jpeg?type=f300_300,kies****,20.03.01.
38,5,크다고생각했는데 생각보다 많이들어가진않네요ㅋ 그래도 깔끔해서너무좋아요,https://phinf.pstatic.net/checkout.phinf/20210323_223/1616458526071AaqWQ_JPEG/review-attachment-b01b5078-701c-445a-995a-a65075ce3b75.jpeg?type=f300_300,asdf****,19.11.28.
39,5,유용하네요 ㅎ 라지로 살걸그랬나봐요 ㅎ,https://phinf.pstatic.net/checkout.phinf/20210302_101/1614654860303pmVPk_JPEG/review-attachment-e88d5520-b325-4620-b560-31182671b8a5.jpeg?type=f300_300,0168****,19.12.01.
