﻿,star,review,reviewImage,customerId,reviewDate
0,5,친절한 기사님께서 깔끔하게 설치해주셨어요! 거울도 크고 수납 공간이 넉넉해서 실용적이에요. 특히 모서리 부분이 뾰족하지 않아서 좋아요.^^,https://phinf.pstatic.net/checkout.phinf/20210309_10/16152439300846KTnU_JPEG/review-attachment-648bac49-8976-40ff-8778-004367ea27a9.jpeg?type=f300_300,euna****,21.01.27.
1,5,"배송이 엄청늦게왔습니다 열흘이되어도 연락이안되서 전화해서 물었더니 출고가 늦어진다는답변 받았구요
배송기사아저씨는 친절하셨습니다.
제품은 화면보다 색이 밝네요 거울이 화장대를 건들때마다 덜컹거립니다 금액대비 좋은느낌은 아닙니다. 마감이 거친부분이 있습니다",https://phinf.pstatic.net/checkout.phinf/20210323_223/1616458526071AaqWQ_JPEG/review-attachment-b01b5078-701c-445a-995a-a65075ce3b75.jpeg?type=f300_300,kime****,21.02.01.
2,5,생각보다 더 이뻐요 배송도 잘해주시고 조립도 잘해주시고 이뻐요ㅎㅎ,https://phinf.pstatic.net/checkout.phinf/20210302_101/1614654860303pmVPk_JPEG/review-attachment-e88d5520-b325-4620-b560-31182671b8a5.jpeg?type=f300_300,qute****,21.01.19.
3,5,그럭저럭 괜찮아요..,https://phinf.pstatic.net/checkout.phinf/20210320_238/161625127633752fXi_JPEG/review-attachment-8d547555-b09e-42f7-8133-62b96c0fd4e8.jpeg?type=f300_300,wmrs****,21.01.28.
4,5,배송늦는다햇는데 생각보다빨리왓어요,https://phinf.pstatic.net/checkout.phinf/20210317_79/1615991623938LP6Tt_JPEG/review-attachment-4f0fb223-188a-4857-966b-cca642e40fa5.jpeg?type=f300_300,aouo****,20.12.31.
5,3,저렴하게잘썻어요 호,https://phinf.pstatic.net/checkout.phinf/20210326_128/1616734837348fnCTR_JPEG/review-attachment-38d39966-f7f3-4a7f-8b9b-c6dd145fbdee.jpeg?type=f300_300,kero****,21.01.09.
6,5,저렴한 가격대비 만족도가 높네요,https://phinf.pstatic.net/checkout.phinf/20210326_90/1616725765589EluUh_JPEG/review-attachment-3ce5a608-3e5c-41f3-b53e-932b43874a21.jpeg?type=f300_300,juil****,20.12.13.
7,5,이쁘고 조립도 깔끔하게 해주셔서 감솨^^!,https://phinf.pstatic.net/checkout.phinf/20210311_181/16153908219153d6MN_JPEG/review-attachment-2a742365-113f-4473-96e2-33e6626a2576.jpeg?type=f300_300,sun1****,20.11.07.
8,5,너무 좋아요 친절하시고,https://phinf.pstatic.net/checkout.phinf/20210118_182/1610896999532lT0GN_JPEG/review-attachment-ebb210c9-c2f4-49b0-b059-64204ec41bd2.jpeg?type=f300_300,me33****,20.11.07.
9,5,배송이 좀 느리네요,https://phinf.pstatic.net/image.nmv/shopnbuyer_2021_01_11_0/f1f667ae-53b7-11eb-9ca7-48df379ccacc_03.jpg?type=ffn300_300,kero****,20.11.27.
10,5,지정일 배송이 안되는게 아쉽네요 ㅠㅠ 이삿날 받고싶었은데 조립은 저희몫으로....,https://phinf.pstatic.net/checkout.phinf/20210303_251/1614745157783pfCAY_JPEG/review-attachment-88681ab3-ca32-4489-ad2d-95dc212587fa.jpeg?type=f300_300,saux****,20.10.06.
11,5,"완전 만족해요~~가성비 갑입니다~^^
의자는 따로 구해했는데 웬만하면 어울릴듯~~",https://phinf.pstatic.net/checkout.phinf/20210311_76/1615390281821YudiK_JPEG/review-attachment-b464f07f-2e49-4620-8ac3-a967ee217cf4.jpeg?type=f300_300,srk7****,20.10.01.
12,5,"배송 한달가까이
의자부서진채로 배송 
또 기다림 
서랍열도닫을때 거울 많이 떨리지만 뭐 쓸만함",https://phinf.pstatic.net/image.nmv/shopnbuyer_2021_01_04_0/5e8e494f-4e77-11eb-a803-a0369ff94ec8_03.jpg?type=ffn300_300,youl****,20.10.10.
13,3,"사진과 똑같이 예뻐요!
거울도 부드럽게 잘 올라가고
스툴에도 수납공간이 있어서
수납공간도 이정도면 넉넉하구요.
스툴이 생각했던것보다 묵직하네요.
엄청 고민하면서 샀는데
만족스럽습니다. ^^",https://phinf.pstatic.net/checkout.phinf/20210206_297/1612617030683Q87H5_JPEG/review-attachment-19ca8ceb-bf30-4587-917c-206c591be48a.jpeg?type=f300_300,gloo****,20.07.10.
14,4,기사님이 오셔서 뚝딱뚝딱 만들어주시고 가셨어요 배송이 좀 걸리긴 했지만 튼튼하고 만족합니다,https://phinf.pstatic.net/checkout.phinf/20210109_70/16101906551308Ew4b_JPEG/review-attachment-ae096340-30e9-476c-9c65-a06dae905b7b.jpeg?type=f300_300,kys0****,20.06.06.
15,5,"배송은 4.4.(토) 주문해서 4.20.(월)에 받았어요.
마감이 좋지는 않으나 쓰는데 문제는 없어요
거울이 움직이고 수납공간이 되는건 좋은데 덜컹덜컹 소리가 좀 납니다
여기가 비슷한 구조의 화장대 중 제일 싸서 주문했는데 배송 & 마감 & 소리 문제 때문에 별 하나 뺐어요",https://phinf.pstatic.net/checkout.phinf/20210217_152/1613548771381kgxE0_JPEG/review-attachment-ec0bf13f-127c-4807-b7ff-215e61e38608.jpeg?type=f300_300,sksm****,20.04.25.
16,4,"진짜 최악 입니다 이딴거 돈주고 산거 정말 아까워요  상담 여직원은 얼마나 싸가지가 없는지  장사 왜 그따위로 하는건지  모르겟네요 언제 오냐는 답변엔 그냥 쌩까고 저나 햇더니 사가지 하고는 ..ㅉㅉ 
물건 그냥 싼티작렬에 남이 쓰던거 중고 가구 받은거 마냥 스크래치에 얼룩에 장난아닙니다  직원 관리 부터 제대로 좀 고객 응대를 뭣같이 생각하니 ㅉㅉ 배송업체기사도 불친절에 진짜 이딴곳에서 구매한 내가 바보",https://phinf.pstatic.net/checkout.phinf/20210201_256/1612158639663gWLlS_JPEG/review-attachment-6c3ab54c-ce94-48de-bc96-ddea7c5677c9.jpeg?type=f300_300,jung****,20.05.16.
17,5,"마감이 2% 부족한거같지만
주변에서 다들 이쁘다고 했어요 잘쓸게요",https://phinf.pstatic.net/checkout.phinf/20210309_10/16152439300846KTnU_JPEG/review-attachment-648bac49-8976-40ff-8778-004367ea27a9.jpeg?type=f300_300,shel****,20.05.15.
18,5,친절한설치기사분 만족합니다,https://phinf.pstatic.net/checkout.phinf/20210323_223/1616458526071AaqWQ_JPEG/review-attachment-b01b5078-701c-445a-995a-a65075ce3b75.jpeg?type=f300_300,pipi****,20.04.17.
19,4,약하지만 조심해서 사용한다면 좋아요,https://phinf.pstatic.net/checkout.phinf/20210302_101/1614654860303pmVPk_JPEG/review-attachment-e88d5520-b325-4620-b560-31182671b8a5.jpeg?type=f300_300,sms5****,20.05.05.
20,5,친절한 기사님께서 깔끔하게 설치해주셨어요! 거울도 크고 수납 공간이 넉넉해서 실용적이에요. 특히 모서리 부분이 뾰족하지 않아서 좋아요.^^,https://phinf.pstatic.net/checkout.phinf/20210309_10/16152439300846KTnU_JPEG/review-attachment-648bac49-8976-40ff-8778-004367ea27a9.jpeg?type=f300_300,euna****,21.01.27.
21,5,"배송이 엄청늦게왔습니다 열흘이되어도 연락이안되서 전화해서 물었더니 출고가 늦어진다는답변 받았구요
배송기사아저씨는 친절하셨습니다.
제품은 화면보다 색이 밝네요 거울이 화장대를 건들때마다 덜컹거립니다 금액대비 좋은느낌은 아닙니다. 마감이 거친부분이 있습니다",https://phinf.pstatic.net/checkout.phinf/20210323_223/1616458526071AaqWQ_JPEG/review-attachment-b01b5078-701c-445a-995a-a65075ce3b75.jpeg?type=f300_300,kime****,21.02.01.
22,5,생각보다 더 이뻐요 배송도 잘해주시고 조립도 잘해주시고 이뻐요ㅎㅎ,https://phinf.pstatic.net/checkout.phinf/20210302_101/1614654860303pmVPk_JPEG/review-attachment-e88d5520-b325-4620-b560-31182671b8a5.jpeg?type=f300_300,qute****,21.01.19.
23,5,그럭저럭 괜찮아요..,https://phinf.pstatic.net/checkout.phinf/20210320_238/161625127633752fXi_JPEG/review-attachment-8d547555-b09e-42f7-8133-62b96c0fd4e8.jpeg?type=f300_300,wmrs****,21.01.28.
24,5,배송늦는다햇는데 생각보다빨리왓어요,https://phinf.pstatic.net/checkout.phinf/20210317_79/1615991623938LP6Tt_JPEG/review-attachment-4f0fb223-188a-4857-966b-cca642e40fa5.jpeg?type=f300_300,aouo****,20.12.31.
25,3,저렴하게잘썻어요 호,https://phinf.pstatic.net/checkout.phinf/20210326_128/1616734837348fnCTR_JPEG/review-attachment-38d39966-f7f3-4a7f-8b9b-c6dd145fbdee.jpeg?type=f300_300,kero****,21.01.09.
26,5,저렴한 가격대비 만족도가 높네요,https://phinf.pstatic.net/checkout.phinf/20210326_90/1616725765589EluUh_JPEG/review-attachment-3ce5a608-3e5c-41f3-b53e-932b43874a21.jpeg?type=f300_300,juil****,20.12.13.
27,5,이쁘고 조립도 깔끔하게 해주셔서 감솨^^!,https://phinf.pstatic.net/checkout.phinf/20210311_181/16153908219153d6MN_JPEG/review-attachment-2a742365-113f-4473-96e2-33e6626a2576.jpeg?type=f300_300,sun1****,20.11.07.
28,5,너무 좋아요 친절하시고,https://phinf.pstatic.net/checkout.phinf/20210118_182/1610896999532lT0GN_JPEG/review-attachment-ebb210c9-c2f4-49b0-b059-64204ec41bd2.jpeg?type=f300_300,me33****,20.11.07.
29,5,배송이 좀 느리네요,https://phinf.pstatic.net/image.nmv/shopnbuyer_2021_01_11_0/f1f667ae-53b7-11eb-9ca7-48df379ccacc_03.jpg?type=ffn300_300,kero****,20.11.27.
30,5,지정일 배송이 안되는게 아쉽네요 ㅠㅠ 이삿날 받고싶었은데 조립은 저희몫으로....,https://phinf.pstatic.net/checkout.phinf/20210303_251/1614745157783pfCAY_JPEG/review-attachment-88681ab3-ca32-4489-ad2d-95dc212587fa.jpeg?type=f300_300,saux****,20.10.06.
31,5,"완전 만족해요~~가성비 갑입니다~^^
의자는 따로 구해했는데 웬만하면 어울릴듯~~",https://phinf.pstatic.net/checkout.phinf/20210311_76/1615390281821YudiK_JPEG/review-attachment-b464f07f-2e49-4620-8ac3-a967ee217cf4.jpeg?type=f300_300,srk7****,20.10.01.
32,5,"배송 한달가까이
의자부서진채로 배송 
또 기다림 
서랍열도닫을때 거울 많이 떨리지만 뭐 쓸만함",https://phinf.pstatic.net/image.nmv/shopnbuyer_2021_01_04_0/5e8e494f-4e77-11eb-a803-a0369ff94ec8_03.jpg?type=ffn300_300,youl****,20.10.10.
33,3,"사진과 똑같이 예뻐요!
거울도 부드럽게 잘 올라가고
스툴에도 수납공간이 있어서
수납공간도 이정도면 넉넉하구요.
스툴이 생각했던것보다 묵직하네요.
엄청 고민하면서 샀는데
만족스럽습니다. ^^",https://phinf.pstatic.net/checkout.phinf/20210206_297/1612617030683Q87H5_JPEG/review-attachment-19ca8ceb-bf30-4587-917c-206c591be48a.jpeg?type=f300_300,gloo****,20.07.10.
34,4,기사님이 오셔서 뚝딱뚝딱 만들어주시고 가셨어요 배송이 좀 걸리긴 했지만 튼튼하고 만족합니다,https://phinf.pstatic.net/checkout.phinf/20210109_70/16101906551308Ew4b_JPEG/review-attachment-ae096340-30e9-476c-9c65-a06dae905b7b.jpeg?type=f300_300,kys0****,20.06.06.
35,5,"배송은 4.4.(토) 주문해서 4.20.(월)에 받았어요.
마감이 좋지는 않으나 쓰는데 문제는 없어요
거울이 움직이고 수납공간이 되는건 좋은데 덜컹덜컹 소리가 좀 납니다
여기가 비슷한 구조의 화장대 중 제일 싸서 주문했는데 배송 & 마감 & 소리 문제 때문에 별 하나 뺐어요",https://phinf.pstatic.net/checkout.phinf/20210217_152/1613548771381kgxE0_JPEG/review-attachment-ec0bf13f-127c-4807-b7ff-215e61e38608.jpeg?type=f300_300,sksm****,20.04.25.
36,4,"진짜 최악 입니다 이딴거 돈주고 산거 정말 아까워요  상담 여직원은 얼마나 싸가지가 없는지  장사 왜 그따위로 하는건지  모르겟네요 언제 오냐는 답변엔 그냥 쌩까고 저나 햇더니 사가지 하고는 ..ㅉㅉ 
물건 그냥 싼티작렬에 남이 쓰던거 중고 가구 받은거 마냥 스크래치에 얼룩에 장난아닙니다  직원 관리 부터 제대로 좀 고객 응대를 뭣같이 생각하니 ㅉㅉ 배송업체기사도 불친절에 진짜 이딴곳에서 구매한 내가 바보",https://phinf.pstatic.net/checkout.phinf/20210201_256/1612158639663gWLlS_JPEG/review-attachment-6c3ab54c-ce94-48de-bc96-ddea7c5677c9.jpeg?type=f300_300,jung****,20.05.16.
37,5,"마감이 2% 부족한거같지만
주변에서 다들 이쁘다고 했어요 잘쓸게요",https://phinf.pstatic.net/checkout.phinf/20210309_10/16152439300846KTnU_JPEG/review-attachment-648bac49-8976-40ff-8778-004367ea27a9.jpeg?type=f300_300,shel****,20.05.15.
38,5,친절한설치기사분 만족합니다,https://phinf.pstatic.net/checkout.phinf/20210323_223/1616458526071AaqWQ_JPEG/review-attachment-b01b5078-701c-445a-995a-a65075ce3b75.jpeg?type=f300_300,pipi****,20.04.17.
39,4,약하지만 조심해서 사용한다면 좋아요,https://phinf.pstatic.net/checkout.phinf/20210302_101/1614654860303pmVPk_JPEG/review-attachment-e88d5520-b325-4620-b560-31182671b8a5.jpeg?type=f300_300,sms5****,20.05.05.
