﻿,star,review,reviewImage,customerId,reviewDate
0,4,제가 전신거울을 처음사봐서 사이즈감을 몰랐어요. 집이 작은 원룸이라서 거울 들어오고 조금 난감했어요. 고민하고 집 구조를 확 바꿨어요. 덕분에 집은 더 이뻐지긴했어요 ㅎㅎ 다들 사이즈 꼭 체크하세요 ㅋㅋㅋ그리구 무게감이 있어서 안정적이긴한데 옮기기는 좀 힘들었어요!,https://phinf.pstatic.net/checkout.phinf/20210309_10/16152439300846KTnU_JPEG/review-attachment-648bac49-8976-40ff-8778-004367ea27a9.jpeg?type=f300_300,hyei****,21.03.06.
1,5,"완전무거워요
걸려고샀는데,,
세워뒀어요
튼튼해보여요
비싸다생각했는데
묵직해서그런가봐여",https://phinf.pstatic.net/checkout.phinf/20210323_223/1616458526071AaqWQ_JPEG/review-attachment-b01b5078-701c-445a-995a-a65075ce3b75.jpeg?type=f300_300,yemm****,21.03.26.
2,5,사이즈도 크고 디자인도 깔끔해요,https://phinf.pstatic.net/checkout.phinf/20210302_101/1614654860303pmVPk_JPEG/review-attachment-e88d5520-b325-4620-b560-31182671b8a5.jpeg?type=f300_300,mou0****,21.03.25.
3,5,일그러지는 부분 없이 잘 나와요 뒷판만 봐도 툰튼한게 느껴짐,https://phinf.pstatic.net/checkout.phinf/20210320_238/161625127633752fXi_JPEG/review-attachment-8d547555-b09e-42f7-8133-62b96c0fd4e8.jpeg?type=f300_300,loj1****,21.03.16.
4,4,배송은 너무 늦었지만 깔끔하고 예뻐요,https://phinf.pstatic.net/checkout.phinf/20210317_79/1615991623938LP6Tt_JPEG/review-attachment-4f0fb223-188a-4857-966b-cca642e40fa5.jpeg?type=f300_300,pall****,21.03.10.
5,5,튼튼해보이고 만족합니다,https://phinf.pstatic.net/checkout.phinf/20210326_128/1616734837348fnCTR_JPEG/review-attachment-38d39966-f7f3-4a7f-8b9b-c6dd145fbdee.jpeg?type=f300_300,zlaq****,21.03.27.
6,5,생각보다 배송 빠르네요 저희 집 벽에 걸었습니다,https://phinf.pstatic.net/checkout.phinf/20210326_90/1616725765589EluUh_JPEG/review-attachment-3ce5a608-3e5c-41f3-b53e-932b43874a21.jpeg?type=f300_300,ceru****,21.02.24.
7,5,왜곡현상없고 세워서 써도 튼튼하고 맘에 들어요,https://phinf.pstatic.net/checkout.phinf/20210311_181/16153908219153d6MN_JPEG/review-attachment-2a742365-113f-4473-96e2-33e6626a2576.jpeg?type=f300_300,kjye****,21.02.25.
8,4,화면과 같이 심플하고 좋아요 ^^,https://phinf.pstatic.net/checkout.phinf/20210118_182/1610896999532lT0GN_JPEG/review-attachment-ebb210c9-c2f4-49b0-b059-64204ec41bd2.jpeg?type=f300_300,sh5s****,21.03.01.
9,5,기대이상으로 튼튼하고 질이좋습니다 제품 안내부터배송 기사님도 친절하셨구요 아직 짐정리 중이라 깨끗한사진이 없지만 컬러감만 보세요 전신거울 정말 좋습니다 대만족 ^^,https://phinf.pstatic.net/image.nmv/shopnbuyer_2021_01_11_0/f1f667ae-53b7-11eb-9ca7-48df379ccacc_03.jpg?type=ffn300_300,leol****,21.01.27.
10,4,배송은 주말 제외 4일 걸렸고 배송기사님이 친절하게 잘 배송해주셨어요. 홈트할 때 보려고 구매했는데 앉아서 하는 자세와 서서하는 자세를 다 보려면 더 큰 사이즈가 좋을 것 같지만 깔끔한 디자인에 평소에도 잘 쓸 것 같아요,https://phinf.pstatic.net/checkout.phinf/20210303_251/1614745157783pfCAY_JPEG/review-attachment-88681ab3-ca32-4489-ad2d-95dc212587fa.jpeg?type=f300_300,fogs****,21.01.31.
11,5,"튼튼하고 좋은데, 그만큼 무거워요!",https://phinf.pstatic.net/checkout.phinf/20210311_76/1615390281821YudiK_JPEG/review-attachment-b464f07f-2e49-4620-8ac3-a967ee217cf4.jpeg?type=f300_300,br16****,21.03.16.
12,5,인테리어 하면서 신발장앞에  달았어요 거울 날씬해보이고 진짜 예쁘게 보여요 왕추천해요~,https://phinf.pstatic.net/image.nmv/shopnbuyer_2021_01_04_0/5e8e494f-4e77-11eb-a803-a0369ff94ec8_03.jpg?type=ffn300_300,hone****,21.03.02.
13,5,조카 선물로 사줬는데 거울앞에만 있데요ㅋ,https://phinf.pstatic.net/checkout.phinf/20210206_297/1612617030683Q87H5_JPEG/review-attachment-19ca8ceb-bf30-4587-917c-206c591be48a.jpeg?type=f300_300,yppi****,21.02.18.
14,5,거울이 큼직해서 좋습니다 !! 왜곡도 없고 안정감있어요,https://phinf.pstatic.net/checkout.phinf/20210109_70/16101906551308Ew4b_JPEG/review-attachment-ae096340-30e9-476c-9c65-a06dae905b7b.jpeg?type=f300_300,subi****,21.01.28.
15,4,진짜진짜 마음에 듭니다👍👍,https://phinf.pstatic.net/checkout.phinf/20210217_152/1613548771381kgxE0_JPEG/review-attachment-ec0bf13f-127c-4807-b7ff-215e61e38608.jpeg?type=f300_300,best****,21.03.11.
16,5,배송이 빨랐고 거울도 튼튼하고 좋네요,https://phinf.pstatic.net/checkout.phinf/20210201_256/1612158639663gWLlS_JPEG/review-attachment-6c3ab54c-ce94-48de-bc96-ddea7c5677c9.jpeg?type=f300_300,love****,21.03.01.
17,5,배송도 빠르고 거울도 마음에 들어오,https://phinf.pstatic.net/checkout.phinf/20210309_10/16152439300846KTnU_JPEG/review-attachment-648bac49-8976-40ff-8778-004367ea27a9.jpeg?type=f300_300,shm0****,21.01.22.
18,5,보통 전신거울보다 커서 보기 좋아요,https://phinf.pstatic.net/checkout.phinf/20210323_223/1616458526071AaqWQ_JPEG/review-attachment-b01b5078-701c-445a-995a-a65075ce3b75.jpeg?type=f300_300,yppi****,21.01.18.
19,5,이 무거운 걸 친절하게 배송해주셔서 기분이 좋았습니다. 제품도 매우 견고하고 좋습니다.,https://phinf.pstatic.net/checkout.phinf/20210302_101/1614654860303pmVPk_JPEG/review-attachment-e88d5520-b325-4620-b560-31182671b8a5.jpeg?type=f300_300,plan****,21.01.08.
20,4,제가 전신거울을 처음사봐서 사이즈감을 몰랐어요. 집이 작은 원룸이라서 거울 들어오고 조금 난감했어요. 고민하고 집 구조를 확 바꿨어요. 덕분에 집은 더 이뻐지긴했어요 ㅎㅎ 다들 사이즈 꼭 체크하세요 ㅋㅋㅋ그리구 무게감이 있어서 안정적이긴한데 옮기기는 좀 힘들었어요!,https://phinf.pstatic.net/checkout.phinf/20210309_10/16152439300846KTnU_JPEG/review-attachment-648bac49-8976-40ff-8778-004367ea27a9.jpeg?type=f300_300,hyei****,21.03.06.
21,5,"완전무거워요
걸려고샀는데,,
세워뒀어요
튼튼해보여요
비싸다생각했는데
묵직해서그런가봐여",https://phinf.pstatic.net/checkout.phinf/20210323_223/1616458526071AaqWQ_JPEG/review-attachment-b01b5078-701c-445a-995a-a65075ce3b75.jpeg?type=f300_300,yemm****,21.03.26.
22,5,사이즈도 크고 디자인도 깔끔해요,https://phinf.pstatic.net/checkout.phinf/20210302_101/1614654860303pmVPk_JPEG/review-attachment-e88d5520-b325-4620-b560-31182671b8a5.jpeg?type=f300_300,mou0****,21.03.25.
23,5,일그러지는 부분 없이 잘 나와요 뒷판만 봐도 툰튼한게 느껴짐,https://phinf.pstatic.net/checkout.phinf/20210320_238/161625127633752fXi_JPEG/review-attachment-8d547555-b09e-42f7-8133-62b96c0fd4e8.jpeg?type=f300_300,loj1****,21.03.16.
24,4,배송은 너무 늦었지만 깔끔하고 예뻐요,https://phinf.pstatic.net/checkout.phinf/20210317_79/1615991623938LP6Tt_JPEG/review-attachment-4f0fb223-188a-4857-966b-cca642e40fa5.jpeg?type=f300_300,pall****,21.03.10.
25,5,튼튼해보이고 만족합니다,https://phinf.pstatic.net/checkout.phinf/20210326_128/1616734837348fnCTR_JPEG/review-attachment-38d39966-f7f3-4a7f-8b9b-c6dd145fbdee.jpeg?type=f300_300,zlaq****,21.03.27.
26,5,생각보다 배송 빠르네요 저희 집 벽에 걸었습니다,https://phinf.pstatic.net/checkout.phinf/20210326_90/1616725765589EluUh_JPEG/review-attachment-3ce5a608-3e5c-41f3-b53e-932b43874a21.jpeg?type=f300_300,ceru****,21.02.24.
27,5,왜곡현상없고 세워서 써도 튼튼하고 맘에 들어요,https://phinf.pstatic.net/checkout.phinf/20210311_181/16153908219153d6MN_JPEG/review-attachment-2a742365-113f-4473-96e2-33e6626a2576.jpeg?type=f300_300,kjye****,21.02.25.
28,4,화면과 같이 심플하고 좋아요 ^^,https://phinf.pstatic.net/checkout.phinf/20210118_182/1610896999532lT0GN_JPEG/review-attachment-ebb210c9-c2f4-49b0-b059-64204ec41bd2.jpeg?type=f300_300,sh5s****,21.03.01.
29,5,기대이상으로 튼튼하고 질이좋습니다 제품 안내부터배송 기사님도 친절하셨구요 아직 짐정리 중이라 깨끗한사진이 없지만 컬러감만 보세요 전신거울 정말 좋습니다 대만족 ^^,https://phinf.pstatic.net/image.nmv/shopnbuyer_2021_01_11_0/f1f667ae-53b7-11eb-9ca7-48df379ccacc_03.jpg?type=ffn300_300,leol****,21.01.27.
30,4,배송은 주말 제외 4일 걸렸고 배송기사님이 친절하게 잘 배송해주셨어요. 홈트할 때 보려고 구매했는데 앉아서 하는 자세와 서서하는 자세를 다 보려면 더 큰 사이즈가 좋을 것 같지만 깔끔한 디자인에 평소에도 잘 쓸 것 같아요,https://phinf.pstatic.net/checkout.phinf/20210303_251/1614745157783pfCAY_JPEG/review-attachment-88681ab3-ca32-4489-ad2d-95dc212587fa.jpeg?type=f300_300,fogs****,21.01.31.
31,5,"튼튼하고 좋은데, 그만큼 무거워요!",https://phinf.pstatic.net/checkout.phinf/20210311_76/1615390281821YudiK_JPEG/review-attachment-b464f07f-2e49-4620-8ac3-a967ee217cf4.jpeg?type=f300_300,br16****,21.03.16.
32,5,인테리어 하면서 신발장앞에  달았어요 거울 날씬해보이고 진짜 예쁘게 보여요 왕추천해요~,https://phinf.pstatic.net/image.nmv/shopnbuyer_2021_01_04_0/5e8e494f-4e77-11eb-a803-a0369ff94ec8_03.jpg?type=ffn300_300,hone****,21.03.02.
33,5,조카 선물로 사줬는데 거울앞에만 있데요ㅋ,https://phinf.pstatic.net/checkout.phinf/20210206_297/1612617030683Q87H5_JPEG/review-attachment-19ca8ceb-bf30-4587-917c-206c591be48a.jpeg?type=f300_300,yppi****,21.02.18.
34,5,거울이 큼직해서 좋습니다 !! 왜곡도 없고 안정감있어요,https://phinf.pstatic.net/checkout.phinf/20210109_70/16101906551308Ew4b_JPEG/review-attachment-ae096340-30e9-476c-9c65-a06dae905b7b.jpeg?type=f300_300,subi****,21.01.28.
35,4,진짜진짜 마음에 듭니다👍👍,https://phinf.pstatic.net/checkout.phinf/20210217_152/1613548771381kgxE0_JPEG/review-attachment-ec0bf13f-127c-4807-b7ff-215e61e38608.jpeg?type=f300_300,best****,21.03.11.
36,5,배송이 빨랐고 거울도 튼튼하고 좋네요,https://phinf.pstatic.net/checkout.phinf/20210201_256/1612158639663gWLlS_JPEG/review-attachment-6c3ab54c-ce94-48de-bc96-ddea7c5677c9.jpeg?type=f300_300,love****,21.03.01.
37,5,배송도 빠르고 거울도 마음에 들어오,https://phinf.pstatic.net/checkout.phinf/20210309_10/16152439300846KTnU_JPEG/review-attachment-648bac49-8976-40ff-8778-004367ea27a9.jpeg?type=f300_300,shm0****,21.01.22.
38,5,보통 전신거울보다 커서 보기 좋아요,https://phinf.pstatic.net/checkout.phinf/20210323_223/1616458526071AaqWQ_JPEG/review-attachment-b01b5078-701c-445a-995a-a65075ce3b75.jpeg?type=f300_300,yppi****,21.01.18.
39,5,이 무거운 걸 친절하게 배송해주셔서 기분이 좋았습니다. 제품도 매우 견고하고 좋습니다.,https://phinf.pstatic.net/checkout.phinf/20210302_101/1614654860303pmVPk_JPEG/review-attachment-e88d5520-b325-4620-b560-31182671b8a5.jpeg?type=f300_300,plan****,21.01.08.
40,4,와이드라 속시원히 다 보입니다,https://phinf.pstatic.net/checkout.phinf/20210309_10/16152439300846KTnU_JPEG/review-attachment-648bac49-8976-40ff-8778-004367ea27a9.jpeg?type=f300_300,chan****,21.02.03.
41,5,더 저렴한곳도 있었지만 배송비를 더하면 더비싸거나 비슷해서 여기서 구매했어요. 마감도 잘되어있고 튼튼한거같아요. 마음에 들어요.,https://phinf.pstatic.net/checkout.phinf/20210323_223/1616458526071AaqWQ_JPEG/review-attachment-b01b5078-701c-445a-995a-a65075ce3b75.jpeg?type=f300_300,quoi****,21.01.11.
42,5,"전에 쓰던 거울이 전신거울임에도 작았거든요.. 
길이가 좀 길고 환하게 보이는 거울을 찾던중에
디자인도 심플하고 크기도 적당한 두닷 거울을 발견해서 구매했습니다. 받아보니 만족스러워요~ 

키 170인 제가 쓰기에 좋아요~ 시원하게 잘 보입니다^^ 좀 날씬하게도 보이구요~ 배송은 4-5일 걸렸나봐요~ 추천합니다!",https://phinf.pstatic.net/checkout.phinf/20210302_101/1614654860303pmVPk_JPEG/review-attachment-e88d5520-b325-4620-b560-31182671b8a5.jpeg?type=f300_300,mirr****,20.12.06.
43,5,아주 이쁩니다 무게도 너무 무겁지 않아서 좋아요 강추합니다,https://phinf.pstatic.net/checkout.phinf/20210320_238/161625127633752fXi_JPEG/review-attachment-8d547555-b09e-42f7-8133-62b96c0fd4e8.jpeg?type=f300_300,11ak****,21.01.12.
44,5,생각보다 크고 튼튼해요~^^ 이런  제품이라면  믿고 구입할 수있을것같아요,https://phinf.pstatic.net/checkout.phinf/20210317_79/1615991623938LP6Tt_JPEG/review-attachment-4f0fb223-188a-4857-966b-cca642e40fa5.jpeg?type=f300_300,lian****,21.01.06.
45,5,깔끔하고 예뻐요. 비스듬히 세워 놔도 안정감있게 있네요,https://phinf.pstatic.net/checkout.phinf/20210326_128/1616734837348fnCTR_JPEG/review-attachment-38d39966-f7f3-4a7f-8b9b-c6dd145fbdee.jpeg?type=f300_300,hanu****,21.01.03.
46,5,배송도 빠르고 제품상태도 좋아요~~,https://phinf.pstatic.net/checkout.phinf/20210326_90/1616725765589EluUh_JPEG/review-attachment-3ce5a608-3e5c-41f3-b53e-932b43874a21.jpeg?type=f300_300,aceg****,21.01.11.
47,5,깔끔하고 사이즈도 딱 적당하고 좋와요 ~,https://phinf.pstatic.net/checkout.phinf/20210311_181/16153908219153d6MN_JPEG/review-attachment-2a742365-113f-4473-96e2-33e6626a2576.jpeg?type=f300_300,jenn****,21.01.07.
48,5,깔끔하고 가격도 저렴하고 사이즈도 딱 맞춤해요~~,https://phinf.pstatic.net/checkout.phinf/20210118_182/1610896999532lT0GN_JPEG/review-attachment-ebb210c9-c2f4-49b0-b059-64204ec41bd2.jpeg?type=f300_300,jenn****,20.12.09.
49,5,"와이드가 뭔지 알게 해주었어요
거울에 온 방 안이 다 보이는 느낌ㅎㅎ
깔끔하고 좋습니다",https://phinf.pstatic.net/image.nmv/shopnbuyer_2021_01_11_0/f1f667ae-53b7-11eb-9ca7-48df379ccacc_03.jpg?type=ffn300_300,saso****,20.11.15.
50,4,거울이 크고 좋아요. 테두리 마감이 좀 아쉬워요,https://phinf.pstatic.net/checkout.phinf/20210303_251/1614745157783pfCAY_JPEG/review-attachment-88681ab3-ca32-4489-ad2d-95dc212587fa.jpeg?type=f300_300,hoor****,20.11.20.
51,5,배송은 일주일이상 걸렸지만 꼼꼼하게 포장해서 배송되었어여,https://phinf.pstatic.net/checkout.phinf/20210311_76/1615390281821YudiK_JPEG/review-attachment-b464f07f-2e49-4620-8ac3-a967ee217cf4.jpeg?type=f300_300,esca****,20.12.06.
52,5,좋아요 전신거울 있으니까 방이 더 넓어보이네요,https://phinf.pstatic.net/image.nmv/shopnbuyer_2021_01_04_0/5e8e494f-4e77-11eb-a803-a0369ff94ec8_03.jpg?type=ffn300_300,bjky****,20.11.10.
53,5,미끄럼 방지 패드가 있었으면 더 좋았겠짐만..그래도 만족해요,https://phinf.pstatic.net/checkout.phinf/20210206_297/1612617030683Q87H5_JPEG/review-attachment-19ca8ceb-bf30-4587-917c-206c591be48a.jpeg?type=f300_300,aiu1****,20.11.07.
54,5,"직접 박스까지 뜯고 거울이 깨졌는지 확인하고 배송해 주셔서 감사합니다.
저렴한 가격에 굿 퀄리티 짱입니다.",https://phinf.pstatic.net/checkout.phinf/20210109_70/16101906551308Ew4b_JPEG/review-attachment-ae096340-30e9-476c-9c65-a06dae905b7b.jpeg?type=f300_300,0226****,20.10.20.
55,5,거울 크기가 커서 시원시원하고 좋네요. 색상도 사진과 같구요. 저렴하게 잘 구입했씁니다.,https://phinf.pstatic.net/checkout.phinf/20210217_152/1613548771381kgxE0_JPEG/review-attachment-ec0bf13f-127c-4807-b7ff-215e61e38608.jpeg?type=f300_300,whit****,20.11.10.
56,5,네 좋아요 잘쓰고 있어요,https://phinf.pstatic.net/checkout.phinf/20210201_256/1612158639663gWLlS_JPEG/review-attachment-6c3ab54c-ce94-48de-bc96-ddea7c5677c9.jpeg?type=f300_300,gong****,20.11.22.
57,4,좋아요이뻐여!!배송도잘왓습니당,https://phinf.pstatic.net/checkout.phinf/20210309_10/16152439300846KTnU_JPEG/review-attachment-648bac49-8976-40ff-8778-004367ea27a9.jpeg?type=f300_300,you9****,20.10.25.
58,5,"커서 잘 사용하고 있고 색상도 이뻐요 
무거워요",https://phinf.pstatic.net/checkout.phinf/20210323_223/1616458526071AaqWQ_JPEG/review-attachment-b01b5078-701c-445a-995a-a65075ce3b75.jpeg?type=f300_300,grac****,20.11.12.
59,5,몇년간 잘써서 가족에게 사줬어요 :),https://phinf.pstatic.net/checkout.phinf/20210302_101/1614654860303pmVPk_JPEG/review-attachment-e88d5520-b325-4620-b560-31182671b8a5.jpeg?type=f300_300,hhh_****,20.10.26.
60,4,거울이 견고하고 튼튼하네요. 왜곡 없이 깨끗해요:),https://phinf.pstatic.net/checkout.phinf/20210309_10/16152439300846KTnU_JPEG/review-attachment-648bac49-8976-40ff-8778-004367ea27a9.jpeg?type=f300_300,dayd****,20.10.16.
61,5,"원하는 날짜에 배송해주셔서 좋았어요.
사이즈는 아주 넉넉하구요.
세워둘때 수평이 약간 안맞긴하네요.",https://phinf.pstatic.net/checkout.phinf/20210323_223/1616458526071AaqWQ_JPEG/review-attachment-b01b5078-701c-445a-995a-a65075ce3b75.jpeg?type=f300_300,e_di****,20.10.28.
62,5,와이드거울 딱 이내요~,https://phinf.pstatic.net/checkout.phinf/20210302_101/1614654860303pmVPk_JPEG/review-attachment-e88d5520-b325-4620-b560-31182671b8a5.jpeg?type=f300_300,chan****,20.11.11.
63,5,두개째 구입해요 적당한 크기 묵직함 왜곡없는 거울,https://phinf.pstatic.net/checkout.phinf/20210320_238/161625127633752fXi_JPEG/review-attachment-8d547555-b09e-42f7-8133-62b96c0fd4e8.jpeg?type=f300_300,yawo****,20.10.20.
64,5,날씬해보이고 제품도 깔끔하네요.,https://phinf.pstatic.net/checkout.phinf/20210317_79/1615991623938LP6Tt_JPEG/review-attachment-4f0fb223-188a-4857-966b-cca642e40fa5.jpeg?type=f300_300,oki7****,20.10.24.
65,5,맘에 들어요 잘 구매했네요,https://phinf.pstatic.net/checkout.phinf/20210326_128/1616734837348fnCTR_JPEG/review-attachment-38d39966-f7f3-4a7f-8b9b-c6dd145fbdee.jpeg?type=f300_300,cham****,20.09.29.
66,5,크기가 커서 시원해보이고 좋네요,https://phinf.pstatic.net/checkout.phinf/20210326_90/1616725765589EluUh_JPEG/review-attachment-3ce5a608-3e5c-41f3-b53e-932b43874a21.jpeg?type=f300_300,mask****,20.10.16.
67,5,크기 가격 디자인 다괜춘,https://phinf.pstatic.net/checkout.phinf/20210311_181/16153908219153d6MN_JPEG/review-attachment-2a742365-113f-4473-96e2-33e6626a2576.jpeg?type=f300_300,lobe****,20.10.14.
68,5,좋아요~~ 좋아요 좋아요~^^,https://phinf.pstatic.net/checkout.phinf/20210118_182/1610896999532lT0GN_JPEG/review-attachment-ebb210c9-c2f4-49b0-b059-64204ec41bd2.jpeg?type=f300_300,redp****,20.09.23.
69,4,"벽에 걸지 않고 기대서 사용할려고 구매했습니다.
미끄럼방지같은 실리콘 패드 2~4개만 넣어주시지
아님 추가구입할수 있게 판매하시면 더 좋을거 같아요
미끄러질까봐 불안불안하네
다이소가서 사와야지",https://phinf.pstatic.net/image.nmv/shopnbuyer_2021_01_11_0/f1f667ae-53b7-11eb-9ca7-48df379ccacc_03.jpg?type=ffn300_300,wkff****,20.08.20.
70,5,"완전 왜 이제 샀나 ㅠㅠ 싶어요 
잘 쓰고 있고 나중에 공방 수리 끝나면 하나 더 사려구요",https://phinf.pstatic.net/checkout.phinf/20210303_251/1614745157783pfCAY_JPEG/review-attachment-88681ab3-ca32-4489-ad2d-95dc212587fa.jpeg?type=f300_300,cwon****,20.09.01.
71,5,진짜 시원하게 크고 예뻐여~~~ 배송도 빨랐어옹,https://phinf.pstatic.net/checkout.phinf/20210311_76/1615390281821YudiK_JPEG/review-attachment-b464f07f-2e49-4620-8ac3-a967ee217cf4.jpeg?type=f300_300,sieu****,20.08.14.
72,4,생각한 그대루에뇽 큼직하고 키커보이구 좋네여,https://phinf.pstatic.net/image.nmv/shopnbuyer_2021_01_04_0/5e8e494f-4e77-11eb-a803-a0369ff94ec8_03.jpg?type=ffn300_300,enam****,20.08.11.
73,3,이뻐요 크고 깔끔하고 블랙으로 샀는데 진짜 심플하니 이쁩니다,https://phinf.pstatic.net/checkout.phinf/20210206_297/1612617030683Q87H5_JPEG/review-attachment-19ca8ceb-bf30-4587-917c-206c591be48a.jpeg?type=f300_300,cwon****,20.07.22.
74,5,보는것과 같이 잘 만들어졌네요,https://phinf.pstatic.net/checkout.phinf/20210109_70/16101906551308Ew4b_JPEG/review-attachment-ae096340-30e9-476c-9c65-a06dae905b7b.jpeg?type=f300_300,eodl****,20.08.04.
75,5,주문한 상품 다 마음에 들어요~~~ 컬러가 제가 원하던 그대로예요,https://phinf.pstatic.net/checkout.phinf/20210217_152/1613548771381kgxE0_JPEG/review-attachment-ec0bf13f-127c-4807-b7ff-215e61e38608.jpeg?type=f300_300,dlfo****,20.06.17.
76,5,너므너므너무 예뻐요,https://phinf.pstatic.net/checkout.phinf/20210201_256/1612158639663gWLlS_JPEG/review-attachment-6c3ab54c-ce94-48de-bc96-ddea7c5677c9.jpeg?type=f300_300,jhyo****,20.04.27.
77,5,"대박 넘 맘에들어요~^^
혹시나 파손되면 어떻하지 
걱정했는데 문앞에 잘놔두고 가셨더라구요..
이무거운걸 3층까지 안전하게 배송해주셔서 
넘 감사드려요^^ 이렇게 좋은 상품을 착한가격에 구매하게 되서 넘 햄뽁해용~~^^♡",https://phinf.pstatic.net/checkout.phinf/20210309_10/16152439300846KTnU_JPEG/review-attachment-648bac49-8976-40ff-8778-004367ea27a9.jpeg?type=f300_300,happ****,20.02.15.
78,5,많이 무거울줄알았는데 적당하고 삶의질 상승입니다,https://phinf.pstatic.net/checkout.phinf/20210323_223/1616458526071AaqWQ_JPEG/review-attachment-b01b5078-701c-445a-995a-a65075ce3b75.jpeg?type=f300_300,daju****,20.04.15.
79,5,화면과 같습니다.적당한크기이고 어느집에도 어울리는 색감입니다.깔끔합니다.무겁습니다,https://phinf.pstatic.net/checkout.phinf/20210302_101/1614654860303pmVPk_JPEG/review-attachment-e88d5520-b325-4620-b560-31182671b8a5.jpeg?type=f300_300,supe****,20.03.07.
80,4,"친구집들이선물해줬어요
너무 좋아하네요",https://phinf.pstatic.net/checkout.phinf/20210309_10/16152439300846KTnU_JPEG/review-attachment-648bac49-8976-40ff-8778-004367ea27a9.jpeg?type=f300_300,jwsl****,20.03.15.
81,5,"거울 예뻐요^^
날씬해 보여서 좋아요~
배송도 빠르고, 원하는 날짜에 받아서
더 맘에 들어요~ 두닷 믿음이 가네요~^^
강추합니다^^",https://phinf.pstatic.net/checkout.phinf/20210323_223/1616458526071AaqWQ_JPEG/review-attachment-b01b5078-701c-445a-995a-a65075ce3b75.jpeg?type=f300_300,jjan****,20.03.13.
82,5,좋아요 가성비 매우 뛰어난 전신거울!!!,https://phinf.pstatic.net/checkout.phinf/20210302_101/1614654860303pmVPk_JPEG/review-attachment-e88d5520-b325-4620-b560-31182671b8a5.jpeg?type=f300_300,afte****,20.03.19.
83,5,좋습니다 크고 좋아요,https://phinf.pstatic.net/checkout.phinf/20210320_238/161625127633752fXi_JPEG/review-attachment-8d547555-b09e-42f7-8133-62b96c0fd4e8.jpeg?type=f300_300,twin****,20.03.21.
84,5,"세워놓는게 불안하지만 너무너무 맘에들어요
구입하고 바로 할인들어가서 만오천원돈 비싸게 삿지만 그래도 이뻐서 생각안듭니다",https://phinf.pstatic.net/checkout.phinf/20210317_79/1615991623938LP6Tt_JPEG/review-attachment-4f0fb223-188a-4857-966b-cca642e40fa5.jpeg?type=f300_300,forg****,20.02.08.
85,5,"배송도 친절 정확하고
물건 말도 못하게 반듯하네요",https://phinf.pstatic.net/checkout.phinf/20210326_128/1616734837348fnCTR_JPEG/review-attachment-38d39966-f7f3-4a7f-8b9b-c6dd145fbdee.jpeg?type=f300_300,quty****,20.02.17.
86,5,저렴한 가격으로 큼지막한 거울 구매했네요~~튼튼해 보여요^^,https://phinf.pstatic.net/checkout.phinf/20210326_90/1616725765589EluUh_JPEG/review-attachment-3ce5a608-3e5c-41f3-b53e-932b43874a21.jpeg?type=f300_300,jmj8****,20.02.21.
87,5,배송도 정확히 잘오고 제품도 마음에 듭니다,https://phinf.pstatic.net/checkout.phinf/20210311_181/16153908219153d6MN_JPEG/review-attachment-2a742365-113f-4473-96e2-33e6626a2576.jpeg?type=f300_300,lucy****,20.02.19.
88,5,"사이즈 색상 우는현상(?) 없고 다 좋은데 약간 길게 보이는것 같아요 날씬해보여 기분은 좋지만, 실제 내 모습 그대로 보고싶은데... ^^;;",https://phinf.pstatic.net/checkout.phinf/20210118_182/1610896999532lT0GN_JPEG/review-attachment-ebb210c9-c2f4-49b0-b059-64204ec41bd2.jpeg?type=f300_300,ksmi****,20.01.12.
89,5,재질도 튼튼하고 다 예쁘네요,https://phinf.pstatic.net/image.nmv/shopnbuyer_2021_01_11_0/f1f667ae-53b7-11eb-9ca7-48df379ccacc_03.jpg?type=ffn300_300,qhfk****,20.01.14.
90,5,같은걸로 잘 쓰고 있다가 하나더 필요해서 주문했는데 배송도 너무 친절하게 잘 해주시고 제품도 잘 왔어요! 시중에 비슷한 제품들이 많지만 오크색감이며 거울이며 제일 나은것 같아요,https://phinf.pstatic.net/checkout.phinf/20210303_251/1614745157783pfCAY_JPEG/review-attachment-88681ab3-ca32-4489-ad2d-95dc212587fa.jpeg?type=f300_300,qhfk****,19.12.03.
91,5,2번째구매좋아오ㅡㅅ,https://phinf.pstatic.net/checkout.phinf/20210311_76/1615390281821YudiK_JPEG/review-attachment-b464f07f-2e49-4620-8ac3-a967ee217cf4.jpeg?type=f300_300,ahs0****,20.01.16.
92,4,두닷 거울 두개째 샀는데 예뻐요~~ 배송기사님도 친절하셔서 좋았습니다.,https://phinf.pstatic.net/image.nmv/shopnbuyer_2021_01_04_0/5e8e494f-4e77-11eb-a803-a0369ff94ec8_03.jpg?type=ffn300_300,dbsg****,19.11.11.
93,5,세워두고 쓰는데 맘에들어요,https://phinf.pstatic.net/checkout.phinf/20210206_297/1612617030683Q87H5_JPEG/review-attachment-19ca8ceb-bf30-4587-917c-206c591be48a.jpeg?type=f300_300,hwan****,19.10.27.
94,5,"더 클줄 알았는데 생각보다 작았어요
그래도 실제로 보니 너무나도 고급지고 이쁩니다
엄청 고그다 샀는데 맘에 쏙 들어요~!",https://phinf.pstatic.net/checkout.phinf/20210109_70/16101906551308Ew4b_JPEG/review-attachment-ae096340-30e9-476c-9c65-a06dae905b7b.jpeg?type=f300_300,enyu****,19.08.25.
95,4,좋아요~~ 크고 넓은게 딱 생각하던 그대로 에요~~,https://phinf.pstatic.net/checkout.phinf/20210217_152/1613548771381kgxE0_JPEG/review-attachment-ec0bf13f-127c-4807-b7ff-215e61e38608.jpeg?type=f300_300,taey****,19.08.15.
96,4,좋군요                                            .,https://phinf.pstatic.net/checkout.phinf/20210201_256/1612158639663gWLlS_JPEG/review-attachment-6c3ab54c-ce94-48de-bc96-ddea7c5677c9.jpeg?type=f300_300,shj3****,19.08.19.
97,5,"원하던 크기에요! 일단은 세워놓고 쓰는데, 걸어놓고 쓸 수있으니 더 좋네요!",https://phinf.pstatic.net/checkout.phinf/20210309_10/16152439300846KTnU_JPEG/review-attachment-648bac49-8976-40ff-8778-004367ea27a9.jpeg?type=f300_300,u_ti****,18.06.19.
98,3,실측사이즈 재고 사서 알고있었지만 진짜진짜 커요ㅋㅋ나무색도 이쁘고 맘에들어요,https://phinf.pstatic.net/checkout.phinf/20210323_223/1616458526071AaqWQ_JPEG/review-attachment-b01b5078-701c-445a-995a-a65075ce3b75.jpeg?type=f300_300,hore****,18.05.26.
99,4,"시원한 전신거울! 생각보다 정말 크고 넓어요. 기대했던 것보다 더 커서 당황하긴 했지만거울 볼 때마다 확 트여보여서 좋아요 ~~ 배송은 조금 느렸지만, 만족해요.",https://phinf.pstatic.net/checkout.phinf/20210302_101/1614654860303pmVPk_JPEG/review-attachment-e88d5520-b325-4620-b560-31182671b8a5.jpeg?type=f300_300,joms****,18.05.01.
