﻿,star,review,reviewImage,customerId,reviewDate
0,5,거울 너무 맘에 들어요👍👍 어떻게 관리하는지 한번더 손편지로 알려주셔서 너무 감사했습니다 오래오래 잃어버리지 않고 잘 쓰겠습니다!! 비용이 전혀 아깝지 않은 손거울이에요!! 사진 보다 실물이 훨씬 더 예뻐요 감사합니다💓,https://phinf.pstatic.net/checkout.phinf/20210309_10/16152439300846KTnU_JPEG/review-attachment-648bac49-8976-40ff-8778-004367ea27a9.jpeg?type=f300_300,jiyo****,21.03.26.
1,5,"영롱하고 예뻐요 배송도일주일 안걸려서 받았어요 그냥 투명 클리어일줄 알았는데 눈꽃결정처럼 약간 무늬가 들어있어서 실제로 받아본 제품이 더 이쁘네요 사진에서 표현이 안되서 아쉬워요 ㅎㅎ 
그리고 제 생각인데 뒷면에 글귀같은거 추가할수 있으면 더 좋을것같아요 ~ 선물하려고 두개 주문했는데 너무 만족해요 ^^b",https://phinf.pstatic.net/checkout.phinf/20210323_223/1616458526071AaqWQ_JPEG/review-attachment-b01b5078-701c-445a-995a-a65075ce3b75.jpeg?type=f300_300,dkra****,21.03.28.
2,5,조개색상같은 영롱한 색상을 원했던거였는데 다행이 원했던 색상과 근접해서 다행이에요ㅎㅎ 조금만 더 반짝거렸다면 하는 아쉬움이 조금있지만 그래도 만족해요 ㅎㅎ 아마 코팅?해서 광택감이 죽은것같아요 톡톡으로 상담도 해주시고 배송도 빨리 보내주시고 손편지도 잘받았어요~ 독특한 디자인에 선물해주고싶은 의미있는 선물이 될것같아서 만족해요 ~^^,https://phinf.pstatic.net/checkout.phinf/20210302_101/1614654860303pmVPk_JPEG/review-attachment-e88d5520-b325-4620-b560-31182671b8a5.jpeg?type=f300_300,dkra****,21.03.28.
3,5,너무 예뻐요! 투명한 유리는 비쳐서 예쁘고 불투명한 유리는 안비쳐서 예뻐요♡ 스테인드글라스 손거울 찾다가 여기가 제일 곡선이 예뻐서 2개나 주문했는데 만족합니다ㅎㅎ!,https://phinf.pstatic.net/checkout.phinf/20210320_238/161625127633752fXi_JPEG/review-attachment-8d547555-b09e-42f7-8133-62b96c0fd4e8.jpeg?type=f300_300,jwmi****,21.03.06.
4,5,사무실 책상에 놓으려고 샀는데 여성스럽게 예뻐서 기분전환이 되네요~~,https://phinf.pstatic.net/checkout.phinf/20210317_79/1615991623938LP6Tt_JPEG/review-attachment-4f0fb223-188a-4857-966b-cca642e40fa5.jpeg?type=f300_300,yp21****,21.03.27.
