﻿,star,review,reviewImage,customerId,reviewDate
0,5,"포장도 꼼꼼하고 너무 이뻐요, 손편지 내용도 감동입니당❤️",https://phinf.pstatic.net/checkout.phinf/20210309_10/16152439300846KTnU_JPEG/review-attachment-648bac49-8976-40ff-8778-004367ea27a9.jpeg?type=f300_300,wkaw****,20.03.06.
1,5,크기는 조금 작았지만 정말 예뻐요^^,https://phinf.pstatic.net/checkout.phinf/20210323_223/1616458526071AaqWQ_JPEG/review-attachment-b01b5078-701c-445a-995a-a65075ce3b75.jpeg?type=f300_300,blos****,19.03.16.
2,4,"사이즈는 알고 구매햇지만 생각보다 좀 작은듯하지만 특이하고 이뻐요
현관에 걸었어요",https://phinf.pstatic.net/checkout.phinf/20210302_101/1614654860303pmVPk_JPEG/review-attachment-e88d5520-b325-4620-b560-31182671b8a5.jpeg?type=f300_300,answ****,19.03.07.
3,5,"생각보다 빠르게 제작, 배송되었습니다. 체인 고리 중 한부분이 빠져 배송된 부분이 조금 아쉬웠습니다. 그 외 전체적 모양이나 디자인은 매우 만족스러웠습니다. ",https://phinf.pstatic.net/checkout.phinf/20210320_238/161625127633752fXi_JPEG/review-attachment-8d547555-b09e-42f7-8133-62b96c0fd4e8.jpeg?type=f300_300,td66****,18.02.18.
4,3,살짝 핑크빛이 감돌아 예쁩니다.,https://phinf.pstatic.net/checkout.phinf/20210317_79/1615991623938LP6Tt_JPEG/review-attachment-4f0fb223-188a-4857-966b-cca642e40fa5.jpeg?type=f300_300,amad****,18.02.14.
