﻿,star,review,reviewImage,customerId,reviewDate
0,4,묵직하고 대리석이 예쁘네요.로즈골드 색상도 굿이에욥.,https://phinf.pstatic.net/checkout.phinf/20210309_10/16152439300846KTnU_JPEG/review-attachment-648bac49-8976-40ff-8778-004367ea27a9.jpeg?type=f300_300,lsy7****,20.04.23.
1,4,잘쓰고있습니당~~~,https://phinf.pstatic.net/checkout.phinf/20210323_223/1616458526071AaqWQ_JPEG/review-attachment-b01b5078-701c-445a-995a-a65075ce3b75.jpeg?type=f300_300,alsl****,20.01.29.
2,5,튼튼하고 다자인도 심플하면서 이뻐요,https://phinf.pstatic.net/checkout.phinf/20210302_101/1614654860303pmVPk_JPEG/review-attachment-e88d5520-b325-4620-b560-31182671b8a5.jpeg?type=f300_300,yuju****,20.01.26.
3,4,예뻐요~~ 잘 쓰고있어요!,https://phinf.pstatic.net/checkout.phinf/20210320_238/161625127633752fXi_JPEG/review-attachment-8d547555-b09e-42f7-8133-62b96c0fd4e8.jpeg?type=f300_300,gtd6****,19.10.22.
4,4,거울이무게감이 있어서 참좋았어요. 지지대가 흔들거리지도않고 색상도너무예뻐서 화장대가 환하네용,https://phinf.pstatic.net/checkout.phinf/20210317_79/1615991623938LP6Tt_JPEG/review-attachment-4f0fb223-188a-4857-966b-cca642e40fa5.jpeg?type=f300_300,limp****,19.09.10.
5,4,마감이 좀 허술한 편이예요,https://phinf.pstatic.net/checkout.phinf/20210326_128/1616734837348fnCTR_JPEG/review-attachment-38d39966-f7f3-4a7f-8b9b-c6dd145fbdee.jpeg?type=f300_300,lyh6****,19.10.17.
6,5,"대리석 색상을 화면과 많이 다른 안이쁘고 밋밋한 걸로 줘서 좀 그랬었는데, 나름 만족하면서 쓰고 있어요.  아 그리고 밑에 나사 꽉 조이면 대리석이 세로로 되어요ㅜ가로로 해놓으면 덜렁거리고",https://phinf.pstatic.net/checkout.phinf/20210326_90/1616725765589EluUh_JPEG/review-attachment-3ce5a608-3e5c-41f3-b53e-932b43874a21.jpeg?type=f300_300,ipol****,19.09.02.
7,3,색상은 조금 더 탁해요 ㅜㅜ,https://phinf.pstatic.net/checkout.phinf/20210311_181/16153908219153d6MN_JPEG/review-attachment-2a742365-113f-4473-96e2-33e6626a2576.jpeg?type=f300_300,kgds****,19.10.16.
8,5,빠른배송에 거울 잘 받았습니다. 가격대비로 봤을때 완전 만족합니다. 잘 쓸게용:-),https://phinf.pstatic.net/checkout.phinf/20210118_182/1610896999532lT0GN_JPEG/review-attachment-ebb210c9-c2f4-49b0-b059-64204ec41bd2.jpeg?type=f300_300,ipol****,19.07.18.
