﻿,star,review,reviewImage,customerId,reviewDate
0,5,"플라스틱이어서 무척 가볍네요. 멀리서 보면 럭셔리..., 가까우면 빈티지!!!",https://phinf.pstatic.net/checkout.phinf/20210309_10/16152439300846KTnU_JPEG/review-attachment-648bac49-8976-40ff-8778-004367ea27a9.jpeg?type=f300_300,insh****,20.12.17.
1,5,너무이쁘네요 옷방에설치햇어요❤,https://phinf.pstatic.net/checkout.phinf/20210323_223/1616458526071AaqWQ_JPEG/review-attachment-b01b5078-701c-445a-995a-a65075ce3b75.jpeg?type=f300_300,l274****,20.12.02.
2,5,이쁘니   좋으네요,https://phinf.pstatic.net/checkout.phinf/20210302_101/1614654860303pmVPk_JPEG/review-attachment-e88d5520-b325-4620-b560-31182671b8a5.jpeg?type=f300_300,pkb2****,20.11.15.
3,5,예뻐요~가볍고 좋아요,https://phinf.pstatic.net/checkout.phinf/20210320_238/161625127633752fXi_JPEG/review-attachment-8d547555-b09e-42f7-8133-62b96c0fd4e8.jpeg?type=f300_300,llgy****,20.11.03.
