﻿,star,review,reviewImage,customerId,reviewDate
0,5,월넛 원목이라 고급스럽고 튼튼합니다!!,https://phinf.pstatic.net/checkout.phinf/20210309_10/16152439300846KTnU_JPEG/review-attachment-648bac49-8976-40ff-8778-004367ea27a9.jpeg?type=f300_300,shou****,20.07.17.
1,5,"흠... 사실 나무 색이 얼룩덜룩하고 진하지 않았고 등등 좀 맘에 안 드는 부분이 있었어요
근데 상담원분이 참 친절하게 응대해주시더라구요
바꿔주시는 과정도 그렇고...
암튼 서비스 부분에서 맘에 드네요
꼭 원하는 사항을 자세히 적어서 주문하세요~~",https://phinf.pstatic.net/checkout.phinf/20210323_223/1616458526071AaqWQ_JPEG/review-attachment-b01b5078-701c-445a-995a-a65075ce3b75.jpeg?type=f300_300,scar****,20.03.24.
2,5,한참 찾다 샀는데 너무 마음에 들어요 ㅎㅎ,https://phinf.pstatic.net/checkout.phinf/20210302_101/1614654860303pmVPk_JPEG/review-attachment-e88d5520-b325-4620-b560-31182671b8a5.jpeg?type=f300_300,jhm6****,19.10.30.
3,5,"한참 찾다가 마음에 들어서 구매했는데, 화면보다 더 예뻐요! 신혼 가구로 구매했는데 너무 만족스럽습니다 ㅎㅎ",https://phinf.pstatic.net/checkout.phinf/20210320_238/161625127633752fXi_JPEG/review-attachment-8d547555-b09e-42f7-8133-62b96c0fd4e8.jpeg?type=f300_300,jhm6****,19.08.18.
4,5,"최대한 붉은기없게 부탁드렸는데 딱 생각했던 색상으로 왔어요 예쁩니다!
원목 전신거울은 많지만 이렇게 어두운 나무색은 찾기 힘들었는데 검색 끝에 발견해서 구입하게 되어 기분이 좋습니다
가격 때문에 며칠을 고민하다가 결정했는데 괜한 고민이었어요 만족스러워요
다만 거울 뒤에 벽에 걸 수 있게 피스를 박아서 보내주셨는데 저는 그냥 벽에 기대어 놓을거라 금색 피스가 보이는게거슬려 그거 못 빼는데 애 좀 먹었습니다
배송 전에 피스부착 여부 물어보고 보내주셔도 될 것 같아요
다시봐도 역시 가격값 하네요 고급지고 예쁩니다!",https://phinf.pstatic.net/checkout.phinf/20210317_79/1615991623938LP6Tt_JPEG/review-attachment-4f0fb223-188a-4857-966b-cca642e40fa5.jpeg?type=f300_300,ahff****,19.06.14.
5,5,아주좋습니다 굿입니다,https://phinf.pstatic.net/checkout.phinf/20210326_128/1616734837348fnCTR_JPEG/review-attachment-38d39966-f7f3-4a7f-8b9b-c6dd145fbdee.jpeg?type=f300_300,luxu****,19.08.11.
6,5,품격있어보이는 거울이에요~~,https://phinf.pstatic.net/checkout.phinf/20210326_90/1616725765589EluUh_JPEG/review-attachment-3ce5a608-3e5c-41f3-b53e-932b43874a21.jpeg?type=f300_300,beau****,19.07.01.
