﻿,star,review,reviewImage,customerId,reviewDate
0,4,"배송은 느린 편. 배송 박스가 이쁘네요.. ㅎㅎ 
물건은 대체로 만족. led 크게 밝지 않아 더 만족. 개인 취향일듯요. 크기는 좀 많이 크네요.",https://phinf.pstatic.net/checkout.phinf/20210309_10/16152439300846KTnU_JPEG/review-attachment-648bac49-8976-40ff-8778-004367ea27a9.jpeg?type=f300_300,sora****,21.03.17.
1,5,이쁘고 좋아요.맘에 들어요,https://phinf.pstatic.net/checkout.phinf/20210323_223/1616458526071AaqWQ_JPEG/review-attachment-b01b5078-701c-445a-995a-a65075ce3b75.jpeg?type=f300_300,nerv****,21.01.15.
2,5,Led 밝기가 생각보다 어두워요. 만약 매장에서 직접 봤다면 안 샀을 밝기... 거울 자체 기능은 만족합니다,https://phinf.pstatic.net/checkout.phinf/20210302_101/1614654860303pmVPk_JPEG/review-attachment-e88d5520-b325-4620-b560-31182671b8a5.jpeg?type=f300_300,mun0****,20.04.25.
3,4,Led가 생각보다 더 약하네요 ㅠ 눈은 안 부신데 화장대 led에 빛이 묻히는 느낌입니다. 오히려 2마트 자체브랜드 led 거울이 더 나았을 것 같아요 버튼 누르는 느낌은 나쁘지 않아요.,https://phinf.pstatic.net/checkout.phinf/20210320_238/161625127633752fXi_JPEG/review-attachment-8d547555-b09e-42f7-8133-62b96c0fd4e8.jpeg?type=f300_300,mun0****,20.02.18.
4,5,충전용이 아니라서 더 맘에 들어요,https://phinf.pstatic.net/checkout.phinf/20210317_79/1615991623938LP6Tt_JPEG/review-attachment-4f0fb223-188a-4857-966b-cca642e40fa5.jpeg?type=f300_300,silv****,20.01.28.
5,3,"노안으로  고생하다가 ㅠㅠ
화장할 때 너무 좋아요",https://phinf.pstatic.net/checkout.phinf/20210326_128/1616734837348fnCTR_JPEG/review-attachment-38d39966-f7f3-4a7f-8b9b-c6dd145fbdee.jpeg?type=f300_300,egoo****,20.01.03.
6,3,"생각보다는 좀 컸구요, 건전지 AA사이즈가 4개~~
그리고 거울주위의 불이 생각보다는 덜 밝아요~
디자인이나 색상, 포장, 배송  다 만족^^",https://phinf.pstatic.net/checkout.phinf/20210326_90/1616725765589EluUh_JPEG/review-attachment-3ce5a608-3e5c-41f3-b53e-932b43874a21.jpeg?type=f300_300,sun7****,19.11.24.
7,5,디자인 깔끔하니 예뻐요,https://phinf.pstatic.net/checkout.phinf/20210311_181/16153908219153d6MN_JPEG/review-attachment-2a742365-113f-4473-96e2-33e6626a2576.jpeg?type=f300_300,sago****,19.11.26.
8,5,"좋아요
거울크기도크고딱보고주문한이케아거울",https://phinf.pstatic.net/checkout.phinf/20210118_182/1610896999532lT0GN_JPEG/review-attachment-ebb210c9-c2f4-49b0-b059-64204ec41bd2.jpeg?type=f300_300,ykjk****,19.10.13.
9,5,딸이 너무 좋아해요^^,https://phinf.pstatic.net/image.nmv/shopnbuyer_2021_01_11_0/f1f667ae-53b7-11eb-9ca7-48df379ccacc_03.jpg?type=ffn300_300,yc04****,19.06.28.
10,5,디자인 깔끔하고 사이즈도 딱이라서 화장대에 두고쓰기좋아요ㅋ화장대거울은 안보고 이거만 쓰게되네요 비슷한제품들 많이 봤었는데 기다리다가 이케아꺼 사기잘한거같아요~ 추천합니다^^ 참고로 배터리는 별도더라구요,https://phinf.pstatic.net/checkout.phinf/20210303_251/1614745157783pfCAY_JPEG/review-attachment-88681ab3-ca32-4489-ad2d-95dc212587fa.jpeg?type=f300_300,gree****,19.05.09.
11,5,모든게 다 마음에듬,https://phinf.pstatic.net/checkout.phinf/20210311_76/1615390281821YudiK_JPEG/review-attachment-b464f07f-2e49-4620-8ac3-a967ee217cf4.jpeg?type=f300_300,cycy****,19.05.20.
12,5,"화장할때 너무 좋아요~!!!
배송도 생각보다 빠르게 잘왔어요~
밝기 조절이 안되서 아쉬운거 빼고는 100점입니다.",https://phinf.pstatic.net/image.nmv/shopnbuyer_2021_01_04_0/5e8e494f-4e77-11eb-a803-a0369ff94ec8_03.jpg?type=ffn300_300,peti****,19.04.30.
13,5,옷도핏도좋구요질감이너무좋네요,https://phinf.pstatic.net/checkout.phinf/20210206_297/1612617030683Q87H5_JPEG/review-attachment-19ca8ceb-bf30-4587-917c-206c591be48a.jpeg?type=f300_300,wldl****,19.03.26.
14,5,"LED 확대거울 사려고 여기저기 엄청 뒤졌는데.. 여기 거울이~~ 똭~~~
약간 높은 감이 있지만..
여기저기 봤던 거울 중 가장 맘에 들어요~~^^",https://phinf.pstatic.net/checkout.phinf/20210109_70/16101906551308Ew4b_JPEG/review-attachment-ae096340-30e9-476c-9c65-a06dae905b7b.jpeg?type=f300_300,2661****,19.03.23.
15,5,아주모초나피나텨펴컽ㄹ라ㅏ,https://phinf.pstatic.net/checkout.phinf/20210217_152/1613548771381kgxE0_JPEG/review-attachment-ec0bf13f-127c-4807-b7ff-215e61e38608.jpeg?type=f300_300,smas****,19.03.25.
16,5,"3배거울이 화장하는데 확실히좋습니다
LED는 조금더 밝았으면하는 약간의아쉬움이 있네요",https://phinf.pstatic.net/checkout.phinf/20210201_256/1612158639663gWLlS_JPEG/review-attachment-6c3ab54c-ce94-48de-bc96-ddea7c5677c9.jpeg?type=f300_300,pcut****,19.02.25.
17,5,어정쩡한 중국산 제품보다 훨씬 더 마감 완성도가 높은 거울을 갖게 된 것 같습니다^^ 배터리 안넣고서도 쓸 만하네요,https://phinf.pstatic.net/checkout.phinf/20210309_10/16152439300846KTnU_JPEG/review-attachment-648bac49-8976-40ff-8778-004367ea27a9.jpeg?type=f300_300,fres****,19.02.15.
18,5,"얼굴을 환하개 볼 수 잇어서 화장할 때 조아요
배송 빠릅니다",https://phinf.pstatic.net/checkout.phinf/20210323_223/1616458526071AaqWQ_JPEG/review-attachment-b01b5078-701c-445a-995a-a65075ce3b75.jpeg?type=f300_300,1225****,19.01.19.
19,5,깔끔해요 근데 빛이 조금 약한듯,https://phinf.pstatic.net/checkout.phinf/20210302_101/1614654860303pmVPk_JPEG/review-attachment-e88d5520-b325-4620-b560-31182671b8a5.jpeg?type=f300_300,jklu****,19.01.12.
20,4,"배송은 느린 편. 배송 박스가 이쁘네요.. ㅎㅎ 
물건은 대체로 만족. led 크게 밝지 않아 더 만족. 개인 취향일듯요. 크기는 좀 많이 크네요.",https://phinf.pstatic.net/checkout.phinf/20210309_10/16152439300846KTnU_JPEG/review-attachment-648bac49-8976-40ff-8778-004367ea27a9.jpeg?type=f300_300,sora****,21.03.17.
21,5,이쁘고 좋아요.맘에 들어요,https://phinf.pstatic.net/checkout.phinf/20210323_223/1616458526071AaqWQ_JPEG/review-attachment-b01b5078-701c-445a-995a-a65075ce3b75.jpeg?type=f300_300,nerv****,21.01.15.
22,5,Led 밝기가 생각보다 어두워요. 만약 매장에서 직접 봤다면 안 샀을 밝기... 거울 자체 기능은 만족합니다,https://phinf.pstatic.net/checkout.phinf/20210302_101/1614654860303pmVPk_JPEG/review-attachment-e88d5520-b325-4620-b560-31182671b8a5.jpeg?type=f300_300,mun0****,20.04.25.
23,4,Led가 생각보다 더 약하네요 ㅠ 눈은 안 부신데 화장대 led에 빛이 묻히는 느낌입니다. 오히려 2마트 자체브랜드 led 거울이 더 나았을 것 같아요 버튼 누르는 느낌은 나쁘지 않아요.,https://phinf.pstatic.net/checkout.phinf/20210320_238/161625127633752fXi_JPEG/review-attachment-8d547555-b09e-42f7-8133-62b96c0fd4e8.jpeg?type=f300_300,mun0****,20.02.18.
24,5,충전용이 아니라서 더 맘에 들어요,https://phinf.pstatic.net/checkout.phinf/20210317_79/1615991623938LP6Tt_JPEG/review-attachment-4f0fb223-188a-4857-966b-cca642e40fa5.jpeg?type=f300_300,silv****,20.01.28.
25,3,"노안으로  고생하다가 ㅠㅠ
화장할 때 너무 좋아요",https://phinf.pstatic.net/checkout.phinf/20210326_128/1616734837348fnCTR_JPEG/review-attachment-38d39966-f7f3-4a7f-8b9b-c6dd145fbdee.jpeg?type=f300_300,egoo****,20.01.03.
26,3,"생각보다는 좀 컸구요, 건전지 AA사이즈가 4개~~
그리고 거울주위의 불이 생각보다는 덜 밝아요~
디자인이나 색상, 포장, 배송  다 만족^^",https://phinf.pstatic.net/checkout.phinf/20210326_90/1616725765589EluUh_JPEG/review-attachment-3ce5a608-3e5c-41f3-b53e-932b43874a21.jpeg?type=f300_300,sun7****,19.11.24.
27,5,디자인 깔끔하니 예뻐요,https://phinf.pstatic.net/checkout.phinf/20210311_181/16153908219153d6MN_JPEG/review-attachment-2a742365-113f-4473-96e2-33e6626a2576.jpeg?type=f300_300,sago****,19.11.26.
28,5,"좋아요
거울크기도크고딱보고주문한이케아거울",https://phinf.pstatic.net/checkout.phinf/20210118_182/1610896999532lT0GN_JPEG/review-attachment-ebb210c9-c2f4-49b0-b059-64204ec41bd2.jpeg?type=f300_300,ykjk****,19.10.13.
29,5,딸이 너무 좋아해요^^,https://phinf.pstatic.net/image.nmv/shopnbuyer_2021_01_11_0/f1f667ae-53b7-11eb-9ca7-48df379ccacc_03.jpg?type=ffn300_300,yc04****,19.06.28.
30,5,디자인 깔끔하고 사이즈도 딱이라서 화장대에 두고쓰기좋아요ㅋ화장대거울은 안보고 이거만 쓰게되네요 비슷한제품들 많이 봤었는데 기다리다가 이케아꺼 사기잘한거같아요~ 추천합니다^^ 참고로 배터리는 별도더라구요,https://phinf.pstatic.net/checkout.phinf/20210303_251/1614745157783pfCAY_JPEG/review-attachment-88681ab3-ca32-4489-ad2d-95dc212587fa.jpeg?type=f300_300,gree****,19.05.09.
31,5,모든게 다 마음에듬,https://phinf.pstatic.net/checkout.phinf/20210311_76/1615390281821YudiK_JPEG/review-attachment-b464f07f-2e49-4620-8ac3-a967ee217cf4.jpeg?type=f300_300,cycy****,19.05.20.
32,5,"화장할때 너무 좋아요~!!!
배송도 생각보다 빠르게 잘왔어요~
밝기 조절이 안되서 아쉬운거 빼고는 100점입니다.",https://phinf.pstatic.net/image.nmv/shopnbuyer_2021_01_04_0/5e8e494f-4e77-11eb-a803-a0369ff94ec8_03.jpg?type=ffn300_300,peti****,19.04.30.
33,5,옷도핏도좋구요질감이너무좋네요,https://phinf.pstatic.net/checkout.phinf/20210206_297/1612617030683Q87H5_JPEG/review-attachment-19ca8ceb-bf30-4587-917c-206c591be48a.jpeg?type=f300_300,wldl****,19.03.26.
34,5,"LED 확대거울 사려고 여기저기 엄청 뒤졌는데.. 여기 거울이~~ 똭~~~
약간 높은 감이 있지만..
여기저기 봤던 거울 중 가장 맘에 들어요~~^^",https://phinf.pstatic.net/checkout.phinf/20210109_70/16101906551308Ew4b_JPEG/review-attachment-ae096340-30e9-476c-9c65-a06dae905b7b.jpeg?type=f300_300,2661****,19.03.23.
35,5,아주모초나피나텨펴컽ㄹ라ㅏ,https://phinf.pstatic.net/checkout.phinf/20210217_152/1613548771381kgxE0_JPEG/review-attachment-ec0bf13f-127c-4807-b7ff-215e61e38608.jpeg?type=f300_300,smas****,19.03.25.
36,5,"3배거울이 화장하는데 확실히좋습니다
LED는 조금더 밝았으면하는 약간의아쉬움이 있네요",https://phinf.pstatic.net/checkout.phinf/20210201_256/1612158639663gWLlS_JPEG/review-attachment-6c3ab54c-ce94-48de-bc96-ddea7c5677c9.jpeg?type=f300_300,pcut****,19.02.25.
37,5,어정쩡한 중국산 제품보다 훨씬 더 마감 완성도가 높은 거울을 갖게 된 것 같습니다^^ 배터리 안넣고서도 쓸 만하네요,https://phinf.pstatic.net/checkout.phinf/20210309_10/16152439300846KTnU_JPEG/review-attachment-648bac49-8976-40ff-8778-004367ea27a9.jpeg?type=f300_300,fres****,19.02.15.
38,5,"얼굴을 환하개 볼 수 잇어서 화장할 때 조아요
배송 빠릅니다",https://phinf.pstatic.net/checkout.phinf/20210323_223/1616458526071AaqWQ_JPEG/review-attachment-b01b5078-701c-445a-995a-a65075ce3b75.jpeg?type=f300_300,1225****,19.01.19.
39,5,깔끔해요 근데 빛이 조금 약한듯,https://phinf.pstatic.net/checkout.phinf/20210302_101/1614654860303pmVPk_JPEG/review-attachment-e88d5520-b325-4620-b560-31182671b8a5.jpeg?type=f300_300,jklu****,19.01.12.
