﻿,star,review,reviewImage,customerId,reviewDate
0,5,마무리까지  퀄리티  높은 물건입니다  볼때마다  기분이  좋아요.   화장실과  중문 사이 공간이  휑해서  주문했지만   여기두긴  아까워요,https://phinf.pstatic.net/checkout.phinf/20210309_10/16152439300846KTnU_JPEG/review-attachment-648bac49-8976-40ff-8778-004367ea27a9.jpeg?type=f300_300,jjun****,21.03.09.
1,4,단단하고 디자인이 예뻐용~,https://phinf.pstatic.net/checkout.phinf/20210323_223/1616458526071AaqWQ_JPEG/review-attachment-b01b5078-701c-445a-995a-a65075ce3b75.jpeg?type=f300_300,yms1****,21.02.01.
2,5,제작상품이라 오래걸렸지만 마감이 매끄럽고 집에 포인트 되서 맘에 들어요 거실장도 할까말까 고민되요^^;;,https://phinf.pstatic.net/checkout.phinf/20210302_101/1614654860303pmVPk_JPEG/review-attachment-e88d5520-b325-4620-b560-31182671b8a5.jpeg?type=f300_300,miae****,20.12.26.
3,5,"온수매트 본체 올려놓을 협탁을 찾다가.. 너무 예쁜아이를 발견. 원목이 침대랑 색이 잘 맞고 마감도 부드럽게 처리되어 있고 색상도 실제로 보면 더 고급스럽습니다. 오래 걸릴줄 알았는데, 근처에 오신다며 며칠만에 직접 배송까지 해주셔서 배송도 대만족이었어요 ♡-♡ 핑크는 리뷰가 없어서 추천드리고싶어 사진올립니다! 손잡이 그레이라 넘 잘어울려요~",https://phinf.pstatic.net/checkout.phinf/20210320_238/161625127633752fXi_JPEG/review-attachment-8d547555-b09e-42f7-8133-62b96c0fd4e8.jpeg?type=f300_300,oumj****,20.11.28.
4,5,거실에 포인트주기 좋아요! 거실이 밝아졌어요,https://phinf.pstatic.net/checkout.phinf/20210317_79/1615991623938LP6Tt_JPEG/review-attachment-4f0fb223-188a-4857-966b-cca642e40fa5.jpeg?type=f300_300,dusd****,20.10.18.
5,4,너무 이쁘고 맘에들어 잘사용하고있어요,https://phinf.pstatic.net/checkout.phinf/20210326_128/1616734837348fnCTR_JPEG/review-attachment-38d39966-f7f3-4a7f-8b9b-c6dd145fbdee.jpeg?type=f300_300,dusd****,20.10.18.
6,5,디자인이 너무 이뻐요,https://phinf.pstatic.net/checkout.phinf/20210326_90/1616725765589EluUh_JPEG/review-attachment-3ce5a608-3e5c-41f3-b53e-932b43874a21.jpeg?type=f300_300,kazi****,20.09.09.
7,5,정말 너무너무 친절한데다가 이쁘고 이건뭐 거의 거저주는거임,https://phinf.pstatic.net/checkout.phinf/20210311_181/16153908219153d6MN_JPEG/review-attachment-2a742365-113f-4473-96e2-33e6626a2576.jpeg?type=f300_300,air2****,20.09.08.
8,5,너무 이뻐요 사장님이 직접배송해주셨는데 정성스러운배송과 제품감사드려요!,https://phinf.pstatic.net/checkout.phinf/20210118_182/1610896999532lT0GN_JPEG/review-attachment-ebb210c9-c2f4-49b0-b059-64204ec41bd2.jpeg?type=f300_300,dusd****,20.08.06.
9,5,"너무이뻐요!! 신혼집 인테리어용으로 구매했는데
만족입니당",https://phinf.pstatic.net/image.nmv/shopnbuyer_2021_01_11_0/f1f667ae-53b7-11eb-9ca7-48df379ccacc_03.jpg?type=ffn300_300,dusd****,20.08.06.
10,5,역시 리뷰대로 좋네요,https://phinf.pstatic.net/checkout.phinf/20210303_251/1614745157783pfCAY_JPEG/review-attachment-88681ab3-ca32-4489-ad2d-95dc212587fa.jpeg?type=f300_300,idun****,20.07.17.
11,5,"비비드우드 정말 상큼하고 러블리한 협탁입니다.
다른 협탁들하고 많이 비교하고 망설이다가
직접 공방에 가서 보고
정말 반했습니다.
너무 예뻐서 같이 가신 어머니는 충동적으로 전시되어 있던 2단협탁이며 
거실 탁자를 구매할 뻔 했습니다.
정말 놓을 공간만 있었으면 
구매했을텐데 가까스로 자제했답니다^^
신혼 살림으로도 장만해도 좋을 것 같다는 생각이 들었습니다. 청초함? 깔끔함? 사랑스러움이 모두 묻어있는
흔하지 않은 가구~비비드우드 입니다.
사장님도 전혀 영업하고는 거리가 먼, 때묻지 않은
청년처럼 보이셨습니다.
협탁을 들여놓고 너무 예뻐서
자꾸 들여다보고 있답니다.",https://phinf.pstatic.net/checkout.phinf/20210311_76/1615390281821YudiK_JPEG/review-attachment-b464f07f-2e49-4620-8ac3-a967ee217cf4.jpeg?type=f300_300,hl39****,20.05.02.
12,5,"화면처럼 너무 이쁩니다 직접 배송오시느라 고생많으셨고 아내가 이사와서 제일 잘한거라고 하네요~^^
널리널리 알리고 싶어요!!!",https://phinf.pstatic.net/image.nmv/shopnbuyer_2021_01_04_0/5e8e494f-4e77-11eb-a803-a0369ff94ec8_03.jpg?type=ffn300_300,mcre****,20.01.18.
13,5,"어머님께서 맘에들어하셔서 다른색상으로 하나더구매했어요
친절하시고 상품도좋고 넘맘에들어요!^^",https://phinf.pstatic.net/checkout.phinf/20210206_297/1612617030683Q87H5_JPEG/review-attachment-19ca8ceb-bf30-4587-917c-206c591be48a.jpeg?type=f300_300,ac04****,20.01.04.
14,5,"볼수록고급지고이뻐요!
흔들려서전화했었는데친절히상담해주셔서정말기분좋았어요!",https://phinf.pstatic.net/checkout.phinf/20210109_70/16101906551308Ew4b_JPEG/review-attachment-ae096340-30e9-476c-9c65-a06dae905b7b.jpeg?type=f300_300,ac04****,19.10.28.
15,5,"아주맘에들어요!
고급지고 거실분위기가 확살아요
직접배송도해주시고
안내도 잘해주시고해서 정말감사합니다!
번창하세요!",https://phinf.pstatic.net/checkout.phinf/20210217_152/1613548771381kgxE0_JPEG/review-attachment-ec0bf13f-127c-4807-b7ff-215e61e38608.jpeg?type=f300_300,ac04****,19.09.28.
16,5,"실제로 보면 더 더 예쁜 제품
유니크해서 더 돋보이는 제품
배송도 안전안전 사장님도 친절친절
강추강추",https://phinf.pstatic.net/checkout.phinf/20210201_256/1612158639663gWLlS_JPEG/review-attachment-6c3ab54c-ce94-48de-bc96-ddea7c5677c9.jpeg?type=f300_300,chzh****,19.09.28.
17,5,그림액자 치우고 놓았는데 너무 예뻐서 크게 만족합니다.  제작하신 분이 깔끔하게 포장해 오셔서 직접 놓아주셨어요~~예쁜 새 식구가 들어온 느낌이네요^^ 좋아요^^,https://phinf.pstatic.net/checkout.phinf/20210309_10/16152439300846KTnU_JPEG/review-attachment-648bac49-8976-40ff-8778-004367ea27a9.jpeg?type=f300_300,sjpi****,19.05.18.
18,5,"신혼집 가구로 마련하였는데 사진보다 실물이 훨씬 더더더 이뻐요 !! 너무너무 만족합니다, 직접와서 설치해주시고 너무 친절하세요",https://phinf.pstatic.net/checkout.phinf/20210323_223/1616458526071AaqWQ_JPEG/review-attachment-b01b5078-701c-445a-995a-a65075ce3b75.jpeg?type=f300_300,yaya****,19.01.07.
19,5,"너무너무 이뻐요!!! 상품이 너무 마음에 들어서 프리미엄 상품평까지 작성하게 되네요.
판매자분께서 직접 배송을 하시더라고요.
제품 퀄리티는 말이 필요 없을만큼 너무너무 좋고, 나무 결도 부드럽고, 향이 너무 좋아요!!
협탁으로 쓰려고 샀는데 너무 이뻐서 아깝네요!! 
제품 너무 마음에 듭니다*^^*
사업 번창하세요!!",https://phinf.pstatic.net/checkout.phinf/20210302_101/1614654860303pmVPk_JPEG/review-attachment-e88d5520-b325-4620-b560-31182671b8a5.jpeg?type=f300_300,redd****,18.10.21.
20,5,마무리까지  퀄리티  높은 물건입니다  볼때마다  기분이  좋아요.   화장실과  중문 사이 공간이  휑해서  주문했지만   여기두긴  아까워요,https://phinf.pstatic.net/checkout.phinf/20210309_10/16152439300846KTnU_JPEG/review-attachment-648bac49-8976-40ff-8778-004367ea27a9.jpeg?type=f300_300,jjun****,21.03.09.
21,4,단단하고 디자인이 예뻐용~,https://phinf.pstatic.net/checkout.phinf/20210323_223/1616458526071AaqWQ_JPEG/review-attachment-b01b5078-701c-445a-995a-a65075ce3b75.jpeg?type=f300_300,yms1****,21.02.01.
22,5,제작상품이라 오래걸렸지만 마감이 매끄럽고 집에 포인트 되서 맘에 들어요 거실장도 할까말까 고민되요^^;;,https://phinf.pstatic.net/checkout.phinf/20210302_101/1614654860303pmVPk_JPEG/review-attachment-e88d5520-b325-4620-b560-31182671b8a5.jpeg?type=f300_300,miae****,20.12.26.
23,5,"온수매트 본체 올려놓을 협탁을 찾다가.. 너무 예쁜아이를 발견. 원목이 침대랑 색이 잘 맞고 마감도 부드럽게 처리되어 있고 색상도 실제로 보면 더 고급스럽습니다. 오래 걸릴줄 알았는데, 근처에 오신다며 며칠만에 직접 배송까지 해주셔서 배송도 대만족이었어요 ♡-♡ 핑크는 리뷰가 없어서 추천드리고싶어 사진올립니다! 손잡이 그레이라 넘 잘어울려요~",https://phinf.pstatic.net/checkout.phinf/20210320_238/161625127633752fXi_JPEG/review-attachment-8d547555-b09e-42f7-8133-62b96c0fd4e8.jpeg?type=f300_300,oumj****,20.11.28.
24,5,거실에 포인트주기 좋아요! 거실이 밝아졌어요,https://phinf.pstatic.net/checkout.phinf/20210317_79/1615991623938LP6Tt_JPEG/review-attachment-4f0fb223-188a-4857-966b-cca642e40fa5.jpeg?type=f300_300,dusd****,20.10.18.
25,4,너무 이쁘고 맘에들어 잘사용하고있어요,https://phinf.pstatic.net/checkout.phinf/20210326_128/1616734837348fnCTR_JPEG/review-attachment-38d39966-f7f3-4a7f-8b9b-c6dd145fbdee.jpeg?type=f300_300,dusd****,20.10.18.
26,5,디자인이 너무 이뻐요,https://phinf.pstatic.net/checkout.phinf/20210326_90/1616725765589EluUh_JPEG/review-attachment-3ce5a608-3e5c-41f3-b53e-932b43874a21.jpeg?type=f300_300,kazi****,20.09.09.
27,5,정말 너무너무 친절한데다가 이쁘고 이건뭐 거의 거저주는거임,https://phinf.pstatic.net/checkout.phinf/20210311_181/16153908219153d6MN_JPEG/review-attachment-2a742365-113f-4473-96e2-33e6626a2576.jpeg?type=f300_300,air2****,20.09.08.
28,5,너무 이뻐요 사장님이 직접배송해주셨는데 정성스러운배송과 제품감사드려요!,https://phinf.pstatic.net/checkout.phinf/20210118_182/1610896999532lT0GN_JPEG/review-attachment-ebb210c9-c2f4-49b0-b059-64204ec41bd2.jpeg?type=f300_300,dusd****,20.08.06.
29,5,"너무이뻐요!! 신혼집 인테리어용으로 구매했는데
만족입니당",https://phinf.pstatic.net/image.nmv/shopnbuyer_2021_01_11_0/f1f667ae-53b7-11eb-9ca7-48df379ccacc_03.jpg?type=ffn300_300,dusd****,20.08.06.
30,5,역시 리뷰대로 좋네요,https://phinf.pstatic.net/checkout.phinf/20210303_251/1614745157783pfCAY_JPEG/review-attachment-88681ab3-ca32-4489-ad2d-95dc212587fa.jpeg?type=f300_300,idun****,20.07.17.
31,5,"비비드우드 정말 상큼하고 러블리한 협탁입니다.
다른 협탁들하고 많이 비교하고 망설이다가
직접 공방에 가서 보고
정말 반했습니다.
너무 예뻐서 같이 가신 어머니는 충동적으로 전시되어 있던 2단협탁이며 
거실 탁자를 구매할 뻔 했습니다.
정말 놓을 공간만 있었으면 
구매했을텐데 가까스로 자제했답니다^^
신혼 살림으로도 장만해도 좋을 것 같다는 생각이 들었습니다. 청초함? 깔끔함? 사랑스러움이 모두 묻어있는
흔하지 않은 가구~비비드우드 입니다.
사장님도 전혀 영업하고는 거리가 먼, 때묻지 않은
청년처럼 보이셨습니다.
협탁을 들여놓고 너무 예뻐서
자꾸 들여다보고 있답니다.",https://phinf.pstatic.net/checkout.phinf/20210311_76/1615390281821YudiK_JPEG/review-attachment-b464f07f-2e49-4620-8ac3-a967ee217cf4.jpeg?type=f300_300,hl39****,20.05.02.
32,5,"화면처럼 너무 이쁩니다 직접 배송오시느라 고생많으셨고 아내가 이사와서 제일 잘한거라고 하네요~^^
널리널리 알리고 싶어요!!!",https://phinf.pstatic.net/image.nmv/shopnbuyer_2021_01_04_0/5e8e494f-4e77-11eb-a803-a0369ff94ec8_03.jpg?type=ffn300_300,mcre****,20.01.18.
33,5,"어머님께서 맘에들어하셔서 다른색상으로 하나더구매했어요
친절하시고 상품도좋고 넘맘에들어요!^^",https://phinf.pstatic.net/checkout.phinf/20210206_297/1612617030683Q87H5_JPEG/review-attachment-19ca8ceb-bf30-4587-917c-206c591be48a.jpeg?type=f300_300,ac04****,20.01.04.
34,5,"볼수록고급지고이뻐요!
흔들려서전화했었는데친절히상담해주셔서정말기분좋았어요!",https://phinf.pstatic.net/checkout.phinf/20210109_70/16101906551308Ew4b_JPEG/review-attachment-ae096340-30e9-476c-9c65-a06dae905b7b.jpeg?type=f300_300,ac04****,19.10.28.
35,5,"아주맘에들어요!
고급지고 거실분위기가 확살아요
직접배송도해주시고
안내도 잘해주시고해서 정말감사합니다!
번창하세요!",https://phinf.pstatic.net/checkout.phinf/20210217_152/1613548771381kgxE0_JPEG/review-attachment-ec0bf13f-127c-4807-b7ff-215e61e38608.jpeg?type=f300_300,ac04****,19.09.28.
36,5,"실제로 보면 더 더 예쁜 제품
유니크해서 더 돋보이는 제품
배송도 안전안전 사장님도 친절친절
강추강추",https://phinf.pstatic.net/checkout.phinf/20210201_256/1612158639663gWLlS_JPEG/review-attachment-6c3ab54c-ce94-48de-bc96-ddea7c5677c9.jpeg?type=f300_300,chzh****,19.09.28.
37,5,그림액자 치우고 놓았는데 너무 예뻐서 크게 만족합니다.  제작하신 분이 깔끔하게 포장해 오셔서 직접 놓아주셨어요~~예쁜 새 식구가 들어온 느낌이네요^^ 좋아요^^,https://phinf.pstatic.net/checkout.phinf/20210309_10/16152439300846KTnU_JPEG/review-attachment-648bac49-8976-40ff-8778-004367ea27a9.jpeg?type=f300_300,sjpi****,19.05.18.
38,5,"신혼집 가구로 마련하였는데 사진보다 실물이 훨씬 더더더 이뻐요 !! 너무너무 만족합니다, 직접와서 설치해주시고 너무 친절하세요",https://phinf.pstatic.net/checkout.phinf/20210323_223/1616458526071AaqWQ_JPEG/review-attachment-b01b5078-701c-445a-995a-a65075ce3b75.jpeg?type=f300_300,yaya****,19.01.07.
39,5,"너무너무 이뻐요!!! 상품이 너무 마음에 들어서 프리미엄 상품평까지 작성하게 되네요.
판매자분께서 직접 배송을 하시더라고요.
제품 퀄리티는 말이 필요 없을만큼 너무너무 좋고, 나무 결도 부드럽고, 향이 너무 좋아요!!
협탁으로 쓰려고 샀는데 너무 이뻐서 아깝네요!! 
제품 너무 마음에 듭니다*^^*
사업 번창하세요!!",https://phinf.pstatic.net/checkout.phinf/20210302_101/1614654860303pmVPk_JPEG/review-attachment-e88d5520-b325-4620-b560-31182671b8a5.jpeg?type=f300_300,redd****,18.10.21.
