﻿,star,review,reviewImage,customerId,reviewDate
0,5,"침대 프레임이랑 세트로 구매했습니다. 대만족하며 잘 사용하고 있어요! 😊♥️ 서랍 내부 공간이 넉넉해서 생각보다 많은 소품을 수납할 수 있어 정말 마음에 듭니당 👍👍 
스프링 자석 버튼이 있어서 꾹 눌러서 여닫는 방식인 점이 정말 잘 만든 제품이라고 느껴집니다. 마치 서랍이 없는 듯 깔끔하게 닫겨있어 인테리어 효과도 좋고, 레일이 매끄러워 사용감도 좋아요. 
디자인과 실용성, 가격, 품질 모두 만족스럽습니다. 침대 프레임과 함께 오랫동안 아껴서 잘 쓰고 싶은 가구에요.",https://phinf.pstatic.net/checkout.phinf/20210309_10/16152439300846KTnU_JPEG/review-attachment-648bac49-8976-40ff-8778-004367ea27a9.jpeg?type=f300_300,anne****,21.01.29.
1,5,흔치 않은 디자인에 튼튼한 협탁이에요~~생각보다 사이즈는 컸지만 침실에 다행히 잘 들어가네요,https://phinf.pstatic.net/checkout.phinf/20210323_223/1616458526071AaqWQ_JPEG/review-attachment-b01b5078-701c-445a-995a-a65075ce3b75.jpeg?type=f300_300,inae****,21.03.27.
2,5,"프레임이랑 같이 주문했어요
크기도 적당하고 프레임이랑 잘 어울려서 마음에 듭니다",https://phinf.pstatic.net/checkout.phinf/20210302_101/1614654860303pmVPk_JPEG/review-attachment-e88d5520-b325-4620-b560-31182671b8a5.jpeg?type=f300_300,0708****,21.03.27.
3,5,침대 프레임만 살려고 검색하다가..생각한 금액보다 저렴해서 협탁이랑 같이 샀어요..같이 사길 잘한것 같아요..둘이 같이 놓으니 안정감 있고..예쁩니다..나무 표면도 까칠하다고 해서 걱정했는데..전 못 느끼겠네요..이사할때도 침대도 그렇고 협탁도 많이 안 무거워서 편할것 같습니다..,https://phinf.pstatic.net/checkout.phinf/20210320_238/161625127633752fXi_JPEG/review-attachment-8d547555-b09e-42f7-8133-62b96c0fd4e8.jpeg?type=f300_300,qhdn****,21.03.04.
4,5,"신혼가구로 선물받았습니다^^
주문후 2주정도 걸렸던 것 같아용:))
주문시 틈사이의 청소가 힘들까봐 고민이었는데 
받고나선 넘마음에 들어서 그런 고민이 사라졌어요
냄새는 2주정도 지나니 빠졌어요
침대 협탁 tv장까지 세트로 샀는데
화장대까지 사려고 고민중이에요
색이 너무 밝지도않고 어둡지도않고 딱 고풍스럽고 은은한 색이에요
저희 첫 신혼가구로 오래오래 쓸게요^_^",https://phinf.pstatic.net/checkout.phinf/20210317_79/1615991623938LP6Tt_JPEG/review-attachment-4f0fb223-188a-4857-966b-cca642e40fa5.jpeg?type=f300_300,swee****,21.03.02.
5,5,"침대하고 딱 어울리고 좋네요!
자동문 ㅎㅎ",https://phinf.pstatic.net/checkout.phinf/20210326_128/1616734837348fnCTR_JPEG/review-attachment-38d39966-f7f3-4a7f-8b9b-c6dd145fbdee.jpeg?type=f300_300,etto****,21.03.23.
6,5,생각보다 밝아서 다시 칠하려고해요 견고하고 튼튼해요,https://phinf.pstatic.net/checkout.phinf/20210326_90/1616725765589EluUh_JPEG/review-attachment-3ce5a608-3e5c-41f3-b53e-932b43874a21.jpeg?type=f300_300,gala****,21.03.16.
7,5,"침대가 화이트 오크라 밝은편이라 과연 잘어울릴까 대조가 크지 않을까 싶었는데요. 매치해보시 너무 잘어울려요. 
라탄 취소하고 진짜 고민마니 했는데 아주 맘에 들어요. ^^",https://phinf.pstatic.net/checkout.phinf/20210311_181/16153908219153d6MN_JPEG/review-attachment-2a742365-113f-4473-96e2-33e6626a2576.jpeg?type=f300_300,feel****,21.02.27.
8,5,침대프레임에 반해서 주문하다가 협탁도 눈에 들어와서 5분 고민하다가 바로 결제했어요 ㅎㅎ 사이즈는 제가 생각한것보다 좀 크지만 튼튼하고 무게감 있어요 침대랑 놓으니 너무 예뻐요!,https://phinf.pstatic.net/checkout.phinf/20210118_182/1610896999532lT0GN_JPEG/review-attachment-ebb210c9-c2f4-49b0-b059-64204ec41bd2.jpeg?type=f300_300,twee****,21.02.26.
9,5,"진짜 너무너무 예뻐요 제일 잘 산거같음,,,
손잡이 없는 대신 똑딱이 있어서 밀고 닫을 수도 있어요
수납공간도 이정도면 ok라 여러 화장품 및 물건들 집어넣었어요~ 조명도 함께 올려놓으니 
인스타 갬성은물론 짱
냄새는 있었지만 하루만에 날라갔었던 듯
예민한 편인데 참을 수 있었고
너무너무 잘샀음",https://phinf.pstatic.net/image.nmv/shopnbuyer_2021_01_11_0/f1f667ae-53b7-11eb-9ca7-48df379ccacc_03.jpg?type=ffn300_300,xx01****,21.02.02.
10,4,"협탁 진짜 맘에들어요 남편도 보고 색도 고급지고 모양도 이쁘다고ㅠㅠ
진짜이뻐요 기간은 이주정도 기다린거같아요!",https://phinf.pstatic.net/checkout.phinf/20210303_251/1614745157783pfCAY_JPEG/review-attachment-88681ab3-ca32-4489-ad2d-95dc212587fa.jpeg?type=f300_300,knj9****,21.03.07.
11,5,협탁도 역시나 너무 예쁩니다 ㅜㅜ 만족만족!!! 저희 집 공간 중 안방이 제일 좋아요!!,https://phinf.pstatic.net/checkout.phinf/20210311_76/1615390281821YudiK_JPEG/review-attachment-b464f07f-2e49-4620-8ac3-a967ee217cf4.jpeg?type=f300_300,tnru****,21.03.01.
12,5,완전 맘에 듭니다♡깔끔하고 세련되보여요,https://phinf.pstatic.net/image.nmv/shopnbuyer_2021_01_04_0/5e8e494f-4e77-11eb-a803-a0369ff94ec8_03.jpg?type=ffn300_300,sar7****,21.03.14.
13,5,이뻐요 실물이 더 이쁩니다,https://phinf.pstatic.net/checkout.phinf/20210206_297/1612617030683Q87H5_JPEG/review-attachment-19ca8ceb-bf30-4587-917c-206c591be48a.jpeg?type=f300_300,babi****,21.03.11.
14,5,"티비선반, 침대, 협탁을 같이 구입했어요
2주정도 사용했는데
냄새도 없고 고급지고 좋아요",https://phinf.pstatic.net/checkout.phinf/20210109_70/16101906551308Ew4b_JPEG/review-attachment-ae096340-30e9-476c-9c65-a06dae905b7b.jpeg?type=f300_300,jeon****,21.02.11.
15,4,"구매 설명서 사진에서 보다 체감 폭 (넓이)가 조금 좁습니다
다른 점들은 대체로 만족합니다",https://phinf.pstatic.net/checkout.phinf/20210217_152/1613548771381kgxE0_JPEG/review-attachment-ec0bf13f-127c-4807-b7ff-215e61e38608.jpeg?type=f300_300,ahn6****,21.03.28.
16,5,이쁘고 오래 쓸 수 있을 것 같아요,https://phinf.pstatic.net/checkout.phinf/20210201_256/1612158639663gWLlS_JPEG/review-attachment-6c3ab54c-ce94-48de-bc96-ddea7c5677c9.jpeg?type=f300_300,da02****,21.03.14.
17,3,"침대협탁으로 쓰다가 햇볕을 너무 받는것같아서
거실로 옮겨쓰고있어요
만족만족
냄새도 안나고 좋아요",https://phinf.pstatic.net/checkout.phinf/20210309_10/16152439300846KTnU_JPEG/review-attachment-648bac49-8976-40ff-8778-004367ea27a9.jpeg?type=f300_300,jeon****,21.02.25.
18,5,"너무 예뻐요 
색하며 가구 디자인 하며 
한달간 여러 쇼핑몰에서 찾다가 드디어 제마음에 딱 드는 가구를 만들어주셔서 감사해요 
고급스럽고 정말 예뻐요  흔한 디자인이 아니라 마감이 정말 좋아요 
나무냄새가 사람을 미치게하네여  힐링힐링 
생각보다 사이즈가 커서 더 좋아요  더 맘에들어요",https://phinf.pstatic.net/checkout.phinf/20210323_223/1616458526071AaqWQ_JPEG/review-attachment-b01b5078-701c-445a-995a-a65075ce3b75.jpeg?type=f300_300,rlag****,21.02.03.
19,3,"동생 결혼선물로 샀어요
침대옆에 협탁은 세투세투~
동생이 필요없다고 하는걸 필요할거라고 억지로 사서 보내줬더니 없었으면 후회할 뻔했다고 완전 좋아해서  너무 뿌듯합니다",https://phinf.pstatic.net/checkout.phinf/20210302_101/1614654860303pmVPk_JPEG/review-attachment-e88d5520-b325-4620-b560-31182671b8a5.jpeg?type=f300_300,seok****,21.03.11.
20,5,"침대 프레임이랑 세트로 구매했습니다. 대만족하며 잘 사용하고 있어요! 😊♥️ 서랍 내부 공간이 넉넉해서 생각보다 많은 소품을 수납할 수 있어 정말 마음에 듭니당 👍👍 
스프링 자석 버튼이 있어서 꾹 눌러서 여닫는 방식인 점이 정말 잘 만든 제품이라고 느껴집니다. 마치 서랍이 없는 듯 깔끔하게 닫겨있어 인테리어 효과도 좋고, 레일이 매끄러워 사용감도 좋아요. 
디자인과 실용성, 가격, 품질 모두 만족스럽습니다. 침대 프레임과 함께 오랫동안 아껴서 잘 쓰고 싶은 가구에요.",https://phinf.pstatic.net/checkout.phinf/20210309_10/16152439300846KTnU_JPEG/review-attachment-648bac49-8976-40ff-8778-004367ea27a9.jpeg?type=f300_300,anne****,21.01.29.
21,5,흔치 않은 디자인에 튼튼한 협탁이에요~~생각보다 사이즈는 컸지만 침실에 다행히 잘 들어가네요,https://phinf.pstatic.net/checkout.phinf/20210323_223/1616458526071AaqWQ_JPEG/review-attachment-b01b5078-701c-445a-995a-a65075ce3b75.jpeg?type=f300_300,inae****,21.03.27.
22,5,"프레임이랑 같이 주문했어요
크기도 적당하고 프레임이랑 잘 어울려서 마음에 듭니다",https://phinf.pstatic.net/checkout.phinf/20210302_101/1614654860303pmVPk_JPEG/review-attachment-e88d5520-b325-4620-b560-31182671b8a5.jpeg?type=f300_300,0708****,21.03.27.
23,5,침대 프레임만 살려고 검색하다가..생각한 금액보다 저렴해서 협탁이랑 같이 샀어요..같이 사길 잘한것 같아요..둘이 같이 놓으니 안정감 있고..예쁩니다..나무 표면도 까칠하다고 해서 걱정했는데..전 못 느끼겠네요..이사할때도 침대도 그렇고 협탁도 많이 안 무거워서 편할것 같습니다..,https://phinf.pstatic.net/checkout.phinf/20210320_238/161625127633752fXi_JPEG/review-attachment-8d547555-b09e-42f7-8133-62b96c0fd4e8.jpeg?type=f300_300,qhdn****,21.03.04.
24,5,"신혼가구로 선물받았습니다^^
주문후 2주정도 걸렸던 것 같아용:))
주문시 틈사이의 청소가 힘들까봐 고민이었는데 
받고나선 넘마음에 들어서 그런 고민이 사라졌어요
냄새는 2주정도 지나니 빠졌어요
침대 협탁 tv장까지 세트로 샀는데
화장대까지 사려고 고민중이에요
색이 너무 밝지도않고 어둡지도않고 딱 고풍스럽고 은은한 색이에요
저희 첫 신혼가구로 오래오래 쓸게요^_^",https://phinf.pstatic.net/checkout.phinf/20210317_79/1615991623938LP6Tt_JPEG/review-attachment-4f0fb223-188a-4857-966b-cca642e40fa5.jpeg?type=f300_300,swee****,21.03.02.
25,5,"침대하고 딱 어울리고 좋네요!
자동문 ㅎㅎ",https://phinf.pstatic.net/checkout.phinf/20210326_128/1616734837348fnCTR_JPEG/review-attachment-38d39966-f7f3-4a7f-8b9b-c6dd145fbdee.jpeg?type=f300_300,etto****,21.03.23.
26,5,생각보다 밝아서 다시 칠하려고해요 견고하고 튼튼해요,https://phinf.pstatic.net/checkout.phinf/20210326_90/1616725765589EluUh_JPEG/review-attachment-3ce5a608-3e5c-41f3-b53e-932b43874a21.jpeg?type=f300_300,gala****,21.03.16.
27,5,"침대가 화이트 오크라 밝은편이라 과연 잘어울릴까 대조가 크지 않을까 싶었는데요. 매치해보시 너무 잘어울려요. 
라탄 취소하고 진짜 고민마니 했는데 아주 맘에 들어요. ^^",https://phinf.pstatic.net/checkout.phinf/20210311_181/16153908219153d6MN_JPEG/review-attachment-2a742365-113f-4473-96e2-33e6626a2576.jpeg?type=f300_300,feel****,21.02.27.
28,5,침대프레임에 반해서 주문하다가 협탁도 눈에 들어와서 5분 고민하다가 바로 결제했어요 ㅎㅎ 사이즈는 제가 생각한것보다 좀 크지만 튼튼하고 무게감 있어요 침대랑 놓으니 너무 예뻐요!,https://phinf.pstatic.net/checkout.phinf/20210118_182/1610896999532lT0GN_JPEG/review-attachment-ebb210c9-c2f4-49b0-b059-64204ec41bd2.jpeg?type=f300_300,twee****,21.02.26.
29,5,"진짜 너무너무 예뻐요 제일 잘 산거같음,,,
손잡이 없는 대신 똑딱이 있어서 밀고 닫을 수도 있어요
수납공간도 이정도면 ok라 여러 화장품 및 물건들 집어넣었어요~ 조명도 함께 올려놓으니 
인스타 갬성은물론 짱
냄새는 있었지만 하루만에 날라갔었던 듯
예민한 편인데 참을 수 있었고
너무너무 잘샀음",https://phinf.pstatic.net/image.nmv/shopnbuyer_2021_01_11_0/f1f667ae-53b7-11eb-9ca7-48df379ccacc_03.jpg?type=ffn300_300,xx01****,21.02.02.
30,4,"협탁 진짜 맘에들어요 남편도 보고 색도 고급지고 모양도 이쁘다고ㅠㅠ
진짜이뻐요 기간은 이주정도 기다린거같아요!",https://phinf.pstatic.net/checkout.phinf/20210303_251/1614745157783pfCAY_JPEG/review-attachment-88681ab3-ca32-4489-ad2d-95dc212587fa.jpeg?type=f300_300,knj9****,21.03.07.
31,5,협탁도 역시나 너무 예쁩니다 ㅜㅜ 만족만족!!! 저희 집 공간 중 안방이 제일 좋아요!!,https://phinf.pstatic.net/checkout.phinf/20210311_76/1615390281821YudiK_JPEG/review-attachment-b464f07f-2e49-4620-8ac3-a967ee217cf4.jpeg?type=f300_300,tnru****,21.03.01.
32,5,완전 맘에 듭니다♡깔끔하고 세련되보여요,https://phinf.pstatic.net/image.nmv/shopnbuyer_2021_01_04_0/5e8e494f-4e77-11eb-a803-a0369ff94ec8_03.jpg?type=ffn300_300,sar7****,21.03.14.
33,5,이뻐요 실물이 더 이쁩니다,https://phinf.pstatic.net/checkout.phinf/20210206_297/1612617030683Q87H5_JPEG/review-attachment-19ca8ceb-bf30-4587-917c-206c591be48a.jpeg?type=f300_300,babi****,21.03.11.
34,5,"티비선반, 침대, 협탁을 같이 구입했어요
2주정도 사용했는데
냄새도 없고 고급지고 좋아요",https://phinf.pstatic.net/checkout.phinf/20210109_70/16101906551308Ew4b_JPEG/review-attachment-ae096340-30e9-476c-9c65-a06dae905b7b.jpeg?type=f300_300,jeon****,21.02.11.
35,4,"구매 설명서 사진에서 보다 체감 폭 (넓이)가 조금 좁습니다
다른 점들은 대체로 만족합니다",https://phinf.pstatic.net/checkout.phinf/20210217_152/1613548771381kgxE0_JPEG/review-attachment-ec0bf13f-127c-4807-b7ff-215e61e38608.jpeg?type=f300_300,ahn6****,21.03.28.
36,5,이쁘고 오래 쓸 수 있을 것 같아요,https://phinf.pstatic.net/checkout.phinf/20210201_256/1612158639663gWLlS_JPEG/review-attachment-6c3ab54c-ce94-48de-bc96-ddea7c5677c9.jpeg?type=f300_300,da02****,21.03.14.
37,3,"침대협탁으로 쓰다가 햇볕을 너무 받는것같아서
거실로 옮겨쓰고있어요
만족만족
냄새도 안나고 좋아요",https://phinf.pstatic.net/checkout.phinf/20210309_10/16152439300846KTnU_JPEG/review-attachment-648bac49-8976-40ff-8778-004367ea27a9.jpeg?type=f300_300,jeon****,21.02.25.
38,5,"너무 예뻐요 
색하며 가구 디자인 하며 
한달간 여러 쇼핑몰에서 찾다가 드디어 제마음에 딱 드는 가구를 만들어주셔서 감사해요 
고급스럽고 정말 예뻐요  흔한 디자인이 아니라 마감이 정말 좋아요 
나무냄새가 사람을 미치게하네여  힐링힐링 
생각보다 사이즈가 커서 더 좋아요  더 맘에들어요",https://phinf.pstatic.net/checkout.phinf/20210323_223/1616458526071AaqWQ_JPEG/review-attachment-b01b5078-701c-445a-995a-a65075ce3b75.jpeg?type=f300_300,rlag****,21.02.03.
39,3,"동생 결혼선물로 샀어요
침대옆에 협탁은 세투세투~
동생이 필요없다고 하는걸 필요할거라고 억지로 사서 보내줬더니 없었으면 후회할 뻔했다고 완전 좋아해서  너무 뿌듯합니다",https://phinf.pstatic.net/checkout.phinf/20210302_101/1614654860303pmVPk_JPEG/review-attachment-e88d5520-b325-4620-b560-31182671b8a5.jpeg?type=f300_300,seok****,21.03.11.
40,5,색이 화면처럼 나오지않아 좀 아쉽습니다,https://phinf.pstatic.net/checkout.phinf/20210309_10/16152439300846KTnU_JPEG/review-attachment-648bac49-8976-40ff-8778-004367ea27a9.jpeg?type=f300_300,sbcm****,21.03.04.
41,5,"맘에들어요 
하나 더살까 생각중요 ㅎㅎ
근데 닫힐때 먼자 잡으이...",https://phinf.pstatic.net/checkout.phinf/20210323_223/1616458526071AaqWQ_JPEG/review-attachment-b01b5078-701c-445a-995a-a65075ce3b75.jpeg?type=f300_300,jini****,21.03.17.
42,5,"반자동 서랍 너무 편하고 좋네요
협탁치고 유용한 사이즈로 잘빠진ㄱㅓ같아요",https://phinf.pstatic.net/checkout.phinf/20210302_101/1614654860303pmVPk_JPEG/review-attachment-e88d5520-b325-4620-b560-31182671b8a5.jpeg?type=f300_300,admi****,21.03.02.
43,5,침대와 같이 샀는데 잘 어울리고 제품 조이요,https://phinf.pstatic.net/checkout.phinf/20210320_238/161625127633752fXi_JPEG/review-attachment-8d547555-b09e-42f7-8133-62b96c0fd4e8.jpeg?type=f300_300,fran****,21.02.28.
44,4,물건도 튼튼하고 좋네요! 다만 나무냄새가 좀 나는게 시간지나면 괜찮아 질거라. 침대랑 세트로 하니 너무 예쁩니다.,https://phinf.pstatic.net/checkout.phinf/20210317_79/1615991623938LP6Tt_JPEG/review-attachment-4f0fb223-188a-4857-966b-cca642e40fa5.jpeg?type=f300_300,teri****,21.01.30.
45,5,"침대프레임에 협탁 같이 구매했는데 넘 이뻐요 
배송비가 각각 들긴했지만 넘 맘에 듭니당",https://phinf.pstatic.net/checkout.phinf/20210326_128/1616734837348fnCTR_JPEG/review-attachment-38d39966-f7f3-4a7f-8b9b-c6dd145fbdee.jpeg?type=f300_300,comy****,21.02.20.
46,5,"기대 이상으로 너무 만족합니다~~
나무도 튼튼하고 견고해요~~무엇보다 넘이뻐요",https://phinf.pstatic.net/checkout.phinf/20210326_90/1616725765589EluUh_JPEG/review-attachment-3ce5a608-3e5c-41f3-b53e-932b43874a21.jpeg?type=f300_300,rose****,21.02.15.
47,4,서랍도 부드럽고 좋아요,https://phinf.pstatic.net/checkout.phinf/20210311_181/16153908219153d6MN_JPEG/review-attachment-2a742365-113f-4473-96e2-33e6626a2576.jpeg?type=f300_300,yks6****,21.03.17.
48,5,"원하는 날짜에 받긴 했으나 아침8시에오셨어요ㅠ
물건 받는집이 비어 있어 그시간에 받으러가느라고 고생좀했지만 침대랑 협탁은 이쁘고 튼튼합ㄴ다. 다만 매트리스밀림방지를 주문시 요청했는데
기사님께 전달이 안됐다면서 준비를 안해오셔서 설치를 못했습니다. 그래서 별점 하나 뺐어요ㅠ
쓰다가 불편하여 요청드리면 추가 설치 해주시겠지요? 아직 새가구라 머리는 좀 아프네요",https://phinf.pstatic.net/checkout.phinf/20210118_182/1610896999532lT0GN_JPEG/review-attachment-ebb210c9-c2f4-49b0-b059-64204ec41bd2.jpeg?type=f300_300,sbbs****,21.01.14.
49,5,"생각보다 커서 더 좋았어요 ㅋㅋㅋ 
무게감있고 색도 예쁘고 서랍도 푸쉬해야 열리고 맘에 듭니다! 배송도 빨리 오고 좋았습니다.",https://phinf.pstatic.net/image.nmv/shopnbuyer_2021_01_11_0/f1f667ae-53b7-11eb-9ca7-48df379ccacc_03.jpg?type=ffn300_300,dudt****,21.02.05.
50,5,"너무 고급지고 예뻐요
기다린 보람이 있습니다",https://phinf.pstatic.net/checkout.phinf/20210303_251/1614745157783pfCAY_JPEG/review-attachment-88681ab3-ca32-4489-ad2d-95dc212587fa.jpeg?type=f300_300,ma2d****,21.02.19.
51,5,잘 사용 중입니다. 좋습니다. 번창하세요,https://phinf.pstatic.net/checkout.phinf/20210311_76/1615390281821YudiK_JPEG/review-attachment-b464f07f-2e49-4620-8ac3-a967ee217cf4.jpeg?type=f300_300,mcsa****,21.03.08.
52,3,색도 좋고 침대랑 완전 잘어울리고 마음에 듭니다 다만 와서 자로재면서 바로 나무에 피스박길래 놀랫습니다,https://phinf.pstatic.net/image.nmv/shopnbuyer_2021_01_04_0/5e8e494f-4e77-11eb-a803-a0369ff94ec8_03.jpg?type=ffn300_300,yj96****,21.02.25.
53,5,디자인및 견고함 좋습니다,https://phinf.pstatic.net/checkout.phinf/20210206_297/1612617030683Q87H5_JPEG/review-attachment-19ca8ceb-bf30-4587-917c-206c591be48a.jpeg?type=f300_300,rlag****,21.03.08.
54,5,생각했던거랑 비슷하게 만족합니다,https://phinf.pstatic.net/checkout.phinf/20210109_70/16101906551308Ew4b_JPEG/review-attachment-ae096340-30e9-476c-9c65-a06dae905b7b.jpeg?type=f300_300,h2li****,21.02.11.
55,5,"침대와 세트로 구매했는데 협탁 대박!! 완잔 예뻐요! 다만 서랍 열 때 따로 손잡이가 없어 불편하다는..

+ 라고 후기 남겼는데 푸시형이었네요! 그냥 예뻐서 냉큼 사버리는 바람에 푸시형인지도 몰랐는데 업체쪽에서 친절하게 연락 남겨주셔서 알았어요 ㅎㅎ 요 협탁은 진짜 실물파인데 거기에 편리하기까지!! 강추!합니당",https://phinf.pstatic.net/checkout.phinf/20210217_152/1613548771381kgxE0_JPEG/review-attachment-ec0bf13f-127c-4807-b7ff-215e61e38608.jpeg?type=f300_300,shin****,21.01.04.
56,4,"원목 가구인데 디자인과 가격도 마음에 들어 침대와 함께 구매했습니다. 배송 이슈가 있었지만 어쨌든 기사님 빠르고 친절하게 설치해주셨습니다. 색상과 디자인은 화면에서 보고 맘에 들었던 그대로고, 서랍 공간은 생각보다 깊고 높이감도 있어 많은 수납 가능해서 좋아요.",https://phinf.pstatic.net/checkout.phinf/20210201_256/1612158639663gWLlS_JPEG/review-attachment-6c3ab54c-ce94-48de-bc96-ddea7c5677c9.jpeg?type=f300_300,anne****,20.12.29.
57,5,화면색보단 조금 연해서 아쉽긴한데 크기도 커서 위에 물건 올려두기도 편하고 서랍도 있어서 좋아요!!,https://phinf.pstatic.net/checkout.phinf/20210309_10/16152439300846KTnU_JPEG/review-attachment-648bac49-8976-40ff-8778-004367ea27a9.jpeg?type=f300_300,sooi****,21.01.26.
58,5,"침대랑 세트로 구매했어요
넘이쁨요",https://phinf.pstatic.net/checkout.phinf/20210323_223/1616458526071AaqWQ_JPEG/review-attachment-b01b5078-701c-445a-995a-a65075ce3b75.jpeg?type=f300_300,kkk3****,21.02.20.
59,5,맘에 들어요 이뻐요 세트로 구매하세요^^,https://phinf.pstatic.net/checkout.phinf/20210302_101/1614654860303pmVPk_JPEG/review-attachment-e88d5520-b325-4620-b560-31182671b8a5.jpeg?type=f300_300,hyun****,21.01.30.
60,5,엔틱하고 단단하고 좋습니다.,https://phinf.pstatic.net/checkout.phinf/20210309_10/16152439300846KTnU_JPEG/review-attachment-648bac49-8976-40ff-8778-004367ea27a9.jpeg?type=f300_300,woor****,21.02.23.
61,5,"프레임이랑 같이두려고 구매했어요 
역시나 잘 어울리네요",https://phinf.pstatic.net/checkout.phinf/20210323_223/1616458526071AaqWQ_JPEG/review-attachment-b01b5078-701c-445a-995a-a65075ce3b75.jpeg?type=f300_300,alzl****,21.02.13.
62,5,냄새많이남 각각배송비첨부는 아닌듯요,https://phinf.pstatic.net/checkout.phinf/20210302_101/1614654860303pmVPk_JPEG/review-attachment-e88d5520-b325-4620-b560-31182671b8a5.jpeg?type=f300_300,moop****,21.02.16.
63,5,이스턴킹 원목프레임을 맞춤으로 짜려다가 발견해서 구입했는대 기다린 보람이 있습니다 너무 이쁘고 설치도 친절하게 해주시고 갔어요 나무냄새도 안났어요,https://phinf.pstatic.net/checkout.phinf/20210320_238/161625127633752fXi_JPEG/review-attachment-8d547555-b09e-42f7-8133-62b96c0fd4e8.jpeg?type=f300_300,sooy****,21.01.07.
64,5,"예뿌고 견고해요
맘에쏙드네요",https://phinf.pstatic.net/checkout.phinf/20210317_79/1615991623938LP6Tt_JPEG/review-attachment-4f0fb223-188a-4857-966b-cca642e40fa5.jpeg?type=f300_300,dool****,21.01.27.
65,5,이쁘네요 집사람이 참 좋아하네요 감사합니다 단지 냄새가 좀 나서 일주일간 문 열어놓고 공기청정기 틀어놨더니 좀 괜찮아 졌어요 합판 이어 붙여 만들때 본드 냄새 같은데 맞나요? 어떤 냄새에요?,https://phinf.pstatic.net/checkout.phinf/20210326_128/1616734837348fnCTR_JPEG/review-attachment-38d39966-f7f3-4a7f-8b9b-c6dd145fbdee.jpeg?type=f300_300,danm****,20.12.30.
66,3,좋아요 또 사야할땐 무조건 살꺼에요,https://phinf.pstatic.net/checkout.phinf/20210326_90/1616725765589EluUh_JPEG/review-attachment-3ce5a608-3e5c-41f3-b53e-932b43874a21.jpeg?type=f300_300,mksj****,21.02.09.
67,5,이쁘고 좋아요 튼튼,https://phinf.pstatic.net/checkout.phinf/20210311_181/16153908219153d6MN_JPEG/review-attachment-2a742365-113f-4473-96e2-33e6626a2576.jpeg?type=f300_300,kiss****,21.02.10.
68,5,전면 상단에 약간의 크랙이 있었지만 만족해요,https://phinf.pstatic.net/checkout.phinf/20210118_182/1610896999532lT0GN_JPEG/review-attachment-ebb210c9-c2f4-49b0-b059-64204ec41bd2.jpeg?type=f300_300,jin1****,21.02.02.
69,5,"거실장 찾다가 함께 발견했어요!!
솔직히 금액이 좀 비싸다 싶었는데 받고나니 그런 생각없어요. 너무 예뻐요~~  수납공간도 꽤커서 더 만족해요.
고민하시는분들 시간만 낭비할 뿐입니다 추천이요^^!!!!!",https://phinf.pstatic.net/image.nmv/shopnbuyer_2021_01_11_0/f1f667ae-53b7-11eb-9ca7-48df379ccacc_03.jpg?type=ffn300_300,dlgk****,20.12.16.
70,5,오래쓸수있을거같아요 단단하고 화면과 같아요,https://phinf.pstatic.net/checkout.phinf/20210303_251/1614745157783pfCAY_JPEG/review-attachment-88681ab3-ca32-4489-ad2d-95dc212587fa.jpeg?type=f300_300,mjh9****,21.01.12.
71,5,좋습니다. 번창하세요,https://phinf.pstatic.net/checkout.phinf/20210311_76/1615390281821YudiK_JPEG/review-attachment-b464f07f-2e49-4620-8ac3-a967ee217cf4.jpeg?type=f300_300,mcsa****,21.02.03.
72,3,"마감좋고 디자인두좋고
눌러서 여는 서랍 형식이예요",https://phinf.pstatic.net/image.nmv/shopnbuyer_2021_01_04_0/5e8e494f-4e77-11eb-a803-a0369ff94ec8_03.jpg?type=ffn300_300,hubg****,20.12.30.
73,5,수납공간도 넉넉하고 색도 잘빠졌어요,https://phinf.pstatic.net/checkout.phinf/20210206_297/1612617030683Q87H5_JPEG/review-attachment-19ca8ceb-bf30-4587-917c-206c591be48a.jpeg?type=f300_300,dimi****,21.01.01.
74,5,빠른배송 감사합니다^^,https://phinf.pstatic.net/checkout.phinf/20210109_70/16101906551308Ew4b_JPEG/review-attachment-ae096340-30e9-476c-9c65-a06dae905b7b.jpeg?type=f300_300,asda****,21.01.25.
75,5,"사이즈가 생각보단 크지만 수납공간 꽉차고 좋아요 고
급스러워보여서 좋아요",https://phinf.pstatic.net/checkout.phinf/20210217_152/1613548771381kgxE0_JPEG/review-attachment-ec0bf13f-127c-4807-b7ff-215e61e38608.jpeg?type=f300_300,cofl****,20.12.24.
76,5,침대만 구매했다가 협탁도 필요할듯 하여 추가구매했어요. 생각보다 사이즈 크긴한데 튼튼해보이고 예뻐요,https://phinf.pstatic.net/checkout.phinf/20210201_256/1612158639663gWLlS_JPEG/review-attachment-6c3ab54c-ce94-48de-bc96-ddea7c5677c9.jpeg?type=f300_300,moi0****,20.12.15.
77,5,너무 예뻐요~ 서랍도 손으로 누르면 딸깍!하고 열리는 방식이라서 열고 닫기도 편하고 무엇보다 디자인이 진짜 너무너무 예쁩니다.,https://phinf.pstatic.net/checkout.phinf/20210309_10/16152439300846KTnU_JPEG/review-attachment-648bac49-8976-40ff-8778-004367ea27a9.jpeg?type=f300_300,qhfk****,20.12.05.
78,5,"방정리가 채 안되어 제자리에 못두고 임시로 뒀지만 모양 색깔 크기 다 맘에 듭니다! 생각보다 견고하기까지 하네요~
원터치방식(?)으로 열리고 닫히는 방식도 맘에 드네요!
정리 후 다음에 다시 수정해서 올려볼게용~",https://phinf.pstatic.net/checkout.phinf/20210323_223/1616458526071AaqWQ_JPEG/review-attachment-b01b5078-701c-445a-995a-a65075ce3b75.jpeg?type=f300_300,mmm_****,20.11.23.
79,5,일단 생각보다 수납이 많이 됩니다 생각보다 크구영 ㅎㅎ 침대 프레임이랑 같이 샀더니 찰떡입니다. 잘쓸께용,https://phinf.pstatic.net/checkout.phinf/20210302_101/1614654860303pmVPk_JPEG/review-attachment-e88d5520-b325-4620-b560-31182671b8a5.jpeg?type=f300_300,lje2****,20.12.23.
