﻿,star,review,reviewImage,customerId,reviewDate
0,5,"침대랑 세트로 구매했어요 
의외로 튼튼하고 서랍도 잘열리고 마음에들어요",https://phinf.pstatic.net/checkout.phinf/20210309_10/16152439300846KTnU_JPEG/review-attachment-648bac49-8976-40ff-8778-004367ea27a9.jpeg?type=f300_300,jung****,20.04.06.
1,5,"일단 친절한 상담 고맙습니다.
디자인 모두 맘에듭니다.",https://phinf.pstatic.net/checkout.phinf/20210323_223/1616458526071AaqWQ_JPEG/review-attachment-b01b5078-701c-445a-995a-a65075ce3b75.jpeg?type=f300_300,ae82****,19.02.07.
2,5,"침대와 협탁을 세트로 구매했는데,  안샀으면 후회할뻔 했어요. 서랍이 있어 편하고 높이도 적당하니 이뻐요.",https://phinf.pstatic.net/checkout.phinf/20210302_101/1614654860303pmVPk_JPEG/review-attachment-e88d5520-b325-4620-b560-31182671b8a5.jpeg?type=f300_300,ihj9****,19.01.20.
3,5,침대랑 협탁하나 주문해서 아쉽더라구요 그래서 다시 협탁만 주문했어요ㅋ 이제 침실이 맘에드네요,https://phinf.pstatic.net/checkout.phinf/20210320_238/161625127633752fXi_JPEG/review-attachment-8d547555-b09e-42f7-8133-62b96c0fd4e8.jpeg?type=f300_300,ae82****,19.01.23.
4,5,"샘플천을 받았으면 하는 아쉬움이 있어요!
침대 색과 색이 잘 맞았다면 참 좋았겠어요!
마무리 깔끔하게 되어있고 좋습니다.",https://phinf.pstatic.net/checkout.phinf/20210317_79/1615991623938LP6Tt_JPEG/review-attachment-4f0fb223-188a-4857-966b-cca642e40fa5.jpeg?type=f300_300,call****,19.02.01.
