﻿,star,review,reviewImage,customerId,reviewDate
0,5,"침대 옆에 두고 나이트스탠드 두려고 샀어요
아무래도 자기 전에 읽었던 책이나 물컵 등을 두려면 협탁이 필요할것 같아서요.
딸이 요긴하게 썼으면 좋겠네요^^
아주 연한 핑크가 감돌아서 딸아이 방이 너무 예뻐요",https://phinf.pstatic.net/checkout.phinf/20210309_10/16152439300846KTnU_JPEG/review-attachment-648bac49-8976-40ff-8778-004367ea27a9.jpeg?type=f300_300,ewws****,21.03.08.
1,5,이뻐요~~  협탁은 고민했는데 역시 세트로 있으니 예쁘네요 잘쓸게요,https://phinf.pstatic.net/checkout.phinf/20210323_223/1616458526071AaqWQ_JPEG/review-attachment-b01b5078-701c-445a-995a-a65075ce3b75.jpeg?type=f300_300,ppo1****,21.03.24.
2,5,"생각보다 커서 은근히 들어가는게많고 
실용적인거같아요ㅎㅎ",https://phinf.pstatic.net/checkout.phinf/20210302_101/1614654860303pmVPk_JPEG/review-attachment-e88d5520-b325-4620-b560-31182671b8a5.jpeg?type=f300_300,gusw****,21.03.23.
3,4,디자인은 예쁜데 페인트 냄새 빼는데 한참 걸려요~,https://phinf.pstatic.net/checkout.phinf/20210320_238/161625127633752fXi_JPEG/review-attachment-8d547555-b09e-42f7-8133-62b96c0fd4e8.jpeg?type=f300_300,0yun****,21.03.23.
4,5,침대랑 세트로 구매했어요 ~!,https://phinf.pstatic.net/checkout.phinf/20210317_79/1615991623938LP6Tt_JPEG/review-attachment-4f0fb223-188a-4857-966b-cca642e40fa5.jpeg?type=f300_300,j_92****,21.03.25.
5,5,"이사날 맞춰서 받았는데 아이들이 너무 좋아해요
색깔도 고급스럽고 만져보면 자재나 마감 정말 좋아요 
기사님이 먼저 설치해놓고 가셔서 사진도 보내주시고 정말 맘에 들어요^^
좋은 제품 감사합니다",https://phinf.pstatic.net/checkout.phinf/20210326_128/1616734837348fnCTR_JPEG/review-attachment-38d39966-f7f3-4a7f-8b9b-c6dd145fbdee.jpeg?type=f300_300,vivi****,21.02.19.
6,5,이쁘고 생각보다 수납도 좋아요~ 다만 냄새가 너무 나서 걱정입니다.. 일주일째 냄새가 빠지질 않아요ㅠㅠ,https://phinf.pstatic.net/checkout.phinf/20210326_90/1616725765589EluUh_JPEG/review-attachment-3ce5a608-3e5c-41f3-b53e-932b43874a21.jpeg?type=f300_300,dmsa****,21.02.03.
7,4,"두아이 침대사이에 딱이네요ㅎㅎ
수납도되고 좋아요. 조명올려두기딱이예요",https://phinf.pstatic.net/checkout.phinf/20210311_181/16153908219153d6MN_JPEG/review-attachment-2a742365-113f-4473-96e2-33e6626a2576.jpeg?type=f300_300,gusw****,21.02.10.
8,5,"애들 방 분리하면서 사용하던 협탁 추가 구매입니다. 
가구가 아주 단단하고 도색이 꼼꼼 합니다. 침대랑 협탁 두셋트 사용중인데 매우 만족입니다. 특히 색상은 제가본 베이비 핑크중 최고입니다^^",https://phinf.pstatic.net/checkout.phinf/20210118_182/1610896999532lT0GN_JPEG/review-attachment-ebb210c9-c2f4-49b0-b059-64204ec41bd2.jpeg?type=f300_300,pigl****,21.01.26.
9,5,"색상이 과하지도 않고 너무 사랑스러운 느낌이예요
예쁩니다",https://phinf.pstatic.net/image.nmv/shopnbuyer_2021_01_11_0/f1f667ae-53b7-11eb-9ca7-48df379ccacc_03.jpg?type=ffn300_300,ahdh****,21.02.07.
10,3,침대랑 같이 구매해서 잘 사용하고있어요,https://phinf.pstatic.net/checkout.phinf/20210303_251/1614745157783pfCAY_JPEG/review-attachment-88681ab3-ca32-4489-ad2d-95dc212587fa.jpeg?type=f300_300,psy4****,21.02.01.
11,5,침대와 같이 구매했는데 같은 핑크는 아니지만 잘 어울려서 좋아요!,https://phinf.pstatic.net/checkout.phinf/20210311_76/1615390281821YudiK_JPEG/review-attachment-b464f07f-2e49-4620-8ac3-a967ee217cf4.jpeg?type=f300_300,goje****,21.02.11.
12,5,너무 맘에들어요~침대만사서 고민하다가 샀는데 너무 잘산고 같아요,https://phinf.pstatic.net/image.nmv/shopnbuyer_2021_01_04_0/5e8e494f-4e77-11eb-a803-a0369ff94ec8_03.jpg?type=ffn300_300,coau****,21.01.12.
13,5,"오프라인 매장에서 실물 보았는데 예뻐서 결국 샀습니다.여러번 도장처리해서인지 매끄럽고 예뻐요.
서럽도 약간 냄새는 나지만 부드럽게 잘열리고 공간도 넉넉합니다",https://phinf.pstatic.net/checkout.phinf/20210206_297/1612617030683Q87H5_JPEG/review-attachment-19ca8ceb-bf30-4587-917c-206c591be48a.jpeg?type=f300_300,ezia****,20.11.20.
14,5,아이도 좋아하고 배송해주시는 분도 넘 친절하시고 다음에 화장대 사러 올게요,https://phinf.pstatic.net/checkout.phinf/20210109_70/16101906551308Ew4b_JPEG/review-attachment-ae096340-30e9-476c-9c65-a06dae905b7b.jpeg?type=f300_300,psy4****,20.12.18.
15,5,아이들 잘때 찍어서 어둡지만 깔끔하고 이뻐요. 잘샀네요,https://phinf.pstatic.net/checkout.phinf/20210217_152/1613548771381kgxE0_JPEG/review-attachment-ec0bf13f-127c-4807-b7ff-215e61e38608.jpeg?type=f300_300,doha****,20.12.11.
16,5,아이들이 많이 좋아하네요~,https://phinf.pstatic.net/checkout.phinf/20210201_256/1612158639663gWLlS_JPEG/review-attachment-6c3ab54c-ce94-48de-bc96-ddea7c5677c9.jpeg?type=f300_300,bled****,21.01.06.
17,5,딸이 너무 좋아해요~~~~,https://phinf.pstatic.net/checkout.phinf/20210309_10/16152439300846KTnU_JPEG/review-attachment-648bac49-8976-40ff-8778-004367ea27a9.jpeg?type=f300_300,hjmh****,20.12.12.
18,5,딸이좋아합니다. 마음에들어요,https://phinf.pstatic.net/checkout.phinf/20210323_223/1616458526071AaqWQ_JPEG/review-attachment-b01b5078-701c-445a-995a-a65075ce3b75.jpeg?type=f300_300,cool****,20.12.03.
19,5,"설치 친절하게 잘 해주셨어요
실제로보니 더 예쁘네요",https://phinf.pstatic.net/checkout.phinf/20210302_101/1614654860303pmVPk_JPEG/review-attachment-e88d5520-b325-4620-b560-31182671b8a5.jpeg?type=f300_300,heyg****,20.10.27.
20,5,"침대 옆에 두고 나이트스탠드 두려고 샀어요
아무래도 자기 전에 읽었던 책이나 물컵 등을 두려면 협탁이 필요할것 같아서요.
딸이 요긴하게 썼으면 좋겠네요^^
아주 연한 핑크가 감돌아서 딸아이 방이 너무 예뻐요",https://phinf.pstatic.net/checkout.phinf/20210309_10/16152439300846KTnU_JPEG/review-attachment-648bac49-8976-40ff-8778-004367ea27a9.jpeg?type=f300_300,ewws****,21.03.08.
21,5,이뻐요~~  협탁은 고민했는데 역시 세트로 있으니 예쁘네요 잘쓸게요,https://phinf.pstatic.net/checkout.phinf/20210323_223/1616458526071AaqWQ_JPEG/review-attachment-b01b5078-701c-445a-995a-a65075ce3b75.jpeg?type=f300_300,ppo1****,21.03.24.
22,5,"생각보다 커서 은근히 들어가는게많고 
실용적인거같아요ㅎㅎ",https://phinf.pstatic.net/checkout.phinf/20210302_101/1614654860303pmVPk_JPEG/review-attachment-e88d5520-b325-4620-b560-31182671b8a5.jpeg?type=f300_300,gusw****,21.03.23.
23,4,디자인은 예쁜데 페인트 냄새 빼는데 한참 걸려요~,https://phinf.pstatic.net/checkout.phinf/20210320_238/161625127633752fXi_JPEG/review-attachment-8d547555-b09e-42f7-8133-62b96c0fd4e8.jpeg?type=f300_300,0yun****,21.03.23.
24,5,침대랑 세트로 구매했어요 ~!,https://phinf.pstatic.net/checkout.phinf/20210317_79/1615991623938LP6Tt_JPEG/review-attachment-4f0fb223-188a-4857-966b-cca642e40fa5.jpeg?type=f300_300,j_92****,21.03.25.
25,5,"이사날 맞춰서 받았는데 아이들이 너무 좋아해요
색깔도 고급스럽고 만져보면 자재나 마감 정말 좋아요 
기사님이 먼저 설치해놓고 가셔서 사진도 보내주시고 정말 맘에 들어요^^
좋은 제품 감사합니다",https://phinf.pstatic.net/checkout.phinf/20210326_128/1616734837348fnCTR_JPEG/review-attachment-38d39966-f7f3-4a7f-8b9b-c6dd145fbdee.jpeg?type=f300_300,vivi****,21.02.19.
26,5,이쁘고 생각보다 수납도 좋아요~ 다만 냄새가 너무 나서 걱정입니다.. 일주일째 냄새가 빠지질 않아요ㅠㅠ,https://phinf.pstatic.net/checkout.phinf/20210326_90/1616725765589EluUh_JPEG/review-attachment-3ce5a608-3e5c-41f3-b53e-932b43874a21.jpeg?type=f300_300,dmsa****,21.02.03.
27,4,"두아이 침대사이에 딱이네요ㅎㅎ
수납도되고 좋아요. 조명올려두기딱이예요",https://phinf.pstatic.net/checkout.phinf/20210311_181/16153908219153d6MN_JPEG/review-attachment-2a742365-113f-4473-96e2-33e6626a2576.jpeg?type=f300_300,gusw****,21.02.10.
28,5,"애들 방 분리하면서 사용하던 협탁 추가 구매입니다. 
가구가 아주 단단하고 도색이 꼼꼼 합니다. 침대랑 협탁 두셋트 사용중인데 매우 만족입니다. 특히 색상은 제가본 베이비 핑크중 최고입니다^^",https://phinf.pstatic.net/checkout.phinf/20210118_182/1610896999532lT0GN_JPEG/review-attachment-ebb210c9-c2f4-49b0-b059-64204ec41bd2.jpeg?type=f300_300,pigl****,21.01.26.
29,5,"색상이 과하지도 않고 너무 사랑스러운 느낌이예요
예쁩니다",https://phinf.pstatic.net/image.nmv/shopnbuyer_2021_01_11_0/f1f667ae-53b7-11eb-9ca7-48df379ccacc_03.jpg?type=ffn300_300,ahdh****,21.02.07.
30,3,침대랑 같이 구매해서 잘 사용하고있어요,https://phinf.pstatic.net/checkout.phinf/20210303_251/1614745157783pfCAY_JPEG/review-attachment-88681ab3-ca32-4489-ad2d-95dc212587fa.jpeg?type=f300_300,psy4****,21.02.01.
31,5,침대와 같이 구매했는데 같은 핑크는 아니지만 잘 어울려서 좋아요!,https://phinf.pstatic.net/checkout.phinf/20210311_76/1615390281821YudiK_JPEG/review-attachment-b464f07f-2e49-4620-8ac3-a967ee217cf4.jpeg?type=f300_300,goje****,21.02.11.
32,5,너무 맘에들어요~침대만사서 고민하다가 샀는데 너무 잘산고 같아요,https://phinf.pstatic.net/image.nmv/shopnbuyer_2021_01_04_0/5e8e494f-4e77-11eb-a803-a0369ff94ec8_03.jpg?type=ffn300_300,coau****,21.01.12.
33,5,"오프라인 매장에서 실물 보았는데 예뻐서 결국 샀습니다.여러번 도장처리해서인지 매끄럽고 예뻐요.
서럽도 약간 냄새는 나지만 부드럽게 잘열리고 공간도 넉넉합니다",https://phinf.pstatic.net/checkout.phinf/20210206_297/1612617030683Q87H5_JPEG/review-attachment-19ca8ceb-bf30-4587-917c-206c591be48a.jpeg?type=f300_300,ezia****,20.11.20.
34,5,아이도 좋아하고 배송해주시는 분도 넘 친절하시고 다음에 화장대 사러 올게요,https://phinf.pstatic.net/checkout.phinf/20210109_70/16101906551308Ew4b_JPEG/review-attachment-ae096340-30e9-476c-9c65-a06dae905b7b.jpeg?type=f300_300,psy4****,20.12.18.
35,5,아이들 잘때 찍어서 어둡지만 깔끔하고 이뻐요. 잘샀네요,https://phinf.pstatic.net/checkout.phinf/20210217_152/1613548771381kgxE0_JPEG/review-attachment-ec0bf13f-127c-4807-b7ff-215e61e38608.jpeg?type=f300_300,doha****,20.12.11.
36,5,아이들이 많이 좋아하네요~,https://phinf.pstatic.net/checkout.phinf/20210201_256/1612158639663gWLlS_JPEG/review-attachment-6c3ab54c-ce94-48de-bc96-ddea7c5677c9.jpeg?type=f300_300,bled****,21.01.06.
37,5,딸이 너무 좋아해요~~~~,https://phinf.pstatic.net/checkout.phinf/20210309_10/16152439300846KTnU_JPEG/review-attachment-648bac49-8976-40ff-8778-004367ea27a9.jpeg?type=f300_300,hjmh****,20.12.12.
38,5,딸이좋아합니다. 마음에들어요,https://phinf.pstatic.net/checkout.phinf/20210323_223/1616458526071AaqWQ_JPEG/review-attachment-b01b5078-701c-445a-995a-a65075ce3b75.jpeg?type=f300_300,cool****,20.12.03.
39,5,"설치 친절하게 잘 해주셨어요
실제로보니 더 예쁘네요",https://phinf.pstatic.net/checkout.phinf/20210302_101/1614654860303pmVPk_JPEG/review-attachment-e88d5520-b325-4620-b560-31182671b8a5.jpeg?type=f300_300,heyg****,20.10.27.
40,5,예쁘네요~^^침대랑세트라더잘어울려요,https://phinf.pstatic.net/checkout.phinf/20210309_10/16152439300846KTnU_JPEG/review-attachment-648bac49-8976-40ff-8778-004367ea27a9.jpeg?type=f300_300,twos****,20.10.06.
41,5,"너무 예뻐요
베이비핑크랑 고민했는데
안젤리나화이트로 하길 잘한것 같아요!",https://phinf.pstatic.net/checkout.phinf/20210323_223/1616458526071AaqWQ_JPEG/review-attachment-b01b5078-701c-445a-995a-a65075ce3b75.jpeg?type=f300_300,soul****,20.09.29.
42,5,"깔끔하고이뻐요,침대옆에두니 좋네요",https://phinf.pstatic.net/checkout.phinf/20210302_101/1614654860303pmVPk_JPEG/review-attachment-e88d5520-b325-4620-b560-31182671b8a5.jpeg?type=f300_300,pian****,20.09.02.
43,4,"27개월인데 첫침대를 장만해주었어요~ 오프라인으로 다니기 귀찮아서 그냥 검색해서 주문했는데 평도 좋고 사진으로 봐도 이쁘고~ 이쁜거 위주로 찾다보니 ㅠ 받아보니 튼튼하고 너무 이쁘네요~~ 
세트로 협탁도 같이 주문했어요 ㅠ 핑크가 끌렷는데 방 분위기로는 화이트가 어울릴러 같아 화이트 주문햤네요
단점이라면 도정때문에 냄새가 너무 나요 ㅠㅠ 삼일 밤낮으로 공청기틀고 창문열어놧네요~",https://phinf.pstatic.net/checkout.phinf/20210320_238/161625127633752fXi_JPEG/review-attachment-8d547555-b09e-42f7-8133-62b96c0fd4e8.jpeg?type=f300_300,myou****,20.07.20.
44,4,침대와 세트로 구입하길 잘한거 같아요. 협탁이 깔끔한 디자인에 정말 예뻐요. 원목이라 튼튼하네요.,https://phinf.pstatic.net/checkout.phinf/20210317_79/1615991623938LP6Tt_JPEG/review-attachment-4f0fb223-188a-4857-966b-cca642e40fa5.jpeg?type=f300_300,pros****,20.08.06.
45,3,"침대랑 세트라 잘 어울리고 예뻐요~
잘보이는곳에 페인트 불량인 부분이 있어서 속상했지만ㅜ 침대살때 주셨던 메니큐어 있어서 그냥 바르고 쓰려구요~~",https://phinf.pstatic.net/checkout.phinf/20210326_128/1616734837348fnCTR_JPEG/review-attachment-38d39966-f7f3-4a7f-8b9b-c6dd145fbdee.jpeg?type=f300_300,pear****,20.07.28.
46,5,핑크빛이 도는 화이트 여서 딸아이방에 잘 어울리고 원목이여서 튼튼하고 디자인이 깔끔합니다.,https://phinf.pstatic.net/checkout.phinf/20210326_90/1616725765589EluUh_JPEG/review-attachment-3ce5a608-3e5c-41f3-b53e-932b43874a21.jpeg?type=f300_300,6hyh****,20.08.10.
47,5,예쁘고 서랍도 부드러워요,https://phinf.pstatic.net/checkout.phinf/20210311_181/16153908219153d6MN_JPEG/review-attachment-2a742365-113f-4473-96e2-33e6626a2576.jpeg?type=f300_300,soss****,20.08.12.
48,5,"안데르센 앨리스침대 구입 후 여유공간이 있어서 찜뽕해두었던 협탁도 같은색상으로 구입했습니다^^ 역시나 너무너무 예쁘네요..
아이가 원하는 핑크핑크로 꾸며주었답니다.
튼튼해서 오래오래 쓸수잇을것같아요^^",https://phinf.pstatic.net/checkout.phinf/20210118_182/1610896999532lT0GN_JPEG/review-attachment-ebb210c9-c2f4-49b0-b059-64204ec41bd2.jpeg?type=f300_300,lcra****,20.06.30.
49,4,집에있는 침대색이랑 비슷해서 주문했는데 똑같네요. 튼튼하고 좋아요.,https://phinf.pstatic.net/image.nmv/shopnbuyer_2021_01_11_0/f1f667ae-53b7-11eb-9ca7-48df379ccacc_03.jpg?type=ffn300_300,invy****,20.07.04.
50,4,"첫딸 협탁이 드디어 왔어요~!!
설치 기사님도 너무 친절하셨어요.
딸이 보자마자 너무 좋아하네요~!!
다소 부담스러운 가격이었지만 딸이 너무 좋아하니 부담감이 확~ 사라지더라구요^^
견고함과 세련미까지 완전 안데르센 가구 사랑에 빠졌어요~!!
이쁘게 잘 쓰겠습니다♥
둘째때 꼭 재구매 할게요^^
번창하세요!!",https://phinf.pstatic.net/checkout.phinf/20210303_251/1614745157783pfCAY_JPEG/review-attachment-88681ab3-ca32-4489-ad2d-95dc212587fa.jpeg?type=f300_300,pink****,20.05.08.
51,5,색이 너무 예쁘고 수납도 꽤 넉넉하고 튼튼해요,https://phinf.pstatic.net/checkout.phinf/20210311_76/1615390281821YudiK_JPEG/review-attachment-b464f07f-2e49-4620-8ac3-a967ee217cf4.jpeg?type=f300_300,mys_****,20.06.09.
52,5,"안젤리나화이트를 시켰는데 약간 분홍색이 있어서 .. 
그래도 디자인이 이뻐서 쓰려구요",https://phinf.pstatic.net/image.nmv/shopnbuyer_2021_01_04_0/5e8e494f-4e77-11eb-a803-a0369ff94ec8_03.jpg?type=ffn300_300,sson****,20.06.08.
53,5,"침대 프레임하고 색이 딱맞네요. 
맘에 드네요.",https://phinf.pstatic.net/checkout.phinf/20210206_297/1612617030683Q87H5_JPEG/review-attachment-19ca8ceb-bf30-4587-917c-206c591be48a.jpeg?type=f300_300,iner****,20.04.23.
54,5,견고하고 색상도 너무이쁩니다. 기사님이 너무 친절하셨어요. 저희집이 저층형이라 엘리베이터가 없는데 미리 말씀을 안드려서 너무 고생하셨어요 ㅜㅠ,https://phinf.pstatic.net/checkout.phinf/20210109_70/16101906551308Ew4b_JPEG/review-attachment-ae096340-30e9-476c-9c65-a06dae905b7b.jpeg?type=f300_300,buzz****,20.05.04.
55,5,"화면과 같아요~~! 
색상도 깔끔하고 이뻐요^^",https://phinf.pstatic.net/checkout.phinf/20210217_152/1613548771381kgxE0_JPEG/review-attachment-ec0bf13f-127c-4807-b7ff-215e61e38608.jpeg?type=f300_300,7zoo****,20.04.29.
56,4,협탁위에 아이 사진도 올려놓고 좋아하는 인형도 놓고 활용도 있어요~^^,https://phinf.pstatic.net/checkout.phinf/20210201_256/1612158639663gWLlS_JPEG/review-attachment-6c3ab54c-ce94-48de-bc96-ddea7c5677c9.jpeg?type=f300_300,tnwj****,20.04.11.
57,5,"배송기사분도 친절하시고 
가구도 너무예뻐요
침대는 다른 브랜드라 안어울릴까 걱정했는데 너무 잘 어울려고",https://phinf.pstatic.net/checkout.phinf/20210309_10/16152439300846KTnU_JPEG/review-attachment-648bac49-8976-40ff-8778-004367ea27a9.jpeg?type=f300_300,0209****,20.04.10.
58,5,생각보다 작지 않고 위에 인형이랑 가습기 충분히 올려 놓을 수 있어요. 침대랑 잘 어울리고 예쁘네요. ㅎㅎ,https://phinf.pstatic.net/checkout.phinf/20210323_223/1616458526071AaqWQ_JPEG/review-attachment-b01b5078-701c-445a-995a-a65075ce3b75.jpeg?type=f300_300,ccho****,20.02.22.
59,5,"레일이 예술입니다. 너무 부드럽고, 색상은 또 얼마나 예쁜지,, 침대와 같이사길 잘했다는생각이 듭니다.",https://phinf.pstatic.net/checkout.phinf/20210302_101/1614654860303pmVPk_JPEG/review-attachment-e88d5520-b325-4620-b560-31182671b8a5.jpeg?type=f300_300,pmk1****,19.12.25.
