﻿,star,review,reviewImage,customerId,reviewDate
0,1,"1. 배송은 빨랐습니다.
2. 처음 박스뜯자마자 곰팡이..? 아니면 그냥 오염?
    충격완화용(?) 박스라 내용물은 괜찮겠지하고 조립
3. 제품 곳곳에 이염/페인트 덜 발림
4. 조립설명서가 불친절. 나사 이름이라도 적어주면 조립하는데 훨 편할듯하네요. 조립이 어렵다는게 이런 의미였군요.
5. 다리가 흔들흔들? 제대로 고정이 안됨
   협탁이랑 연결하면 어느정도 고정이 가능
저렴한 가격에 그냥 대충 쓰기로했습니다.",https://phinf.pstatic.net/checkout.phinf/20210309_10/16152439300846KTnU_JPEG/review-attachment-648bac49-8976-40ff-8778-004367ea27a9.jpeg?type=f300_300,ghgh****,21.03.18.
1,4,"조립식이어서 설명서 보면서 하니 어렵지는 않지만
시간이 조금 걸려요.
그리고 포장안에 나무 및 스치로폼 가루가 있어서
정전기로 인해 제거하는데 어려웠습니다.
가구는 튼튼하고 침대옆에 물건 올려놓고 사용하기에는 좋습니다.",https://phinf.pstatic.net/checkout.phinf/20210323_223/1616458526071AaqWQ_JPEG/review-attachment-b01b5078-701c-445a-995a-a65075ce3b75.jpeg?type=f300_300,rsh0****,21.03.23.
2,4,"배송 빠르고 포장은 잘해주셨어요
단 유리섬유같은 플라스틱 이 너무  많이 붙어있어서  집에서 조립하기에 좀 무리가있어보여요
제품은 좋아요 잘쓸께요~^^",https://phinf.pstatic.net/checkout.phinf/20210302_101/1614654860303pmVPk_JPEG/review-attachment-e88d5520-b325-4620-b560-31182671b8a5.jpeg?type=f300_300,bd01****,21.02.28.
3,3,조립은 절대 쉽지 않으나 튼튼하고 아주 이뻐요 제가 원하는 스타일이라 조립힘들다는거 감안하고 구입했네요 남자도 조립하기 쉽지않아요 초코양락님께 선물하고 싶네요,https://phinf.pstatic.net/checkout.phinf/20210320_238/161625127633752fXi_JPEG/review-attachment-8d547555-b09e-42f7-8133-62b96c0fd4e8.jpeg?type=f300_300,wjdd****,21.02.02.
4,1,진짜 조립하기 힘들었어여..,https://phinf.pstatic.net/checkout.phinf/20210317_79/1615991623938LP6Tt_JPEG/review-attachment-4f0fb223-188a-4857-966b-cca642e40fa5.jpeg?type=f300_300,rnjs****,21.03.14.
5,4,일단 조립 설명서가 너무 불친절합니다. 또한 뒷판은 깨져서 왔으며 구멍이 뚫려있어야 하는 곳에 구멍이 뚫려있지 않아 직접 뚫어서 조립해야했습다. 이 가격이라면 다른 상품 구매하는게 더 좋을 것 같습니다.,https://phinf.pstatic.net/checkout.phinf/20210326_128/1616734837348fnCTR_JPEG/review-attachment-38d39966-f7f3-4a7f-8b9b-c6dd145fbdee.jpeg?type=f300_300,xoru****,21.02.15.
6,4,튼튼하고. 견고하며 디자인 깔끔해서 좋아요,https://phinf.pstatic.net/checkout.phinf/20210326_90/1616725765589EluUh_JPEG/review-attachment-3ce5a608-3e5c-41f3-b53e-932b43874a21.jpeg?type=f300_300,kcgk****,21.03.20.
7,4,"사이즈 적당하고 예뻐요.
불친절한 설명서는 아쉽.
사악한 배송비도 아쉽.
무게는 상당한데 나무가 약한건지 조립할때 자칫 힘을 세게 주면 나무가 상할수도 있으니 전동드라이버보단 일반 드라이버로 힘조절 해가며 피스 박는걸 권해드립니다.",https://phinf.pstatic.net/checkout.phinf/20210311_181/16153908219153d6MN_JPEG/review-attachment-2a742365-113f-4473-96e2-33e6626a2576.jpeg?type=f300_300,well****,21.02.11.
8,3,만드는건 좀 어렵습니다 무게도 있는편이라 힘들었어요 나사를 세게 조이면 페인트 벗겨지듯 구멍주변이 부서집니다 조심해야될듯해요 프레임없이 침대를 두고 써서 협탁 다리는 안달았는데 맘에들어요,https://phinf.pstatic.net/checkout.phinf/20210118_182/1610896999532lT0GN_JPEG/review-attachment-ebb210c9-c2f4-49b0-b059-64204ec41bd2.jpeg?type=f300_300,lds5****,21.02.16.
9,1,조립 2시간 걸렸지만 좋아요,https://phinf.pstatic.net/image.nmv/shopnbuyer_2021_01_11_0/f1f667ae-53b7-11eb-9ca7-48df379ccacc_03.jpg?type=ffn300_300,saws****,21.03.06.
10,4,"좋아요 편해요
많이파세요~",https://phinf.pstatic.net/checkout.phinf/20210303_251/1614745157783pfCAY_JPEG/review-attachment-88681ab3-ca32-4489-ad2d-95dc212587fa.jpeg?type=f300_300,weep****,21.03.14.
11,4,만들고 나니 뿌듯해요,https://phinf.pstatic.net/checkout.phinf/20210311_76/1615390281821YudiK_JPEG/review-attachment-b464f07f-2e49-4620-8ac3-a967ee217cf4.jpeg?type=f300_300,ppak****,21.02.02.
12,5,"남자분들이라면 다들 집에 전동드릴도 있고 무슨 조립비를 내고 시키나 해서 직접 조립 하시라라 생각합니다    조립전에 두시간 걸린다는 글 보고 설마 했습니다     나름 웬만한건 다 만진다고 자신했거든요      받아보니 일단 설명서가 친절하지 않습니다      글씨도 도면도 다 작아요    
조립시 참고하시리라 적어 봅니다
1. 한번 조립하다가 빼먹은게  나오면 다시 다 분해해야 하는데 나사가 싸구려라 십자부분이 몇번 돌리면 문드러지니 꼭 대략 맞춰보고(갖다 대보고 빠진거 살펴보세요) 한번에 조립하셔야 수월합니다
2. 멘붕은 다리부분인데 밑에 어떤분이 쓰신것처럼 나사가 짧다 하시는데 저도 여기서 나사가 잘 못 됐다 생각하고 그냥 못질하고 말까 고민했습니다
아닙니다 사이즈 맞아요   요령은 전동드릴 쓰시지 말고 볼트를 살살 돌려서 갈고리 걸듯이 걸고 전동으로 꽉 조이세요 걸립니다  
3. 마지막 팁은 십자 머리가 문개지면 일자드라이버를 쓰세요

그래도 만들고나니 무게감도 있고 뿌듯합니다",https://phinf.pstatic.net/image.nmv/shopnbuyer_2021_01_04_0/5e8e494f-4e77-11eb-a803-a0369ff94ec8_03.jpg?type=ffn300_300,bigj****,20.12.21.
13,5,생각보다크네요 조립이 엄청 시간걸립니다..,https://phinf.pstatic.net/checkout.phinf/20210206_297/1612617030683Q87H5_JPEG/review-attachment-19ca8ceb-bf30-4587-917c-206c591be48a.jpeg?type=f300_300,cldp****,21.02.06.
14,4,레일조립할때 살짝 헷갈렸지만 여자혼자 조립 할만해요..근데 다른분들이 말씀하신것처럼 나사조일때 너무 꽉하면 나무에 금이가버리네요..조심해야할것같아요..,https://phinf.pstatic.net/checkout.phinf/20210109_70/16101906551308Ew4b_JPEG/review-attachment-ae096340-30e9-476c-9c65-a06dae905b7b.jpeg?type=f300_300,happ****,21.01.25.
15,5,색상 예뻐요 근데 조립하는데 시간 오래걸렸ㅇㅓ요,https://phinf.pstatic.net/checkout.phinf/20210217_152/1613548771381kgxE0_JPEG/review-attachment-ec0bf13f-127c-4807-b7ff-215e61e38608.jpeg?type=f300_300,ttgh****,21.02.04.
16,4,재주문이에요~ 조립이 좀 힘들지만 이뻐서 또 샀어용,https://phinf.pstatic.net/checkout.phinf/20210201_256/1612158639663gWLlS_JPEG/review-attachment-6c3ab54c-ce94-48de-bc96-ddea7c5677c9.jpeg?type=f300_300,juri****,21.02.20.
17,5,"조립하는건 조금 복잡했지만, 전체적으로는 만족스럽네요. 아들 침대협탁으로 쓰려는데 딱 좋아요",https://phinf.pstatic.net/checkout.phinf/20210309_10/16152439300846KTnU_JPEG/review-attachment-648bac49-8976-40ff-8778-004367ea27a9.jpeg?type=f300_300,rsh0****,21.02.10.
18,4,조립이 생각보다 어려웠어요ㅋ 못할건아니지만 좀 힘들었고 하지만 결과물이 마음에 들어요!!,https://phinf.pstatic.net/checkout.phinf/20210323_223/1616458526071AaqWQ_JPEG/review-attachment-b01b5078-701c-445a-995a-a65075ce3b75.jpeg?type=f300_300,agai****,21.01.21.
19,4,좋아요..감사합니다,https://phinf.pstatic.net/checkout.phinf/20210302_101/1614654860303pmVPk_JPEG/review-attachment-e88d5520-b325-4620-b560-31182671b8a5.jpeg?type=f300_300,godh****,21.02.17.
20,1,"1. 배송은 빨랐습니다.
2. 처음 박스뜯자마자 곰팡이..? 아니면 그냥 오염?
    충격완화용(?) 박스라 내용물은 괜찮겠지하고 조립
3. 제품 곳곳에 이염/페인트 덜 발림
4. 조립설명서가 불친절. 나사 이름이라도 적어주면 조립하는데 훨 편할듯하네요. 조립이 어렵다는게 이런 의미였군요.
5. 다리가 흔들흔들? 제대로 고정이 안됨
   협탁이랑 연결하면 어느정도 고정이 가능
저렴한 가격에 그냥 대충 쓰기로했습니다.",https://phinf.pstatic.net/checkout.phinf/20210309_10/16152439300846KTnU_JPEG/review-attachment-648bac49-8976-40ff-8778-004367ea27a9.jpeg?type=f300_300,ghgh****,21.03.18.
21,4,"조립식이어서 설명서 보면서 하니 어렵지는 않지만
시간이 조금 걸려요.
그리고 포장안에 나무 및 스치로폼 가루가 있어서
정전기로 인해 제거하는데 어려웠습니다.
가구는 튼튼하고 침대옆에 물건 올려놓고 사용하기에는 좋습니다.",https://phinf.pstatic.net/checkout.phinf/20210323_223/1616458526071AaqWQ_JPEG/review-attachment-b01b5078-701c-445a-995a-a65075ce3b75.jpeg?type=f300_300,rsh0****,21.03.23.
22,4,"배송 빠르고 포장은 잘해주셨어요
단 유리섬유같은 플라스틱 이 너무  많이 붙어있어서  집에서 조립하기에 좀 무리가있어보여요
제품은 좋아요 잘쓸께요~^^",https://phinf.pstatic.net/checkout.phinf/20210302_101/1614654860303pmVPk_JPEG/review-attachment-e88d5520-b325-4620-b560-31182671b8a5.jpeg?type=f300_300,bd01****,21.02.28.
23,3,조립은 절대 쉽지 않으나 튼튼하고 아주 이뻐요 제가 원하는 스타일이라 조립힘들다는거 감안하고 구입했네요 남자도 조립하기 쉽지않아요 초코양락님께 선물하고 싶네요,https://phinf.pstatic.net/checkout.phinf/20210320_238/161625127633752fXi_JPEG/review-attachment-8d547555-b09e-42f7-8133-62b96c0fd4e8.jpeg?type=f300_300,wjdd****,21.02.02.
24,1,진짜 조립하기 힘들었어여..,https://phinf.pstatic.net/checkout.phinf/20210317_79/1615991623938LP6Tt_JPEG/review-attachment-4f0fb223-188a-4857-966b-cca642e40fa5.jpeg?type=f300_300,rnjs****,21.03.14.
25,4,일단 조립 설명서가 너무 불친절합니다. 또한 뒷판은 깨져서 왔으며 구멍이 뚫려있어야 하는 곳에 구멍이 뚫려있지 않아 직접 뚫어서 조립해야했습다. 이 가격이라면 다른 상품 구매하는게 더 좋을 것 같습니다.,https://phinf.pstatic.net/checkout.phinf/20210326_128/1616734837348fnCTR_JPEG/review-attachment-38d39966-f7f3-4a7f-8b9b-c6dd145fbdee.jpeg?type=f300_300,xoru****,21.02.15.
26,4,튼튼하고. 견고하며 디자인 깔끔해서 좋아요,https://phinf.pstatic.net/checkout.phinf/20210326_90/1616725765589EluUh_JPEG/review-attachment-3ce5a608-3e5c-41f3-b53e-932b43874a21.jpeg?type=f300_300,kcgk****,21.03.20.
27,4,"사이즈 적당하고 예뻐요.
불친절한 설명서는 아쉽.
사악한 배송비도 아쉽.
무게는 상당한데 나무가 약한건지 조립할때 자칫 힘을 세게 주면 나무가 상할수도 있으니 전동드라이버보단 일반 드라이버로 힘조절 해가며 피스 박는걸 권해드립니다.",https://phinf.pstatic.net/checkout.phinf/20210311_181/16153908219153d6MN_JPEG/review-attachment-2a742365-113f-4473-96e2-33e6626a2576.jpeg?type=f300_300,well****,21.02.11.
28,3,만드는건 좀 어렵습니다 무게도 있는편이라 힘들었어요 나사를 세게 조이면 페인트 벗겨지듯 구멍주변이 부서집니다 조심해야될듯해요 프레임없이 침대를 두고 써서 협탁 다리는 안달았는데 맘에들어요,https://phinf.pstatic.net/checkout.phinf/20210118_182/1610896999532lT0GN_JPEG/review-attachment-ebb210c9-c2f4-49b0-b059-64204ec41bd2.jpeg?type=f300_300,lds5****,21.02.16.
29,1,조립 2시간 걸렸지만 좋아요,https://phinf.pstatic.net/image.nmv/shopnbuyer_2021_01_11_0/f1f667ae-53b7-11eb-9ca7-48df379ccacc_03.jpg?type=ffn300_300,saws****,21.03.06.
30,4,"좋아요 편해요
많이파세요~",https://phinf.pstatic.net/checkout.phinf/20210303_251/1614745157783pfCAY_JPEG/review-attachment-88681ab3-ca32-4489-ad2d-95dc212587fa.jpeg?type=f300_300,weep****,21.03.14.
31,4,만들고 나니 뿌듯해요,https://phinf.pstatic.net/checkout.phinf/20210311_76/1615390281821YudiK_JPEG/review-attachment-b464f07f-2e49-4620-8ac3-a967ee217cf4.jpeg?type=f300_300,ppak****,21.02.02.
32,5,"남자분들이라면 다들 집에 전동드릴도 있고 무슨 조립비를 내고 시키나 해서 직접 조립 하시라라 생각합니다    조립전에 두시간 걸린다는 글 보고 설마 했습니다     나름 웬만한건 다 만진다고 자신했거든요      받아보니 일단 설명서가 친절하지 않습니다      글씨도 도면도 다 작아요    
조립시 참고하시리라 적어 봅니다
1. 한번 조립하다가 빼먹은게  나오면 다시 다 분해해야 하는데 나사가 싸구려라 십자부분이 몇번 돌리면 문드러지니 꼭 대략 맞춰보고(갖다 대보고 빠진거 살펴보세요) 한번에 조립하셔야 수월합니다
2. 멘붕은 다리부분인데 밑에 어떤분이 쓰신것처럼 나사가 짧다 하시는데 저도 여기서 나사가 잘 못 됐다 생각하고 그냥 못질하고 말까 고민했습니다
아닙니다 사이즈 맞아요   요령은 전동드릴 쓰시지 말고 볼트를 살살 돌려서 갈고리 걸듯이 걸고 전동으로 꽉 조이세요 걸립니다  
3. 마지막 팁은 십자 머리가 문개지면 일자드라이버를 쓰세요

그래도 만들고나니 무게감도 있고 뿌듯합니다",https://phinf.pstatic.net/image.nmv/shopnbuyer_2021_01_04_0/5e8e494f-4e77-11eb-a803-a0369ff94ec8_03.jpg?type=ffn300_300,bigj****,20.12.21.
33,5,생각보다크네요 조립이 엄청 시간걸립니다..,https://phinf.pstatic.net/checkout.phinf/20210206_297/1612617030683Q87H5_JPEG/review-attachment-19ca8ceb-bf30-4587-917c-206c591be48a.jpeg?type=f300_300,cldp****,21.02.06.
34,4,레일조립할때 살짝 헷갈렸지만 여자혼자 조립 할만해요..근데 다른분들이 말씀하신것처럼 나사조일때 너무 꽉하면 나무에 금이가버리네요..조심해야할것같아요..,https://phinf.pstatic.net/checkout.phinf/20210109_70/16101906551308Ew4b_JPEG/review-attachment-ae096340-30e9-476c-9c65-a06dae905b7b.jpeg?type=f300_300,happ****,21.01.25.
35,5,색상 예뻐요 근데 조립하는데 시간 오래걸렸ㅇㅓ요,https://phinf.pstatic.net/checkout.phinf/20210217_152/1613548771381kgxE0_JPEG/review-attachment-ec0bf13f-127c-4807-b7ff-215e61e38608.jpeg?type=f300_300,ttgh****,21.02.04.
36,4,재주문이에요~ 조립이 좀 힘들지만 이뻐서 또 샀어용,https://phinf.pstatic.net/checkout.phinf/20210201_256/1612158639663gWLlS_JPEG/review-attachment-6c3ab54c-ce94-48de-bc96-ddea7c5677c9.jpeg?type=f300_300,juri****,21.02.20.
37,5,"조립하는건 조금 복잡했지만, 전체적으로는 만족스럽네요. 아들 침대협탁으로 쓰려는데 딱 좋아요",https://phinf.pstatic.net/checkout.phinf/20210309_10/16152439300846KTnU_JPEG/review-attachment-648bac49-8976-40ff-8778-004367ea27a9.jpeg?type=f300_300,rsh0****,21.02.10.
38,4,조립이 생각보다 어려웠어요ㅋ 못할건아니지만 좀 힘들었고 하지만 결과물이 마음에 들어요!!,https://phinf.pstatic.net/checkout.phinf/20210323_223/1616458526071AaqWQ_JPEG/review-attachment-b01b5078-701c-445a-995a-a65075ce3b75.jpeg?type=f300_300,agai****,21.01.21.
39,4,좋아요..감사합니다,https://phinf.pstatic.net/checkout.phinf/20210302_101/1614654860303pmVPk_JPEG/review-attachment-e88d5520-b325-4620-b560-31182671b8a5.jpeg?type=f300_300,godh****,21.02.17.
40,1,"많은분들이 조립이 어렵다고 하셔서 긴장하면서 했어요 
해야될게 많아서 시간은 좀 소요되지만
난이도가 엄청 높지는 않았아요,,!",https://phinf.pstatic.net/checkout.phinf/20210309_10/16152439300846KTnU_JPEG/review-attachment-648bac49-8976-40ff-8778-004367ea27a9.jpeg?type=f300_300,heew****,21.01.29.
41,4,디자인은 마음에 드는데 조립이 정말 어렵네요 ㅎㅎ,https://phinf.pstatic.net/checkout.phinf/20210323_223/1616458526071AaqWQ_JPEG/review-attachment-b01b5078-701c-445a-995a-a65075ce3b75.jpeg?type=f300_300,juri****,21.02.10.
42,4,"배려없는 조립 설명서와 가격대비 상품성이 떨어짐
리뷰를 보지않고 산 구매자로서 후회중입니다.",https://phinf.pstatic.net/checkout.phinf/20210302_101/1614654860303pmVPk_JPEG/review-attachment-e88d5520-b325-4620-b560-31182671b8a5.jpeg?type=f300_300,tm12****,21.02.02.
43,3,"조립하는데 30분 정돌 걸렸는데, 막상 조립해놓으니 미쁘네요~",https://phinf.pstatic.net/checkout.phinf/20210320_238/161625127633752fXi_JPEG/review-attachment-8d547555-b09e-42f7-8133-62b96c0fd4e8.jpeg?type=f300_300,skyw****,21.01.19.
44,4,"설명서 숫자 순서대로 조립하니 어렵지 않았어요
신랑 기다리기 싫어서 혼자 만들다 서랍까지 만들어놓고
나머지는 신랑이 완성했네요
잘맞고 균형잘맞아요~",https://phinf.pstatic.net/checkout.phinf/20210317_79/1615991623938LP6Tt_JPEG/review-attachment-4f0fb223-188a-4857-966b-cca642e40fa5.jpeg?type=f300_300,clic****,21.01.18.
45,4,조립40분 클리어...다리 조립할때만 볼트길이가 어중간합니다.,https://phinf.pstatic.net/checkout.phinf/20210326_128/1616734837348fnCTR_JPEG/review-attachment-38d39966-f7f3-4a7f-8b9b-c6dd145fbdee.jpeg?type=f300_300,kasa****,21.01.06.
46,2,"좋아요
생각보다 커요",https://phinf.pstatic.net/checkout.phinf/20210326_90/1616725765589EluUh_JPEG/review-attachment-3ce5a608-3e5c-41f3-b53e-932b43874a21.jpeg?type=f300_300,c730****,21.02.09.
47,5,조립하는데 시간이 좀 걸렸지만 만족합니다~ 잘 사용하겠습니다~,https://phinf.pstatic.net/checkout.phinf/20210311_181/16153908219153d6MN_JPEG/review-attachment-2a742365-113f-4473-96e2-33e6626a2576.jpeg?type=f300_300,eun_****,21.01.01.
48,5,좋은 제품 감사합니다,https://phinf.pstatic.net/checkout.phinf/20210118_182/1610896999532lT0GN_JPEG/review-attachment-ebb210c9-c2f4-49b0-b059-64204ec41bd2.jpeg?type=f300_300,godh****,21.01.13.
49,3,딸아이 침대옆에 놓아줄 협탁을 여기저기 며칠을 뒤지며 찾다가 맘에 들어서 구매하게 되었는데 배송도 빠르고 넘예쁘고 맘에 들어요 가격도 넘 착해서 좋구요 확실히 방안 분위기가 확 달라졌어요 한가지 좀 아쉬웠던건 조립하는데 시간이 좀 걸렸다는거!ㅎ 그래도 남편이랑 둘이 같이해서 그나마 빠르게 조립했답니다^^,https://phinf.pstatic.net/image.nmv/shopnbuyer_2021_01_11_0/f1f667ae-53b7-11eb-9ca7-48df379ccacc_03.jpg?type=ffn300_300,ptkj****,20.12.05.
50,5,"흰색이예ㅣ브네요
브라운은 ㄴㆍㅁㅈ비싸요",https://phinf.pstatic.net/checkout.phinf/20210303_251/1614745157783pfCAY_JPEG/review-attachment-88681ab3-ca32-4489-ad2d-95dc212587fa.jpeg?type=f300_300,c730****,21.02.09.
51,4,"무게감도 있고 크기도 적당해서 잘 사용하고 있습니다 조립 힘들다고 해서 걱정했었는데 생각보다
쉬워서 잘 했습니다",https://phinf.pstatic.net/checkout.phinf/20210311_76/1615390281821YudiK_JPEG/review-attachment-b464f07f-2e49-4620-8ac3-a967ee217cf4.jpeg?type=f300_300,kids****,21.01.12.
52,5,"처음 보는 나사 조이는 법에 좀 익숙해지고나니 조립이 나름 재미있었습니다
다 조립하고 나니 뿌듯하네요 ^^",https://phinf.pstatic.net/image.nmv/shopnbuyer_2021_01_04_0/5e8e494f-4e77-11eb-a803-a0369ff94ec8_03.jpg?type=ffn300_300,pear****,21.01.17.
53,5,"배송도 빠르고
조립이 편해요
기대 이상이였어요",https://phinf.pstatic.net/checkout.phinf/20210206_297/1612617030683Q87H5_JPEG/review-attachment-19ca8ceb-bf30-4587-917c-206c591be48a.jpeg?type=f300_300,bike****,21.01.20.
54,5,너무 예뻐요💕 맘에 드네요,https://phinf.pstatic.net/checkout.phinf/20210109_70/16101906551308Ew4b_JPEG/review-attachment-ae096340-30e9-476c-9c65-a06dae905b7b.jpeg?type=f300_300,yuns****,21.01.21.
55,5,조립하는데 진짜^^... 진이 다 빠지네요.. 전동드릴이 없어서 손으로 하나하나 하다보니 후.... 근데 제품은 예뻐요..,https://phinf.pstatic.net/checkout.phinf/20210217_152/1613548771381kgxE0_JPEG/review-attachment-ec0bf13f-127c-4807-b7ff-215e61e38608.jpeg?type=f300_300,audr****,20.12.13.
56,5,"조립하는데 두시간걸렸어요
저녁에 시간 남아서 아무생각없이 조립하기 딱이네요
조금 틀린것도 있지만 제대로 만들어서 방에 두니 탁 좋네요",https://phinf.pstatic.net/checkout.phinf/20210201_256/1612158639663gWLlS_JPEG/review-attachment-6c3ab54c-ce94-48de-bc96-ddea7c5677c9.jpeg?type=f300_300,fun1****,20.12.03.
57,5,조립이좀 힐들었지만 넘 맘에들어요 좋은상품감사합니다.,https://phinf.pstatic.net/checkout.phinf/20210309_10/16152439300846KTnU_JPEG/review-attachment-648bac49-8976-40ff-8778-004367ea27a9.jpeg?type=f300_300,bini****,20.12.10.
58,5,"조립이 복잡해요 ㅜㅜ
디자인은 이쁘나 조립시 겉 합판이 좀 울어요
배송은 빨랐어요",https://phinf.pstatic.net/checkout.phinf/20210323_223/1616458526071AaqWQ_JPEG/review-attachment-b01b5078-701c-445a-995a-a65075ce3b75.jpeg?type=f300_300,fore****,21.01.04.
59,3,"사이즈도 디자인도 색상도 다 맘에들어요.
근데정말 조립이 어렵긴합니다ㅜㅜ",https://phinf.pstatic.net/checkout.phinf/20210302_101/1614654860303pmVPk_JPEG/review-attachment-e88d5520-b325-4620-b560-31182671b8a5.jpeg?type=f300_300,hshz****,20.12.07.
60,1,"너무 좋아요^^
이렇게 좋은걸 가성비 긋 입니당",https://phinf.pstatic.net/checkout.phinf/20210309_10/16152439300846KTnU_JPEG/review-attachment-648bac49-8976-40ff-8778-004367ea27a9.jpeg?type=f300_300,duru****,20.12.12.
61,4,색깔도 마음에 들고 싼티 안나서 좋아요 조립은 다들 어렵다 하시던데 남편이랑 둘이 하니 많이 어렵지는 않았어요 혼자말고 꼭 두분이서 하세요~,https://phinf.pstatic.net/checkout.phinf/20210323_223/1616458526071AaqWQ_JPEG/review-attachment-b01b5078-701c-445a-995a-a65075ce3b75.jpeg?type=f300_300,tias****,20.11.19.
62,4,"절대 사지마요
조립도 어렵고 버렸어요
딱지 3000윈",https://phinf.pstatic.net/checkout.phinf/20210302_101/1614654860303pmVPk_JPEG/review-attachment-e88d5520-b325-4620-b560-31182671b8a5.jpeg?type=f300_300,jkb0****,20.12.28.
63,3,색상도 마음에 들어서 너무나 좋아요~,https://phinf.pstatic.net/checkout.phinf/20210320_238/161625127633752fXi_JPEG/review-attachment-8d547555-b09e-42f7-8133-62b96c0fd4e8.jpeg?type=f300_300,suni****,21.01.01.
64,5,조립하고나면 그럴듯한데 조립이 까다롭고 서랍레일 나사 구멍 뚫어놓은 부분이 안맞으며 메뉴얼 그림이 작아서 눈 크게뜨고 봐야합니다.,https://phinf.pstatic.net/checkout.phinf/20210317_79/1615991623938LP6Tt_JPEG/review-attachment-4f0fb223-188a-4857-966b-cca642e40fa5.jpeg?type=f300_300,baru****,20.12.21.
65,5,너무좋아요 그레이색좋아요,https://phinf.pstatic.net/checkout.phinf/20210326_128/1616734837348fnCTR_JPEG/review-attachment-38d39966-f7f3-4a7f-8b9b-c6dd145fbdee.jpeg?type=f300_300,tnql****,20.12.08.
66,1,조립 어렵다 그래서 걱정했는데 생각보다 수월해서 금방했습니다 가볍지 않고 무게감도 좀 있어서 좋아요 만족합니다 ^^,https://phinf.pstatic.net/checkout.phinf/20210326_90/1616725765589EluUh_JPEG/review-attachment-3ce5a608-3e5c-41f3-b53e-932b43874a21.jpeg?type=f300_300,kids****,20.12.15.
67,5,조립이 정말 오래걸려요 ㅜ 하지만 완성하고나니 너무 이쁘네요~~ 마감은 조금 아쉽지만 잘쓸께요~~,https://phinf.pstatic.net/checkout.phinf/20210311_181/16153908219153d6MN_JPEG/review-attachment-2a742365-113f-4473-96e2-33e6626a2576.jpeg?type=f300_300,envy****,20.11.25.
68,3,침대가 회색이랑 회색을 주문했는데 색이 마음에 듭니다 조립할때 나사가 무척 힘듭니다 잘 해서 하세요,https://phinf.pstatic.net/checkout.phinf/20210118_182/1610896999532lT0GN_JPEG/review-attachment-ebb210c9-c2f4-49b0-b059-64204ec41bd2.jpeg?type=f300_300,mjh5****,20.11.19.
69,5,"저렴해 보일까보ㅓ 걱정했는데 많이 안 저렴해보여요 ~~ 다만 서랍쪽 밑에 판이 얇아서 무거운 물건을 넣기는 조심스러울 것 같습니다 ! 조립은 정말 정말 힘드네요 ,,,,",https://phinf.pstatic.net/image.nmv/shopnbuyer_2021_01_11_0/f1f667ae-53b7-11eb-9ca7-48df379ccacc_03.jpg?type=ffn300_300,dlst****,20.12.04.
70,4,너무 처음부터 끝까지 조립해여되서 별 두개 뺐어용 튼튼하긴 해요,https://phinf.pstatic.net/checkout.phinf/20210303_251/1614745157783pfCAY_JPEG/review-attachment-88681ab3-ca32-4489-ad2d-95dc212587fa.jpeg?type=f300_300,gksc****,20.12.16.
71,4,배송 빠르고 튼튼하고 이뻐요,https://phinf.pstatic.net/checkout.phinf/20210311_76/1615390281821YudiK_JPEG/review-attachment-b464f07f-2e49-4620-8ac3-a967ee217cf4.jpeg?type=f300_300,lms1****,20.12.18.
72,4,"제품은 진짜 이쁜데... 와 조립이 미쳤다요 ㅋㅋㅋ
첨 포장열어보고 한동안 멍하게 있었어요 이걸 대체 어쩌라고??
맘 가다듬고 설명서보고 조립하는데.. 4시간걸렸다고요
만들고나니 만족감은 드는데 이거 설명서가 좀 허접해서
6번 판떼기를 안끼어서 전부 분해해서 다시 조립했다고요...ㅠㅠ
이거 조립할 사람은 설명서 3~4번 보세요
한개 빠지면 전부 분해해야됨. 그리고 분해할때 나무 다 떨어지고
쇳가루 존나 날림.. 나사마모가 너무 심해서 
한방에 조립하세요.. 진짜 후회하지말고 빡친다고 제품 때리지말고.",https://phinf.pstatic.net/image.nmv/shopnbuyer_2021_01_04_0/5e8e494f-4e77-11eb-a803-a0369ff94ec8_03.jpg?type=ffn300_300,ppp4****,20.09.15.
73,4,"조립이 너무 어려워요 
두시간 걸린다길라 설마했는데 진짜 두시간 걸렸다는",https://phinf.pstatic.net/checkout.phinf/20210206_297/1612617030683Q87H5_JPEG/review-attachment-19ca8ceb-bf30-4587-917c-206c591be48a.jpeg?type=f300_300,chok****,20.11.27.
74,3,"선물용인데 이쁘다고하네용
빠른배송
감사합니당 ㅎㅎ",https://phinf.pstatic.net/checkout.phinf/20210109_70/16101906551308Ew4b_JPEG/review-attachment-ae096340-30e9-476c-9c65-a06dae905b7b.jpeg?type=f300_300,suji****,20.11.26.
75,5,"조립이 힘든것만 시킨다고 ..
신랑님이~ ㅋ
집이 날리네요^^",https://phinf.pstatic.net/checkout.phinf/20210217_152/1613548771381kgxE0_JPEG/review-attachment-ec0bf13f-127c-4807-b7ff-215e61e38608.jpeg?type=f300_300,duru****,20.10.24.
76,3,다른 후기 처럼 만들기 복잡하고요 ㅎㅎ 만들어 놓으면 예쁘네요. 무게도 좀 있어요.  서랍도 레일이 있어서 쉽게 여닫을수 있습니다. 만드는 게 힘든것 빼고는 가격대비 만족입니다,https://phinf.pstatic.net/checkout.phinf/20210201_256/1612158639663gWLlS_JPEG/review-attachment-6c3ab54c-ce94-48de-bc96-ddea7c5677c9.jpeg?type=f300_300,live****,20.10.10.
77,4,이뿌네요 아직 조립해야겠지만.. 조립 역대급 힘들거같긴해요 ㅠ 근데 가격이 착하고 색이 존예,https://phinf.pstatic.net/checkout.phinf/20210309_10/16152439300846KTnU_JPEG/review-attachment-648bac49-8976-40ff-8778-004367ea27a9.jpeg?type=f300_300,gkdu****,20.10.18.
78,5,배송 빠르고 상품 좋고 조립 꽤 힘들었습니다,https://phinf.pstatic.net/checkout.phinf/20210323_223/1616458526071AaqWQ_JPEG/review-attachment-b01b5078-701c-445a-995a-a65075ce3b75.jpeg?type=f300_300,leem****,20.10.21.
79,5,디자인도 예쁘고 두고자하는 공간에 딱들어가서 좋았어요~,https://phinf.pstatic.net/checkout.phinf/20210302_101/1614654860303pmVPk_JPEG/review-attachment-e88d5520-b325-4620-b560-31182671b8a5.jpeg?type=f300_300,suni****,20.11.10.
80,1,조립이 어렵다는 댓글이 많았는데 생각했던것 만큼 어렵지는 않고 설명서 보고 충분히 따라 할 수 있습니다. 다만 설명서가 충분히 친절하지는 않아서 그 부분은 좀 아쉽습니다,https://phinf.pstatic.net/checkout.phinf/20210309_10/16152439300846KTnU_JPEG/review-attachment-648bac49-8976-40ff-8778-004367ea27a9.jpeg?type=f300_300,putt****,20.10.27.
81,4,다 좋은데 색상이 아쉽네요.. 감안하고 받았지만 화면에서 보던 컬러보다 어두운 것 같아요. 제가 찍은 사진으로도 원하는 컬러가 나오는데 실제로 보면 좀 어두운?ㅋㅋㅋ 조립도 생각보다 어려웠는데 예쁘긴 예쁘네요!,https://phinf.pstatic.net/checkout.phinf/20210323_223/1616458526071AaqWQ_JPEG/review-attachment-b01b5078-701c-445a-995a-a65075ce3b75.jpeg?type=f300_300,sea1****,20.09.20.
82,4,만들기 어렵네요 조립이 아니라 제작 수준입니다...,https://phinf.pstatic.net/checkout.phinf/20210302_101/1614654860303pmVPk_JPEG/review-attachment-e88d5520-b325-4620-b560-31182671b8a5.jpeg?type=f300_300,gksc****,20.10.28.
83,3,조립이 좀 어렵긴 했지만 다 하고 보니 너무 예쁘네요~제주도 배송이 되서 더 좋았어요,https://phinf.pstatic.net/checkout.phinf/20210320_238/161625127633752fXi_JPEG/review-attachment-8d547555-b09e-42f7-8133-62b96c0fd4e8.jpeg?type=f300_300,habi****,20.09.29.
84,4,"사진과 똑같고 완성하고나니 너무 예쁘고 마음에 들지만 만드는과정이 저에겐 너무 어려웠어요,,,,십자,일자 드라이버는 길이가 짧은것으로 사용하는게 좋을것같습니다. 어쨌든 예쁘네요 마음에들어요! 침대옆에 두고 쓰려구요!",https://phinf.pstatic.net/checkout.phinf/20210317_79/1615991623938LP6Tt_JPEG/review-attachment-4f0fb223-188a-4857-966b-cca642e40fa5.jpeg?type=f300_300,ekeh****,20.09.01.
85,4,조립하기 진짜 힘드네요 ㅠㅠ,https://phinf.pstatic.net/checkout.phinf/20210326_128/1616734837348fnCTR_JPEG/review-attachment-38d39966-f7f3-4a7f-8b9b-c6dd145fbdee.jpeg?type=f300_300,kimh****,20.10.22.
86,3,"일단 박스포장은 뭔가 반품된걸 다시 보낸듯하게.. 테이프도 덕지덕지... 근데 비도왔고 하니 어쩔 수 없지 싶었습니다. 설명서 보고 여자 혼자 조립하려고 퍼즐처럼 번호대로 늘어논 뒤에 시작했는데.. 가장 중앙판 가장자리에 확 까져서 왔더라구요ㅠㅜㅠ 교환해야하나 싶었지만 제가 급한 관계로 그냥 잘 안보이겠거니 했으나...완성하고 나니 눈에 띠는 곳이네요.
쉬울꺼같았는데 역시 예상보다는 오래걸렸어요~
접착제도 포함되어 있던데 저는 접착제는 쓰지 않고 그냥 전부 나사로만 조였습니다.그런데 튼튼한거 같아요~ 시간이 조금 소요되지만 (2시간 이상걸린것 같네요) 여자 혼자서 못만들정도는 아니에요. 그치만 맨 마지막에 못도 박아야 하니, 미리 준비를 해두시는게 좋을듯합니다.
완성샷이에요~",https://phinf.pstatic.net/checkout.phinf/20210326_90/1616725765589EluUh_JPEG/review-attachment-3ce5a608-3e5c-41f3-b53e-932b43874a21.jpeg?type=f300_300,peta****,20.08.05.
87,5,배송도 빠르고 색상도 화면이랑 같아요. 조립이 약간 어려웠어요,https://phinf.pstatic.net/checkout.phinf/20210311_181/16153908219153d6MN_JPEG/review-attachment-2a742365-113f-4473-96e2-33e6626a2576.jpeg?type=f300_300,pdr3****,20.10.02.
88,3,"스텐드는 맘에 들었습니다,문제는 협탁인데요 조립식이라,많이 힘들었어요--",https://phinf.pstatic.net/checkout.phinf/20210118_182/1610896999532lT0GN_JPEG/review-attachment-ebb210c9-c2f4-49b0-b059-64204ec41bd2.jpeg?type=f300_300,syyo****,20.09.24.
89,3,침대 옆에 놓으려고 샀어요. 조립이 힘들었지만 결과는 마음에 들어요,https://phinf.pstatic.net/image.nmv/shopnbuyer_2021_01_11_0/f1f667ae-53b7-11eb-9ca7-48df379ccacc_03.jpg?type=ffn300_300,cgr0****,20.09.07.
90,4,"조립하느라 낑낑댔지만
완성하니 제법 괜찮은 작품이 되었네요
잘 쓰겠습니다",https://phinf.pstatic.net/checkout.phinf/20210303_251/1614745157783pfCAY_JPEG/review-attachment-88681ab3-ca32-4489-ad2d-95dc212587fa.jpeg?type=f300_300,choi****,20.08.30.
91,4,제품은 불량을 보내놓고 대처방법이 어이없네요. 다시는 여기제품 이용안합니다,https://phinf.pstatic.net/checkout.phinf/20210311_76/1615390281821YudiK_JPEG/review-attachment-b464f07f-2e49-4620-8ac3-a967ee217cf4.jpeg?type=f300_300,oran****,20.07.10.
92,3,"조립이 진짜 너무 헬난이도라ㅋㅋ이번에 자취시작하면서 돈아끼려고 웬만한건 다 조립형으로 시켰는데 그냥 돈 더낼걸 그랬다는 느낌..? 조립하니 예쁘고 맘에 드는데 저도 리뷰 보면서 다들 힘들다고는 하지만 저는 별 생각 없는 사람이라 괜찮을줄 알았어요... 근데 진짜 뻥안치고 아빠랑 저랑 거의 3시간 걸려서 만들었는데 다른분들 2시간걸렸다는 분들은 조립을 잘 하시는 분이었던 거네요. 저는 그분들이 조립을 못해서 2시간이 걸린거라고 생각해서 저는 1시간이면 할 줄 알았거든요. 혹시 기술가정시간의 추억을 되새기고 싶다면... 추천합니다. 근데 진짜 예쁘고 막상완성하니 예쁘거든요..? 이거 하고나니까 웬만한 조립은 뚝딱하는 기술력도 상승했고 두려운게 없어지긴 했는데 리뷰에 조립이 헬난이도입니다 이러면 약간 망설여지는 병에 걸렸어요. 다른가구 살때도 다들 조립 어렵다고 했는데 나는 괜찮았었는데.. 일단 나사가 40개 이상 쓰일거에요 50개인가..? 그거 다 드릴이나 십자드라이버 필요한 겁니다! 여러분 데이트할때 재밌게하기는 또 괜찮을거같기도 하고 하튼 생각해보세요
아 색은 예뻐요",https://phinf.pstatic.net/image.nmv/shopnbuyer_2021_01_04_0/5e8e494f-4e77-11eb-a803-a0369ff94ec8_03.jpg?type=ffn300_300,li10****,20.06.03.
93,4,이쁘네요 조립은 다들 어렵다고하셔서 걱정했는데 걱정했던거에 비해 쉽게했어요 가격이 조금만 저렴했더라면 좋았을걸 혹은 색상별로 가격이 똑같았더라면 이란 아쉬움이 남네요,https://phinf.pstatic.net/checkout.phinf/20210206_297/1612617030683Q87H5_JPEG/review-attachment-19ca8ceb-bf30-4587-917c-206c591be48a.jpeg?type=f300_300,hanj****,20.07.24.
94,5,"재질이랑 마감이 싼값 합니다.
조립시 C5에 4번 판자로 기재되어있는데 4번 아니고 5번 판자를 이용하셔야해요.
참고: 나사가 많아서 손이 많이가고, 재질이 얇아서 나사 조이다가 좀만 힘주면 부셔질것같기도 하고..
손에 힘주다가 손이 미끄려져서 멍도들고 여튼 그래요~",https://phinf.pstatic.net/checkout.phinf/20210109_70/16101906551308Ew4b_JPEG/review-attachment-ae096340-30e9-476c-9c65-a06dae905b7b.jpeg?type=f300_300,fuck****,20.06.25.
95,1,"후기를 참고하고 구매했기때문에 설명서가 영어인건 딱히 문제가 되지 않았고, 설명서에 틀린부분이 있다는 것도 후기덕분에 조립할 때 문제가 되지 않았어요! 그래서 아주 뚝딱뚝딱 잘 진행되었는데, 마지막 다리 부분에서 몇시간을 보내고 말았습니다.... 
글로쓰려니까 표현이 안되는데 다리 4개를 고정하는 5cm 긴 쇠막대? 그거랑 돌려서 잠그는 나사 대체 왜 안되는걸까요 ㅠ 다리 부분 외에 돌려서 잠그는 부분은 잘 됐는데요 다리와 다리받침을 연결하려니까 그 쇠막대가 너무 짧아서 고정이 안되서 애 먹었습니다 ㅠㅠ 4개중에 하나는 우연히 됐고 3개는 안되서 걍 흔들리는 채로 뒀어요 
상판에 다리 꽂아서 고정하니까 딱 흔들리지 않게 고정은 되긴했는데,,, 🤦🏻‍♀️ 크기는 생각보다 크고 무거워요",https://phinf.pstatic.net/checkout.phinf/20210217_152/1613548771381kgxE0_JPEG/review-attachment-ec0bf13f-127c-4807-b7ff-215e61e38608.jpeg?type=f300_300,thfk****,20.06.04.
96,4,조립이 조금 난이도가 있었지만 재미있게 조립했습니다 예뻐요,https://phinf.pstatic.net/checkout.phinf/20210201_256/1612158639663gWLlS_JPEG/review-attachment-6c3ab54c-ce94-48de-bc96-ddea7c5677c9.jpeg?type=f300_300,happ****,20.07.31.
97,5,친구 선물로 보냈는데 배송 빨라서 좋대요!,https://phinf.pstatic.net/checkout.phinf/20210309_10/16152439300846KTnU_JPEG/review-attachment-648bac49-8976-40ff-8778-004367ea27a9.jpeg?type=f300_300,guse****,20.08.01.
98,3,이가격에 뭐나름 쓸만함,https://phinf.pstatic.net/checkout.phinf/20210323_223/1616458526071AaqWQ_JPEG/review-attachment-b01b5078-701c-445a-995a-a65075ce3b75.jpeg?type=f300_300,ax2k****,20.08.03.
99,3,깔끔하고 괜찮아요 조립은 정말 힘들었지만,https://phinf.pstatic.net/checkout.phinf/20210302_101/1614654860303pmVPk_JPEG/review-attachment-e88d5520-b325-4620-b560-31182671b8a5.jpeg?type=f300_300,uhay****,20.07.17.
