﻿,star,review,reviewImage,customerId,reviewDate
0,5,삼익 아카시아 침대에 색상을 맞추기위해  배송이 느려도 기대를 많이 했었어요~셋트니까  그런데 너무 다르네요~구태여 셋트를 왜 맞췄나 싶었어요~튼튼하고 야무지긴해요 근데 침대와 같지않은게 아쉬웠어요ㅜㅜ,https://phinf.pstatic.net/checkout.phinf/20210309_10/16152439300846KTnU_JPEG/review-attachment-648bac49-8976-40ff-8778-004367ea27a9.jpeg?type=f300_300,naro****,20.03.20.
1,4,단순하고 깔끔해서 어디에나 무난하게 어울리는 협탁이네요.,https://phinf.pstatic.net/checkout.phinf/20210323_223/1616458526071AaqWQ_JPEG/review-attachment-b01b5078-701c-445a-995a-a65075ce3b75.jpeg?type=f300_300,lpsb****,20.02.21.
2,5,직접 보니 더좋고 나쁜점이 없어요 굿굿,https://phinf.pstatic.net/checkout.phinf/20210302_101/1614654860303pmVPk_JPEG/review-attachment-e88d5520-b325-4620-b560-31182671b8a5.jpeg?type=f300_300,bonj****,20.03.07.
3,5,"정말좋네요
배송느린건 흠 3주넘게 걸림",https://phinf.pstatic.net/checkout.phinf/20210320_238/161625127633752fXi_JPEG/review-attachment-8d547555-b09e-42f7-8133-62b96c0fd4e8.jpeg?type=f300_300,bonj****,20.02.06.
4,3,가격대비 좋고요 디자인이뻐요,https://phinf.pstatic.net/checkout.phinf/20210317_79/1615991623938LP6Tt_JPEG/review-attachment-4f0fb223-188a-4857-966b-cca642e40fa5.jpeg?type=f300_300,ijs1****,20.02.03.
5,5,고급스럽고 견고하고 넘이쁘네요~침대랑 세트로 구매하길 잘한듯해요 ^^,https://phinf.pstatic.net/checkout.phinf/20210326_128/1616734837348fnCTR_JPEG/review-attachment-38d39966-f7f3-4a7f-8b9b-c6dd145fbdee.jpeg?type=f300_300,ams8****,20.01.30.
6,5,"침대랑 셋트 구매했는데
너무 좋아요",https://phinf.pstatic.net/checkout.phinf/20210326_90/1616725765589EluUh_JPEG/review-attachment-3ce5a608-3e5c-41f3-b53e-932b43874a21.jpeg?type=f300_300,mine****,20.01.16.
7,4,"부모님 사드렸어요~
좋다고 하시네요~ 처음에 냄새가 좀 나서 설치하고 이틀후부터 사용하셨대요",https://phinf.pstatic.net/checkout.phinf/20210311_181/16153908219153d6MN_JPEG/review-attachment-2a742365-113f-4473-96e2-33e6626a2576.jpeg?type=f300_300,mine****,19.11.11.
8,5,침대는 너무맘에드는데 협탁이 사진보다는 별로네요,https://phinf.pstatic.net/checkout.phinf/20210118_182/1610896999532lT0GN_JPEG/review-attachment-ebb210c9-c2f4-49b0-b059-64204ec41bd2.jpeg?type=f300_300,smil****,19.11.12.
9,5,사진이랑 똑같고 침대사면서 함께 구매했어요~ 침대가 커서 쬐끔 문쪽으로 튀어나와서 가로로길게가 아니라 세로로 길게 두고 씁니다 ㅎㅎ 어차피 네면이 다 똑같아서 티는 안나는데 서랍이 옆에서 열리지만 ㅎㅎ 그래도 이뻐요,https://phinf.pstatic.net/image.nmv/shopnbuyer_2021_01_11_0/f1f667ae-53b7-11eb-9ca7-48df379ccacc_03.jpg?type=ffn300_300,bomi****,19.09.03.
10,5,디자인이 심플하면서 안락하고 침대와 잘어울려요,https://phinf.pstatic.net/checkout.phinf/20210303_251/1614745157783pfCAY_JPEG/review-attachment-88681ab3-ca32-4489-ad2d-95dc212587fa.jpeg?type=f300_300,tagy****,19.09.16.
11,5,배송도 친절했고 침대와도 너무 잘 어울려 굉장히 만족하고 있습니다.,https://phinf.pstatic.net/checkout.phinf/20210311_76/1615390281821YudiK_JPEG/review-attachment-b464f07f-2e49-4620-8ac3-a967ee217cf4.jpeg?type=f300_300,nick****,19.09.08.
12,4,침대와 같은 라인으로 함께 구매했습니다 만족합니다,https://phinf.pstatic.net/image.nmv/shopnbuyer_2021_01_04_0/5e8e494f-4e77-11eb-a803-a0369ff94ec8_03.jpg?type=ffn300_300,sick****,19.07.29.
13,5,"침대랑 다른 브랜드 인데도 세트인것처럼 색상도 딱 맞아서 너무 만족합니다
고급 스러워요",https://phinf.pstatic.net/checkout.phinf/20210206_297/1612617030683Q87H5_JPEG/review-attachment-19ca8ceb-bf30-4587-917c-206c591be48a.jpeg?type=f300_300,4135****,19.03.26.
14,5,침대랑 잘 어울리고 이뻐요 ~,https://phinf.pstatic.net/checkout.phinf/20210109_70/16101906551308Ew4b_JPEG/review-attachment-ae096340-30e9-476c-9c65-a06dae905b7b.jpeg?type=f300_300,bmh8****,19.03.05.
15,5,군더더기없이 깔끔해요. 침대랑 색이 조금 다르긴하지만 마음에 듭니다,https://phinf.pstatic.net/checkout.phinf/20210217_152/1613548771381kgxE0_JPEG/review-attachment-ec0bf13f-127c-4807-b7ff-215e61e38608.jpeg?type=f300_300,seun****,18.12.19.
16,5,침대 옆에 두려고 샀는데 침대와도 잘 어울려서 만족스러워요,https://phinf.pstatic.net/checkout.phinf/20210201_256/1612158639663gWLlS_JPEG/review-attachment-6c3ab54c-ce94-48de-bc96-ddea7c5677c9.jpeg?type=f300_300,mjdh****,18.12.02.
17,5,"잘 받았어요, 색상도 이쁘고 튼튼해서 좋네요~
감사합니다. 잘쓸께여",https://phinf.pstatic.net/checkout.phinf/20210309_10/16152439300846KTnU_JPEG/review-attachment-648bac49-8976-40ff-8778-004367ea27a9.jpeg?type=f300_300,bsa7****,18.11.02.
