﻿,star,review,reviewImage,customerId,reviewDate
0,5,"일주일정도 기다렸다 받았는데
기다린 보람이 있네요
아이들 프린터기를 거실에 놓고 
공동사용해서
프린터기 들어가는걸 찾다가 구매했는데
기존 가구와도 넘 잘 어울리고
사이즈도 딱 맞아서 제작한거냐고 물어보네요
다리는 돌려서 끼우기만 하면 되고
색상은 고급스런톤으로 뒷면 마감도 깔끔하게 잘 되어있어서 
집안 어디든 툭 놓아도 이쁠 협탁입니다",https://phinf.pstatic.net/checkout.phinf/20210309_10/16152439300846KTnU_JPEG/review-attachment-648bac49-8976-40ff-8778-004367ea27a9.jpeg?type=f300_300,hamb****,21.03.27.
1,5,다리설치할때 살짝 애먹었는데 다 만들고 나니 예쁘고 그럴싸하네요. 침대 프레임하고 색도 맞아서 좋습니다. 나무마감도 깨끗한편이라 가성비 짱이네요!,https://phinf.pstatic.net/checkout.phinf/20210323_223/1616458526071AaqWQ_JPEG/review-attachment-b01b5078-701c-445a-995a-a65075ce3b75.jpeg?type=f300_300,ssb9****,21.03.25.
2,3,"인터넷에서  보고  파주까지가서  실물고고 샀어요
잘쓸께요",https://phinf.pstatic.net/checkout.phinf/20210302_101/1614654860303pmVPk_JPEG/review-attachment-e88d5520-b325-4620-b560-31182671b8a5.jpeg?type=f300_300,suju****,21.03.09.
3,5,생각보다 커요~~ 그래도 깔끔하니 원목침대랑 너무 찰떡이에요!!,https://phinf.pstatic.net/checkout.phinf/20210320_238/161625127633752fXi_JPEG/review-attachment-8d547555-b09e-42f7-8133-62b96c0fd4e8.jpeg?type=f300_300,chl9****,21.03.13.
4,5,브라우니 침대를 쓰고 있어서 구매했어요. 컬러감도 통일되어 좋고 생각보다 수납도 낙낙해서 유용하게 쓰일 것 같아요,https://phinf.pstatic.net/checkout.phinf/20210317_79/1615991623938LP6Tt_JPEG/review-attachment-4f0fb223-188a-4857-966b-cca642e40fa5.jpeg?type=f300_300,karm****,21.02.10.
5,5,화면 그대로 예뻐요 크기도 적당하고 높이도 딱이에요,https://phinf.pstatic.net/checkout.phinf/20210326_128/1616734837348fnCTR_JPEG/review-attachment-38d39966-f7f3-4a7f-8b9b-c6dd145fbdee.jpeg?type=f300_300,etud****,21.03.08.
6,3,그냥너무이쁜세트가구,https://phinf.pstatic.net/checkout.phinf/20210326_90/1616725765589EluUh_JPEG/review-attachment-3ce5a608-3e5c-41f3-b53e-932b43874a21.jpeg?type=f300_300,jek8****,21.02.24.
7,5,원목이라 튼튼하고 디자인도 깔끔하니 좋네요. 잘 쓰겠습니다.,https://phinf.pstatic.net/checkout.phinf/20210311_181/16153908219153d6MN_JPEG/review-attachment-2a742365-113f-4473-96e2-33e6626a2576.jpeg?type=f300_300,zzio****,21.02.28.
8,5,"가격대비 매우 만족합니다.
포장도 철저하고, 좋았습니다.",https://phinf.pstatic.net/checkout.phinf/20210118_182/1610896999532lT0GN_JPEG/review-attachment-ebb210c9-c2f4-49b0-b059-64204ec41bd2.jpeg?type=f300_300,um43****,21.02.10.
