﻿,star,review,reviewImage,customerId,reviewDate
0,3,"배송일정이 엉망입니다
9일에 배송된다해서 주문했는데
코로나때문에 수입이 늦어진다고
알수없으니 기다리라더군요
나중에 연락와서 23일에 받았습니다",https://phinf.pstatic.net/checkout.phinf/20210309_10/16152439300846KTnU_JPEG/review-attachment-648bac49-8976-40ff-8778-004367ea27a9.jpeg?type=f300_300,yell****,21.02.25.
1,5,"기존 침대세트에 협탁 추가구매했어요
풀세트로 셋팅하니 한결 좋네요",https://phinf.pstatic.net/checkout.phinf/20210323_223/1616458526071AaqWQ_JPEG/review-attachment-b01b5078-701c-445a-995a-a65075ce3b75.jpeg?type=f300_300,oklo****,20.11.25.
