﻿,star,review,reviewImage,customerId,reviewDate
0,5,"생각보다 컸지만 너무 잘 어울립니다.
이쁘네요.",https://phinf.pstatic.net/checkout.phinf/20210309_10/16152439300846KTnU_JPEG/review-attachment-648bac49-8976-40ff-8778-004367ea27a9.jpeg?type=f300_300,lej9****,21.02.05.
1,5,"생각보다 더 맘에 듭니다
볼때마다 좋아요 
감사합니다",https://phinf.pstatic.net/checkout.phinf/20210323_223/1616458526071AaqWQ_JPEG/review-attachment-b01b5078-701c-445a-995a-a65075ce3b75.jpeg?type=f300_300,jane****,21.01.29.
2,5,가격에 비해서 고급스럽고 엄청 예쁘네요,https://phinf.pstatic.net/checkout.phinf/20210302_101/1614654860303pmVPk_JPEG/review-attachment-e88d5520-b325-4620-b560-31182671b8a5.jpeg?type=f300_300,peti****,21.01.02.
3,5,코너 장으로 너무 좋아요,https://phinf.pstatic.net/checkout.phinf/20210320_238/161625127633752fXi_JPEG/review-attachment-8d547555-b09e-42f7-8133-62b96c0fd4e8.jpeg?type=f300_300,bong****,21.01.09.
4,5,늦은 배송과 추가 배송비는 아쉽지만 원하던 디자인,https://phinf.pstatic.net/checkout.phinf/20210317_79/1615991623938LP6Tt_JPEG/review-attachment-4f0fb223-188a-4857-966b-cca642e40fa5.jpeg?type=f300_300,with****,21.01.05.
5,5,코너에 딱 맞아 떨어지는 훌륭한 장 입니다!! 코너장으로 강추합니다~~,https://phinf.pstatic.net/checkout.phinf/20210326_128/1616734837348fnCTR_JPEG/review-attachment-38d39966-f7f3-4a7f-8b9b-c6dd145fbdee.jpeg?type=f300_300,bong****,20.11.27.
6,5,이뻐요이뻐요이뻐요이뻐요,https://phinf.pstatic.net/checkout.phinf/20210326_90/1616725765589EluUh_JPEG/review-attachment-3ce5a608-3e5c-41f3-b53e-932b43874a21.jpeg?type=f300_300,joun****,20.12.30.
7,5,⭐⭐⭐⭐⭐⭐⭐⭐⭐⭐,https://phinf.pstatic.net/checkout.phinf/20210311_181/16153908219153d6MN_JPEG/review-attachment-2a742365-113f-4473-96e2-33e6626a2576.jpeg?type=f300_300,joun****,20.12.30.
