﻿,star,review,reviewImage,customerId,reviewDate
0,3,배송은 느렸지만 아주 만족하면서 쓰고있어요,https://phinf.pstatic.net/checkout.phinf/20210309_10/16152439300846KTnU_JPEG/review-attachment-648bac49-8976-40ff-8778-004367ea27a9.jpeg?type=f300_300,7724****,20.11.19.
1,5,"배송은 많이 늦었지만 상품은 집분위기랑 잘어울려요
다만 배송만 제대로 원하는 날짜에 받았음  좋았을텐데하는 아쉬움이 크네요",https://phinf.pstatic.net/checkout.phinf/20210323_223/1616458526071AaqWQ_JPEG/review-attachment-b01b5078-701c-445a-995a-a65075ce3b75.jpeg?type=f300_300,7724****,20.10.09.
2,5,편백나무 냄새 솔솔 나서 좋았지만 이물질이 묻으면 곰팡이가 피더라구요 그래서 아깝지만 목재 바니쉬 사서 발랐더니 색은 예쁜데 편백 구매한 의미가 없어졌어요 ㅠㅡㅠ,https://phinf.pstatic.net/checkout.phinf/20210302_101/1614654860303pmVPk_JPEG/review-attachment-e88d5520-b325-4620-b560-31182671b8a5.jpeg?type=f300_300,pjs6****,20.10.07.
3,3,"편백향도 나고 가격도 세일할때 저렴하게 샀네요!
편백옷장과 함께 구매하니 더 잘어울립니다.
판매자께서도 굉장히 친절하게 상담해주셨어요",https://phinf.pstatic.net/checkout.phinf/20210320_238/161625127633752fXi_JPEG/review-attachment-8d547555-b09e-42f7-8133-62b96c0fd4e8.jpeg?type=f300_300,khi2****,19.09.07.
4,5,"사진하고 넘 달라 실망했습니다
할인된 가격이 아니라 원가격인듯ㅜ",https://phinf.pstatic.net/checkout.phinf/20210317_79/1615991623938LP6Tt_JPEG/review-attachment-4f0fb223-188a-4857-966b-cca642e40fa5.jpeg?type=f300_300,nis6****,19.08.14.
5,5,"제품은 편백나무향도 좋고 맘에 들어요. 다만 약간의 흠집이 있고, 손잡이를 파낸 곳의 모양이 비대칭인 부분이 있는데 참을만 하다 싶습니다. 가족들 다 맘에 들어하네요. 사업 번창하세요~~!!",https://phinf.pstatic.net/checkout.phinf/20210326_128/1616734837348fnCTR_JPEG/review-attachment-38d39966-f7f3-4a7f-8b9b-c6dd145fbdee.jpeg?type=f300_300,jins****,19.06.19.
6,1,배송이 늦긴했지만 제품은 만족입니다,https://phinf.pstatic.net/checkout.phinf/20210326_90/1616725765589EluUh_JPEG/review-attachment-3ce5a608-3e5c-41f3-b53e-932b43874a21.jpeg?type=f300_300,rudv****,19.02.20.
7,5,나무 향이 너무 좋음,https://phinf.pstatic.net/checkout.phinf/20210311_181/16153908219153d6MN_JPEG/review-attachment-2a742365-113f-4473-96e2-33e6626a2576.jpeg?type=f300_300,jsr3****,19.01.22.
8,5,예쁩니다. 생각보다 크기가 크지만 냄새도 좋고 예쁘네요. 가성비 좋은 제품인것같습니다. 배송도 친절합니다.,https://phinf.pstatic.net/checkout.phinf/20210118_182/1610896999532lT0GN_JPEG/review-attachment-ebb210c9-c2f4-49b0-b059-64204ec41bd2.jpeg?type=f300_300,lees****,18.03.02.
9,3,크기가 생각보다 큰데 편백나무 냄새가 확나네요.디자인은 예쁩니다.,https://phinf.pstatic.net/image.nmv/shopnbuyer_2021_01_11_0/f1f667ae-53b7-11eb-9ca7-48df379ccacc_03.jpg?type=ffn300_300,lees****,18.01.12.
10,4,가구도 이쁘고 배송 해주시는 사장님도 너무 친절하시네요,https://phinf.pstatic.net/checkout.phinf/20210303_251/1614745157783pfCAY_JPEG/review-attachment-88681ab3-ca32-4489-ad2d-95dc212587fa.jpeg?type=f300_300,bora****,18.01.06.
