﻿,star,review,reviewImage,customerId,reviewDate
0,4,"사진과 같아요
마감훌륭해요",https://phinf.pstatic.net/checkout.phinf/20210309_10/16152439300846KTnU_JPEG/review-attachment-648bac49-8976-40ff-8778-004367ea27a9.jpeg?type=f300_300,rara****,21.02.25.
1,5,"상품 넘 마음에 들어요. 제작 사진도 문자로 보내주시고, 꼼꼼하고 튼튼하게 잘 만들어주셔서 감사드려요. 색상도 제가 원하던 대로 저희집 침대와 맞춘것처럼 같아서 더 좋아요. 번창하세요^^",https://phinf.pstatic.net/checkout.phinf/20210323_223/1616458526071AaqWQ_JPEG/review-attachment-b01b5078-701c-445a-995a-a65075ce3b75.jpeg?type=f300_300,kp97****,20.04.19.
2,5,침대에 셋로 맞추려고 구매했는데 잘 맞아서 다행입니다. 배송비가 따로 있어서 좀 그랬습니다,https://phinf.pstatic.net/checkout.phinf/20210302_101/1614654860303pmVPk_JPEG/review-attachment-e88d5520-b325-4620-b560-31182671b8a5.jpeg?type=f300_300,ohju****,20.04.02.
3,5,생각보다 너무 크긷 사네여 ㅜㅜ,https://phinf.pstatic.net/checkout.phinf/20210320_238/161625127633752fXi_JPEG/review-attachment-8d547555-b09e-42f7-8133-62b96c0fd4e8.jpeg?type=f300_300,znvm****,19.10.31.
4,5,좀 무겁지만 튼튼함. 색상도 좋음. 배송은 매우 오래 걸린 편임.,https://phinf.pstatic.net/checkout.phinf/20210317_79/1615991623938LP6Tt_JPEG/review-attachment-4f0fb223-188a-4857-966b-cca642e40fa5.jpeg?type=f300_300,joom****,19.02.16.
5,4,"디자인은 사진과 같아요. 검정 프레임 침대와 잘 어울리네요. 상품 오픈할때 불 냄새가 좀 나긴했는데 금방 빠지긴 하더라구요.
전반적으로 만족합니다!",https://phinf.pstatic.net/checkout.phinf/20210326_128/1616734837348fnCTR_JPEG/review-attachment-38d39966-f7f3-4a7f-8b9b-c6dd145fbdee.jpeg?type=f300_300,este****,19.01.13.
6,3,깔끔하고 고급지내요 디자인도 이쁘고 정말 마음에들어요,https://phinf.pstatic.net/checkout.phinf/20210326_90/1616725765589EluUh_JPEG/review-attachment-3ce5a608-3e5c-41f3-b53e-932b43874a21.jpeg?type=f300_300,tnrl****,19.01.15.
7,4,좋아요 이사하면서 협탁두개가 필요해서 주문했는데 넘넘 맘에들어요...침대색상이 베이지라 베이지로 했는데 색도 잘맞고 짱조아요^^,https://phinf.pstatic.net/checkout.phinf/20210311_181/16153908219153d6MN_JPEG/review-attachment-2a742365-113f-4473-96e2-33e6626a2576.jpeg?type=f300_300,ghkd****,18.10.31.
8,5,잘받았습니다^.^,https://phinf.pstatic.net/checkout.phinf/20210118_182/1610896999532lT0GN_JPEG/review-attachment-ebb210c9-c2f4-49b0-b059-64204ec41bd2.jpeg?type=f300_300,asd1****,18.10.28.
9,5,만족합니다,https://phinf.pstatic.net/image.nmv/shopnbuyer_2021_01_11_0/f1f667ae-53b7-11eb-9ca7-48df379ccacc_03.jpg?type=ffn300_300,ghkd****,18.10.15.
10,5,협탁 아주이뻐요 저는 침대를 하부 프레임만하고 프라다 네이비 색으로 맞춰서 협탁을 했는데요 생각한것 보다 이뻐서 만족 합니다 아주 고급지게 잘어울려요 그리고 역시 밀라노리빙 친절 하십니다  담당자 분께 감사하다고 전해드리고 싶네요,https://phinf.pstatic.net/checkout.phinf/20210303_251/1614745157783pfCAY_JPEG/review-attachment-88681ab3-ca32-4489-ad2d-95dc212587fa.jpeg?type=f300_300,shar****,18.04.17.
11,5,"협탁도 같이 했는데 아주 만족 스럽습니다 
담당자분의 친절함이 더욱 좋았습니다 ",https://phinf.pstatic.net/checkout.phinf/20210311_76/1615390281821YudiK_JPEG/review-attachment-b464f07f-2e49-4620-8ac3-a967ee217cf4.jpeg?type=f300_300,shar****,18.04.17.
