﻿,star,review,reviewImage,customerId,reviewDate
0,4,좋아요 잘쓸게요오오,https://phinf.pstatic.net/checkout.phinf/20210309_10/16152439300846KTnU_JPEG/review-attachment-648bac49-8976-40ff-8778-004367ea27a9.jpeg?type=f300_300,hyun****,21.02.04.
1,5,마감 품질은 가격대비 괜찮아요. 근데 서랍이 잘안되요. 무지 빡빡하네요. 그냥 쓸라고요.,https://phinf.pstatic.net/checkout.phinf/20210323_223/1616458526071AaqWQ_JPEG/review-attachment-b01b5078-701c-445a-995a-a65075ce3b75.jpeg?type=f300_300,duke****,21.01.29.
2,5,딱 찾던거에요 잘 사용해볼게요,https://phinf.pstatic.net/checkout.phinf/20210302_101/1614654860303pmVPk_JPEG/review-attachment-e88d5520-b325-4620-b560-31182671b8a5.jpeg?type=f300_300,asia****,20.10.29.
3,4,어제 결제했는데 배송 핵빠르고 친절하고 원목 묵직하구 튼튼해서 넘 맘에들아요!!,https://phinf.pstatic.net/checkout.phinf/20210320_238/161625127633752fXi_JPEG/review-attachment-8d547555-b09e-42f7-8133-62b96c0fd4e8.jpeg?type=f300_300,tmf1****,20.09.28.
