﻿,star,review,reviewImage,customerId,reviewDate
0,5,"아빠댁에 보내드렸어요.
생각보다 배송도 빨랐고, 배송문의도 드렸었는데
답변도 빨리 주셨어요.

현재있는 돌침대 프레임 색이랑 너무 잘맞아서 더욱 맘에 들어요.
사이즈도 다른 협탁보다 커서 가습기랑 노트북을 놓아도 딱이예요!
너무 맘에 들어서 매장에 한번 방문해서 구경해볼래요^^",https://phinf.pstatic.net/checkout.phinf/20210309_10/16152439300846KTnU_JPEG/review-attachment-648bac49-8976-40ff-8778-004367ea27a9.jpeg?type=f300_300,jisu****,21.03.14.
1,4,생각보다 약간 컸지만 협탁이 넓어서 사용하기 더 수월한 거 같아요:) 침대가 높은편이라 높은 협탁이 필요했는데 높이는 딱 맞았어요! 서랍이 레일이라서 열고 닫는게 부드럽네요~ 나중에 소파 사이드테이블도 한번 써보려구요~,https://phinf.pstatic.net/checkout.phinf/20210323_223/1616458526071AaqWQ_JPEG/review-attachment-b01b5078-701c-445a-995a-a65075ce3b75.jpeg?type=f300_300,phee****,21.03.19.
2,5,협탁치고 커서 쓸모가 좋네요 모양도 이뻐요 냄새는 잘 안빠지네요,https://phinf.pstatic.net/checkout.phinf/20210302_101/1614654860303pmVPk_JPEG/review-attachment-e88d5520-b325-4620-b560-31182671b8a5.jpeg?type=f300_300,sinc****,21.03.10.
3,4,튼튼하고 좋아요.  서랍 3개가 사용하기 딱 좋은 깊이 입니다. 가격도 합리적이고도 대만족입니다.,https://phinf.pstatic.net/checkout.phinf/20210320_238/161625127633752fXi_JPEG/review-attachment-8d547555-b09e-42f7-8133-62b96c0fd4e8.jpeg?type=f300_300,muns****,21.03.25.
4,5,"혼자 쓰기에 딱 적당하고 좋은 가구입니다.

적극  추천합니다.

다만 배송비를 따로 드려야 하는 번거로움이 있지만

그래도 생각하면 써볼만 합니다.",https://phinf.pstatic.net/checkout.phinf/20210317_79/1615991623938LP6Tt_JPEG/review-attachment-4f0fb223-188a-4857-966b-cca642e40fa5.jpeg?type=f300_300,ms24****,21.03.22.
5,4,"침대 사고 마음에 들어 협탁도 주문했어요.
사진에서 보듯 너무 예쁜데
서랍이 엄청 뻑뻑하네요.
특히 마지막 서랍은 잘 닫히지도 않고
열려면 협탁 자체가 다 끌려오는 수준으로요.
배달기사님이 향후 책상 가져다주시면서
뭐 뿌리는거 가져오셔 뿌려주신다고 했는데
그걸로 되려나, 교환신청 했어야 했나 싶네요;;
오래 기다렸다 받아서 더 기다리고싶지 않은 마음에 기사님 말씀 따르긴 했는데 살짝 걱정이 되긴 합니다.
아 기사님은 완전 친절하셨어요.  
책상 사이즈도 기사님이 조언해 주셨답니다.",https://phinf.pstatic.net/checkout.phinf/20210326_128/1616734837348fnCTR_JPEG/review-attachment-38d39966-f7f3-4a7f-8b9b-c6dd145fbdee.jpeg?type=f300_300,lumi****,21.02.06.
6,5,"묵직하고 색상도 맘에드는데 , 맨아래서랍시 끝까지 안들어가는데  신경써서 밀면 좀 덜 표시가 나서 교환할까 하다가 그냥씁니다",https://phinf.pstatic.net/checkout.phinf/20210326_90/1616725765589EluUh_JPEG/review-attachment-3ce5a608-3e5c-41f3-b53e-932b43874a21.jpeg?type=f300_300,germ****,21.03.03.
7,5,"대만족입니다. 생각보다 큰 느낌은 있지만 ㅎㅎ
크면 더 좋죠뭐 ㅎㅎ",https://phinf.pstatic.net/checkout.phinf/20210311_181/16153908219153d6MN_JPEG/review-attachment-2a742365-113f-4473-96e2-33e6626a2576.jpeg?type=f300_300,park****,21.03.05.
8,5,전체적으로는 괜찮으나 서랍이 잘 맞지 않네요,https://phinf.pstatic.net/checkout.phinf/20210118_182/1610896999532lT0GN_JPEG/review-attachment-ebb210c9-c2f4-49b0-b059-64204ec41bd2.jpeg?type=f300_300,jamy****,21.03.09.
9,4,"예쁘고 견고하고 마감도 깔끔하고 가성비까지 좋습니다.
너무 마음에 들어서 침대 양 옆에 하나씩 두고 친정집에 선물도 드렸습니다^^",https://phinf.pstatic.net/image.nmv/shopnbuyer_2021_01_11_0/f1f667ae-53b7-11eb-9ca7-48df379ccacc_03.jpg?type=ffn300_300,belo****,21.02.15.
10,4,색상이랑 디자인 다 만족해요,https://phinf.pstatic.net/checkout.phinf/20210303_251/1614745157783pfCAY_JPEG/review-attachment-88681ab3-ca32-4489-ad2d-95dc212587fa.jpeg?type=f300_300,xoeh****,21.03.04.
11,5,"생각햇던것보다 크기가 커서 더 좋았고, 돌침대 양옆에 놓으니 색도 딱이에요 너무 마음에 듭니다",https://phinf.pstatic.net/checkout.phinf/20210311_76/1615390281821YudiK_JPEG/review-attachment-b464f07f-2e49-4620-8ac3-a967ee217cf4.jpeg?type=f300_300,khji****,21.03.20.
12,4,3단 써보고 좋아서 2단 추가로 구매했어요,https://phinf.pstatic.net/image.nmv/shopnbuyer_2021_01_04_0/5e8e494f-4e77-11eb-a803-a0369ff94ec8_03.jpg?type=ffn300_300,es61****,21.03.28.
13,5,"서랍 여닫는게 뻑뻑하다고 했는데
좋아지긴했지만 여전합니다
다만 제가 처음처럼 거슬리지않을뿐~
침대랑 세트로 샀는데 볼때마다 잘샀다고
제 자신을 칭찬합니다
곱게 오래 쓰렵니다",https://phinf.pstatic.net/checkout.phinf/20210206_297/1612617030683Q87H5_JPEG/review-attachment-19ca8ceb-bf30-4587-917c-206c591be48a.jpeg?type=f300_300,lumi****,21.03.10.
14,5,상품잘받았어요 감사드립니다,https://phinf.pstatic.net/checkout.phinf/20210109_70/16101906551308Ew4b_JPEG/review-attachment-ae096340-30e9-476c-9c65-a06dae905b7b.jpeg?type=f300_300,junk****,21.03.20.
15,5,아이가 화장대가 필요해서 알아보다 협탁에 거울만 했는데 넘맘에 들어요 알반 화장대보다 예쁘다고 서랍도 수납하기좋아요 배송은 희망날짜보다 일찍도착했어요,https://phinf.pstatic.net/checkout.phinf/20210217_152/1613548771381kgxE0_JPEG/review-attachment-ec0bf13f-127c-4807-b7ff-215e61e38608.jpeg?type=f300_300,chon****,21.02.10.
16,5,튼튼하고 색상이 밝아요,https://phinf.pstatic.net/checkout.phinf/20210201_256/1612158639663gWLlS_JPEG/review-attachment-6c3ab54c-ce94-48de-bc96-ddea7c5677c9.jpeg?type=f300_300,wh_s****,21.03.05.
17,4,감사합니다 ! 빠른 배송해주셔서 잘 설치할 수 있었습니다~~ 잘 사용하겠습니다 !!,https://phinf.pstatic.net/checkout.phinf/20210309_10/16152439300846KTnU_JPEG/review-attachment-648bac49-8976-40ff-8778-004367ea27a9.jpeg?type=f300_300,ksh2****,21.02.20.
18,5,한달쨔사용즁인데 고장넚이좋어여,https://phinf.pstatic.net/checkout.phinf/20210323_223/1616458526071AaqWQ_JPEG/review-attachment-b01b5078-701c-445a-995a-a65075ce3b75.jpeg?type=f300_300,clar****,21.02.26.
19,5,할인 많이 받아서  싸게  잘샀어요. 깔끔하고  맘에듭니다~,https://phinf.pstatic.net/checkout.phinf/20210302_101/1614654860303pmVPk_JPEG/review-attachment-e88d5520-b325-4620-b560-31182671b8a5.jpeg?type=f300_300,bes5****,21.02.01.
20,5,"아빠댁에 보내드렸어요.
생각보다 배송도 빨랐고, 배송문의도 드렸었는데
답변도 빨리 주셨어요.

현재있는 돌침대 프레임 색이랑 너무 잘맞아서 더욱 맘에 들어요.
사이즈도 다른 협탁보다 커서 가습기랑 노트북을 놓아도 딱이예요!
너무 맘에 들어서 매장에 한번 방문해서 구경해볼래요^^",https://phinf.pstatic.net/checkout.phinf/20210309_10/16152439300846KTnU_JPEG/review-attachment-648bac49-8976-40ff-8778-004367ea27a9.jpeg?type=f300_300,jisu****,21.03.14.
21,4,생각보다 약간 컸지만 협탁이 넓어서 사용하기 더 수월한 거 같아요:) 침대가 높은편이라 높은 협탁이 필요했는데 높이는 딱 맞았어요! 서랍이 레일이라서 열고 닫는게 부드럽네요~ 나중에 소파 사이드테이블도 한번 써보려구요~,https://phinf.pstatic.net/checkout.phinf/20210323_223/1616458526071AaqWQ_JPEG/review-attachment-b01b5078-701c-445a-995a-a65075ce3b75.jpeg?type=f300_300,phee****,21.03.19.
22,5,협탁치고 커서 쓸모가 좋네요 모양도 이뻐요 냄새는 잘 안빠지네요,https://phinf.pstatic.net/checkout.phinf/20210302_101/1614654860303pmVPk_JPEG/review-attachment-e88d5520-b325-4620-b560-31182671b8a5.jpeg?type=f300_300,sinc****,21.03.10.
23,4,튼튼하고 좋아요.  서랍 3개가 사용하기 딱 좋은 깊이 입니다. 가격도 합리적이고도 대만족입니다.,https://phinf.pstatic.net/checkout.phinf/20210320_238/161625127633752fXi_JPEG/review-attachment-8d547555-b09e-42f7-8133-62b96c0fd4e8.jpeg?type=f300_300,muns****,21.03.25.
24,5,"혼자 쓰기에 딱 적당하고 좋은 가구입니다.

적극  추천합니다.

다만 배송비를 따로 드려야 하는 번거로움이 있지만

그래도 생각하면 써볼만 합니다.",https://phinf.pstatic.net/checkout.phinf/20210317_79/1615991623938LP6Tt_JPEG/review-attachment-4f0fb223-188a-4857-966b-cca642e40fa5.jpeg?type=f300_300,ms24****,21.03.22.
25,4,"침대 사고 마음에 들어 협탁도 주문했어요.
사진에서 보듯 너무 예쁜데
서랍이 엄청 뻑뻑하네요.
특히 마지막 서랍은 잘 닫히지도 않고
열려면 협탁 자체가 다 끌려오는 수준으로요.
배달기사님이 향후 책상 가져다주시면서
뭐 뿌리는거 가져오셔 뿌려주신다고 했는데
그걸로 되려나, 교환신청 했어야 했나 싶네요;;
오래 기다렸다 받아서 더 기다리고싶지 않은 마음에 기사님 말씀 따르긴 했는데 살짝 걱정이 되긴 합니다.
아 기사님은 완전 친절하셨어요.  
책상 사이즈도 기사님이 조언해 주셨답니다.",https://phinf.pstatic.net/checkout.phinf/20210326_128/1616734837348fnCTR_JPEG/review-attachment-38d39966-f7f3-4a7f-8b9b-c6dd145fbdee.jpeg?type=f300_300,lumi****,21.02.06.
26,5,"묵직하고 색상도 맘에드는데 , 맨아래서랍시 끝까지 안들어가는데  신경써서 밀면 좀 덜 표시가 나서 교환할까 하다가 그냥씁니다",https://phinf.pstatic.net/checkout.phinf/20210326_90/1616725765589EluUh_JPEG/review-attachment-3ce5a608-3e5c-41f3-b53e-932b43874a21.jpeg?type=f300_300,germ****,21.03.03.
27,5,"대만족입니다. 생각보다 큰 느낌은 있지만 ㅎㅎ
크면 더 좋죠뭐 ㅎㅎ",https://phinf.pstatic.net/checkout.phinf/20210311_181/16153908219153d6MN_JPEG/review-attachment-2a742365-113f-4473-96e2-33e6626a2576.jpeg?type=f300_300,park****,21.03.05.
28,5,전체적으로는 괜찮으나 서랍이 잘 맞지 않네요,https://phinf.pstatic.net/checkout.phinf/20210118_182/1610896999532lT0GN_JPEG/review-attachment-ebb210c9-c2f4-49b0-b059-64204ec41bd2.jpeg?type=f300_300,jamy****,21.03.09.
29,4,"예쁘고 견고하고 마감도 깔끔하고 가성비까지 좋습니다.
너무 마음에 들어서 침대 양 옆에 하나씩 두고 친정집에 선물도 드렸습니다^^",https://phinf.pstatic.net/image.nmv/shopnbuyer_2021_01_11_0/f1f667ae-53b7-11eb-9ca7-48df379ccacc_03.jpg?type=ffn300_300,belo****,21.02.15.
30,4,색상이랑 디자인 다 만족해요,https://phinf.pstatic.net/checkout.phinf/20210303_251/1614745157783pfCAY_JPEG/review-attachment-88681ab3-ca32-4489-ad2d-95dc212587fa.jpeg?type=f300_300,xoeh****,21.03.04.
31,5,"생각햇던것보다 크기가 커서 더 좋았고, 돌침대 양옆에 놓으니 색도 딱이에요 너무 마음에 듭니다",https://phinf.pstatic.net/checkout.phinf/20210311_76/1615390281821YudiK_JPEG/review-attachment-b464f07f-2e49-4620-8ac3-a967ee217cf4.jpeg?type=f300_300,khji****,21.03.20.
32,4,3단 써보고 좋아서 2단 추가로 구매했어요,https://phinf.pstatic.net/image.nmv/shopnbuyer_2021_01_04_0/5e8e494f-4e77-11eb-a803-a0369ff94ec8_03.jpg?type=ffn300_300,es61****,21.03.28.
33,5,"서랍 여닫는게 뻑뻑하다고 했는데
좋아지긴했지만 여전합니다
다만 제가 처음처럼 거슬리지않을뿐~
침대랑 세트로 샀는데 볼때마다 잘샀다고
제 자신을 칭찬합니다
곱게 오래 쓰렵니다",https://phinf.pstatic.net/checkout.phinf/20210206_297/1612617030683Q87H5_JPEG/review-attachment-19ca8ceb-bf30-4587-917c-206c591be48a.jpeg?type=f300_300,lumi****,21.03.10.
34,5,상품잘받았어요 감사드립니다,https://phinf.pstatic.net/checkout.phinf/20210109_70/16101906551308Ew4b_JPEG/review-attachment-ae096340-30e9-476c-9c65-a06dae905b7b.jpeg?type=f300_300,junk****,21.03.20.
35,5,아이가 화장대가 필요해서 알아보다 협탁에 거울만 했는데 넘맘에 들어요 알반 화장대보다 예쁘다고 서랍도 수납하기좋아요 배송은 희망날짜보다 일찍도착했어요,https://phinf.pstatic.net/checkout.phinf/20210217_152/1613548771381kgxE0_JPEG/review-attachment-ec0bf13f-127c-4807-b7ff-215e61e38608.jpeg?type=f300_300,chon****,21.02.10.
36,5,튼튼하고 색상이 밝아요,https://phinf.pstatic.net/checkout.phinf/20210201_256/1612158639663gWLlS_JPEG/review-attachment-6c3ab54c-ce94-48de-bc96-ddea7c5677c9.jpeg?type=f300_300,wh_s****,21.03.05.
37,4,감사합니다 ! 빠른 배송해주셔서 잘 설치할 수 있었습니다~~ 잘 사용하겠습니다 !!,https://phinf.pstatic.net/checkout.phinf/20210309_10/16152439300846KTnU_JPEG/review-attachment-648bac49-8976-40ff-8778-004367ea27a9.jpeg?type=f300_300,ksh2****,21.02.20.
38,5,한달쨔사용즁인데 고장넚이좋어여,https://phinf.pstatic.net/checkout.phinf/20210323_223/1616458526071AaqWQ_JPEG/review-attachment-b01b5078-701c-445a-995a-a65075ce3b75.jpeg?type=f300_300,clar****,21.02.26.
39,5,할인 많이 받아서  싸게  잘샀어요. 깔끔하고  맘에듭니다~,https://phinf.pstatic.net/checkout.phinf/20210302_101/1614654860303pmVPk_JPEG/review-attachment-e88d5520-b325-4620-b560-31182671b8a5.jpeg?type=f300_300,bes5****,21.02.01.
40,5,잘 받았습니다..생각보다 엄청 빨리와서 좋앗어요,https://phinf.pstatic.net/checkout.phinf/20210309_10/16152439300846KTnU_JPEG/review-attachment-648bac49-8976-40ff-8778-004367ea27a9.jpeg?type=f300_300,nhs7****,21.03.16.
41,4,가성비좋은 제품이네요,https://phinf.pstatic.net/checkout.phinf/20210323_223/1616458526071AaqWQ_JPEG/review-attachment-b01b5078-701c-445a-995a-a65075ce3b75.jpeg?type=f300_300,6355****,21.03.17.
42,5,친정 엄마 선물로 사드렿어요. 흙침대가 테두리가 원목이라 잘 어울리네요,https://phinf.pstatic.net/checkout.phinf/20210302_101/1614654860303pmVPk_JPEG/review-attachment-e88d5520-b325-4620-b560-31182671b8a5.jpeg?type=f300_300,ybis****,21.02.16.
43,4,괜찮네요~^^잘쓸게요,https://phinf.pstatic.net/checkout.phinf/20210320_238/161625127633752fXi_JPEG/review-attachment-8d547555-b09e-42f7-8133-62b96c0fd4e8.jpeg?type=f300_300,knl0****,21.02.24.
44,5,"튼튼하니 좋아요
색도 예쁘고  서랍 레일도 부드럽고 좋아요",https://phinf.pstatic.net/checkout.phinf/20210317_79/1615991623938LP6Tt_JPEG/review-attachment-4f0fb223-188a-4857-966b-cca642e40fa5.jpeg?type=f300_300,cell****,21.03.27.
45,4,가격대비 생각보다 넓고  잘사용하고 있어요 ㅎ,https://phinf.pstatic.net/checkout.phinf/20210326_128/1616734837348fnCTR_JPEG/review-attachment-38d39966-f7f3-4a7f-8b9b-c6dd145fbdee.jpeg?type=f300_300,0227****,21.03.11.
46,4,"예쁘고 마감상태도 부드럽고 서랍도 잘 열립니다.
저렴한 합판 가구들이랑 비교가 안되네요^^
마음에 들어서 친정집에도 선물해드렸어요^^",https://phinf.pstatic.net/checkout.phinf/20210326_90/1616725765589EluUh_JPEG/review-attachment-3ce5a608-3e5c-41f3-b53e-932b43874a21.jpeg?type=f300_300,belo****,21.02.01.
47,5,"너무 예쁘고 마음에 들어서 친정집에도 선물해드렸어요~
엄마도 예쁘고 품질이 좋다고 잘 샀다고 하시네요^^",https://phinf.pstatic.net/checkout.phinf/20210311_181/16153908219153d6MN_JPEG/review-attachment-2a742365-113f-4473-96e2-33e6626a2576.jpeg?type=f300_300,belo****,21.02.05.
48,5,크기가 커서 여러모로 쓰임이 있네요,https://phinf.pstatic.net/checkout.phinf/20210118_182/1610896999532lT0GN_JPEG/review-attachment-ebb210c9-c2f4-49b0-b059-64204ec41bd2.jpeg?type=f300_300,1179****,21.03.09.
49,5,상담도 잘해주시고 배송빨랐어요,https://phinf.pstatic.net/image.nmv/shopnbuyer_2021_01_11_0/f1f667ae-53b7-11eb-9ca7-48df379ccacc_03.jpg?type=ffn300_300,hch3****,21.03.09.
50,5,가격대비 괜찮습니다,https://phinf.pstatic.net/checkout.phinf/20210303_251/1614745157783pfCAY_JPEG/review-attachment-88681ab3-ca32-4489-ad2d-95dc212587fa.jpeg?type=f300_300,cand****,21.02.16.
51,5,생각보다 빠른배송이 좋았습니다,https://phinf.pstatic.net/checkout.phinf/20210311_76/1615390281821YudiK_JPEG/review-attachment-b464f07f-2e49-4620-8ac3-a967ee217cf4.jpeg?type=f300_300,cand****,21.02.16.
52,4,배송 약속일에 받았어요. 고급조 보이고 튼튼해 보여요,https://phinf.pstatic.net/image.nmv/shopnbuyer_2021_01_04_0/5e8e494f-4e77-11eb-a803-a0369ff94ec8_03.jpg?type=ffn300_300,bkm2****,21.02.05.
53,4,"침대프레임과 비슷한색을 찾다가 구매했어요
3단 서랍이라 수납도 넉넉하고 가격대비 넘 만족스럽네요.^^",https://phinf.pstatic.net/checkout.phinf/20210206_297/1612617030683Q87H5_JPEG/review-attachment-19ca8ceb-bf30-4587-917c-206c591be48a.jpeg?type=f300_300,jyjc****,21.01.21.
54,5,"조금더 노랑끼가 나는거같아서 아쉬워요ㅜㅜ 조금더 갈색 원목 느낌인줄알았는데(마지막 사진이 제일 실제랑 비슷하겠다라고 생각했었는데 이건 제 판단 미스!) 
그래도 다행히 원래 집에 있던 라탄의자랑 비슷한 색상이여서 가구 위치 변경해서 두었더니 이질감은 크게 없네요!
서랍이 잘 안 닫아져서 양쪽으로 힘줘서 끝까지 눌러줘야돼요ㅜㅜ 안그러면 오른쪽이나 왼쪽 한쪽만 들어가거나 닫히다 말아서요ㅜㅜ
그래도 가격이 나쁘지않아 나름대로 만족하며 쓰고 있습니다!",https://phinf.pstatic.net/checkout.phinf/20210109_70/16101906551308Ew4b_JPEG/review-attachment-ae096340-30e9-476c-9c65-a06dae905b7b.jpeg?type=f300_300,soi9****,20.12.27.
55,5,튼튼하고 색감도좋아요,https://phinf.pstatic.net/checkout.phinf/20210217_152/1613548771381kgxE0_JPEG/review-attachment-ec0bf13f-127c-4807-b7ff-215e61e38608.jpeg?type=f300_300,cell****,21.02.05.
56,5,생각보다 옆으로 좀 길더라구요 ㅋㅋㅋ 사이즈를 상세히 체크 안한탓이지만 일반 협탁보다 크게 쓰고싶으신분들은 추천합니다. 침대랑 색상이 딱맞아서 너무 좋아요,https://phinf.pstatic.net/checkout.phinf/20210201_256/1612158639663gWLlS_JPEG/review-attachment-6c3ab54c-ce94-48de-bc96-ddea7c5677c9.jpeg?type=f300_300,kang****,21.01.13.
57,5,생각보다 고급지고 멋지네요. 침대가 원목인데 세트처럼 보이네요^^,https://phinf.pstatic.net/checkout.phinf/20210309_10/16152439300846KTnU_JPEG/review-attachment-648bac49-8976-40ff-8778-004367ea27a9.jpeg?type=f300_300,wkss****,21.02.17.
58,4,먼저 하나 구매하고 원목도 좋고 튼튼해서 재구매했어요 원목이라 오래 쓸수 있을꺼 같아서 좋네요,https://phinf.pstatic.net/checkout.phinf/20210323_223/1616458526071AaqWQ_JPEG/review-attachment-b01b5078-701c-445a-995a-a65075ce3b75.jpeg?type=f300_300,jang****,21.02.07.
59,5,생각보다 크네요! 견고하게 생겼어요 잘 닫히고 열려요,https://phinf.pstatic.net/checkout.phinf/20210302_101/1614654860303pmVPk_JPEG/review-attachment-e88d5520-b325-4620-b560-31182671b8a5.jpeg?type=f300_300,jeb0****,21.02.16.
