﻿,star,review,reviewImage,customerId,reviewDate
0,5,거실장과 같이 구매했는데 길이가 원하는 만큼 나와서 좋아요. 수납도 넉넉하게 되고 안에 서랍도 유용하네요,https://phinf.pstatic.net/checkout.phinf/20210309_10/16152439300846KTnU_JPEG/review-attachment-648bac49-8976-40ff-8778-004367ea27a9.jpeg?type=f300_300,glor****,21.01.29.
1,4,깔끔하긴한데 자꾸 서랍여닫을때  앞으로 쏠리면서 밀려요~,https://phinf.pstatic.net/checkout.phinf/20210323_223/1616458526071AaqWQ_JPEG/review-attachment-b01b5078-701c-445a-995a-a65075ce3b75.jpeg?type=f300_300,jang****,21.02.08.
2,5,배송이 원하는 시간에 안되요 혼자 사는 직장인은 배송 받기가 너무 힘드네요,https://phinf.pstatic.net/checkout.phinf/20210302_101/1614654860303pmVPk_JPEG/review-attachment-e88d5520-b325-4620-b560-31182671b8a5.jpeg?type=f300_300,baek****,21.01.23.
3,5,빠른배송 제품이 너무 이뻐요,https://phinf.pstatic.net/checkout.phinf/20210320_238/161625127633752fXi_JPEG/review-attachment-8d547555-b09e-42f7-8133-62b96c0fd4e8.jpeg?type=f300_300,kswk****,21.01.22.
4,5,배송날짜 정확하게 잘도착했습니다.기사님이 조립도 잘해주셨습니다,https://phinf.pstatic.net/checkout.phinf/20210317_79/1615991623938LP6Tt_JPEG/review-attachment-4f0fb223-188a-4857-966b-cca642e40fa5.jpeg?type=f300_300,ljsl****,20.09.23.
5,4,배송 잘 받았고 만족합니다.,https://phinf.pstatic.net/checkout.phinf/20210326_128/1616734837348fnCTR_JPEG/review-attachment-38d39966-f7f3-4a7f-8b9b-c6dd145fbdee.jpeg?type=f300_300,ryoo****,20.06.03.
6,5,"실물 색상이 더 이쁘고, 사용하기 편리합니다.",https://phinf.pstatic.net/checkout.phinf/20210326_90/1616725765589EluUh_JPEG/review-attachment-3ce5a608-3e5c-41f3-b53e-932b43874a21.jpeg?type=f300_300,blue****,20.03.28.
7,5,빠른 배송과 품질 좋습니다.,https://phinf.pstatic.net/checkout.phinf/20210311_181/16153908219153d6MN_JPEG/review-attachment-2a742365-113f-4473-96e2-33e6626a2576.jpeg?type=f300_300,blue****,20.03.21.
8,5,"일룸이라 믿음직스럽고, 배송도 제 때에 왔습니다",https://phinf.pstatic.net/checkout.phinf/20210118_182/1610896999532lT0GN_JPEG/review-attachment-ebb210c9-c2f4-49b0-b059-64204ec41bd2.jpeg?type=f300_300,neod****,20.02.06.
9,5,배송도 생각보다 빠르고 잘사용하겠습니다,https://phinf.pstatic.net/image.nmv/shopnbuyer_2021_01_11_0/f1f667ae-53b7-11eb-9ca7-48df379ccacc_03.jpg?type=ffn300_300,yrro****,19.11.29.
10,5,"집이 더 넓어보이고 환해 보여요. 
첨엔 비싸다고 생각했는데 아깝지 않은거 같아요.",https://phinf.pstatic.net/checkout.phinf/20210303_251/1614745157783pfCAY_JPEG/review-attachment-88681ab3-ca32-4489-ad2d-95dc212587fa.jpeg?type=f300_300,grac****,19.10.12.
11,5,잘산것같아요 직원들도 친절하셔,https://phinf.pstatic.net/checkout.phinf/20210311_76/1615390281821YudiK_JPEG/review-attachment-b464f07f-2e49-4620-8ac3-a967ee217cf4.jpeg?type=f300_300,smil****,19.08.16.
12,5,"배송전 연락 메모를 남겼음에도 일방적인 일룸 기사님의 방문+미리 조립시공을 다한 후에 전화를 해서 교환반품도 힘들게 하고
일룸 고객센터에서는 물건도 제대로 모르고 답변하고 서랍장은 덜 닫히게 조립되어 있어서 결국 A/S 시공요청까지 했습니다
기존 레가토 AV장을 쓰고 있었기 때문에 추가로 사이드서랍장을 구매한건데 이번 일을 겪으면서 다시는 일룸 제품 구매하지 않기로 했어요
참고로 이 제품은 내부에 작은 서랍이 또 있습니다 
제품상세에서는 어디에도 찾을 수 없으니 구매 전엔 매장 방문해서 보시는게 좋을겁니다(일룸 공식홈페이지에만 한줄 문구가 있는게 전부)
저처럼 깊은 수납장을 원했다면 다른 걸 찾아보시길 권합니다",https://phinf.pstatic.net/image.nmv/shopnbuyer_2021_01_04_0/5e8e494f-4e77-11eb-a803-a0369ff94ec8_03.jpg?type=ffn300_300,blue****,19.07.22.
13,5,"티비장 옆에 함께두려고 샀어요~!  
한쪽끝에두니 딱 세트 같고 좋아요! 
조금 비싸서 고민했지만 오래오래쓰려구여",https://phinf.pstatic.net/checkout.phinf/20210206_297/1612617030683Q87H5_JPEG/review-attachment-19ca8ceb-bf30-4587-917c-206c591be48a.jpeg?type=f300_300,past****,19.05.23.
14,5,딱 원하던 사이즈고 잘쓰고 있네요,https://phinf.pstatic.net/checkout.phinf/20210109_70/16101906551308Ew4b_JPEG/review-attachment-ae096340-30e9-476c-9c65-a06dae905b7b.jpeg?type=f300_300,choy****,19.05.07.
15,5,사진과 같아요 만족합니다,https://phinf.pstatic.net/checkout.phinf/20210217_152/1613548771381kgxE0_JPEG/review-attachment-ec0bf13f-127c-4807-b7ff-215e61e38608.jpeg?type=f300_300,sjlo****,19.05.11.
16,1,최고의 제품입니다.,https://phinf.pstatic.net/checkout.phinf/20210201_256/1612158639663gWLlS_JPEG/review-attachment-6c3ab54c-ce94-48de-bc96-ddea7c5677c9.jpeg?type=f300_300,bleu****,19.04.09.
17,5,일룸은 제품에비해 배송절차와 설치기사님 친절도 as 별로네요,https://phinf.pstatic.net/checkout.phinf/20210309_10/16152439300846KTnU_JPEG/review-attachment-648bac49-8976-40ff-8778-004367ea27a9.jpeg?type=f300_300,jski****,19.03.09.
18,5,잘받았습니다 기사님친절해요,https://phinf.pstatic.net/checkout.phinf/20210323_223/1616458526071AaqWQ_JPEG/review-attachment-b01b5078-701c-445a-995a-a65075ce3b75.jpeg?type=f300_300,choy****,19.03.08.
19,5,품질 괜찮아요~이쁘네요~,https://phinf.pstatic.net/checkout.phinf/20210302_101/1614654860303pmVPk_JPEG/review-attachment-e88d5520-b325-4620-b560-31182671b8a5.jpeg?type=f300_300,park****,19.01.03.
20,5,거실장과 같이 구매했는데 길이가 원하는 만큼 나와서 좋아요. 수납도 넉넉하게 되고 안에 서랍도 유용하네요,https://phinf.pstatic.net/checkout.phinf/20210309_10/16152439300846KTnU_JPEG/review-attachment-648bac49-8976-40ff-8778-004367ea27a9.jpeg?type=f300_300,glor****,21.01.29.
21,4,깔끔하긴한데 자꾸 서랍여닫을때  앞으로 쏠리면서 밀려요~,https://phinf.pstatic.net/checkout.phinf/20210323_223/1616458526071AaqWQ_JPEG/review-attachment-b01b5078-701c-445a-995a-a65075ce3b75.jpeg?type=f300_300,jang****,21.02.08.
22,5,배송이 원하는 시간에 안되요 혼자 사는 직장인은 배송 받기가 너무 힘드네요,https://phinf.pstatic.net/checkout.phinf/20210302_101/1614654860303pmVPk_JPEG/review-attachment-e88d5520-b325-4620-b560-31182671b8a5.jpeg?type=f300_300,baek****,21.01.23.
23,5,빠른배송 제품이 너무 이뻐요,https://phinf.pstatic.net/checkout.phinf/20210320_238/161625127633752fXi_JPEG/review-attachment-8d547555-b09e-42f7-8133-62b96c0fd4e8.jpeg?type=f300_300,kswk****,21.01.22.
24,5,배송날짜 정확하게 잘도착했습니다.기사님이 조립도 잘해주셨습니다,https://phinf.pstatic.net/checkout.phinf/20210317_79/1615991623938LP6Tt_JPEG/review-attachment-4f0fb223-188a-4857-966b-cca642e40fa5.jpeg?type=f300_300,ljsl****,20.09.23.
25,4,배송 잘 받았고 만족합니다.,https://phinf.pstatic.net/checkout.phinf/20210326_128/1616734837348fnCTR_JPEG/review-attachment-38d39966-f7f3-4a7f-8b9b-c6dd145fbdee.jpeg?type=f300_300,ryoo****,20.06.03.
26,5,"실물 색상이 더 이쁘고, 사용하기 편리합니다.",https://phinf.pstatic.net/checkout.phinf/20210326_90/1616725765589EluUh_JPEG/review-attachment-3ce5a608-3e5c-41f3-b53e-932b43874a21.jpeg?type=f300_300,blue****,20.03.28.
27,5,빠른 배송과 품질 좋습니다.,https://phinf.pstatic.net/checkout.phinf/20210311_181/16153908219153d6MN_JPEG/review-attachment-2a742365-113f-4473-96e2-33e6626a2576.jpeg?type=f300_300,blue****,20.03.21.
28,5,"일룸이라 믿음직스럽고, 배송도 제 때에 왔습니다",https://phinf.pstatic.net/checkout.phinf/20210118_182/1610896999532lT0GN_JPEG/review-attachment-ebb210c9-c2f4-49b0-b059-64204ec41bd2.jpeg?type=f300_300,neod****,20.02.06.
29,5,배송도 생각보다 빠르고 잘사용하겠습니다,https://phinf.pstatic.net/image.nmv/shopnbuyer_2021_01_11_0/f1f667ae-53b7-11eb-9ca7-48df379ccacc_03.jpg?type=ffn300_300,yrro****,19.11.29.
30,5,"집이 더 넓어보이고 환해 보여요. 
첨엔 비싸다고 생각했는데 아깝지 않은거 같아요.",https://phinf.pstatic.net/checkout.phinf/20210303_251/1614745157783pfCAY_JPEG/review-attachment-88681ab3-ca32-4489-ad2d-95dc212587fa.jpeg?type=f300_300,grac****,19.10.12.
31,5,잘산것같아요 직원들도 친절하셔,https://phinf.pstatic.net/checkout.phinf/20210311_76/1615390281821YudiK_JPEG/review-attachment-b464f07f-2e49-4620-8ac3-a967ee217cf4.jpeg?type=f300_300,smil****,19.08.16.
32,5,"배송전 연락 메모를 남겼음에도 일방적인 일룸 기사님의 방문+미리 조립시공을 다한 후에 전화를 해서 교환반품도 힘들게 하고
일룸 고객센터에서는 물건도 제대로 모르고 답변하고 서랍장은 덜 닫히게 조립되어 있어서 결국 A/S 시공요청까지 했습니다
기존 레가토 AV장을 쓰고 있었기 때문에 추가로 사이드서랍장을 구매한건데 이번 일을 겪으면서 다시는 일룸 제품 구매하지 않기로 했어요
참고로 이 제품은 내부에 작은 서랍이 또 있습니다 
제품상세에서는 어디에도 찾을 수 없으니 구매 전엔 매장 방문해서 보시는게 좋을겁니다(일룸 공식홈페이지에만 한줄 문구가 있는게 전부)
저처럼 깊은 수납장을 원했다면 다른 걸 찾아보시길 권합니다",https://phinf.pstatic.net/image.nmv/shopnbuyer_2021_01_04_0/5e8e494f-4e77-11eb-a803-a0369ff94ec8_03.jpg?type=ffn300_300,blue****,19.07.22.
33,5,"티비장 옆에 함께두려고 샀어요~!  
한쪽끝에두니 딱 세트 같고 좋아요! 
조금 비싸서 고민했지만 오래오래쓰려구여",https://phinf.pstatic.net/checkout.phinf/20210206_297/1612617030683Q87H5_JPEG/review-attachment-19ca8ceb-bf30-4587-917c-206c591be48a.jpeg?type=f300_300,past****,19.05.23.
34,5,딱 원하던 사이즈고 잘쓰고 있네요,https://phinf.pstatic.net/checkout.phinf/20210109_70/16101906551308Ew4b_JPEG/review-attachment-ae096340-30e9-476c-9c65-a06dae905b7b.jpeg?type=f300_300,choy****,19.05.07.
35,5,사진과 같아요 만족합니다,https://phinf.pstatic.net/checkout.phinf/20210217_152/1613548771381kgxE0_JPEG/review-attachment-ec0bf13f-127c-4807-b7ff-215e61e38608.jpeg?type=f300_300,sjlo****,19.05.11.
36,1,최고의 제품입니다.,https://phinf.pstatic.net/checkout.phinf/20210201_256/1612158639663gWLlS_JPEG/review-attachment-6c3ab54c-ce94-48de-bc96-ddea7c5677c9.jpeg?type=f300_300,bleu****,19.04.09.
37,5,일룸은 제품에비해 배송절차와 설치기사님 친절도 as 별로네요,https://phinf.pstatic.net/checkout.phinf/20210309_10/16152439300846KTnU_JPEG/review-attachment-648bac49-8976-40ff-8778-004367ea27a9.jpeg?type=f300_300,jski****,19.03.09.
38,5,잘받았습니다 기사님친절해요,https://phinf.pstatic.net/checkout.phinf/20210323_223/1616458526071AaqWQ_JPEG/review-attachment-b01b5078-701c-445a-995a-a65075ce3b75.jpeg?type=f300_300,choy****,19.03.08.
39,5,품질 괜찮아요~이쁘네요~,https://phinf.pstatic.net/checkout.phinf/20210302_101/1614654860303pmVPk_JPEG/review-attachment-e88d5520-b325-4620-b560-31182671b8a5.jpeg?type=f300_300,park****,19.01.03.
