﻿,star,review,reviewImage,customerId,reviewDate
0,5,"상판 아주 튼튼하고, 디자인도 예뻐서 거실 분위기가 더 살아났어요. 어디 둬도 찰떡같이 예쁘네요 ^^ 좋은 상품 감사합니다 :) 
물건이 한번 잘못 와서 문의드렸는데, 주말인데도 바로 답변주시고 신속히 처리해주셔서 감사했습니다 ^^ 흥하세요 ! :) 
*주신 사은품도 정말 잘 쓰고 있어요! 감사합니다 :)",https://phinf.pstatic.net/checkout.phinf/20210309_10/16152439300846KTnU_JPEG/review-attachment-648bac49-8976-40ff-8778-004367ea27a9.jpeg?type=f300_300,elmo****,21.03.16.
1,4,기대이상이에요. 컬러가 맞아서 더 좋네요. 충전홀 깔끔히 잘파여져있어요.,https://phinf.pstatic.net/checkout.phinf/20210323_223/1616458526071AaqWQ_JPEG/review-attachment-b01b5078-701c-445a-995a-a65075ce3b75.jpeg?type=f300_300,yiyi****,21.02.10.
2,5,너무너무 좋아요..기대이상입니다,https://phinf.pstatic.net/checkout.phinf/20210302_101/1614654860303pmVPk_JPEG/review-attachment-e88d5520-b325-4620-b560-31182671b8a5.jpeg?type=f300_300,hanl****,21.03.11.
3,5,사이즈가 좀작아요~~다른점은모두만족,https://phinf.pstatic.net/checkout.phinf/20210320_238/161625127633752fXi_JPEG/review-attachment-8d547555-b09e-42f7-8133-62b96c0fd4e8.jpeg?type=f300_300,huge****,21.03.06.
4,4,가볍지않고 묵직한 무게감이 있어 좋고 스피크 울림이 너무 좋으네요.,https://phinf.pstatic.net/checkout.phinf/20210317_79/1615991623938LP6Tt_JPEG/review-attachment-4f0fb223-188a-4857-966b-cca642e40fa5.jpeg?type=f300_300,oki5****,21.03.02.
5,5,"오랜고민끝에 거실에 음악틀어놓으려 선택.
사진과 같고 
이전 상품이 좀 낮다셔서 높은 디자인으로~
맘에들어요^^
서비스로 두신 수저받침대도 감동♡",https://phinf.pstatic.net/checkout.phinf/20210326_128/1616734837348fnCTR_JPEG/review-attachment-38d39966-f7f3-4a7f-8b9b-c6dd145fbdee.jpeg?type=f300_300,lmwy****,21.01.28.
6,5,"작아서 위에 많은걸 올려놓을순없지만 오히려 그래서 다깔끔하게 방을 유지할수있어오 ㅋㅋ
너무 예뻐요ㅜ",https://phinf.pstatic.net/checkout.phinf/20210326_90/1616725765589EluUh_JPEG/review-attachment-3ce5a608-3e5c-41f3-b53e-932b43874a21.jpeg?type=f300_300,hky_****,19.06.13.
7,5,작지만 침대옆에 어울리네요ᆢ잘 만들어주셔서 감사합니다,https://phinf.pstatic.net/checkout.phinf/20210311_181/16153908219153d6MN_JPEG/review-attachment-2a742365-113f-4473-96e2-33e6626a2576.jpeg?type=f300_300,sexy****,19.03.04.
8,5,빠른 배송도 좋았고 제품이 너무 예뻐서 만족합니다.,https://phinf.pstatic.net/checkout.phinf/20210118_182/1610896999532lT0GN_JPEG/review-attachment-ebb210c9-c2f4-49b0-b059-64204ec41bd2.jpeg?type=f300_300,jisu****,18.09.05.
