﻿,star,review,reviewImage,customerId,reviewDate
0,5,유용하고 예뻐서 하나더 샀어요^^,https://phinf.pstatic.net/checkout.phinf/20210309_10/16152439300846KTnU_JPEG/review-attachment-648bac49-8976-40ff-8778-004367ea27a9.jpeg?type=f300_300,yck1****,20.12.18.
1,4,예쁘네요 고민하다 샀는데 사길 잘했어요,https://phinf.pstatic.net/checkout.phinf/20210323_223/1616458526071AaqWQ_JPEG/review-attachment-b01b5078-701c-445a-995a-a65075ce3b75.jpeg?type=f300_300,yck1****,20.11.13.
2,5,블랑드엔젤 제품 다 너무 예쁘고 튼튼해서 방에 뭐 두고싶을땐 항상 애용하는것같아요!:-) 협탁 침대 옆에 뒀는데 사이즈도 딱이고 예쁘네용!!,https://phinf.pstatic.net/checkout.phinf/20210302_101/1614654860303pmVPk_JPEG/review-attachment-e88d5520-b325-4620-b560-31182671b8a5.jpeg?type=f300_300,real****,20.09.16.
3,5,사이즈 잰 만큼 딱 맞네요,https://phinf.pstatic.net/checkout.phinf/20210320_238/161625127633752fXi_JPEG/review-attachment-8d547555-b09e-42f7-8133-62b96c0fd4e8.jpeg?type=f300_300,youm****,20.04.29.
4,4,일단 티비 밑에 선 정리하려구 햇는데 별루네요 ㅎㅎ다른데 인테리어용으로 써야겠어요 ^^,https://phinf.pstatic.net/checkout.phinf/20210317_79/1615991623938LP6Tt_JPEG/review-attachment-4f0fb223-188a-4857-966b-cca642e40fa5.jpeg?type=f300_300,aloo****,20.03.20.
5,5,가시가 많아서 불로 그을려요ㅜㅜ,https://phinf.pstatic.net/checkout.phinf/20210326_128/1616734837348fnCTR_JPEG/review-attachment-38d39966-f7f3-4a7f-8b9b-c6dd145fbdee.jpeg?type=f300_300,alrl****,20.02.25.
6,5,생각보다 작았는데 예뻐요! 거실에 인테리어용으로 샀어요 색깔두 사진보다 밝아서 쪼금 아쉽지만!! 그래두 집이 화이트톤이라 찰떡이에요! 배송도 빨랐어용!,https://phinf.pstatic.net/checkout.phinf/20210326_90/1616725765589EluUh_JPEG/review-attachment-3ce5a608-3e5c-41f3-b53e-932b43874a21.jpeg?type=f300_300,park****,19.12.07.
7,5,좋아욪조아요옹조아여,https://phinf.pstatic.net/checkout.phinf/20210311_181/16153908219153d6MN_JPEG/review-attachment-2a742365-113f-4473-96e2-33e6626a2576.jpeg?type=f300_300,i_26****,19.11.30.
8,4,살짝 밝은 색상이고 가볍구요. 인테리어용으로는 좋습니다 ^^,https://phinf.pstatic.net/checkout.phinf/20210118_182/1610896999532lT0GN_JPEG/review-attachment-ebb210c9-c2f4-49b0-b059-64204ec41bd2.jpeg?type=f300_300,gemi****,19.11.05.
9,5,생각보다 사이즈가 작아요 이쁘긴합니당,https://phinf.pstatic.net/image.nmv/shopnbuyer_2021_01_11_0/f1f667ae-53b7-11eb-9ca7-48df379ccacc_03.jpg?type=ffn300_300,tnru****,19.11.06.
