﻿,star,review,reviewImage,customerId,reviewDate
0,5,깨끗한상품으로 오지못해아쉬웠습니다,https://phinf.pstatic.net/checkout.phinf/20210309_10/16152439300846KTnU_JPEG/review-attachment-648bac49-8976-40ff-8778-004367ea27a9.jpeg?type=f300_300,hong****,21.03.19.
1,5,기대이상 이쁘고 만족합니다,https://phinf.pstatic.net/checkout.phinf/20210323_223/1616458526071AaqWQ_JPEG/review-attachment-b01b5078-701c-445a-995a-a65075ce3b75.jpeg?type=f300_300,kiki****,21.01.23.
2,5,색상이랑모두 맘에들지만 흠집이 와서 연락드렸더니 원래그럼제품이라하셔서 황당했네요 샤포로 지우고 사용합니다,https://phinf.pstatic.net/checkout.phinf/20210302_101/1614654860303pmVPk_JPEG/review-attachment-e88d5520-b325-4620-b560-31182671b8a5.jpeg?type=f300_300,hong****,21.02.01.
3,5,디자인과 품질은 괜찮아요. 아이보리라도 하기에는 옅은 노란색이 띄워 아쉬워요,https://phinf.pstatic.net/checkout.phinf/20210320_238/161625127633752fXi_JPEG/review-attachment-8d547555-b09e-42f7-8133-62b96c0fd4e8.jpeg?type=f300_300,yewo****,21.01.26.
4,1,아이보리 빛이나고 깔끔하고 머던하고 이쁩니다,https://phinf.pstatic.net/checkout.phinf/20210317_79/1615991623938LP6Tt_JPEG/review-attachment-4f0fb223-188a-4857-966b-cca642e40fa5.jpeg?type=f300_300,neop****,21.01.02.
5,5,원하던디자인과색상어어서 만족해요,https://phinf.pstatic.net/checkout.phinf/20210326_128/1616734837348fnCTR_JPEG/review-attachment-38d39966-f7f3-4a7f-8b9b-c6dd145fbdee.jpeg?type=f300_300,hyek****,20.11.18.
6,3,침대랑 셋트인듯 너무 잘어울려서 맘에듭니다.,https://phinf.pstatic.net/checkout.phinf/20210326_90/1616725765589EluUh_JPEG/review-attachment-3ce5a608-3e5c-41f3-b53e-932b43874a21.jpeg?type=f300_300,mifo****,20.10.24.
7,3,그냥 이뻐요 마구마구 이뻐요ㅋ,https://phinf.pstatic.net/checkout.phinf/20210311_181/16153908219153d6MN_JPEG/review-attachment-2a742365-113f-4473-96e2-33e6626a2576.jpeg?type=f300_300,hmyk****,20.09.06.
8,5,"흐어엉ㅠㅠ 이거 너무 이뻐요ㅠㅠ
진짜진짜 너무너무 만족해요ㅠㅠ
리뷰가 하나도 없어서 반신반의하며 샀는데 진짜 후회 하나도 없어요 오히려 다른거 샀으면 후회했겠네요..안방 분위기도 너무 화사해졌고 분위기가 부드러워 좋아요..너무 이쁜 나머지 리뷰안쓰고 나만 알고있을까하다 넓은 마음으로 많이많이 구매하시라고 남겨요ㅋㅋ다음엔 다른상품으로 다시 찾아올께요 판매자님도 친절하시고 오래오래 번창하시길 바라요~!!!!!!",https://phinf.pstatic.net/checkout.phinf/20210118_182/1610896999532lT0GN_JPEG/review-attachment-ebb210c9-c2f4-49b0-b059-64204ec41bd2.jpeg?type=f300_300,hmyk****,20.07.22.
9,5,저희집 디자인변쳐스 침대와 너무나 잘 어울려요ㅎ,https://phinf.pstatic.net/image.nmv/shopnbuyer_2021_01_11_0/f1f667ae-53b7-11eb-9ca7-48df379ccacc_03.jpg?type=ffn300_300,hmho****,20.08.10.
