﻿,star,review,reviewImage,customerId,reviewDate
0,5,"사이즈: 이미 줄자로 나와 있는 사이즈를 체크하고 구매했기에 적당한 사이즈로 잘 샀습니다.
일반적인 협탁 생각하면 조금 작다고 느낄 수 있지만 저는 만족합니다!

디자인: 화면과 같습니다. 나무 프레임에 나사로 고정하는 형식이고 가격대비 괜찮아요.

색상: 집을 화이트 톤으로 하는데 아주 그냥 찰떡입니다. 이뻐요 :)

서비스: 처음 배송온 상품에서 한개의 나무가 금이가고 나사 구멍이 작게 뚫려서 온 겁니다.
나사 구멍이야 제가 더 뚫으면 되지만 나무에 금이가 문의하였더니 바로 다음날 해당 부품이 오더군요! 보통은 이거 하나 주기 싫어서 이 핑계 저핑계 되는 곳이 많은데! 아주 만족합니다.

고민하고 있다면 구매하세요!
가성비 굳이에요:)

*위에 노트북있으니 크기 체감하고 구매하세요",https://phinf.pstatic.net/checkout.phinf/20210309_10/16152439300846KTnU_JPEG/review-attachment-648bac49-8976-40ff-8778-004367ea27a9.jpeg?type=f300_300,du21****,21.03.22.
1,3,배송빠르고 가격도 마음에 듭니다 그런데 조립상품 많이 사봤지만 아구가 안맞아서 억어지로 맞추려 했더니ㅜ 속상합니다ᆢ볼때마다ᆢㅜ,https://phinf.pstatic.net/checkout.phinf/20210323_223/1616458526071AaqWQ_JPEG/review-attachment-b01b5078-701c-445a-995a-a65075ce3b75.jpeg?type=f300_300,eden****,21.03.28.
2,5,전체적으로 아주 맘에들어요 조립도 쉬워서 초등 4학년이 혼자 했어요 튼튼해 보이고 예쁩니다,https://phinf.pstatic.net/checkout.phinf/20210302_101/1614654860303pmVPk_JPEG/review-attachment-e88d5520-b325-4620-b560-31182671b8a5.jpeg?type=f300_300,smin****,21.03.13.
3,5,화면이랑 똑같이 넘 앙증맞고 이뽀용,https://phinf.pstatic.net/checkout.phinf/20210320_238/161625127633752fXi_JPEG/review-attachment-8d547555-b09e-42f7-8133-62b96c0fd4e8.jpeg?type=f300_300,eunj****,21.03.28.
4,5,가격대비 맘에 들어요.,https://phinf.pstatic.net/checkout.phinf/20210317_79/1615991623938LP6Tt_JPEG/review-attachment-4f0fb223-188a-4857-966b-cca642e40fa5.jpeg?type=f300_300,ljsm****,21.03.26.
5,3,생각보다 조금 작긴한데 가격대비 사용할 만 합니다,https://phinf.pstatic.net/checkout.phinf/20210326_128/1616734837348fnCTR_JPEG/review-attachment-38d39966-f7f3-4a7f-8b9b-c6dd145fbdee.jpeg?type=f300_300,mira****,21.03.20.
6,5,"깔끔하고 이쁘네요~
다만 다리한쪽에 나사가 꽉 안쪼여지고 겉도네요ㅡㅡ 제꺼가 잘못걸린거겠죠 ..ㅎ
요것만 살짝 아쉽네요",https://phinf.pstatic.net/checkout.phinf/20210326_90/1616725765589EluUh_JPEG/review-attachment-3ce5a608-3e5c-41f3-b53e-932b43874a21.jpeg?type=f300_300,youn****,21.03.20.
7,5,침대옆 협탁이 필요해서 구매했어요.스탠드놓으니 넘 이뻐요,https://phinf.pstatic.net/checkout.phinf/20210311_181/16153908219153d6MN_JPEG/review-attachment-2a742365-113f-4473-96e2-33e6626a2576.jpeg?type=f300_300,sgoo****,21.02.25.
8,4,실용성있고 좋아요여자혼지 무리없이  조립할수있어요,https://phinf.pstatic.net/checkout.phinf/20210118_182/1610896999532lT0GN_JPEG/review-attachment-ebb210c9-c2f4-49b0-b059-64204ec41bd2.jpeg?type=f300_300,dlwk****,21.02.21.
9,5,너무 앙증맞고 튼튼해요,https://phinf.pstatic.net/image.nmv/shopnbuyer_2021_01_11_0/f1f667ae-53b7-11eb-9ca7-48df379ccacc_03.jpg?type=ffn300_300,vivi****,21.03.20.
10,4,잘받았습니다  잘받았습니다,https://phinf.pstatic.net/checkout.phinf/20210303_251/1614745157783pfCAY_JPEG/review-attachment-88681ab3-ca32-4489-ad2d-95dc212587fa.jpeg?type=f300_300,godd****,21.03.23.
11,5,제가 못하는건지 잘 안맞네요  남자가해야하나..,https://phinf.pstatic.net/checkout.phinf/20210311_76/1615390281821YudiK_JPEG/review-attachment-b464f07f-2e49-4620-8ac3-a967ee217cf4.jpeg?type=f300_300,eg18****,21.02.18.
