﻿,star,review,reviewImage,customerId,reviewDate
0,5,깔끔쓰 잘쓰고있어용,https://phinf.pstatic.net/checkout.phinf/20210309_10/16152439300846KTnU_JPEG/review-attachment-648bac49-8976-40ff-8778-004367ea27a9.jpeg?type=f300_300,zzgg****,21.02.18.
1,5,"깔끔한 디자인으로 상당히 좋아요.
침대 옆에 놓고 잘 쓰고있숩니다",https://phinf.pstatic.net/checkout.phinf/20210323_223/1616458526071AaqWQ_JPEG/review-attachment-b01b5078-701c-445a-995a-a65075ce3b75.jpeg?type=f300_300,zzgg****,20.12.25.
2,5,높이맞지 않아 좀 흔들리네요.. 깔끔한 포장에 감사합니다.,https://phinf.pstatic.net/checkout.phinf/20210302_101/1614654860303pmVPk_JPEG/review-attachment-e88d5520-b325-4620-b560-31182671b8a5.jpeg?type=f300_300,skgn****,20.12.24.
3,5,"넘 이쁘네요 튼튼하구요 
생각보다 작게 측정을해서 아쉽긴하지만 제품자체로 너무 만족이에요 !!!! 
보시더니 부모님도 따로 주문할까하셔요",https://phinf.pstatic.net/checkout.phinf/20210320_238/161625127633752fXi_JPEG/review-attachment-8d547555-b09e-42f7-8133-62b96c0fd4e8.jpeg?type=f300_300,qhdu****,20.10.19.
4,5,"주문과정은 조금 힘들었지만
원하는 사이즈에 직접 제작할수 있어서 좋았어요
주문 즉시 제작이라서 기간은 일주일 정도 걸린다고 했지만 
생각보다 빨리 도착했어요
간이 테이블 찾고 있었는데 딱이에요 !",https://phinf.pstatic.net/checkout.phinf/20210317_79/1615991623938LP6Tt_JPEG/review-attachment-4f0fb223-188a-4857-966b-cca642e40fa5.jpeg?type=f300_300,home****,20.09.16.
5,5,너무잘골랐네요 많이찾아보구 생각하고 골랐는데 대만족입니다 내책상이돋보이네요~감사해요~,https://phinf.pstatic.net/checkout.phinf/20210326_128/1616734837348fnCTR_JPEG/review-attachment-38d39966-f7f3-4a7f-8b9b-c6dd145fbdee.jpeg?type=f300_300,lp09****,20.08.28.
6,5,"식탁위에 오디오 잘 올려놓고 쓰고 있어요
튼튼하고 좋네요",https://phinf.pstatic.net/checkout.phinf/20210326_90/1616725765589EluUh_JPEG/review-attachment-3ce5a608-3e5c-41f3-b53e-932b43874a21.jpeg?type=f300_300,kyou****,20.08.21.
7,5,"침대를 큰걸 샀더니 협탁 공간이 너무 작아서 맞춤으로 진행하게 되었어요!

사이즈 재서 견적 요청 드렸고 시안 확인하고 주문하는데 만 하루 안걸린 것 같네요. 제작도 완전 빨리 해주셨고 사이즈도 딱이에요! 제가 원하던 느낌으로 라탄 바구니 구매하여 서랍처럼 활용하려 합니다. 너무 만족해서 주변에 협탁 맞추려고 하는 사람들한테 추천하려구요. 번창하세요!",https://phinf.pstatic.net/checkout.phinf/20210311_181/16153908219153d6MN_JPEG/review-attachment-2a742365-113f-4473-96e2-33e6626a2576.jpeg?type=f300_300,sh41****,20.07.04.
8,5,주문제작 했는데 마음에 드네요...면마다 재질이 틀려서 그런지 바니쉬 처리는 표면 만져 보면 균일하지는 않은거 같네요,https://phinf.pstatic.net/checkout.phinf/20210118_182/1610896999532lT0GN_JPEG/review-attachment-ebb210c9-c2f4-49b0-b059-64204ec41bd2.jpeg?type=f300_300,kyou****,20.07.02.
9,5,정말 고급지고 튼튼해요,https://phinf.pstatic.net/image.nmv/shopnbuyer_2021_01_11_0/f1f667ae-53b7-11eb-9ca7-48df379ccacc_03.jpg?type=ffn300_300,suna****,20.07.03.
10,5,"필요할때마다 찾게 되네요~
공간을 활용할수 있는 협탁을
맞춤으로 구매할수 있어 좋아요",https://phinf.pstatic.net/checkout.phinf/20210303_251/1614745157783pfCAY_JPEG/review-attachment-88681ab3-ca32-4489-ad2d-95dc212587fa.jpeg?type=f300_300,raza****,20.05.27.
11,5,너무 잘 사용중입니다. 맞춤으로 주문해서 딱이에요. 비싼것 꺼리는데 그래도 두고두고 잘 샀다는 생각 중입니다. 크게 자리도 안 차지 하고 기가지니도 수납하고 위에는 화분도 둘 수 있어 알차요. 망설이는 분들께 추천합니다!!,https://phinf.pstatic.net/checkout.phinf/20210311_76/1615390281821YudiK_JPEG/review-attachment-b464f07f-2e49-4620-8ac3-a967ee217cf4.jpeg?type=f300_300,appl****,20.04.16.
12,5,"원하는 사이즈로 주셔서 감사해요. 콘센트도 가리고
지니도 넣고 딱이네요. 연한 색이라 집안 인테리어랑 맞아요. 다만 약간 광있는 것만 빼면 더 좋을 것 같아요. 나무질감이 덜나서요. 무튼 비쌌지만 만족합니다. 친절한 안내 감사했어요.",https://phinf.pstatic.net/image.nmv/shopnbuyer_2021_01_04_0/5e8e494f-4e77-11eb-a803-a0369ff94ec8_03.jpg?type=ffn300_300,appl****,20.03.17.
13,5,"협탁이 고급스럽고 매우 튼튼합니다.
포장도 꼼꼼히  보내주셨네요.",https://phinf.pstatic.net/checkout.phinf/20210206_297/1612617030683Q87H5_JPEG/review-attachment-19ca8ceb-bf30-4587-917c-206c591be48a.jpeg?type=f300_300,jaxx****,20.04.29.
14,4,묵직하고 알맞은 크기로 쏙 마음에 듭니다~~~,https://phinf.pstatic.net/checkout.phinf/20210109_70/16101906551308Ew4b_JPEG/review-attachment-ae096340-30e9-476c-9c65-a06dae905b7b.jpeg?type=f300_300,jung****,20.03.26.
15,5,물건이 좋고 사장님이 친절합니다,https://phinf.pstatic.net/checkout.phinf/20210217_152/1613548771381kgxE0_JPEG/review-attachment-ec0bf13f-127c-4807-b7ff-215e61e38608.jpeg?type=f300_300,mono****,20.02.04.
16,5,문의 답변도친절하시고 사이즈도딱좋고 나무도좋은거같아요 감사합니다~!,https://phinf.pstatic.net/checkout.phinf/20210201_256/1612158639663gWLlS_JPEG/review-attachment-6c3ab54c-ce94-48de-bc96-ddea7c5677c9.jpeg?type=f300_300,shvd****,20.02.29.
17,5,"두번째 주문인데... 처음 주문했던것에대한 수정부분 (LP를 보관할 추가 선반)또한 잘보완해주셔서 만족스럽습니다. ^^
주문 과정에서 친절하고 자세한 설명 감사했습니다.",https://phinf.pstatic.net/checkout.phinf/20210309_10/16152439300846KTnU_JPEG/review-attachment-648bac49-8976-40ff-8778-004367ea27a9.jpeg?type=f300_300,dryl****,19.12.30.
18,4,"오디오 랙 대용품을 찾다가 혹시나 하고 주문한것인데... 생각했던것보다 훨씬 마음에 드는 제품을 받았습니다. 주문 제작임에도 생각보다 빠르게 제작 발송해주셨고 몇가지 아쉬운점이 있기는하지만 충분히 이해할만한 것이라 만족합니다. ^^
앞으로 또 주문할 기회가 생긴다면 고민없이 주문할것같습니다.

혹시 또다른 분들의 보다 좋은 제품, 옳은 선택을 위해 몇가지 첨언을 하자면 완제품 포장할때 박스테이프가 제품에 직접 붙지않게 좀더 주의해주셨으면 합니다. 포장을 벗기다보다니 심하지는 않았지만 박스 테이프의 끈적임이 남더군요. 
마감상태도 주문 제작을 고려한다면 만족할만 하지만 그래도 조금 아쉬운 부분이 부분적으로 보입니다. 좀더 주의해준다면 보다 만족스러운 제품이 되지않았을까하는 아쉬움이 남습니다.

하지만 앞서 말한것처럼 기대이상의 좋은 제품이었고 감사히 잘쓰겠습니다.",https://phinf.pstatic.net/checkout.phinf/20210323_223/1616458526071AaqWQ_JPEG/review-attachment-b01b5078-701c-445a-995a-a65075ce3b75.jpeg?type=f300_300,dryl****,19.11.21.
19,5,"주말에 주문하고  목요일에 받았습니다.
짜투리공간 활용하려고 주문했는데 사이즈 정사이즈이며, 색상, 마감 고급지고 예쁨니다.
좋은제품 감사합니다~~",https://phinf.pstatic.net/checkout.phinf/20210302_101/1614654860303pmVPk_JPEG/review-attachment-e88d5520-b325-4620-b560-31182671b8a5.jpeg?type=f300_300,okja****,20.01.18.
20,5,깔끔쓰 잘쓰고있어용,https://phinf.pstatic.net/checkout.phinf/20210309_10/16152439300846KTnU_JPEG/review-attachment-648bac49-8976-40ff-8778-004367ea27a9.jpeg?type=f300_300,zzgg****,21.02.18.
21,5,"깔끔한 디자인으로 상당히 좋아요.
침대 옆에 놓고 잘 쓰고있숩니다",https://phinf.pstatic.net/checkout.phinf/20210323_223/1616458526071AaqWQ_JPEG/review-attachment-b01b5078-701c-445a-995a-a65075ce3b75.jpeg?type=f300_300,zzgg****,20.12.25.
22,5,높이맞지 않아 좀 흔들리네요.. 깔끔한 포장에 감사합니다.,https://phinf.pstatic.net/checkout.phinf/20210302_101/1614654860303pmVPk_JPEG/review-attachment-e88d5520-b325-4620-b560-31182671b8a5.jpeg?type=f300_300,skgn****,20.12.24.
23,5,"넘 이쁘네요 튼튼하구요 
생각보다 작게 측정을해서 아쉽긴하지만 제품자체로 너무 만족이에요 !!!! 
보시더니 부모님도 따로 주문할까하셔요",https://phinf.pstatic.net/checkout.phinf/20210320_238/161625127633752fXi_JPEG/review-attachment-8d547555-b09e-42f7-8133-62b96c0fd4e8.jpeg?type=f300_300,qhdu****,20.10.19.
24,5,"주문과정은 조금 힘들었지만
원하는 사이즈에 직접 제작할수 있어서 좋았어요
주문 즉시 제작이라서 기간은 일주일 정도 걸린다고 했지만 
생각보다 빨리 도착했어요
간이 테이블 찾고 있었는데 딱이에요 !",https://phinf.pstatic.net/checkout.phinf/20210317_79/1615991623938LP6Tt_JPEG/review-attachment-4f0fb223-188a-4857-966b-cca642e40fa5.jpeg?type=f300_300,home****,20.09.16.
25,5,너무잘골랐네요 많이찾아보구 생각하고 골랐는데 대만족입니다 내책상이돋보이네요~감사해요~,https://phinf.pstatic.net/checkout.phinf/20210326_128/1616734837348fnCTR_JPEG/review-attachment-38d39966-f7f3-4a7f-8b9b-c6dd145fbdee.jpeg?type=f300_300,lp09****,20.08.28.
26,5,"식탁위에 오디오 잘 올려놓고 쓰고 있어요
튼튼하고 좋네요",https://phinf.pstatic.net/checkout.phinf/20210326_90/1616725765589EluUh_JPEG/review-attachment-3ce5a608-3e5c-41f3-b53e-932b43874a21.jpeg?type=f300_300,kyou****,20.08.21.
27,5,"침대를 큰걸 샀더니 협탁 공간이 너무 작아서 맞춤으로 진행하게 되었어요!

사이즈 재서 견적 요청 드렸고 시안 확인하고 주문하는데 만 하루 안걸린 것 같네요. 제작도 완전 빨리 해주셨고 사이즈도 딱이에요! 제가 원하던 느낌으로 라탄 바구니 구매하여 서랍처럼 활용하려 합니다. 너무 만족해서 주변에 협탁 맞추려고 하는 사람들한테 추천하려구요. 번창하세요!",https://phinf.pstatic.net/checkout.phinf/20210311_181/16153908219153d6MN_JPEG/review-attachment-2a742365-113f-4473-96e2-33e6626a2576.jpeg?type=f300_300,sh41****,20.07.04.
28,5,주문제작 했는데 마음에 드네요...면마다 재질이 틀려서 그런지 바니쉬 처리는 표면 만져 보면 균일하지는 않은거 같네요,https://phinf.pstatic.net/checkout.phinf/20210118_182/1610896999532lT0GN_JPEG/review-attachment-ebb210c9-c2f4-49b0-b059-64204ec41bd2.jpeg?type=f300_300,kyou****,20.07.02.
29,5,정말 고급지고 튼튼해요,https://phinf.pstatic.net/image.nmv/shopnbuyer_2021_01_11_0/f1f667ae-53b7-11eb-9ca7-48df379ccacc_03.jpg?type=ffn300_300,suna****,20.07.03.
30,5,"필요할때마다 찾게 되네요~
공간을 활용할수 있는 협탁을
맞춤으로 구매할수 있어 좋아요",https://phinf.pstatic.net/checkout.phinf/20210303_251/1614745157783pfCAY_JPEG/review-attachment-88681ab3-ca32-4489-ad2d-95dc212587fa.jpeg?type=f300_300,raza****,20.05.27.
31,5,너무 잘 사용중입니다. 맞춤으로 주문해서 딱이에요. 비싼것 꺼리는데 그래도 두고두고 잘 샀다는 생각 중입니다. 크게 자리도 안 차지 하고 기가지니도 수납하고 위에는 화분도 둘 수 있어 알차요. 망설이는 분들께 추천합니다!!,https://phinf.pstatic.net/checkout.phinf/20210311_76/1615390281821YudiK_JPEG/review-attachment-b464f07f-2e49-4620-8ac3-a967ee217cf4.jpeg?type=f300_300,appl****,20.04.16.
32,5,"원하는 사이즈로 주셔서 감사해요. 콘센트도 가리고
지니도 넣고 딱이네요. 연한 색이라 집안 인테리어랑 맞아요. 다만 약간 광있는 것만 빼면 더 좋을 것 같아요. 나무질감이 덜나서요. 무튼 비쌌지만 만족합니다. 친절한 안내 감사했어요.",https://phinf.pstatic.net/image.nmv/shopnbuyer_2021_01_04_0/5e8e494f-4e77-11eb-a803-a0369ff94ec8_03.jpg?type=ffn300_300,appl****,20.03.17.
33,5,"협탁이 고급스럽고 매우 튼튼합니다.
포장도 꼼꼼히  보내주셨네요.",https://phinf.pstatic.net/checkout.phinf/20210206_297/1612617030683Q87H5_JPEG/review-attachment-19ca8ceb-bf30-4587-917c-206c591be48a.jpeg?type=f300_300,jaxx****,20.04.29.
34,4,묵직하고 알맞은 크기로 쏙 마음에 듭니다~~~,https://phinf.pstatic.net/checkout.phinf/20210109_70/16101906551308Ew4b_JPEG/review-attachment-ae096340-30e9-476c-9c65-a06dae905b7b.jpeg?type=f300_300,jung****,20.03.26.
35,5,물건이 좋고 사장님이 친절합니다,https://phinf.pstatic.net/checkout.phinf/20210217_152/1613548771381kgxE0_JPEG/review-attachment-ec0bf13f-127c-4807-b7ff-215e61e38608.jpeg?type=f300_300,mono****,20.02.04.
36,5,문의 답변도친절하시고 사이즈도딱좋고 나무도좋은거같아요 감사합니다~!,https://phinf.pstatic.net/checkout.phinf/20210201_256/1612158639663gWLlS_JPEG/review-attachment-6c3ab54c-ce94-48de-bc96-ddea7c5677c9.jpeg?type=f300_300,shvd****,20.02.29.
37,5,"두번째 주문인데... 처음 주문했던것에대한 수정부분 (LP를 보관할 추가 선반)또한 잘보완해주셔서 만족스럽습니다. ^^
주문 과정에서 친절하고 자세한 설명 감사했습니다.",https://phinf.pstatic.net/checkout.phinf/20210309_10/16152439300846KTnU_JPEG/review-attachment-648bac49-8976-40ff-8778-004367ea27a9.jpeg?type=f300_300,dryl****,19.12.30.
38,4,"오디오 랙 대용품을 찾다가 혹시나 하고 주문한것인데... 생각했던것보다 훨씬 마음에 드는 제품을 받았습니다. 주문 제작임에도 생각보다 빠르게 제작 발송해주셨고 몇가지 아쉬운점이 있기는하지만 충분히 이해할만한 것이라 만족합니다. ^^
앞으로 또 주문할 기회가 생긴다면 고민없이 주문할것같습니다.

혹시 또다른 분들의 보다 좋은 제품, 옳은 선택을 위해 몇가지 첨언을 하자면 완제품 포장할때 박스테이프가 제품에 직접 붙지않게 좀더 주의해주셨으면 합니다. 포장을 벗기다보다니 심하지는 않았지만 박스 테이프의 끈적임이 남더군요. 
마감상태도 주문 제작을 고려한다면 만족할만 하지만 그래도 조금 아쉬운 부분이 부분적으로 보입니다. 좀더 주의해준다면 보다 만족스러운 제품이 되지않았을까하는 아쉬움이 남습니다.

하지만 앞서 말한것처럼 기대이상의 좋은 제품이었고 감사히 잘쓰겠습니다.",https://phinf.pstatic.net/checkout.phinf/20210323_223/1616458526071AaqWQ_JPEG/review-attachment-b01b5078-701c-445a-995a-a65075ce3b75.jpeg?type=f300_300,dryl****,19.11.21.
39,5,"주말에 주문하고  목요일에 받았습니다.
짜투리공간 활용하려고 주문했는데 사이즈 정사이즈이며, 색상, 마감 고급지고 예쁨니다.
좋은제품 감사합니다~~",https://phinf.pstatic.net/checkout.phinf/20210302_101/1614654860303pmVPk_JPEG/review-attachment-e88d5520-b325-4620-b560-31182671b8a5.jpeg?type=f300_300,okja****,20.01.18.
