﻿,star,review,reviewImage,customerId,reviewDate
0,5,"아이방 침대 사이드 테이블용으로 구입했어요.
배송이 생각보다 많이 빨랐고 상품도 가성비 만족스러워요.
나사가 목재에 비해 커서 안박아져 큰일이다 싶었는데 남편이 하니 너무 쉽게 박아져서 개 당황ㅡ.ㅡ;
남편 사소한 걸로 어깨 힘들어 감 무엇?!
여튼 나사가 커서 아주 짱짱하게 흔들림 없이 고정 되는 건 장점 이었어요.
흔들림은 완벽히 없어요.
후기에 유격이 크고 흔들린다 해서 서랍 아래부분 유격을 톱질 했는데, 망했다는,
전혀 문제가 없는 걸 문제 만든 사람 되었어요.
목재는 계절에 따라 수축과 이완을 하기에 어느 정도 유격은 필요하다는 특성을 이해하면 좋겠어요.
사진상 보면 하단부분은 불량이 아니고 조립자 불량 ㅜ.ㅠ
남편 말이,
시행착오 끝에 만들어져 나오는 완제품을 의심하지 말라는 충구만 들었고요.
아주 퍼펙트 하다 까지는 아니지만 가성비 아주 좋았어요.
윗칸 여닫이가 있어 그냥 목재선반 보다는
갖춰진 테이블의 느낌을 충분히 주고요.
자잘한 물건을 보이지 않게 깔끔하게 정리 할수 있어요.
여닫이 부분은 화이트로 페인팅해 손맛을 더하니 정감이 갑니다.
마감이 되어있지 않은 조립품이니 사포질해 바니쉬 작업을 해줬어요.
딸아이도 만족스러워 해서 저렴한 가격에 가격보다 큰 행복을 받은 기분~
침대가 들어오면 함께 세팅해,
한 달 후기 예쁘게 올려 볼께요.
잘 쓸께요^^",https://phinf.pstatic.net/checkout.phinf/20210309_10/16152439300846KTnU_JPEG/review-attachment-648bac49-8976-40ff-8778-004367ea27a9.jpeg?type=f300_300,kkh5****,21.03.10.
1,3,디자인도 귀엽고 컬러도 사진과 같고 다 좋은데 마감이 너무 아쉬웠어요. 이 가격에 마감이 잘된 제품을 기대하기도 어렵긴 했지만 실제로 보니 생각보다 더 아쉽더라고요. 조립하던 중 아귀가 잘 맞지 않아서 조립하는데 애를 먹었네요.,https://phinf.pstatic.net/checkout.phinf/20210323_223/1616458526071AaqWQ_JPEG/review-attachment-b01b5078-701c-445a-995a-a65075ce3b75.jpeg?type=f300_300,jenn****,21.03.11.
2,4,"조금 손상된 부분이 있긴하지만, 교환하는 시간이 아까워서 본드로 붙여서 조립했습니다 ㅎㅎ 나쁘지 않네요~~ 마음에 듭니다",https://phinf.pstatic.net/checkout.phinf/20210302_101/1614654860303pmVPk_JPEG/review-attachment-e88d5520-b325-4620-b560-31182671b8a5.jpeg?type=f300_300,zorb****,21.03.22.
3,5,"주문하고 담날 바로 받았습니다.배송 빠르네요. 제품은 마감이 좀 그런데, 그럭저럭 만족합니다",https://phinf.pstatic.net/checkout.phinf/20210320_238/161625127633752fXi_JPEG/review-attachment-8d547555-b09e-42f7-8133-62b96c0fd4e8.jpeg?type=f300_300,luyg****,21.02.27.
4,5,단차가 있어서 서랍에 틈이 있지만 좋아요,https://phinf.pstatic.net/checkout.phinf/20210317_79/1615991623938LP6Tt_JPEG/review-attachment-4f0fb223-188a-4857-966b-cca642e40fa5.jpeg?type=f300_300,qoeh****,21.02.21.
5,3,예뻐요 침대 옆에 놓기 딱 좋네요,https://phinf.pstatic.net/checkout.phinf/20210326_128/1616734837348fnCTR_JPEG/review-attachment-38d39966-f7f3-4a7f-8b9b-c6dd145fbdee.jpeg?type=f300_300,psu0****,21.02.18.
6,4,진짜 너무 허접하고 수평도 안맞고 너무 실망입니다...,https://phinf.pstatic.net/checkout.phinf/20210326_90/1616725765589EluUh_JPEG/review-attachment-3ce5a608-3e5c-41f3-b53e-932b43874a21.jpeg?type=f300_300,nora****,21.02.25.
7,4,문짝 아구가 안맞아서 외관상 아쉽네요,https://phinf.pstatic.net/checkout.phinf/20210311_181/16153908219153d6MN_JPEG/review-attachment-2a742365-113f-4473-96e2-33e6626a2576.jpeg?type=f300_300,drea****,21.01.19.
