﻿,star,review,reviewImage,customerId,reviewDate
0,5,좋아요잘쓰고있어요ㅎ,https://phinf.pstatic.net/checkout.phinf/20210309_10/16152439300846KTnU_JPEG/review-attachment-648bac49-8976-40ff-8778-004367ea27a9.jpeg?type=f300_300,skfo****,21.03.23.
1,4,좋아요마음에들어요.,https://phinf.pstatic.net/checkout.phinf/20210323_223/1616458526071AaqWQ_JPEG/review-attachment-b01b5078-701c-445a-995a-a65075ce3b75.jpeg?type=f300_300,skfo****,21.02.20.
2,5,실제로 보면 더 이쁘고 튼튼하고 좋은제품이라는게 느껴져요. 잘 쓸게염~,https://phinf.pstatic.net/checkout.phinf/20210302_101/1614654860303pmVPk_JPEG/review-attachment-e88d5520-b325-4620-b560-31182671b8a5.jpeg?type=f300_300,lemo****,20.12.24.
3,4,너무 좋습니다 !!!,https://phinf.pstatic.net/checkout.phinf/20210320_238/161625127633752fXi_JPEG/review-attachment-8d547555-b09e-42f7-8133-62b96c0fd4e8.jpeg?type=f300_300,blue****,20.12.07.
4,5,잘 사용하고 있습니다,https://phinf.pstatic.net/checkout.phinf/20210317_79/1615991623938LP6Tt_JPEG/review-attachment-4f0fb223-188a-4857-966b-cca642e40fa5.jpeg?type=f300_300,r0r0****,20.10.03.
5,5,"5월9일(토) 주문해서 15일(금) 새벽에 받았네요.아무연락없이 문앞에 놓고 갔군요.
다리부착이 안된 상태로 배송왔고 살펴보니 밑판아래 왼쪽뒤 갈라짐이 있어요.
 다른데는 괜찮아서 그냥 다리 조립해서 씁니다 .
 거친 부분은 샌드페이퍼로 문지르면 되는데,
뽀개지는(금이 가는) 하자같은 건 없었으면 좋겠어요.
 그래도 제품은 꽤 괜찮습니다.",https://phinf.pstatic.net/checkout.phinf/20210326_128/1616734837348fnCTR_JPEG/review-attachment-38d39966-f7f3-4a7f-8b9b-c6dd145fbdee.jpeg?type=f300_300,mega****,20.05.15.
6,5,"이쁘고 튼튼해요 
아주아주 만족하며 쓰고잇어용!",https://phinf.pstatic.net/checkout.phinf/20210326_90/1616725765589EluUh_JPEG/review-attachment-3ce5a608-3e5c-41f3-b53e-932b43874a21.jpeg?type=f300_300,kite****,20.07.27.
7,5,"매끄러운 표면처리와 서랍 문 열림도 아주 부드럽고 좋아요. 하지만 다리못이 없어서 별 하나 뺏어요.
전체적으로 제품음 깔끔하고 예뻐요",https://phinf.pstatic.net/checkout.phinf/20210311_181/16153908219153d6MN_JPEG/review-attachment-2a742365-113f-4473-96e2-33e6626a2576.jpeg?type=f300_300,bdf5****,20.05.01.
8,4,깔끔하고 생각보다 튼실해요,https://phinf.pstatic.net/checkout.phinf/20210118_182/1610896999532lT0GN_JPEG/review-attachment-ebb210c9-c2f4-49b0-b059-64204ec41bd2.jpeg?type=f300_300,nami****,20.06.20.
9,4,마음에 들어요 튼튼하고 색깔도 이쁘네요,https://phinf.pstatic.net/image.nmv/shopnbuyer_2021_01_11_0/f1f667ae-53b7-11eb-9ca7-48df379ccacc_03.jpg?type=ffn300_300,kite****,20.05.20.
10,5,"다좋은데 다리부문 나사구멍위치가 다리보다 넓게 뚫려서 여자인 제가 드라이브로 조립하는데 힘들었네요~
배송하시기전에 한번 더 확인하시고 배송하셔야겠네요.
그거말고는 튼튼하고 좋아요~",https://phinf.pstatic.net/checkout.phinf/20210303_251/1614745157783pfCAY_JPEG/review-attachment-88681ab3-ca32-4489-ad2d-95dc212587fa.jpeg?type=f300_300,elle****,20.04.04.
11,4,이뻐요ㅎㅎ 마음에 들고 좋습니다,https://phinf.pstatic.net/checkout.phinf/20210311_76/1615390281821YudiK_JPEG/review-attachment-b464f07f-2e49-4620-8ac3-a967ee217cf4.jpeg?type=f300_300,ekdu****,20.05.06.
12,5,향도 좋고 빠르게 배송되었네요!,https://phinf.pstatic.net/image.nmv/shopnbuyer_2021_01_04_0/5e8e494f-4e77-11eb-a803-a0369ff94ec8_03.jpg?type=ffn300_300,ekdu****,20.04.02.
13,5,무난하니 쓸만해요 서랍장 부드러워오ㅡ,https://phinf.pstatic.net/checkout.phinf/20210206_297/1612617030683Q87H5_JPEG/review-attachment-19ca8ceb-bf30-4587-917c-206c591be48a.jpeg?type=f300_300,hsi7****,20.04.25.
14,4,이쁘게 잘 사용하고 있습니다~^^,https://phinf.pstatic.net/checkout.phinf/20210109_70/16101906551308Ew4b_JPEG/review-attachment-ae096340-30e9-476c-9c65-a06dae905b7b.jpeg?type=f300_300,etcb****,20.04.21.
15,5,아담하고 이쁨니다 다리 길이가 문제 이어서 뒤뚱거리면 어쩌나 했는데 사이즈 길이 잘 맞아 잘 설치하고 사용합니다,https://phinf.pstatic.net/checkout.phinf/20210217_152/1613548771381kgxE0_JPEG/review-attachment-ec0bf13f-127c-4807-b7ff-215e61e38608.jpeg?type=f300_300,etcb****,20.03.22.
16,5,깔끔하게 포인트가 되는 점이 마음에 들어서 다른곳에도 두려고 재구매 했습니다~,https://phinf.pstatic.net/checkout.phinf/20210201_256/1612158639663gWLlS_JPEG/review-attachment-6c3ab54c-ce94-48de-bc96-ddea7c5677c9.jpeg?type=f300_300,orag****,20.03.23.
17,4,"다리까지 조립해서 와서 편하게 셋팅했습니다.
디자인이 화면에 보던 그대로고 세련되고 예쁘네요!",https://phinf.pstatic.net/checkout.phinf/20210309_10/16152439300846KTnU_JPEG/review-attachment-648bac49-8976-40ff-8778-004367ea27a9.jpeg?type=f300_300,orag****,20.03.14.
18,5,"원목 그대로의 소나향이 너무 좋고
나무빛이며 디자인이 깔끔합니다.",https://phinf.pstatic.net/checkout.phinf/20210323_223/1616458526071AaqWQ_JPEG/review-attachment-b01b5078-701c-445a-995a-a65075ce3b75.jpeg?type=f300_300,wktl****,20.03.15.
19,5,"조립되서 와서 편하게 바로 셋팅 할 수 있었습니다.
예뻐서 포인트가 되고 좋네요",https://phinf.pstatic.net/checkout.phinf/20210302_101/1614654860303pmVPk_JPEG/review-attachment-e88d5520-b325-4620-b560-31182671b8a5.jpeg?type=f300_300,orag****,20.03.14.
20,5,좋아요잘쓰고있어요ㅎ,https://phinf.pstatic.net/checkout.phinf/20210309_10/16152439300846KTnU_JPEG/review-attachment-648bac49-8976-40ff-8778-004367ea27a9.jpeg?type=f300_300,skfo****,21.03.23.
21,4,좋아요마음에들어요.,https://phinf.pstatic.net/checkout.phinf/20210323_223/1616458526071AaqWQ_JPEG/review-attachment-b01b5078-701c-445a-995a-a65075ce3b75.jpeg?type=f300_300,skfo****,21.02.20.
22,5,실제로 보면 더 이쁘고 튼튼하고 좋은제품이라는게 느껴져요. 잘 쓸게염~,https://phinf.pstatic.net/checkout.phinf/20210302_101/1614654860303pmVPk_JPEG/review-attachment-e88d5520-b325-4620-b560-31182671b8a5.jpeg?type=f300_300,lemo****,20.12.24.
23,4,너무 좋습니다 !!!,https://phinf.pstatic.net/checkout.phinf/20210320_238/161625127633752fXi_JPEG/review-attachment-8d547555-b09e-42f7-8133-62b96c0fd4e8.jpeg?type=f300_300,blue****,20.12.07.
24,5,잘 사용하고 있습니다,https://phinf.pstatic.net/checkout.phinf/20210317_79/1615991623938LP6Tt_JPEG/review-attachment-4f0fb223-188a-4857-966b-cca642e40fa5.jpeg?type=f300_300,r0r0****,20.10.03.
25,5,"5월9일(토) 주문해서 15일(금) 새벽에 받았네요.아무연락없이 문앞에 놓고 갔군요.
다리부착이 안된 상태로 배송왔고 살펴보니 밑판아래 왼쪽뒤 갈라짐이 있어요.
 다른데는 괜찮아서 그냥 다리 조립해서 씁니다 .
 거친 부분은 샌드페이퍼로 문지르면 되는데,
뽀개지는(금이 가는) 하자같은 건 없었으면 좋겠어요.
 그래도 제품은 꽤 괜찮습니다.",https://phinf.pstatic.net/checkout.phinf/20210326_128/1616734837348fnCTR_JPEG/review-attachment-38d39966-f7f3-4a7f-8b9b-c6dd145fbdee.jpeg?type=f300_300,mega****,20.05.15.
26,5,"이쁘고 튼튼해요 
아주아주 만족하며 쓰고잇어용!",https://phinf.pstatic.net/checkout.phinf/20210326_90/1616725765589EluUh_JPEG/review-attachment-3ce5a608-3e5c-41f3-b53e-932b43874a21.jpeg?type=f300_300,kite****,20.07.27.
27,5,"매끄러운 표면처리와 서랍 문 열림도 아주 부드럽고 좋아요. 하지만 다리못이 없어서 별 하나 뺏어요.
전체적으로 제품음 깔끔하고 예뻐요",https://phinf.pstatic.net/checkout.phinf/20210311_181/16153908219153d6MN_JPEG/review-attachment-2a742365-113f-4473-96e2-33e6626a2576.jpeg?type=f300_300,bdf5****,20.05.01.
28,4,깔끔하고 생각보다 튼실해요,https://phinf.pstatic.net/checkout.phinf/20210118_182/1610896999532lT0GN_JPEG/review-attachment-ebb210c9-c2f4-49b0-b059-64204ec41bd2.jpeg?type=f300_300,nami****,20.06.20.
29,4,마음에 들어요 튼튼하고 색깔도 이쁘네요,https://phinf.pstatic.net/image.nmv/shopnbuyer_2021_01_11_0/f1f667ae-53b7-11eb-9ca7-48df379ccacc_03.jpg?type=ffn300_300,kite****,20.05.20.
30,5,"다좋은데 다리부문 나사구멍위치가 다리보다 넓게 뚫려서 여자인 제가 드라이브로 조립하는데 힘들었네요~
배송하시기전에 한번 더 확인하시고 배송하셔야겠네요.
그거말고는 튼튼하고 좋아요~",https://phinf.pstatic.net/checkout.phinf/20210303_251/1614745157783pfCAY_JPEG/review-attachment-88681ab3-ca32-4489-ad2d-95dc212587fa.jpeg?type=f300_300,elle****,20.04.04.
31,4,이뻐요ㅎㅎ 마음에 들고 좋습니다,https://phinf.pstatic.net/checkout.phinf/20210311_76/1615390281821YudiK_JPEG/review-attachment-b464f07f-2e49-4620-8ac3-a967ee217cf4.jpeg?type=f300_300,ekdu****,20.05.06.
32,5,향도 좋고 빠르게 배송되었네요!,https://phinf.pstatic.net/image.nmv/shopnbuyer_2021_01_04_0/5e8e494f-4e77-11eb-a803-a0369ff94ec8_03.jpg?type=ffn300_300,ekdu****,20.04.02.
33,5,무난하니 쓸만해요 서랍장 부드러워오ㅡ,https://phinf.pstatic.net/checkout.phinf/20210206_297/1612617030683Q87H5_JPEG/review-attachment-19ca8ceb-bf30-4587-917c-206c591be48a.jpeg?type=f300_300,hsi7****,20.04.25.
34,4,이쁘게 잘 사용하고 있습니다~^^,https://phinf.pstatic.net/checkout.phinf/20210109_70/16101906551308Ew4b_JPEG/review-attachment-ae096340-30e9-476c-9c65-a06dae905b7b.jpeg?type=f300_300,etcb****,20.04.21.
35,5,아담하고 이쁨니다 다리 길이가 문제 이어서 뒤뚱거리면 어쩌나 했는데 사이즈 길이 잘 맞아 잘 설치하고 사용합니다,https://phinf.pstatic.net/checkout.phinf/20210217_152/1613548771381kgxE0_JPEG/review-attachment-ec0bf13f-127c-4807-b7ff-215e61e38608.jpeg?type=f300_300,etcb****,20.03.22.
36,5,깔끔하게 포인트가 되는 점이 마음에 들어서 다른곳에도 두려고 재구매 했습니다~,https://phinf.pstatic.net/checkout.phinf/20210201_256/1612158639663gWLlS_JPEG/review-attachment-6c3ab54c-ce94-48de-bc96-ddea7c5677c9.jpeg?type=f300_300,orag****,20.03.23.
37,4,"다리까지 조립해서 와서 편하게 셋팅했습니다.
디자인이 화면에 보던 그대로고 세련되고 예쁘네요!",https://phinf.pstatic.net/checkout.phinf/20210309_10/16152439300846KTnU_JPEG/review-attachment-648bac49-8976-40ff-8778-004367ea27a9.jpeg?type=f300_300,orag****,20.03.14.
38,5,"원목 그대로의 소나향이 너무 좋고
나무빛이며 디자인이 깔끔합니다.",https://phinf.pstatic.net/checkout.phinf/20210323_223/1616458526071AaqWQ_JPEG/review-attachment-b01b5078-701c-445a-995a-a65075ce3b75.jpeg?type=f300_300,wktl****,20.03.15.
39,5,"조립되서 와서 편하게 바로 셋팅 할 수 있었습니다.
예뻐서 포인트가 되고 좋네요",https://phinf.pstatic.net/checkout.phinf/20210302_101/1614654860303pmVPk_JPEG/review-attachment-e88d5520-b325-4620-b560-31182671b8a5.jpeg?type=f300_300,orag****,20.03.14.
