﻿,star,review,reviewImage,customerId,reviewDate
0,5,색깔도 예쁘고 마음에 들어요~,https://phinf.pstatic.net/checkout.phinf/20210309_10/16152439300846KTnU_JPEG/review-attachment-648bac49-8976-40ff-8778-004367ea27a9.jpeg?type=f300_300,jw02****,21.02.26.
1,5,사진보다 높지만  그래서더좋아고 예뻐요 고급지구!,https://phinf.pstatic.net/checkout.phinf/20210323_223/1616458526071AaqWQ_JPEG/review-attachment-b01b5078-701c-445a-995a-a65075ce3b75.jpeg?type=f300_300,y510****,19.04.12.
2,5,"사이트 사진보고 가구 구매하기 쉽지 않은데요
생각 이상으로 디자인이 고급지고 색상도
고급진 민트색에 상판하고 다리 색상이랑 
잘어울려요 
다만 서랍이 뻑뻑하게 끝까지  안들어가져서 
힘을 줘서 닫아야 하는 불편함이 있긴 하지만
너무 이뻐서 그거 감수하고 사용하려고해요 ㅋㅋ",https://phinf.pstatic.net/checkout.phinf/20210302_101/1614654860303pmVPk_JPEG/review-attachment-e88d5520-b325-4620-b560-31182671b8a5.jpeg?type=f300_300,doub****,18.12.06.
3,5,"고급스럽고요
디자인이 아주 좋네요",https://phinf.pstatic.net/checkout.phinf/20210320_238/161625127633752fXi_JPEG/review-attachment-8d547555-b09e-42f7-8133-62b96c0fd4e8.jpeg?type=f300_300,wjad****,18.12.27.
4,5,굿 아들방에 두니 좋아하네요 벌써 제 물건으르 가득 채워놨어요 ㅋㅋ 색깔이쁘고 좋아요. 추천!!,https://phinf.pstatic.net/checkout.phinf/20210317_79/1615991623938LP6Tt_JPEG/review-attachment-4f0fb223-188a-4857-966b-cca642e40fa5.jpeg?type=f300_300,pink****,18.04.29.
5,5,집에두니 이쁘네요,https://phinf.pstatic.net/checkout.phinf/20210326_128/1616734837348fnCTR_JPEG/review-attachment-38d39966-f7f3-4a7f-8b9b-c6dd145fbdee.jpeg?type=f300_300,pink****,18.04.29.
6,5,좋아요 조금 무겁지만 침대옆 협탁으로 포인트 컬러로 아주 좋아요. 사진색상 그대로입니다. 컬러도 만족합니다.,https://phinf.pstatic.net/checkout.phinf/20210326_90/1616725765589EluUh_JPEG/review-attachment-3ce5a608-3e5c-41f3-b53e-932b43874a21.jpeg?type=f300_300,lala****,17.12.19.
7,4,좋아요 귯굿,https://phinf.pstatic.net/checkout.phinf/20210311_181/16153908219153d6MN_JPEG/review-attachment-2a742365-113f-4473-96e2-33e6626a2576.jpeg?type=f300_300,lala****,17.12.19.
8,5,"잘 받았습니다 메이드 인 차이나지만        
나무가 무겁고 단단하고    
색깔톤도 좋아서 만족입니다",https://phinf.pstatic.net/checkout.phinf/20210118_182/1610896999532lT0GN_JPEG/review-attachment-ebb210c9-c2f4-49b0-b059-64204ec41bd2.jpeg?type=f300_300,ksks****,17.08.04.
9,5,잘 받았습니다,https://phinf.pstatic.net/image.nmv/shopnbuyer_2021_01_11_0/f1f667ae-53b7-11eb-9ca7-48df379ccacc_03.jpg?type=ffn300_300,ksks****,17.08.04.
