﻿,star,review,reviewImage,customerId,reviewDate
0,5,그냥그냥해요 넘 부실하고 엉성해요,https://phinf.pstatic.net/checkout.phinf/20210309_10/16152439300846KTnU_JPEG/review-attachment-648bac49-8976-40ff-8778-004367ea27a9.jpeg?type=f300_300,tiph****,20.12.22.
1,5,"튼튼하구  방석은 별도로 네이버에서 그냥 보이는거 샀구여  베란다에  저렇게 놓고 사용한지 짐 몇달은됬는데  나름  저만의 혼자 생각하는 공간이 됬어여~~~
저희집에 놀러오는사람들도 이공간을 젤 조아하네여
저렴한 가격에 정말 잘샀어여~~~^^
마니파세여~~~~",https://phinf.pstatic.net/checkout.phinf/20210323_223/1616458526071AaqWQ_JPEG/review-attachment-b01b5078-701c-445a-995a-a65075ce3b75.jpeg?type=f300_300,peal****,20.10.07.
2,5,의자옆에 매듭 모양잡은곳이 끊어져 있고 엉성하네요,https://phinf.pstatic.net/checkout.phinf/20210302_101/1614654860303pmVPk_JPEG/review-attachment-e88d5520-b325-4620-b560-31182671b8a5.jpeg?type=f300_300,tiph****,20.11.16.
3,4,써보진 안았지만 빠른배송이좋았어용,https://phinf.pstatic.net/checkout.phinf/20210320_238/161625127633752fXi_JPEG/review-attachment-8d547555-b09e-42f7-8133-62b96c0fd4e8.jpeg?type=f300_300,shel****,20.10.21.
4,4,뒷베란다에 두려구샀는데 사이즈 딱맞구 생각했던것과 같아서 좋네여  싼티나지아나여  방석은 군데군데살짝 나무 껍질이 따가운데가있어서 제가 따로 구매했는데 물건은 괜차나여,https://phinf.pstatic.net/checkout.phinf/20210317_79/1615991623938LP6Tt_JPEG/review-attachment-4f0fb223-188a-4857-966b-cca642e40fa5.jpeg?type=f300_300,peal****,20.07.31.
5,5,"지인 선물로 줬어요~
이쁩니다!!!!!!!!!!",https://phinf.pstatic.net/checkout.phinf/20210326_128/1616734837348fnCTR_JPEG/review-attachment-38d39966-f7f3-4a7f-8b9b-c6dd145fbdee.jpeg?type=f300_300,qhfk****,20.07.11.
6,4,싸이즈도 좋고  디자인은  말할것도없고   분위기 너무좋아요,https://phinf.pstatic.net/checkout.phinf/20210326_90/1616725765589EluUh_JPEG/review-attachment-3ce5a608-3e5c-41f3-b53e-932b43874a21.jpeg?type=f300_300,chun****,20.03.16.
7,5,예뻐요.  잔가시들이  좀신경쓰이네요,https://phinf.pstatic.net/checkout.phinf/20210311_181/16153908219153d6MN_JPEG/review-attachment-2a742365-113f-4473-96e2-33e6626a2576.jpeg?type=f300_300,chun****,20.01.31.
8,5,"주방에 두니 딱 좋네요
",https://phinf.pstatic.net/checkout.phinf/20210118_182/1610896999532lT0GN_JPEG/review-attachment-ebb210c9-c2f4-49b0-b059-64204ec41bd2.jpeg?type=f300_300,gusw****,18.10.04.
9,5,저렴하게잘샀네요,https://phinf.pstatic.net/image.nmv/shopnbuyer_2021_01_11_0/f1f667ae-53b7-11eb-9ca7-48df379ccacc_03.jpg?type=ffn300_300,9cha****,18.03.30.
10,5,"교환  잘받았습니다
감사합니다^^",https://phinf.pstatic.net/checkout.phinf/20210303_251/1614745157783pfCAY_JPEG/review-attachment-88681ab3-ca32-4489-ad2d-95dc212587fa.jpeg?type=f300_300,tkdh****,18.02.27.
11,4,아주조아요 ,https://phinf.pstatic.net/checkout.phinf/20210311_76/1615390281821YudiK_JPEG/review-attachment-b464f07f-2e49-4620-8ac3-a967ee217cf4.jpeg?type=f300_300,jdo7****,17.11.09.
12,5,잘받았어요,https://phinf.pstatic.net/image.nmv/shopnbuyer_2021_01_04_0/5e8e494f-4e77-11eb-a803-a0369ff94ec8_03.jpg?type=ffn300_300,pop6****,17.11.08.
13,5,잘 받았습니다,https://phinf.pstatic.net/checkout.phinf/20210206_297/1612617030683Q87H5_JPEG/review-attachment-19ca8ceb-bf30-4587-917c-206c591be48a.jpeg?type=f300_300,anti****,17.10.21.
14,5,괜찮아요 엄마가 티테이블이 갖고싶다하셔서 사드렸는데 마음에 들어하시네요그렇게 튼튼한거 같지 않지만 인테리어에 좋아보여요,https://phinf.pstatic.net/checkout.phinf/20210109_70/16101906551308Ew4b_JPEG/review-attachment-ae096340-30e9-476c-9c65-a06dae905b7b.jpeg?type=f300_300,tjfk****,17.09.14.
15,5,넘예쁘고튼튼합니다,https://phinf.pstatic.net/checkout.phinf/20210217_152/1613548771381kgxE0_JPEG/review-attachment-ec0bf13f-127c-4807-b7ff-215e61e38608.jpeg?type=f300_300,yum5****,17.08.27.
16,3,좋아요 가격대도 너무맘에들고 디자인도 너무너무이뻐요  ㅋ 거실에놔둬도이뿌구 안방에둬도이뿌고 아주좋네요,https://phinf.pstatic.net/checkout.phinf/20210201_256/1612158639663gWLlS_JPEG/review-attachment-6c3ab54c-ce94-48de-bc96-ddea7c5677c9.jpeg?type=f300_300,zdsa****,17.08.07.
17,5,ㅁㄹㅇㅎㅇ로,https://phinf.pstatic.net/checkout.phinf/20210309_10/16152439300846KTnU_JPEG/review-attachment-648bac49-8976-40ff-8778-004367ea27a9.jpeg?type=f300_300,tjfk****,17.09.14.
18,4,너무이뻥ᆢㄷ,https://phinf.pstatic.net/checkout.phinf/20210323_223/1616458526071AaqWQ_JPEG/review-attachment-b01b5078-701c-445a-995a-a65075ce3b75.jpeg?type=f300_300,zdsa****,17.08.07.
19,5,만족합니다.,https://phinf.pstatic.net/checkout.phinf/20210302_101/1614654860303pmVPk_JPEG/review-attachment-e88d5520-b325-4620-b560-31182671b8a5.jpeg?type=f300_300,seon****,17.07.31.
20,5,그냥그냥해요 넘 부실하고 엉성해요,https://phinf.pstatic.net/checkout.phinf/20210309_10/16152439300846KTnU_JPEG/review-attachment-648bac49-8976-40ff-8778-004367ea27a9.jpeg?type=f300_300,tiph****,20.12.22.
21,5,"튼튼하구  방석은 별도로 네이버에서 그냥 보이는거 샀구여  베란다에  저렇게 놓고 사용한지 짐 몇달은됬는데  나름  저만의 혼자 생각하는 공간이 됬어여~~~
저희집에 놀러오는사람들도 이공간을 젤 조아하네여
저렴한 가격에 정말 잘샀어여~~~^^
마니파세여~~~~",https://phinf.pstatic.net/checkout.phinf/20210323_223/1616458526071AaqWQ_JPEG/review-attachment-b01b5078-701c-445a-995a-a65075ce3b75.jpeg?type=f300_300,peal****,20.10.07.
22,5,의자옆에 매듭 모양잡은곳이 끊어져 있고 엉성하네요,https://phinf.pstatic.net/checkout.phinf/20210302_101/1614654860303pmVPk_JPEG/review-attachment-e88d5520-b325-4620-b560-31182671b8a5.jpeg?type=f300_300,tiph****,20.11.16.
23,4,써보진 안았지만 빠른배송이좋았어용,https://phinf.pstatic.net/checkout.phinf/20210320_238/161625127633752fXi_JPEG/review-attachment-8d547555-b09e-42f7-8133-62b96c0fd4e8.jpeg?type=f300_300,shel****,20.10.21.
24,4,뒷베란다에 두려구샀는데 사이즈 딱맞구 생각했던것과 같아서 좋네여  싼티나지아나여  방석은 군데군데살짝 나무 껍질이 따가운데가있어서 제가 따로 구매했는데 물건은 괜차나여,https://phinf.pstatic.net/checkout.phinf/20210317_79/1615991623938LP6Tt_JPEG/review-attachment-4f0fb223-188a-4857-966b-cca642e40fa5.jpeg?type=f300_300,peal****,20.07.31.
25,5,"지인 선물로 줬어요~
이쁩니다!!!!!!!!!!",https://phinf.pstatic.net/checkout.phinf/20210326_128/1616734837348fnCTR_JPEG/review-attachment-38d39966-f7f3-4a7f-8b9b-c6dd145fbdee.jpeg?type=f300_300,qhfk****,20.07.11.
26,4,싸이즈도 좋고  디자인은  말할것도없고   분위기 너무좋아요,https://phinf.pstatic.net/checkout.phinf/20210326_90/1616725765589EluUh_JPEG/review-attachment-3ce5a608-3e5c-41f3-b53e-932b43874a21.jpeg?type=f300_300,chun****,20.03.16.
27,5,예뻐요.  잔가시들이  좀신경쓰이네요,https://phinf.pstatic.net/checkout.phinf/20210311_181/16153908219153d6MN_JPEG/review-attachment-2a742365-113f-4473-96e2-33e6626a2576.jpeg?type=f300_300,chun****,20.01.31.
28,5,"주방에 두니 딱 좋네요
",https://phinf.pstatic.net/checkout.phinf/20210118_182/1610896999532lT0GN_JPEG/review-attachment-ebb210c9-c2f4-49b0-b059-64204ec41bd2.jpeg?type=f300_300,gusw****,18.10.04.
29,5,저렴하게잘샀네요,https://phinf.pstatic.net/image.nmv/shopnbuyer_2021_01_11_0/f1f667ae-53b7-11eb-9ca7-48df379ccacc_03.jpg?type=ffn300_300,9cha****,18.03.30.
30,5,"교환  잘받았습니다
감사합니다^^",https://phinf.pstatic.net/checkout.phinf/20210303_251/1614745157783pfCAY_JPEG/review-attachment-88681ab3-ca32-4489-ad2d-95dc212587fa.jpeg?type=f300_300,tkdh****,18.02.27.
31,4,아주조아요 ,https://phinf.pstatic.net/checkout.phinf/20210311_76/1615390281821YudiK_JPEG/review-attachment-b464f07f-2e49-4620-8ac3-a967ee217cf4.jpeg?type=f300_300,jdo7****,17.11.09.
32,5,잘받았어요,https://phinf.pstatic.net/image.nmv/shopnbuyer_2021_01_04_0/5e8e494f-4e77-11eb-a803-a0369ff94ec8_03.jpg?type=ffn300_300,pop6****,17.11.08.
33,5,잘 받았습니다,https://phinf.pstatic.net/checkout.phinf/20210206_297/1612617030683Q87H5_JPEG/review-attachment-19ca8ceb-bf30-4587-917c-206c591be48a.jpeg?type=f300_300,anti****,17.10.21.
34,5,괜찮아요 엄마가 티테이블이 갖고싶다하셔서 사드렸는데 마음에 들어하시네요그렇게 튼튼한거 같지 않지만 인테리어에 좋아보여요,https://phinf.pstatic.net/checkout.phinf/20210109_70/16101906551308Ew4b_JPEG/review-attachment-ae096340-30e9-476c-9c65-a06dae905b7b.jpeg?type=f300_300,tjfk****,17.09.14.
35,5,넘예쁘고튼튼합니다,https://phinf.pstatic.net/checkout.phinf/20210217_152/1613548771381kgxE0_JPEG/review-attachment-ec0bf13f-127c-4807-b7ff-215e61e38608.jpeg?type=f300_300,yum5****,17.08.27.
36,3,좋아요 가격대도 너무맘에들고 디자인도 너무너무이뻐요  ㅋ 거실에놔둬도이뿌구 안방에둬도이뿌고 아주좋네요,https://phinf.pstatic.net/checkout.phinf/20210201_256/1612158639663gWLlS_JPEG/review-attachment-6c3ab54c-ce94-48de-bc96-ddea7c5677c9.jpeg?type=f300_300,zdsa****,17.08.07.
37,5,ㅁㄹㅇㅎㅇ로,https://phinf.pstatic.net/checkout.phinf/20210309_10/16152439300846KTnU_JPEG/review-attachment-648bac49-8976-40ff-8778-004367ea27a9.jpeg?type=f300_300,tjfk****,17.09.14.
38,4,너무이뻥ᆢㄷ,https://phinf.pstatic.net/checkout.phinf/20210323_223/1616458526071AaqWQ_JPEG/review-attachment-b01b5078-701c-445a-995a-a65075ce3b75.jpeg?type=f300_300,zdsa****,17.08.07.
39,5,만족합니다.,https://phinf.pstatic.net/checkout.phinf/20210302_101/1614654860303pmVPk_JPEG/review-attachment-e88d5520-b325-4620-b560-31182671b8a5.jpeg?type=f300_300,seon****,17.07.31.
40,5,사진과 같아요 너무 고급스럽고 예쁘네요 ㅎㅎ,https://phinf.pstatic.net/checkout.phinf/20210309_10/16152439300846KTnU_JPEG/review-attachment-648bac49-8976-40ff-8778-004367ea27a9.jpeg?type=f300_300,gmla****,17.06.22.
41,5,"배송은 좀 걸렸지만 깔끔하니 좋습니다
가격이 저렴해서 더 좋으네요~~",https://phinf.pstatic.net/checkout.phinf/20210323_223/1616458526071AaqWQ_JPEG/review-attachment-b01b5078-701c-445a-995a-a65075ce3b75.jpeg?type=f300_300,dodu****,17.05.31.
42,5,"예쁘고 튼튼해요^^ 두가지색깔 5셋트씩 10셋트 구입했습니다. 
가격대비 튼튼하고 예뻐서 대만족이어요.
작은 콘서트홀에서 티테이블로 사용하려 준비했는데 분위기를 확 살려주어서 더욱 기분이 좋습니다. 배송도 원하는대로 빨리 해주셔서 감사했습니다.",https://phinf.pstatic.net/checkout.phinf/20210302_101/1614654860303pmVPk_JPEG/review-attachment-e88d5520-b325-4620-b560-31182671b8a5.jpeg?type=f300_300,ogsy****,17.02.25.
43,4,"예쁘고 튼튼해요 연주공간에 티테이블로 사용하려고 구입했는데요 정말 분위기가 산뜻해져서 기분이 완전 좋아졌어요^^
테이블에 유리깔고, 의자에 방석만 놓아두면 완벽할거 같아요~ 배송도 빨리해주셔서 너무나 감사했습니다.",https://phinf.pstatic.net/checkout.phinf/20210320_238/161625127633752fXi_JPEG/review-attachment-8d547555-b09e-42f7-8133-62b96c0fd4e8.jpeg?type=f300_300,ogsy****,17.02.25.
44,5,자꾸떨어지는게 많아어ㆍ찔리기두하고 가격이 비싸서 ㅜㅜ,https://phinf.pstatic.net/checkout.phinf/20210317_79/1615991623938LP6Tt_JPEG/review-attachment-4f0fb223-188a-4857-966b-cca642e40fa5.jpeg?type=f300_300,kjyl****,17.03.12.
45,5,"배송 진짜 빨리 해주셨어요~^^
감사해요",https://phinf.pstatic.net/checkout.phinf/20210326_128/1616734837348fnCTR_JPEG/review-attachment-38d39966-f7f3-4a7f-8b9b-c6dd145fbdee.jpeg?type=f300_300,ogsy****,17.02.25.
46,5,좋아요~ㅋㅋ,https://phinf.pstatic.net/checkout.phinf/20210326_90/1616725765589EluUh_JPEG/review-attachment-3ce5a608-3e5c-41f3-b53e-932b43874a21.jpeg?type=f300_300,jonb****,17.03.04.
47,5,예쁘고 튼튼하네요^^,https://phinf.pstatic.net/checkout.phinf/20210311_181/16153908219153d6MN_JPEG/review-attachment-2a742365-113f-4473-96e2-33e6626a2576.jpeg?type=f300_300,ogsy****,17.02.25.
48,3,배송도 빠르고 친절해요,https://phinf.pstatic.net/checkout.phinf/20210118_182/1610896999532lT0GN_JPEG/review-attachment-ebb210c9-c2f4-49b0-b059-64204ec41bd2.jpeg?type=f300_300,chej****,17.02.17.
49,5,테이블 다리가 잘 맞지 않아요.,https://phinf.pstatic.net/image.nmv/shopnbuyer_2021_01_11_0/f1f667ae-53b7-11eb-9ca7-48df379ccacc_03.jpg?type=ffn300_300,mein****,16.10.19.
50,5,디자인은 예쁜데 다리가 약간 부실한거 같아요~;;,https://phinf.pstatic.net/checkout.phinf/20210303_251/1614745157783pfCAY_JPEG/review-attachment-88681ab3-ca32-4489-ad2d-95dc212587fa.jpeg?type=f300_300,arom****,16.07.26.
51,5,"저렴하게는 샀습니다 이만한 디자인에 저렴하게 잘 샀습니다그런데 너무 테이블이 가벼워요~ 배송시 유리를 맞춰주신다고해서 3만원주고 유리를 맞췄는데너무 얇은걸로해서 다시 새로 맞춰야할것같아요.유리업체가면 3만원이면 훨씬더 두껍고 큰걸로 맞춰주는데, 편하게 하려고했다가 괜히 다시맞춰야하네요;상품자체는 저렴하고 좋습니다",https://phinf.pstatic.net/checkout.phinf/20210311_76/1615390281821YudiK_JPEG/review-attachment-b464f07f-2e49-4620-8ac3-a967ee217cf4.jpeg?type=f300_300,cafe****,16.06.21.
52,5,정말 좋아요,https://phinf.pstatic.net/image.nmv/shopnbuyer_2021_01_04_0/5e8e494f-4e77-11eb-a803-a0369ff94ec8_03.jpg?type=ffn300_300,madi****,16.07.17.
53,3,괜찮네요.~ 상품이 포장되서 배달 되는데 포장지 양이 엄청납니다.  의자및 탁자는 귀엽습니다. 괜찮네요,https://phinf.pstatic.net/checkout.phinf/20210206_297/1612617030683Q87H5_JPEG/review-attachment-19ca8ceb-bf30-4587-917c-206c591be48a.jpeg?type=f300_300,kang****,16.06.18.
54,5,너무 가벼워요,https://phinf.pstatic.net/checkout.phinf/20210109_70/16101906551308Ew4b_JPEG/review-attachment-ae096340-30e9-476c-9c65-a06dae905b7b.jpeg?type=f300_300,cafe****,16.06.21.
55,4,그럭저럭  하네요  ㅎ,https://phinf.pstatic.net/checkout.phinf/20210217_152/1613548771381kgxE0_JPEG/review-attachment-ec0bf13f-127c-4807-b7ff-215e61e38608.jpeg?type=f300_300,cdd0****,16.06.01.
56,5,가격대비 만족합니다.,https://phinf.pstatic.net/checkout.phinf/20210201_256/1612158639663gWLlS_JPEG/review-attachment-6c3ab54c-ce94-48de-bc96-ddea7c5677c9.jpeg?type=f300_300,kmsp****,16.05.17.
57,5,조아요 배송 하는 아저씨도. 친절하고.  제품도 만족해요. 거실한쪽. 코너에. 두니. 보기좋네요~~,https://phinf.pstatic.net/checkout.phinf/20210309_10/16152439300846KTnU_JPEG/review-attachment-648bac49-8976-40ff-8778-004367ea27a9.jpeg?type=f300_300,wkru****,16.04.19.
58,3,빠른배송 감사드립니다,https://phinf.pstatic.net/checkout.phinf/20210323_223/1616458526071AaqWQ_JPEG/review-attachment-b01b5078-701c-445a-995a-a65075ce3b75.jpeg?type=f300_300,snic****,16.04.29.
59,3,가격대비. 괜찬아요,https://phinf.pstatic.net/checkout.phinf/20210302_101/1614654860303pmVPk_JPEG/review-attachment-e88d5520-b325-4620-b560-31182671b8a5.jpeg?type=f300_300,wkru****,16.04.19.
