﻿,star,review,reviewImage,customerId,reviewDate
0,5,"블랑 아이보리 와이드 서랍장 
일주일을 골라 힘들게 찾아 주문했는데
너무 마음에 들어요~^^
3년전에 산 장롱과 세트 같아요
아이보리 색상, 깔끔한 디자인, 견고한 마감처리,
튼튼한 서랍과 손잡이 등  가성비 최고 입니다
밑이 뚫려있어
방이 답답해 보이지 않고 넓어 보여요
나중에 거울 사서
딸아이 방에 넣어주고
화장대겸용
서랍장으로도 쓸 계획입니다
구글,다음,네이버 폭풍 검색해서 
가장 저렴한 가격 운좋게 찾았고요
예정 배송일이 늦었는데
최대한 빨리 받고 싶다고
부탁 전화드렸는데
기사님 섭외까지 신속히 해주셔서
금방 옷정리 끝마쳤습니다
친절한 기사님이 오셔서 장롱과 깊이 맞추어
예쁘게 놓아주시고
서랍들 잘 열리는지도
꼼꼼히 체크하시고
가셨습니다
감사합니다
예쁘게 잘 쓸게요~♡",https://phinf.pstatic.net/checkout.phinf/20210309_10/16152439300846KTnU_JPEG/review-attachment-648bac49-8976-40ff-8778-004367ea27a9.jpeg?type=f300_300,nanm****,21.02.27.
1,5,"배송기사님도 친절하시고 서랍장도 이쁘네요.
방이 화사해졌어요.",https://phinf.pstatic.net/checkout.phinf/20210323_223/1616458526071AaqWQ_JPEG/review-attachment-b01b5078-701c-445a-995a-a65075ce3b75.jpeg?type=f300_300,mira****,21.03.27.
2,5,기존 붙박이형 화장대 철거 후 빈공간에 딱 이쁘게 맞네요~고급지고 마감상태 좋고 갖고있는 거울과 세뚜세뚜 되었네요~ㅎ,https://phinf.pstatic.net/checkout.phinf/20210302_101/1614654860303pmVPk_JPEG/review-attachment-e88d5520-b325-4620-b560-31182671b8a5.jpeg?type=f300_300,mimi****,21.02.24.
3,5,"생각보다 일찍 왔습니다
배달해주시는분이 아주 조심히 가구를 놓아주셨어요 보지 않고 사는거라 살짝 걱정했는데 서랍 튼튼하고 가구도 마음에 듭니다 거울 달면 화장대로 딱 좋아요계속 이용하려구요 좀 멀리서 와서 배송비가 좀 부담되지만 완전추천드려요",https://phinf.pstatic.net/checkout.phinf/20210320_238/161625127633752fXi_JPEG/review-attachment-8d547555-b09e-42f7-8133-62b96c0fd4e8.jpeg?type=f300_300,jooh****,21.02.06.
4,5,서랍쪽이 mdf지만 E0라고 해서 구입했는데 냄새가 잘 안빠지네요. E0 집에 있는 다른 가구들에 비해 냄새 때문에 별로입니다,https://phinf.pstatic.net/checkout.phinf/20210317_79/1615991623938LP6Tt_JPEG/review-attachment-4f0fb223-188a-4857-966b-cca642e40fa5.jpeg?type=f300_300,sb28****,21.02.14.
5,5,"맘에 들어요!! 점이 찍여있어서...
두개 주문 하려구 했는데...배송비가..",https://phinf.pstatic.net/checkout.phinf/20210326_128/1616734837348fnCTR_JPEG/review-attachment-38d39966-f7f3-4a7f-8b9b-c6dd145fbdee.jpeg?type=f300_300,himi****,21.02.08.
6,5,"디자인 굿 ,  재질도 고급스럽고 좋아요",https://phinf.pstatic.net/checkout.phinf/20210326_90/1616725765589EluUh_JPEG/review-attachment-3ce5a608-3e5c-41f3-b53e-932b43874a21.jpeg?type=f300_300,acti****,21.02.10.
7,5,"화면보다 실물이 훨씬 이쁘구요.
색상,서랍장 마감 상태도 좋아요.
배송도 예정보다 빨리 왔네요",https://phinf.pstatic.net/checkout.phinf/20210311_181/16153908219153d6MN_JPEG/review-attachment-2a742365-113f-4473-96e2-33e6626a2576.jpeg?type=f300_300,wlgu****,20.10.29.
8,3,게재된 사진보다 훨씬 럭셔리하고 예쁘네요.,https://phinf.pstatic.net/checkout.phinf/20210118_182/1610896999532lT0GN_JPEG/review-attachment-ebb210c9-c2f4-49b0-b059-64204ec41bd2.jpeg?type=f300_300,osws****,20.10.12.
9,4,만족하며 잘쓰고잇어요 튼튼 예쁨이요,https://phinf.pstatic.net/image.nmv/shopnbuyer_2021_01_11_0/f1f667ae-53b7-11eb-9ca7-48df379ccacc_03.jpg?type=ffn300_300,pitc****,20.09.22.
10,5,생각보다 좀 낮았지만 재질도 좋고 견고해요,https://phinf.pstatic.net/checkout.phinf/20210303_251/1614745157783pfCAY_JPEG/review-attachment-88681ab3-ca32-4489-ad2d-95dc212587fa.jpeg?type=f300_300,pitc****,20.06.29.
11,5,"2개중 1개는 상판부분 테두리 움푹 찍혔네요.
에휴,~
예뻐서 위안!",https://phinf.pstatic.net/checkout.phinf/20210311_76/1615390281821YudiK_JPEG/review-attachment-b464f07f-2e49-4620-8ac3-a967ee217cf4.jpeg?type=f300_300,jgs9****,20.06.15.
