﻿,star,review,reviewImage,customerId,reviewDate
0,3,"상품은 원하는 디자인이에요 기대하고 봤는데 쫌 실망이네요 ...
가구 조립을 누가 해주시는건가요? 
균형이 하나도 안 맞네요 그래서 서랍 열고 닫을때 많이 뻑뻑하고 잘 안닫히네요 
지방이라 배송비 4만원인데 엘레베이터 없어서 중량비 3만원 추가 되었어요 기사님이 저 보자마자 힘들다고 앞으로는 중량비 5만원 더 추가해서 받아야겠다고 하시네요 다른분은 사다리차 부른다고 하시더라고요 지방사시고 엘베 없는분들으 참고하세요 
그리고 배송비사항에 이런내용 참고해주세요 그래야 감안하고 구매할꺼같아요
반품하고 싶었지만 또 배송비 왕창 나올까봐 그냥쓰려고요",https://phinf.pstatic.net/checkout.phinf/20210309_10/16152439300846KTnU_JPEG/review-attachment-648bac49-8976-40ff-8778-004367ea27a9.jpeg?type=f300_300,gnam****,21.02.26.
1,4,"일단 상품 예쁘고 다행히 하자는 없습니다. 무엇보다 배송기사님이 늦게까지 고생이셨고 정말 친절하셨어요.

다만, 업체와 전화연결만 잘됐어도 별 5갠데 전화를 수십통을 했는데도 한번을 연결이 안되네요. 만약 제품에 하자가 있거나 배송문제가 생겼을 때 연락이 안된단 생각을 하니 다시 이곳에서 구입을 할지는 모르겠습니다.

애꿎은기사님들만 고객들 원성을 듣고 계시던데 상담원을 늘리던지 조치를 취해야 하는거 아닌가요",https://phinf.pstatic.net/checkout.phinf/20210323_223/1616458526071AaqWQ_JPEG/review-attachment-b01b5078-701c-445a-995a-a65075ce3b75.jpeg?type=f300_300,jh34****,21.02.25.
2,4,배송은 빠르지않았지만 상품은 만족스러워요,https://phinf.pstatic.net/checkout.phinf/20210302_101/1614654860303pmVPk_JPEG/review-attachment-e88d5520-b325-4620-b560-31182671b8a5.jpeg?type=f300_300,fant****,21.03.27.
3,1,제품 마감상태 굉장히 불량하며 튼튼하지도 않고 밀면 좌우로 흔들거립니다. 내부 서랍 여니  타카로 조립했는지 구멍 그대로 다보입니다. 본사연락해서 조치 받으려고 사진도 보내고 연락했으나 오지도 않는 연락 기다리다 지치네요 강력비추합니다~~!!!!!,https://phinf.pstatic.net/checkout.phinf/20210320_238/161625127633752fXi_JPEG/review-attachment-8d547555-b09e-42f7-8133-62b96c0fd4e8.jpeg?type=f300_300,5cha****,21.02.24.
4,5,넘 만족해요  번창하세요,https://phinf.pstatic.net/checkout.phinf/20210317_79/1615991623938LP6Tt_JPEG/review-attachment-4f0fb223-188a-4857-966b-cca642e40fa5.jpeg?type=f300_300,jin9****,21.02.20.
5,5,정리 잘 되고 실물이 진짜 훨씬 이뻐요. 맨 위에는 자주 쓰는 악세사리랑 지갑 벨트를 넣었는데 한번에 찾을 수 있어서 너무 좋아요.,https://phinf.pstatic.net/checkout.phinf/20210326_128/1616734837348fnCTR_JPEG/review-attachment-38d39966-f7f3-4a7f-8b9b-c6dd145fbdee.jpeg?type=f300_300,soso****,21.01.14.
6,3,제가 원목스타일을 무진장 좋아하는데 ㅋㅋㅋ 첫번째장이 유리라는게 완전 짱입니다 ㅌ 보석함도 되고 선그라스도 보이고 굿,https://phinf.pstatic.net/checkout.phinf/20210326_90/1616725765589EluUh_JPEG/review-attachment-3ce5a608-3e5c-41f3-b53e-932b43874a21.jpeg?type=f300_300,pooq****,21.01.26.
7,4,사진 그대로이고 좋아요 ~~~,https://phinf.pstatic.net/checkout.phinf/20210311_181/16153908219153d6MN_JPEG/review-attachment-2a742365-113f-4473-96e2-33e6626a2576.jpeg?type=f300_300,mill****,21.02.12.
8,4,색상 디자인 완벽 배송기사님도 너무 친절하시고 ㅋ,https://phinf.pstatic.net/checkout.phinf/20210118_182/1610896999532lT0GN_JPEG/review-attachment-ebb210c9-c2f4-49b0-b059-64204ec41bd2.jpeg?type=f300_300,pooq****,20.12.23.
9,1,완전 만족해요 저번에 모자 진열장을 샀는데 넘 맘에들어서 재구매 했어요,https://phinf.pstatic.net/image.nmv/shopnbuyer_2021_01_11_0/f1f667ae-53b7-11eb-9ca7-48df379ccacc_03.jpg?type=ffn300_300,j181****,20.11.10.
10,4,"유리에 기스가 엄청 많이나서 왔음... 배송비도 따로 내는데 그냥 현관 입구에 놓고 대충해주고 감 
이 부분들 빼고 전체적인 디자인만 보는거면 괜찮음",https://phinf.pstatic.net/checkout.phinf/20210303_251/1614745157783pfCAY_JPEG/review-attachment-88681ab3-ca32-4489-ad2d-95dc212587fa.jpeg?type=f300_300,sad_****,20.11.29.
11,5,튼튼하고 좋네요 잘 쓰겠습니다~,https://phinf.pstatic.net/checkout.phinf/20210311_76/1615390281821YudiK_JPEG/review-attachment-b464f07f-2e49-4620-8ac3-a967ee217cf4.jpeg?type=f300_300,nukk****,20.11.13.
12,5,잘 받았습니다 튼튼하고 좋네요~,https://phinf.pstatic.net/image.nmv/shopnbuyer_2021_01_04_0/5e8e494f-4e77-11eb-a803-a0369ff94ec8_03.jpg?type=ffn300_300,nukk****,20.11.13.
13,5,크기도 적당하고 고급스러워 보입니다.근데 배송비는 생각보다 쫌 과한듯 싶네요.1-2만원 정도는 빼야될듯 싶네요,https://phinf.pstatic.net/checkout.phinf/20210206_297/1612617030683Q87H5_JPEG/review-attachment-19ca8ceb-bf30-4587-917c-206c591be48a.jpeg?type=f300_300,jkty****,20.10.07.
14,5,좋네요 좋습니다.나주대추대어ㅐ덛,https://phinf.pstatic.net/checkout.phinf/20210109_70/16101906551308Ew4b_JPEG/review-attachment-ae096340-30e9-476c-9c65-a06dae905b7b.jpeg?type=f300_300,kang****,20.10.11.
15,5,사진보다 더 예쁘고 좋네요,https://phinf.pstatic.net/checkout.phinf/20210217_152/1613548771381kgxE0_JPEG/review-attachment-ec0bf13f-127c-4807-b7ff-215e61e38608.jpeg?type=f300_300,jyju****,20.07.29.
16,2,적당한 사이즈 좋네요,https://phinf.pstatic.net/checkout.phinf/20210201_256/1612158639663gWLlS_JPEG/review-attachment-6c3ab54c-ce94-48de-bc96-ddea7c5677c9.jpeg?type=f300_300,9sky****,20.07.25.
17,4,생각보다 튼튼해보이고 좋네요 ㅎㅎ 오래기다린 보람이있어요,https://phinf.pstatic.net/checkout.phinf/20210309_10/16152439300846KTnU_JPEG/review-attachment-648bac49-8976-40ff-8778-004367ea27a9.jpeg?type=f300_300,joyf****,20.06.10.
18,4,"너무 이뻐요!!
배송은 오래 걸렸지만ㅠㅠ",https://phinf.pstatic.net/checkout.phinf/20210323_223/1616458526071AaqWQ_JPEG/review-attachment-b01b5078-701c-445a-995a-a65075ce3b75.jpeg?type=f300_300,kmn4****,20.06.09.
19,5,두개째구매입니다 고급스러워요 싼티 절대안나구요 서랍 미끄러지듯이 잘열리고닫히네요,https://phinf.pstatic.net/checkout.phinf/20210302_101/1614654860303pmVPk_JPEG/review-attachment-e88d5520-b325-4620-b560-31182671b8a5.jpeg?type=f300_300,luv2****,20.05.25.
20,3,"상품은 원하는 디자인이에요 기대하고 봤는데 쫌 실망이네요 ...
가구 조립을 누가 해주시는건가요? 
균형이 하나도 안 맞네요 그래서 서랍 열고 닫을때 많이 뻑뻑하고 잘 안닫히네요 
지방이라 배송비 4만원인데 엘레베이터 없어서 중량비 3만원 추가 되었어요 기사님이 저 보자마자 힘들다고 앞으로는 중량비 5만원 더 추가해서 받아야겠다고 하시네요 다른분은 사다리차 부른다고 하시더라고요 지방사시고 엘베 없는분들으 참고하세요 
그리고 배송비사항에 이런내용 참고해주세요 그래야 감안하고 구매할꺼같아요
반품하고 싶었지만 또 배송비 왕창 나올까봐 그냥쓰려고요",https://phinf.pstatic.net/checkout.phinf/20210309_10/16152439300846KTnU_JPEG/review-attachment-648bac49-8976-40ff-8778-004367ea27a9.jpeg?type=f300_300,gnam****,21.02.26.
21,4,"일단 상품 예쁘고 다행히 하자는 없습니다. 무엇보다 배송기사님이 늦게까지 고생이셨고 정말 친절하셨어요.

다만, 업체와 전화연결만 잘됐어도 별 5갠데 전화를 수십통을 했는데도 한번을 연결이 안되네요. 만약 제품에 하자가 있거나 배송문제가 생겼을 때 연락이 안된단 생각을 하니 다시 이곳에서 구입을 할지는 모르겠습니다.

애꿎은기사님들만 고객들 원성을 듣고 계시던데 상담원을 늘리던지 조치를 취해야 하는거 아닌가요",https://phinf.pstatic.net/checkout.phinf/20210323_223/1616458526071AaqWQ_JPEG/review-attachment-b01b5078-701c-445a-995a-a65075ce3b75.jpeg?type=f300_300,jh34****,21.02.25.
22,4,배송은 빠르지않았지만 상품은 만족스러워요,https://phinf.pstatic.net/checkout.phinf/20210302_101/1614654860303pmVPk_JPEG/review-attachment-e88d5520-b325-4620-b560-31182671b8a5.jpeg?type=f300_300,fant****,21.03.27.
23,1,제품 마감상태 굉장히 불량하며 튼튼하지도 않고 밀면 좌우로 흔들거립니다. 내부 서랍 여니  타카로 조립했는지 구멍 그대로 다보입니다. 본사연락해서 조치 받으려고 사진도 보내고 연락했으나 오지도 않는 연락 기다리다 지치네요 강력비추합니다~~!!!!!,https://phinf.pstatic.net/checkout.phinf/20210320_238/161625127633752fXi_JPEG/review-attachment-8d547555-b09e-42f7-8133-62b96c0fd4e8.jpeg?type=f300_300,5cha****,21.02.24.
24,5,넘 만족해요  번창하세요,https://phinf.pstatic.net/checkout.phinf/20210317_79/1615991623938LP6Tt_JPEG/review-attachment-4f0fb223-188a-4857-966b-cca642e40fa5.jpeg?type=f300_300,jin9****,21.02.20.
25,5,정리 잘 되고 실물이 진짜 훨씬 이뻐요. 맨 위에는 자주 쓰는 악세사리랑 지갑 벨트를 넣었는데 한번에 찾을 수 있어서 너무 좋아요.,https://phinf.pstatic.net/checkout.phinf/20210326_128/1616734837348fnCTR_JPEG/review-attachment-38d39966-f7f3-4a7f-8b9b-c6dd145fbdee.jpeg?type=f300_300,soso****,21.01.14.
26,3,제가 원목스타일을 무진장 좋아하는데 ㅋㅋㅋ 첫번째장이 유리라는게 완전 짱입니다 ㅌ 보석함도 되고 선그라스도 보이고 굿,https://phinf.pstatic.net/checkout.phinf/20210326_90/1616725765589EluUh_JPEG/review-attachment-3ce5a608-3e5c-41f3-b53e-932b43874a21.jpeg?type=f300_300,pooq****,21.01.26.
27,4,사진 그대로이고 좋아요 ~~~,https://phinf.pstatic.net/checkout.phinf/20210311_181/16153908219153d6MN_JPEG/review-attachment-2a742365-113f-4473-96e2-33e6626a2576.jpeg?type=f300_300,mill****,21.02.12.
28,4,색상 디자인 완벽 배송기사님도 너무 친절하시고 ㅋ,https://phinf.pstatic.net/checkout.phinf/20210118_182/1610896999532lT0GN_JPEG/review-attachment-ebb210c9-c2f4-49b0-b059-64204ec41bd2.jpeg?type=f300_300,pooq****,20.12.23.
29,1,완전 만족해요 저번에 모자 진열장을 샀는데 넘 맘에들어서 재구매 했어요,https://phinf.pstatic.net/image.nmv/shopnbuyer_2021_01_11_0/f1f667ae-53b7-11eb-9ca7-48df379ccacc_03.jpg?type=ffn300_300,j181****,20.11.10.
30,4,"유리에 기스가 엄청 많이나서 왔음... 배송비도 따로 내는데 그냥 현관 입구에 놓고 대충해주고 감 
이 부분들 빼고 전체적인 디자인만 보는거면 괜찮음",https://phinf.pstatic.net/checkout.phinf/20210303_251/1614745157783pfCAY_JPEG/review-attachment-88681ab3-ca32-4489-ad2d-95dc212587fa.jpeg?type=f300_300,sad_****,20.11.29.
31,5,튼튼하고 좋네요 잘 쓰겠습니다~,https://phinf.pstatic.net/checkout.phinf/20210311_76/1615390281821YudiK_JPEG/review-attachment-b464f07f-2e49-4620-8ac3-a967ee217cf4.jpeg?type=f300_300,nukk****,20.11.13.
32,5,잘 받았습니다 튼튼하고 좋네요~,https://phinf.pstatic.net/image.nmv/shopnbuyer_2021_01_04_0/5e8e494f-4e77-11eb-a803-a0369ff94ec8_03.jpg?type=ffn300_300,nukk****,20.11.13.
33,5,크기도 적당하고 고급스러워 보입니다.근데 배송비는 생각보다 쫌 과한듯 싶네요.1-2만원 정도는 빼야될듯 싶네요,https://phinf.pstatic.net/checkout.phinf/20210206_297/1612617030683Q87H5_JPEG/review-attachment-19ca8ceb-bf30-4587-917c-206c591be48a.jpeg?type=f300_300,jkty****,20.10.07.
34,5,좋네요 좋습니다.나주대추대어ㅐ덛,https://phinf.pstatic.net/checkout.phinf/20210109_70/16101906551308Ew4b_JPEG/review-attachment-ae096340-30e9-476c-9c65-a06dae905b7b.jpeg?type=f300_300,kang****,20.10.11.
35,5,사진보다 더 예쁘고 좋네요,https://phinf.pstatic.net/checkout.phinf/20210217_152/1613548771381kgxE0_JPEG/review-attachment-ec0bf13f-127c-4807-b7ff-215e61e38608.jpeg?type=f300_300,jyju****,20.07.29.
36,2,적당한 사이즈 좋네요,https://phinf.pstatic.net/checkout.phinf/20210201_256/1612158639663gWLlS_JPEG/review-attachment-6c3ab54c-ce94-48de-bc96-ddea7c5677c9.jpeg?type=f300_300,9sky****,20.07.25.
37,4,생각보다 튼튼해보이고 좋네요 ㅎㅎ 오래기다린 보람이있어요,https://phinf.pstatic.net/checkout.phinf/20210309_10/16152439300846KTnU_JPEG/review-attachment-648bac49-8976-40ff-8778-004367ea27a9.jpeg?type=f300_300,joyf****,20.06.10.
38,4,"너무 이뻐요!!
배송은 오래 걸렸지만ㅠㅠ",https://phinf.pstatic.net/checkout.phinf/20210323_223/1616458526071AaqWQ_JPEG/review-attachment-b01b5078-701c-445a-995a-a65075ce3b75.jpeg?type=f300_300,kmn4****,20.06.09.
39,5,두개째구매입니다 고급스러워요 싼티 절대안나구요 서랍 미끄러지듯이 잘열리고닫히네요,https://phinf.pstatic.net/checkout.phinf/20210302_101/1614654860303pmVPk_JPEG/review-attachment-e88d5520-b325-4620-b560-31182671b8a5.jpeg?type=f300_300,luv2****,20.05.25.
40,3,"배송은 느렸지만 제품은 좋아요
깔끔하게 잘 마무리되어있네요
서랍열림도 괜찮습니다
바닥에 바퀴를 달수있다는데
전  그걸 몰라서 아쉬웠어요",https://phinf.pstatic.net/checkout.phinf/20210309_10/16152439300846KTnU_JPEG/review-attachment-648bac49-8976-40ff-8778-004367ea27a9.jpeg?type=f300_300,pole****,20.06.10.
41,4,거의 한달가까이만에 받았네요 늦긴했지만 상품이 좋아서 만족합니다,https://phinf.pstatic.net/checkout.phinf/20210323_223/1616458526071AaqWQ_JPEG/review-attachment-b01b5078-701c-445a-995a-a65075ce3b75.jpeg?type=f300_300,guoe****,20.05.12.
42,4,정말 최고입니다~ 가격이 저렴해서 반신반의 한 마음이있었는데 막상받아보니 마감도 좋고 하나하나 디테일이 살아있네요. 집놀러온 친구들이 하나같이 다들 가격물어보고 어디껀지물어봅니다~ 그만큼 간지가 난다는얘기겠죠~ 멀티샵느낌으로 방꾸미고 싶으신분있다면 주저하지마세요 저금액에 이런물건없습니다~ 직원분이 제가원하는 위치까지 딱! 배달해주시고 하나하나 다 맘에들었습니다 저도 하나 더 구입할 계획입니다. 최고!,https://phinf.pstatic.net/checkout.phinf/20210302_101/1614654860303pmVPk_JPEG/review-attachment-e88d5520-b325-4620-b560-31182671b8a5.jpeg?type=f300_300,himm****,20.03.13.
43,1,좋아요 예쁘고 마음에 듭니다. 번창하세요,https://phinf.pstatic.net/checkout.phinf/20210320_238/161625127633752fXi_JPEG/review-attachment-8d547555-b09e-42f7-8133-62b96c0fd4e8.jpeg?type=f300_300,jis7****,20.04.21.
44,5,좋아요 예쁘고 마음에 듭니다. 번창하세요,https://phinf.pstatic.net/checkout.phinf/20210317_79/1615991623938LP6Tt_JPEG/review-attachment-4f0fb223-188a-4857-966b-cca642e40fa5.jpeg?type=f300_300,jis7****,20.04.21.
45,5,"사진과 동일하고
드레스룸에 정리해놓으니 예쁘네요",https://phinf.pstatic.net/checkout.phinf/20210326_128/1616734837348fnCTR_JPEG/review-attachment-38d39966-f7f3-4a7f-8b9b-c6dd145fbdee.jpeg?type=f300_300,jee6****,20.04.16.
46,5,배송 받는데 10일정도 걸렸어요. 설치기사님도 친절하시고 제품도 맘에 들어요 냠새가 좀 나는데 몇일 지나면 빠지겠죠,https://phinf.pstatic.net/checkout.phinf/20210326_90/1616725765589EluUh_JPEG/review-attachment-3ce5a608-3e5c-41f3-b53e-932b43874a21.jpeg?type=f300_300,dodo****,20.04.10.
47,5,굉장히 이쁘고 깔끔합니다.,https://phinf.pstatic.net/checkout.phinf/20210311_181/16153908219153d6MN_JPEG/review-attachment-2a742365-113f-4473-96e2-33e6626a2576.jpeg?type=f300_300,hsw3****,20.03.28.
48,5,이쁘고 튼튼하고 좋아요~~^^,https://phinf.pstatic.net/checkout.phinf/20210118_182/1610896999532lT0GN_JPEG/review-attachment-ebb210c9-c2f4-49b0-b059-64204ec41bd2.jpeg?type=f300_300,hone****,20.03.28.
49,5,너무 이쁘고 너무 좋아요 아직 이사 후 정리가 덜 되었지만 만족합니다,https://phinf.pstatic.net/image.nmv/shopnbuyer_2021_01_11_0/f1f667ae-53b7-11eb-9ca7-48df379ccacc_03.jpg?type=ffn300_300,ccyj****,20.02.24.
50,5,고급스럽고 튼튼해요 배송도 친절하시구요,https://phinf.pstatic.net/checkout.phinf/20210303_251/1614745157783pfCAY_JPEG/review-attachment-88681ab3-ca32-4489-ad2d-95dc212587fa.jpeg?type=f300_300,luv2****,20.02.26.
51,5,"좋은제품이네요~
잘쓰겠습니다",https://phinf.pstatic.net/checkout.phinf/20210311_76/1615390281821YudiK_JPEG/review-attachment-b464f07f-2e49-4620-8ac3-a967ee217cf4.jpeg?type=f300_300,chaj****,20.03.18.
52,5,매장에 놓앗는데 다른분이 보시고 예쁘다고 소개시켜드렸습니다,https://phinf.pstatic.net/image.nmv/shopnbuyer_2021_01_04_0/5e8e494f-4e77-11eb-a803-a0369ff94ec8_03.jpg?type=ffn300_300,mste****,20.03.06.
53,5,고급지고 예뻐요. 저희매장에 진열해왔는데 좋습니다.,https://phinf.pstatic.net/checkout.phinf/20210206_297/1612617030683Q87H5_JPEG/review-attachment-19ca8ceb-bf30-4587-917c-206c591be48a.jpeg?type=f300_300,mste****,20.02.03.
54,5,이쁘네용 좋아용 괜찮네요,https://phinf.pstatic.net/checkout.phinf/20210109_70/16101906551308Ew4b_JPEG/review-attachment-ae096340-30e9-476c-9c65-a06dae905b7b.jpeg?type=f300_300,lkhp****,20.02.22.
55,5,럭셔리 그자체입니다.넘 예뻐요,https://phinf.pstatic.net/checkout.phinf/20210217_152/1613548771381kgxE0_JPEG/review-attachment-ec0bf13f-127c-4807-b7ff-215e61e38608.jpeg?type=f300_300,saya****,20.01.20.
56,5,그냥그래요 배송서비스 엉망,https://phinf.pstatic.net/checkout.phinf/20210201_256/1612158639663gWLlS_JPEG/review-attachment-6c3ab54c-ce94-48de-bc96-ddea7c5677c9.jpeg?type=f300_300,hugo****,20.01.02.
57,5,가성비좋은 배송은최악,https://phinf.pstatic.net/checkout.phinf/20210309_10/16152439300846KTnU_JPEG/review-attachment-648bac49-8976-40ff-8778-004367ea27a9.jpeg?type=f300_300,hugo****,20.01.02.
58,5,"생각보다 작네요
품질이나 견고함도.. 이정도 가격을 받을만한가 의구심이 드네요
그리고 서랍레일은 왜 끝까지 열리게 안만드셨어요?
사진 보시면 아시겠지만 끝까지 연게 저정도고
제 손의 절반이 들어갈만큼 공간이 남아요
그래서 물건 꺼내고 수납하기 매우 불편할거 같구요
서랍이 약간 오픈형도 아닌것이 문을 닫아도 딱 밀폐되는게 아니라 안에 금방 먼지가 앉네요
이런 제품을 왜 배송비를 4만원이나 내가면서
그렇다고 배송이 빠른것도 아니고요
굳이 이돈내고 살 가치가 있진 않은것 같네요
반품비까지 내면서 시간과 감정을 소모하기 싫어서
그냥 저냥 대충 쓰겠습니다
많이 파세요^^",https://phinf.pstatic.net/checkout.phinf/20210323_223/1616458526071AaqWQ_JPEG/review-attachment-b01b5078-701c-445a-995a-a65075ce3b75.jpeg?type=f300_300,sail****,19.01.24.
59,5,상품이 전반적으로 괜찮지만 서랍이 부드럽게 닫히지 않고 힘을주어 밀어넣어야 완전히 들어갑니다.,https://phinf.pstatic.net/checkout.phinf/20210302_101/1614654860303pmVPk_JPEG/review-attachment-e88d5520-b325-4620-b560-31182671b8a5.jpeg?type=f300_300,zhdt****,19.01.22.
60,3,너무 잘쓰고 있습니다 좋아요,https://phinf.pstatic.net/checkout.phinf/20210309_10/16152439300846KTnU_JPEG/review-attachment-648bac49-8976-40ff-8778-004367ea27a9.jpeg?type=f300_300,godd****,19.01.25.
61,4,가성비좋은상품입니다. 꽉 닫지않으면 잘안닫히는거빼고 다좋아요.,https://phinf.pstatic.net/checkout.phinf/20210323_223/1616458526071AaqWQ_JPEG/review-attachment-b01b5078-701c-445a-995a-a65075ce3b75.jpeg?type=f300_300,ikim****,18.12.19.
62,4,"서랍부분 덧칠한게 보이네요
아무래도 새것 산건데 미흡한부분은 있네요
다른건 만족합니다",https://phinf.pstatic.net/checkout.phinf/20210302_101/1614654860303pmVPk_JPEG/review-attachment-e88d5520-b325-4620-b560-31182671b8a5.jpeg?type=f300_300,ruky****,18.12.12.
63,1,이쁜데 수납공간이 좀 부족 ㅠㅠ,https://phinf.pstatic.net/checkout.phinf/20210320_238/161625127633752fXi_JPEG/review-attachment-8d547555-b09e-42f7-8133-62b96c0fd4e8.jpeg?type=f300_300,whrk****,18.12.12.
64,5,깔끔하고 수납공간도 잘 되어 있어서 만족합니다,https://phinf.pstatic.net/checkout.phinf/20210317_79/1615991623938LP6Tt_JPEG/review-attachment-4f0fb223-188a-4857-966b-cca642e40fa5.jpeg?type=f300_300,godd****,18.12.02.
65,5,예쁘고 배송도 잘해주셨어요 좋어요,https://phinf.pstatic.net/checkout.phinf/20210326_128/1616734837348fnCTR_JPEG/review-attachment-38d39966-f7f3-4a7f-8b9b-c6dd145fbdee.jpeg?type=f300_300,livt****,18.12.07.
66,5,튼튼해 보이고 싸보이지 않습니다,https://phinf.pstatic.net/checkout.phinf/20210326_90/1616725765589EluUh_JPEG/review-attachment-3ce5a608-3e5c-41f3-b53e-932b43874a21.jpeg?type=f300_300,hong****,18.11.28.
67,3,튼튼한 점은 좋지만 생각보다 수납이 작아요,https://phinf.pstatic.net/checkout.phinf/20210311_181/16153908219153d6MN_JPEG/review-attachment-2a742365-113f-4473-96e2-33e6626a2576.jpeg?type=f300_300,leb0****,18.11.21.
68,4,맘에들어요~ 잘산거같아요 잘쓸게요^^,https://phinf.pstatic.net/checkout.phinf/20210118_182/1610896999532lT0GN_JPEG/review-attachment-ebb210c9-c2f4-49b0-b059-64204ec41bd2.jpeg?type=f300_300,ikim****,18.11.14.
69,5,"좋아요 배송 엄청느려요....
근데 이뻐요...흑ㅈㅋㅈㅅㄷㄱㄷㅅㄷㅅㄷㄱ딛ㅅㄷㅅㄷㄱㅌㅅㄷㄴㄷㄱㄷㄱㅈㅅㅈㄱㅈㄱ",https://phinf.pstatic.net/image.nmv/shopnbuyer_2021_01_11_0/f1f667ae-53b7-11eb-9ca7-48df379ccacc_03.jpg?type=ffn300_300,alsw****,18.11.07.
70,5,좋아옫ㅂㅈㄷㅅ,https://phinf.pstatic.net/checkout.phinf/20210303_251/1614745157783pfCAY_JPEG/review-attachment-88681ab3-ca32-4489-ad2d-95dc212587fa.jpeg?type=f300_300,alsw****,18.11.07.
71,5,"배송비 겁나비쌈..., 아무리그래도 대전인데..4만원은좀....",https://phinf.pstatic.net/checkout.phinf/20210311_76/1615390281821YudiK_JPEG/review-attachment-b464f07f-2e49-4620-8ac3-a967ee217cf4.jpeg?type=f300_300,rhru****,18.10.07.
72,5,제품은 찮은데 배송비가.. 좀 그러네요... 제품은 튼튼하고 좋은데.. 배송비가 너무 비싸네요...;;; 심지어 지정일 배송도 아니어서.. 평일에 오시는 바람에 그냥 문앞에 두고 가셨는데.. 어마어마하게 무거워서 혼자 들고 들어오느라 죽을똥 쌌네요;;;;  요즘 가구들 다 가격 고만고만하고 무배도 많고 왠만하면 지정일 배송도 되는데.. 그런거 하나없이 배송비만 이만오처넌원이고 게다가 착불;;;아리아에서 거울도 샀는데.. 아주 가벼운거도 착불 6천원 받더라구요.. 전부 착불에 전부 배송비 따로...;;; 아리아에서 이쁜거 많아 이거저거 봐뒀는데.. 그냥 딴데서 사는게 더 나은거 같네용~,https://phinf.pstatic.net/image.nmv/shopnbuyer_2021_01_04_0/5e8e494f-4e77-11eb-a803-a0369ff94ec8_03.jpg?type=ffn300_300,ibbe****,18.08.17.
73,4,배송도  빠르고  설티도  잘해주셔서  감사합니다,https://phinf.pstatic.net/checkout.phinf/20210206_297/1612617030683Q87H5_JPEG/review-attachment-19ca8ceb-bf30-4587-917c-206c591be48a.jpeg?type=f300_300,lrm7****,18.09.04.
74,5,배송도  빠르고   설치도  잘해주셔서  감사합니다.,https://phinf.pstatic.net/checkout.phinf/20210109_70/16101906551308Ew4b_JPEG/review-attachment-ae096340-30e9-476c-9c65-a06dae905b7b.jpeg?type=f300_300,lrm7****,18.09.04.
75,5,예쁘고 좋아요.. 다만 배송비가 너무 비싸네요 ㅠㅜ ,https://phinf.pstatic.net/checkout.phinf/20210217_152/1613548771381kgxE0_JPEG/review-attachment-ec0bf13f-127c-4807-b7ff-215e61e38608.jpeg?type=f300_300,ibbe****,18.08.17.
76,5,만족합니다,https://phinf.pstatic.net/checkout.phinf/20210201_256/1612158639663gWLlS_JPEG/review-attachment-6c3ab54c-ce94-48de-bc96-ddea7c5677c9.jpeg?type=f300_300,2hyo****,18.07.31.
77,2,좋아요 이전에  동일한제품 구매해서 사용하고있었는데 하나더필요해서 재구매했어요~~ 저는 아주 만족하며 사용하고 있습니다,https://phinf.pstatic.net/checkout.phinf/20210309_10/16152439300846KTnU_JPEG/review-attachment-648bac49-8976-40ff-8778-004367ea27a9.jpeg?type=f300_300,dldk****,18.07.06.
78,4,완전좋아요~~~,https://phinf.pstatic.net/checkout.phinf/20210323_223/1616458526071AaqWQ_JPEG/review-attachment-b01b5078-701c-445a-995a-a65075ce3b75.jpeg?type=f300_300,dldk****,18.07.06.
79,5,"배송 엄청 오래 걸려요, 구매하고 한동안 잊고 살고 있었는데 배송한다는 연락이 오네요, 제품은 좋습니다~!",https://phinf.pstatic.net/checkout.phinf/20210302_101/1614654860303pmVPk_JPEG/review-attachment-e88d5520-b325-4620-b560-31182671b8a5.jpeg?type=f300_300,rksw****,18.05.25.
80,3,"배송 3주 걸림. 배송은 일단 3주가 넘었구요.본문에 이런 내용은 하나도 없었어요, 미리 문의했을 때도 최대 2주 소요된다고 했었고..그정도면 감안할만 해서 주문했는데, 2주 넘어가서도 연락이 없어서 문의했더니 배송이 밀렸대요!!더 걸릴것같다고, 이것도 언제일지 모른다는 대답만 받았었네요. 그러면 고객들이 알 수있게 정확하게 써 놓으셔야 하는 것 아니냐고 했더니그건 본인 소관이 아니라 힘들대요...ㅎㅎㅎㅎ... 싼 가격에 샀지만, 싼데는 이렇게 이유가 있다는 생각이 들어요.언제 올지 모르고, 그냥 마냥 기다릴 수 있는 분들은 구매하셔요.",https://phinf.pstatic.net/checkout.phinf/20210309_10/16152439300846KTnU_JPEG/review-attachment-648bac49-8976-40ff-8778-004367ea27a9.jpeg?type=f300_300,kha9****,18.04.09.
81,4,"구매한 지 3주 넘어서! 받았어요, 애초에 그정도 시간이 소요된다고 기재되어 있었다면 주문도 안 했겠죠. 이건 사기 아닌가요.기재는 다른팀에 전달해서 처리하는 거라 어렵다고 하네요",https://phinf.pstatic.net/checkout.phinf/20210323_223/1616458526071AaqWQ_JPEG/review-attachment-b01b5078-701c-445a-995a-a65075ce3b75.jpeg?type=f300_300,kha9****,18.04.09.
82,4,"조아혀 사이즈도 생각했던대로고 수납하기두 좋아요 
배송도 가구치고 빠른편이구 기사님 해피콜이 빨라서 좋았어용",https://phinf.pstatic.net/checkout.phinf/20210302_101/1614654860303pmVPk_JPEG/review-attachment-e88d5520-b325-4620-b560-31182671b8a5.jpeg?type=f300_300,jinh****,18.03.08.
83,1,죠아요 ㅋㅋ 배송기사님도 친절하구 딱 원하는 사이즈에여 이쁘네영,https://phinf.pstatic.net/checkout.phinf/20210320_238/161625127633752fXi_JPEG/review-attachment-8d547555-b09e-42f7-8133-62b96c0fd4e8.jpeg?type=f300_300,jinh****,18.03.04.
84,5,월넛 수납장 최고 월넛이 역시 고급져보이네요 드레스룸이 확 살아보이고 잡화(모자 및 선글라스) 보관하기 편해요,https://phinf.pstatic.net/checkout.phinf/20210317_79/1615991623938LP6Tt_JPEG/review-attachment-4f0fb223-188a-4857-966b-cca642e40fa5.jpeg?type=f300_300,7_ha****,18.02.07.
85,5,강추  좋은 제품 많이 파세요 배송은 조금 걸리네요 이쁘고 제품 좋아요   편하게 잘  쓰도록 하겠습니다,https://phinf.pstatic.net/checkout.phinf/20210326_128/1616734837348fnCTR_JPEG/review-attachment-38d39966-f7f3-4a7f-8b9b-c6dd145fbdee.jpeg?type=f300_300,o619****,18.02.03.
86,2,100% 원목이란..댓글은 뭔지..??흠 ?,https://phinf.pstatic.net/checkout.phinf/20210326_90/1616725765589EluUh_JPEG/review-attachment-3ce5a608-3e5c-41f3-b53e-932b43874a21.jpeg?type=f300_300,rlad****,18.02.10.
87,2,월넛 좋아요,https://phinf.pstatic.net/checkout.phinf/20210311_181/16153908219153d6MN_JPEG/review-attachment-2a742365-113f-4473-96e2-33e6626a2576.jpeg?type=f300_300,7_ha****,18.02.06.
88,5,감사합니다,https://phinf.pstatic.net/checkout.phinf/20210118_182/1610896999532lT0GN_JPEG/review-attachment-ebb210c9-c2f4-49b0-b059-64204ec41bd2.jpeg?type=f300_300,o619****,18.02.03.
89,5,여긴 배송기간만 문제.,https://phinf.pstatic.net/image.nmv/shopnbuyer_2021_01_11_0/f1f667ae-53b7-11eb-9ca7-48df379ccacc_03.jpg?type=ffn300_300,yout****,18.01.30.
90,4,예쁜거같아요,https://phinf.pstatic.net/checkout.phinf/20210303_251/1614745157783pfCAY_JPEG/review-attachment-88681ab3-ca32-4489-ad2d-95dc212587fa.jpeg?type=f300_300,ydun****,18.01.31.
91,5,깔끔하게 예뻐요오오오,https://phinf.pstatic.net/checkout.phinf/20210311_76/1615390281821YudiK_JPEG/review-attachment-b464f07f-2e49-4620-8ac3-a967ee217cf4.jpeg?type=f300_300,a214****,18.01.17.
92,3,"만족합니다 생각보다 사이즈가 커서 되게 ㅎ
맘에 듭니다 ㅎㅎㅎ
작을까봐 걱정햇거든여 ㅎㅎ
배송비 착불 25000원 빼면 좋아용",https://phinf.pstatic.net/image.nmv/shopnbuyer_2021_01_04_0/5e8e494f-4e77-11eb-a803-a0369ff94ec8_03.jpg?type=ffn300_300,nike****,17.12.11.
93,5,만족해요! 모아서 정리하니 더 깔끔해보여요. 작은 칸에 벌트를 넣는데 남자 벨트는 넣기 좀 작아서 아쉽긴해요. 그래도 가격대비 가성비 굿!!,https://phinf.pstatic.net/checkout.phinf/20210206_297/1612617030683Q87H5_JPEG/review-attachment-19ca8ceb-bf30-4587-917c-206c591be48a.jpeg?type=f300_300,onen****,17.12.21.
94,5,"굳 색깔도맘에들고 크기도좋네오
조금더커도개안켔구
서랍장 아닌게좀 아쉽넹요
잘쓰겠습니다하하굳굳ㅋㅋ",https://phinf.pstatic.net/checkout.phinf/20210109_70/16101906551308Ew4b_JPEG/review-attachment-ae096340-30e9-476c-9c65-a06dae905b7b.jpeg?type=f300_300,lewj****,17.12.22.
95,5,늦었지만 마음에 듭니다.,https://phinf.pstatic.net/checkout.phinf/20210217_152/1613548771381kgxE0_JPEG/review-attachment-ec0bf13f-127c-4807-b7ff-215e61e38608.jpeg?type=f300_300,jcki****,17.12.22.
96,3,수납도 넉넉한데 컴팩트한 느낌으로 자리차지도 하지 않아요 너무 좋아요,https://phinf.pstatic.net/checkout.phinf/20210201_256/1612158639663gWLlS_JPEG/review-attachment-6c3ab54c-ce94-48de-bc96-ddea7c5677c9.jpeg?type=f300_300,pfgo****,17.12.09.
97,5,감사합니다,https://phinf.pstatic.net/checkout.phinf/20210309_10/16152439300846KTnU_JPEG/review-attachment-648bac49-8976-40ff-8778-004367ea27a9.jpeg?type=f300_300,gunn****,17.12.22.
98,4,실물도 예쁘네요ㅋㅋ사이즈도 넘 크지않고 적당해요~,https://phinf.pstatic.net/checkout.phinf/20210323_223/1616458526071AaqWQ_JPEG/review-attachment-b01b5078-701c-445a-995a-a65075ce3b75.jpeg?type=f300_300,onen****,17.12.06.
99,5,"부산이예요, 배송시작 뜨고 날짜도 십여일걸렸지만 배송도착시간이 평일2시라서 시간조정이 많이불편했어요 제품은만족합니다",https://phinf.pstatic.net/checkout.phinf/20210302_101/1614654860303pmVPk_JPEG/review-attachment-e88d5520-b325-4620-b560-31182671b8a5.jpeg?type=f300_300,lcj2****,17.11.22.
