﻿,star,review,reviewImage,customerId,reviewDate
0,5,배송이  한달쯤 걸렸지만 튼튼하고 수납도 좋고 색깔도예쁘고 맘에들어요~~,https://phinf.pstatic.net/checkout.phinf/20210309_10/16152439300846KTnU_JPEG/review-attachment-648bac49-8976-40ff-8778-004367ea27a9.jpeg?type=f300_300,nhn0****,21.03.13.
1,5,배송도 좋았고 제품이 너무너무 맘에 들어요^^ 완전 원했던 디자인에 서랍장도 깊고 넓고.. 완전 고급스럽습니다~,https://phinf.pstatic.net/checkout.phinf/20210323_223/1616458526071AaqWQ_JPEG/review-attachment-b01b5078-701c-445a-995a-a65075ce3b75.jpeg?type=f300_300,kkan****,21.03.05.
2,5,"수납력이 정말 최고예요~
서랍문도 부드럽게 잘 열리고 옷종류별로 깔끔하게 정리 할 수 있고 특히 민트색이 너무 예쁩니다^^
1500과 1800을 두고 고민 많이했는데 1800으로 하길 정말 잘했어요~",https://phinf.pstatic.net/checkout.phinf/20210302_101/1614654860303pmVPk_JPEG/review-attachment-e88d5520-b325-4620-b560-31182671b8a5.jpeg?type=f300_300,nns1****,21.02.07.
3,5,디자인이 세련되어 보이고 서랍도 부드럽게 마감이잘된것같아요.잘산것 같고 이뻐요,https://phinf.pstatic.net/checkout.phinf/20210320_238/161625127633752fXi_JPEG/review-attachment-8d547555-b09e-42f7-8133-62b96c0fd4e8.jpeg?type=f300_300,youn****,21.01.24.
4,5,처음엔 색상이튈까 걱정했는데 볼수록 잘어울리고 이뻐요 서랍들이작아서 수납력은조금 떨어집니다 추천합니다,https://phinf.pstatic.net/checkout.phinf/20210317_79/1615991623938LP6Tt_JPEG/review-attachment-4f0fb223-188a-4857-966b-cca642e40fa5.jpeg?type=f300_300,free****,20.12.29.
5,5,"튼튼하고 예뻐요
기사님 친절하시고  크리스마스
이브날인데 늦게까지 고생많으셨어요 
동두천매장있다길래  조만간 방문해서
다른가구도 보려구요~",https://phinf.pstatic.net/checkout.phinf/20210326_128/1616734837348fnCTR_JPEG/review-attachment-38d39966-f7f3-4a7f-8b9b-c6dd145fbdee.jpeg?type=f300_300,jaj7****,20.12.25.
6,5,민트색이 확 티지 않아서 더 예쁜거 같아요 은은하게 화이트처럼 보이기도 하고 화이트랑 민트랑 고민고민하다 민트로 했거든요ㅎ 배송기사 아저씨가 너무 친절하셨고 배송시간에 기사님 혼자 힘들까봐 남편한테 와달라고 했는데 다 설치하니까 와가지고 죄송했네요ㅎㅎ 그래도 농담도 하시고 설치 마무리에 쓰레기처리까지 확실히 해주시고 가셔서 기분 좋았어요 복도가 좀 넓은편인데 중문앞에 수납장을 키큰걸 할지 낮은걸 할지 고민했고 키큰걸 하면 복도가 가려져서 좁아보일거 같아 낮은거 했는데 딱 좋인요 서랍도 깊숙하고 수납이 잘 될거 같네요 모서리도 둥굴둥굴 좋아요. 다 좋네요ㅎㅎ 잘 쓰겠습니다.,https://phinf.pstatic.net/checkout.phinf/20210326_90/1616725765589EluUh_JPEG/review-attachment-3ce5a608-3e5c-41f3-b53e-932b43874a21.jpeg?type=f300_300,nyx1****,20.11.28.
7,5,"배송 날짜 지켜주시고 좋은 상품 보내주셔서 감사합니다. 컬러 예쁘고 수납 많이 되고, 원목이 좋아 냄새도 잘 안 나요.",https://phinf.pstatic.net/checkout.phinf/20210311_181/16153908219153d6MN_JPEG/review-attachment-2a742365-113f-4473-96e2-33e6626a2576.jpeg?type=f300_300,jieu****,20.12.09.
8,5,"주말포함 일주일도 안되서 도착했어요 최소 2주는 예상했었는데 너무 반가웠죠 ㅎㅎ 실물도 너무 이쁘고 사이즈도 딱 좋고 이걸 왜 이제야 구매했나 싶을만큼 너무 좋았어요 제 친구에게도 추천해줬고 바로 구매했답니다 저랑 다른 색인 아이보리화이트 그것도 실물갑이더군요 너무 이뻐요 민트 화이트 다다다
다만 아쉬운건 서랍의 깊이가 얕은거는 쪼꼼 아쉽지만 다른게 너무 좋네요",https://phinf.pstatic.net/checkout.phinf/20210118_182/1610896999532lT0GN_JPEG/review-attachment-ebb210c9-c2f4-49b0-b059-64204ec41bd2.jpeg?type=f300_300,eun8****,20.11.23.
9,5,수납도 많이 되고 튼튼하고 좋아요 다른상품들도 주문하려구요,https://phinf.pstatic.net/image.nmv/shopnbuyer_2021_01_11_0/f1f667ae-53b7-11eb-9ca7-48df379ccacc_03.jpg?type=ffn300_300,safe****,21.01.14.
10,5,"1500과1800 고민을 많이 했는데 1800으로하길 정말 잘했어요~ 서랍이 많으니 정리하기가 훨씬 수월해졌어요^^
민트색상도 너무 예쁘고 서랍도 부드럽게 열립니다. 다만 상판에 옹이가 너무 많아서 좀 지져분하게 보여 속상하지만 물건 올려 놓으면큰 지장은 없을듯하네요",https://phinf.pstatic.net/checkout.phinf/20210303_251/1614745157783pfCAY_JPEG/review-attachment-88681ab3-ca32-4489-ad2d-95dc212587fa.jpeg?type=f300_300,nns1****,20.11.20.
11,5,"배송기사님 연락이안돼서 답답했지만 늦게라도어셔서 설치함.제품은 너무마음에 들어요.
나무냄새는 역하지않아서 괜찮애요^^
다음에 또 여기제품 이용할것같아요.
색이 이뻐요^^
냄새뺀다고 서랍을 열어놨네요ㅎㅎ
서랍도 부드럽게 열려요^^",https://phinf.pstatic.net/checkout.phinf/20210311_76/1615390281821YudiK_JPEG/review-attachment-b464f07f-2e49-4620-8ac3-a967ee217cf4.jpeg?type=f300_300,post****,20.10.25.
12,5,튼튼하고 디자인이 예뻐요 수납공간도 넉넉하고 아주 만족합니다,https://phinf.pstatic.net/image.nmv/shopnbuyer_2021_01_04_0/5e8e494f-4e77-11eb-a803-a0369ff94ec8_03.jpg?type=ffn300_300,dkny****,20.11.09.
13,5,사진보다 실물이 더 이뻐요,https://phinf.pstatic.net/checkout.phinf/20210206_297/1612617030683Q87H5_JPEG/review-attachment-19ca8ceb-bf30-4587-917c-206c591be48a.jpeg?type=f300_300,dkdk****,20.11.07.
14,4,다들이쁘다고난리예요,https://phinf.pstatic.net/checkout.phinf/20210109_70/16101906551308Ew4b_JPEG/review-attachment-ae096340-30e9-476c-9c65-a06dae905b7b.jpeg?type=f300_300,ds10****,20.10.18.
15,5,생각보다  너무예뻐요..대만족입니당,https://phinf.pstatic.net/checkout.phinf/20210217_152/1613548771381kgxE0_JPEG/review-attachment-ec0bf13f-127c-4807-b7ff-215e61e38608.jpeg?type=f300_300,ds10****,20.09.10.
16,5,"온라인에서 우연히 검색하고 큰방에 사용할려고 주문했는데 수납공간도 많고 넓은게 너무 마음에 듭니다

특히 색상이 고급스럽고 너무 예뻐요 화면으로 보는것 보다 실제로 보는게 더 만족스럽네요",https://phinf.pstatic.net/checkout.phinf/20210201_256/1612158639663gWLlS_JPEG/review-attachment-6c3ab54c-ce94-48de-bc96-ddea7c5677c9.jpeg?type=f300_300,brtm****,20.08.04.
17,5,"디자인도,  색상도 세련되게 예쁘네요.
하필 더운 날씨에 배송기사님 넘~ 감사합니다. 구매 결정하기전 처음엔 쫌 비싼듯해서 망설였는데 가구 전시장 다녀와서 바로 질렀습니다ㅎㅎ 잘 쓰겠습니다.",https://phinf.pstatic.net/checkout.phinf/20210309_10/16152439300846KTnU_JPEG/review-attachment-648bac49-8976-40ff-8778-004367ea27a9.jpeg?type=f300_300,daky****,20.06.09.
18,5,디자인색상모두이뻐요,https://phinf.pstatic.net/checkout.phinf/20210323_223/1616458526071AaqWQ_JPEG/review-attachment-b01b5078-701c-445a-995a-a65075ce3b75.jpeg?type=f300_300,dkfm****,20.07.18.
19,5,"사진과 같아요~~
잘 쓸께요~~",https://phinf.pstatic.net/checkout.phinf/20210302_101/1614654860303pmVPk_JPEG/review-attachment-e88d5520-b325-4620-b560-31182671b8a5.jpeg?type=f300_300,k2hl****,20.07.14.
20,5,배송이  한달쯤 걸렸지만 튼튼하고 수납도 좋고 색깔도예쁘고 맘에들어요~~,https://phinf.pstatic.net/checkout.phinf/20210309_10/16152439300846KTnU_JPEG/review-attachment-648bac49-8976-40ff-8778-004367ea27a9.jpeg?type=f300_300,nhn0****,21.03.13.
21,5,배송도 좋았고 제품이 너무너무 맘에 들어요^^ 완전 원했던 디자인에 서랍장도 깊고 넓고.. 완전 고급스럽습니다~,https://phinf.pstatic.net/checkout.phinf/20210323_223/1616458526071AaqWQ_JPEG/review-attachment-b01b5078-701c-445a-995a-a65075ce3b75.jpeg?type=f300_300,kkan****,21.03.05.
22,5,"수납력이 정말 최고예요~
서랍문도 부드럽게 잘 열리고 옷종류별로 깔끔하게 정리 할 수 있고 특히 민트색이 너무 예쁩니다^^
1500과 1800을 두고 고민 많이했는데 1800으로 하길 정말 잘했어요~",https://phinf.pstatic.net/checkout.phinf/20210302_101/1614654860303pmVPk_JPEG/review-attachment-e88d5520-b325-4620-b560-31182671b8a5.jpeg?type=f300_300,nns1****,21.02.07.
23,5,디자인이 세련되어 보이고 서랍도 부드럽게 마감이잘된것같아요.잘산것 같고 이뻐요,https://phinf.pstatic.net/checkout.phinf/20210320_238/161625127633752fXi_JPEG/review-attachment-8d547555-b09e-42f7-8133-62b96c0fd4e8.jpeg?type=f300_300,youn****,21.01.24.
24,5,처음엔 색상이튈까 걱정했는데 볼수록 잘어울리고 이뻐요 서랍들이작아서 수납력은조금 떨어집니다 추천합니다,https://phinf.pstatic.net/checkout.phinf/20210317_79/1615991623938LP6Tt_JPEG/review-attachment-4f0fb223-188a-4857-966b-cca642e40fa5.jpeg?type=f300_300,free****,20.12.29.
25,5,"튼튼하고 예뻐요
기사님 친절하시고  크리스마스
이브날인데 늦게까지 고생많으셨어요 
동두천매장있다길래  조만간 방문해서
다른가구도 보려구요~",https://phinf.pstatic.net/checkout.phinf/20210326_128/1616734837348fnCTR_JPEG/review-attachment-38d39966-f7f3-4a7f-8b9b-c6dd145fbdee.jpeg?type=f300_300,jaj7****,20.12.25.
26,5,민트색이 확 티지 않아서 더 예쁜거 같아요 은은하게 화이트처럼 보이기도 하고 화이트랑 민트랑 고민고민하다 민트로 했거든요ㅎ 배송기사 아저씨가 너무 친절하셨고 배송시간에 기사님 혼자 힘들까봐 남편한테 와달라고 했는데 다 설치하니까 와가지고 죄송했네요ㅎㅎ 그래도 농담도 하시고 설치 마무리에 쓰레기처리까지 확실히 해주시고 가셔서 기분 좋았어요 복도가 좀 넓은편인데 중문앞에 수납장을 키큰걸 할지 낮은걸 할지 고민했고 키큰걸 하면 복도가 가려져서 좁아보일거 같아 낮은거 했는데 딱 좋인요 서랍도 깊숙하고 수납이 잘 될거 같네요 모서리도 둥굴둥굴 좋아요. 다 좋네요ㅎㅎ 잘 쓰겠습니다.,https://phinf.pstatic.net/checkout.phinf/20210326_90/1616725765589EluUh_JPEG/review-attachment-3ce5a608-3e5c-41f3-b53e-932b43874a21.jpeg?type=f300_300,nyx1****,20.11.28.
27,5,"배송 날짜 지켜주시고 좋은 상품 보내주셔서 감사합니다. 컬러 예쁘고 수납 많이 되고, 원목이 좋아 냄새도 잘 안 나요.",https://phinf.pstatic.net/checkout.phinf/20210311_181/16153908219153d6MN_JPEG/review-attachment-2a742365-113f-4473-96e2-33e6626a2576.jpeg?type=f300_300,jieu****,20.12.09.
28,5,"주말포함 일주일도 안되서 도착했어요 최소 2주는 예상했었는데 너무 반가웠죠 ㅎㅎ 실물도 너무 이쁘고 사이즈도 딱 좋고 이걸 왜 이제야 구매했나 싶을만큼 너무 좋았어요 제 친구에게도 추천해줬고 바로 구매했답니다 저랑 다른 색인 아이보리화이트 그것도 실물갑이더군요 너무 이뻐요 민트 화이트 다다다
다만 아쉬운건 서랍의 깊이가 얕은거는 쪼꼼 아쉽지만 다른게 너무 좋네요",https://phinf.pstatic.net/checkout.phinf/20210118_182/1610896999532lT0GN_JPEG/review-attachment-ebb210c9-c2f4-49b0-b059-64204ec41bd2.jpeg?type=f300_300,eun8****,20.11.23.
29,5,수납도 많이 되고 튼튼하고 좋아요 다른상품들도 주문하려구요,https://phinf.pstatic.net/image.nmv/shopnbuyer_2021_01_11_0/f1f667ae-53b7-11eb-9ca7-48df379ccacc_03.jpg?type=ffn300_300,safe****,21.01.14.
30,5,"1500과1800 고민을 많이 했는데 1800으로하길 정말 잘했어요~ 서랍이 많으니 정리하기가 훨씬 수월해졌어요^^
민트색상도 너무 예쁘고 서랍도 부드럽게 열립니다. 다만 상판에 옹이가 너무 많아서 좀 지져분하게 보여 속상하지만 물건 올려 놓으면큰 지장은 없을듯하네요",https://phinf.pstatic.net/checkout.phinf/20210303_251/1614745157783pfCAY_JPEG/review-attachment-88681ab3-ca32-4489-ad2d-95dc212587fa.jpeg?type=f300_300,nns1****,20.11.20.
31,5,"배송기사님 연락이안돼서 답답했지만 늦게라도어셔서 설치함.제품은 너무마음에 들어요.
나무냄새는 역하지않아서 괜찮애요^^
다음에 또 여기제품 이용할것같아요.
색이 이뻐요^^
냄새뺀다고 서랍을 열어놨네요ㅎㅎ
서랍도 부드럽게 열려요^^",https://phinf.pstatic.net/checkout.phinf/20210311_76/1615390281821YudiK_JPEG/review-attachment-b464f07f-2e49-4620-8ac3-a967ee217cf4.jpeg?type=f300_300,post****,20.10.25.
32,5,튼튼하고 디자인이 예뻐요 수납공간도 넉넉하고 아주 만족합니다,https://phinf.pstatic.net/image.nmv/shopnbuyer_2021_01_04_0/5e8e494f-4e77-11eb-a803-a0369ff94ec8_03.jpg?type=ffn300_300,dkny****,20.11.09.
33,5,사진보다 실물이 더 이뻐요,https://phinf.pstatic.net/checkout.phinf/20210206_297/1612617030683Q87H5_JPEG/review-attachment-19ca8ceb-bf30-4587-917c-206c591be48a.jpeg?type=f300_300,dkdk****,20.11.07.
34,4,다들이쁘다고난리예요,https://phinf.pstatic.net/checkout.phinf/20210109_70/16101906551308Ew4b_JPEG/review-attachment-ae096340-30e9-476c-9c65-a06dae905b7b.jpeg?type=f300_300,ds10****,20.10.18.
35,5,생각보다  너무예뻐요..대만족입니당,https://phinf.pstatic.net/checkout.phinf/20210217_152/1613548771381kgxE0_JPEG/review-attachment-ec0bf13f-127c-4807-b7ff-215e61e38608.jpeg?type=f300_300,ds10****,20.09.10.
36,5,"온라인에서 우연히 검색하고 큰방에 사용할려고 주문했는데 수납공간도 많고 넓은게 너무 마음에 듭니다

특히 색상이 고급스럽고 너무 예뻐요 화면으로 보는것 보다 실제로 보는게 더 만족스럽네요",https://phinf.pstatic.net/checkout.phinf/20210201_256/1612158639663gWLlS_JPEG/review-attachment-6c3ab54c-ce94-48de-bc96-ddea7c5677c9.jpeg?type=f300_300,brtm****,20.08.04.
37,5,"디자인도,  색상도 세련되게 예쁘네요.
하필 더운 날씨에 배송기사님 넘~ 감사합니다. 구매 결정하기전 처음엔 쫌 비싼듯해서 망설였는데 가구 전시장 다녀와서 바로 질렀습니다ㅎㅎ 잘 쓰겠습니다.",https://phinf.pstatic.net/checkout.phinf/20210309_10/16152439300846KTnU_JPEG/review-attachment-648bac49-8976-40ff-8778-004367ea27a9.jpeg?type=f300_300,daky****,20.06.09.
38,5,디자인색상모두이뻐요,https://phinf.pstatic.net/checkout.phinf/20210323_223/1616458526071AaqWQ_JPEG/review-attachment-b01b5078-701c-445a-995a-a65075ce3b75.jpeg?type=f300_300,dkfm****,20.07.18.
39,5,"사진과 같아요~~
잘 쓸께요~~",https://phinf.pstatic.net/checkout.phinf/20210302_101/1614654860303pmVPk_JPEG/review-attachment-e88d5520-b325-4620-b560-31182671b8a5.jpeg?type=f300_300,k2hl****,20.07.14.
40,5,진짜 좋아요. 튼튼하고 예쁘고 보기에도 좋습니다. 진짜 심사숙고한 보림이 있네요.,https://phinf.pstatic.net/checkout.phinf/20210309_10/16152439300846KTnU_JPEG/review-attachment-648bac49-8976-40ff-8778-004367ea27a9.jpeg?type=f300_300,kws1****,20.07.01.
41,5,디자인이 예쁘고 서랍이 생각보다 커요.,https://phinf.pstatic.net/checkout.phinf/20210323_223/1616458526071AaqWQ_JPEG/review-attachment-b01b5078-701c-445a-995a-a65075ce3b75.jpeg?type=f300_300,kws1****,20.05.25.
42,5,"지방이다 보니 배송은 오래 걸렸습니다.
색상과 디자인은 아주 맘에 듭니다.",https://phinf.pstatic.net/checkout.phinf/20210302_101/1614654860303pmVPk_JPEG/review-attachment-e88d5520-b325-4620-b560-31182671b8a5.jpeg?type=f300_300,blue****,20.05.06.
43,5,"몇 년전에 작은 사이즈 사서
사용하고
튼튼하고 예뻐 수납필요해
큰사이즈 하나 더 구입했어요.
배송도 친절하시고
물건도 예쁘네요.
그런데 전에 구입했던거에 비해
상판이 먼가 덧칠해져 있는느낌이라
이전거가 더 맘에 드네요",https://phinf.pstatic.net/checkout.phinf/20210320_238/161625127633752fXi_JPEG/review-attachment-8d547555-b09e-42f7-8133-62b96c0fd4e8.jpeg?type=f300_300,pssu****,20.04.14.
44,4,"이뻐요 냄새도별로안나고 화면과 같아요
서랍이 엄청튼튼하지는않고 가벼운 옷정도 넣어서 쓰는용도로 좋아요",https://phinf.pstatic.net/checkout.phinf/20210317_79/1615991623938LP6Tt_JPEG/review-attachment-4f0fb223-188a-4857-966b-cca642e40fa5.jpeg?type=f300_300,76ye****,20.04.12.
45,4,너무 예뻐요 나무냄새는 환기시키면 빠질것같구요  수납공간 넉넉해서 좋아요,https://phinf.pstatic.net/checkout.phinf/20210326_128/1616734837348fnCTR_JPEG/review-attachment-38d39966-f7f3-4a7f-8b9b-c6dd145fbdee.jpeg?type=f300_300,rlat****,20.03.30.
46,4,배송3주걸렸구요. 좋아요~!,https://phinf.pstatic.net/checkout.phinf/20210326_90/1616725765589EluUh_JPEG/review-attachment-3ce5a608-3e5c-41f3-b53e-932b43874a21.jpeg?type=f300_300,hihe****,20.03.15.
47,5,지금생각해도 후회가없네요.정말잘산것같아요,https://phinf.pstatic.net/checkout.phinf/20210311_181/16153908219153d6MN_JPEG/review-attachment-2a742365-113f-4473-96e2-33e6626a2576.jpeg?type=f300_300,kyu9****,20.02.22.
48,4,냄새도 금방 빠졌고 예뻐요^^,https://phinf.pstatic.net/checkout.phinf/20210118_182/1610896999532lT0GN_JPEG/review-attachment-ebb210c9-c2f4-49b0-b059-64204ec41bd2.jpeg?type=f300_300,znzn****,20.03.03.
49,5,"배송은 오래 걸렸지만 좋아요~
은은한 민트네요^^",https://phinf.pstatic.net/image.nmv/shopnbuyer_2021_01_11_0/f1f667ae-53b7-11eb-9ca7-48df379ccacc_03.jpg?type=ffn300_300,znzn****,20.01.27.
50,4,조으네요 새거라 냄새가 나는거겠죠~^^  가구는이뻐요,https://phinf.pstatic.net/checkout.phinf/20210303_251/1614745157783pfCAY_JPEG/review-attachment-88681ab3-ca32-4489-ad2d-95dc212587fa.jpeg?type=f300_300,akww****,20.01.09.
51,5,보는 사람들마다 돈들인 느낌난다고..고급져보인다합니다 디자인도 흔한 디자인도아니고 특히 색상 넘좋구요 수납 충분합니다!,https://phinf.pstatic.net/checkout.phinf/20210311_76/1615390281821YudiK_JPEG/review-attachment-b464f07f-2e49-4620-8ac3-a967ee217cf4.jpeg?type=f300_300,yejj****,19.12.23.
52,5,"정말맘에들어요.
남편도 예쁘다고 좋아하구요^^
배송도친절하게해주셨어요.수고하세요",https://phinf.pstatic.net/image.nmv/shopnbuyer_2021_01_04_0/5e8e494f-4e77-11eb-a803-a0369ff94ec8_03.jpg?type=ffn300_300,kyu9****,20.01.14.
53,5,너무 예쁩니다 손잡이가 완전 나무느낌 !!너무좋구요 색갈도 화면보다 실제로보니 더예쁩니다!!잘선택한것같아요~^^서랍장하나로 집 분위기가 달라젓어요,https://phinf.pstatic.net/checkout.phinf/20210206_297/1612617030683Q87H5_JPEG/review-attachment-19ca8ceb-bf30-4587-917c-206c591be48a.jpeg?type=f300_300,dnwn****,19.12.01.
54,4,민트색이 연하니 이쁜민트색이여서 맘에드네요^^견고하고 손잡이까지 원목으로 이쁘네요^^,https://phinf.pstatic.net/checkout.phinf/20210109_70/16101906551308Ew4b_JPEG/review-attachment-ae096340-30e9-476c-9c65-a06dae905b7b.jpeg?type=f300_300,djaw****,19.12.25.
55,5,상품은 좋아요.배송이넘오래걸러요,https://phinf.pstatic.net/checkout.phinf/20210217_152/1613548771381kgxE0_JPEG/review-attachment-ec0bf13f-127c-4807-b7ff-215e61e38608.jpeg?type=f300_300,suji****,19.12.29.
56,5,첫눈에 반해서 구입하게 되었어요 다만 가격 압박이있어서 일주일 망설였는데 물건을 받아보는 순간 너무 마음에 들어요 수납공간 짱짱하구요 보면 있어보입니다 서랍도 부드럽습니다,https://phinf.pstatic.net/checkout.phinf/20210201_256/1612158639663gWLlS_JPEG/review-attachment-6c3ab54c-ce94-48de-bc96-ddea7c5677c9.jpeg?type=f300_300,yejj****,19.11.06.
57,5,"질리지않는 민트그레이. 사진처럼이쁩니다. 아무래도 새제품이라

냄새나는건 어쩔수없나봐요. 역하지는 않고. 나무냄새가 나요.

수납도 깔끔하게되고 넘 만족스럽습니다. 배송기사님도 완전

친절하시고. 뒷처리까지 해주고가셨어요~ 원목 잘쓸수있는팁까지

알려주셔서 기분좋네요~ 또구매하러오겠습니다~~",https://phinf.pstatic.net/checkout.phinf/20210309_10/16152439300846KTnU_JPEG/review-attachment-648bac49-8976-40ff-8778-004367ea27a9.jpeg?type=f300_300,jhk1****,19.09.28.
58,5,설치잘받았습니다...,https://phinf.pstatic.net/checkout.phinf/20210323_223/1616458526071AaqWQ_JPEG/review-attachment-b01b5078-701c-445a-995a-a65075ce3b75.jpeg?type=f300_300,jink****,19.12.05.
59,3,"만족 합니다 ^^.
아이가 많아 옷이없다없다해도 
양이 많은데 
사이즈도 좋고 디자인도 예뻐서 너무 만족해요 
하나더 구입하고싶을정도에요",https://phinf.pstatic.net/checkout.phinf/20210302_101/1614654860303pmVPk_JPEG/review-attachment-e88d5520-b325-4620-b560-31182671b8a5.jpeg?type=f300_300,0319****,19.11.08.
