﻿,star,review,reviewImage,customerId,reviewDate
0,5,"서랍이 많아 온 식구 종류별로 수납할수 있어 좋고 
무엇보다 차분하고 고급진 디자인과 색이 맘에 들어요",https://phinf.pstatic.net/checkout.phinf/20210309_10/16152439300846KTnU_JPEG/review-attachment-648bac49-8976-40ff-8778-004367ea27a9.jpeg?type=f300_300,wjdd****,20.12.29.
1,4,"배송 때문에 너무 열받았던 제품
지금은 이쁘지만 그래서 별하나 뺐어요",https://phinf.pstatic.net/checkout.phinf/20210323_223/1616458526071AaqWQ_JPEG/review-attachment-b01b5078-701c-445a-995a-a65075ce3b75.jpeg?type=f300_300,din1****,20.12.19.
2,5,사진보다 실물 상품이 확실히 좋습니다. 잘쓰겠습니다.,https://phinf.pstatic.net/checkout.phinf/20210302_101/1614654860303pmVPk_JPEG/review-attachment-e88d5520-b325-4620-b560-31182671b8a5.jpeg?type=f300_300,kch5****,20.12.07.
3,5,"튼튼해서마음에들어요
냄새없고 기다린보람이 있네요
배송하시는분도 친절하고 고생하셨을텐데 힘든내색없이잘 설치해주셨어요
생각과달리 마감이 빈티지느낌이던데
나쁘진않았지만
상세설명에 상판색도 잘 설명해주셨으면좋겠어요
이거하나로거실이 환해졌네요 흡족합니다",https://phinf.pstatic.net/checkout.phinf/20210320_238/161625127633752fXi_JPEG/review-attachment-8d547555-b09e-42f7-8133-62b96c0fd4e8.jpeg?type=f300_300,dang****,20.10.20.
4,5,오래 기다렸던만큼 너무 맘에듭니다~이사가는집에 새로 장만했어요~기사님도 친절하시구 넘 맘에들어요~^^,https://phinf.pstatic.net/checkout.phinf/20210317_79/1615991623938LP6Tt_JPEG/review-attachment-4f0fb223-188a-4857-966b-cca642e40fa5.jpeg?type=f300_300,jang****,20.11.03.
5,5,색도 예쁘고 서랍이 많아서 물건 구분 지어놓기  괜찮고 좋습니다.하지만 겁나게 무겁습니다.,https://phinf.pstatic.net/checkout.phinf/20210326_128/1616734837348fnCTR_JPEG/review-attachment-38d39966-f7f3-4a7f-8b9b-c6dd145fbdee.jpeg?type=f300_300,elli****,20.11.06.
6,5,"배송이나 운반 과정에 모서리 찍혀서 하자 있는 상품을 제작과정에 미세 스크레치라고 주장하며
교환 안된다고 함",https://phinf.pstatic.net/checkout.phinf/20210326_90/1616725765589EluUh_JPEG/review-attachment-3ce5a608-3e5c-41f3-b53e-932b43874a21.jpeg?type=f300_300,din1****,20.10.12.
7,4,"색깔이 파랑으로 보였는데
직접 받아보니 청록색이네요~
그래도 맘에 듭니다.
그러나 서랍이 조금 비뚤한게 있어 약간 아쉽네요~",https://phinf.pstatic.net/checkout.phinf/20210311_181/16153908219153d6MN_JPEG/review-attachment-2a742365-113f-4473-96e2-33e6626a2576.jpeg?type=f300_300,jmr0****,20.10.22.
8,5,가구 배송 하시는 기사분~가구가 무거우면 둘이 와야 하는 거 아닌가요? 무겁다고 같이 들자 하고 박스랑 스티로폴도 펼친대로  정리도 없이 잔뜩 어질러 놓고 분리수거 하라고 가버리는게 맞는 건 가요? 그래 놓고 왜 짜증을 내시는건지ㅜㅠ,https://phinf.pstatic.net/checkout.phinf/20210118_182/1610896999532lT0GN_JPEG/review-attachment-ebb210c9-c2f4-49b0-b059-64204ec41bd2.jpeg?type=f300_300,lmj2****,20.10.06.
9,5,"튼튼하고 수납 정말 많고 색상 너무 예뻐요.
보자마자 이거다! 하고 구매했어요.
집에 놀러오는 사람들이 어디꺼냐고 다 물어봐요!!
배송은 2주 걸렸고 냄새는 하루 지나니 빠지네요.
거실장으로 사용후 나중엔 수납장으로 사용 가능해 구매했어요.
티비는 65인치니 거실장 사용하실 분들은 참고하시면 될거같아요.",https://phinf.pstatic.net/image.nmv/shopnbuyer_2021_01_11_0/f1f667ae-53b7-11eb-9ca7-48df379ccacc_03.jpg?type=ffn300_300,hs56****,20.08.28.
10,5,쓰기 편하고 공간이 많아 조음,https://phinf.pstatic.net/checkout.phinf/20210303_251/1614745157783pfCAY_JPEG/review-attachment-88681ab3-ca32-4489-ad2d-95dc212587fa.jpeg?type=f300_300,leeh****,20.09.28.
11,5,고급스럽고 이쁘네여,https://phinf.pstatic.net/checkout.phinf/20210311_76/1615390281821YudiK_JPEG/review-attachment-b464f07f-2e49-4620-8ac3-a967ee217cf4.jpeg?type=f300_300,fksd****,20.09.25.
12,1,"이제냄시도 안나고 지인들도 다들 너무 이쁘다고 날리에요
서랍부분 약간 나무상태가 이상하지만 거리도있고 무게도있고 그냥 쓰려구요ㅎ근데 눈에 자꾸 거슬리기는하네요",https://phinf.pstatic.net/image.nmv/shopnbuyer_2021_01_04_0/5e8e494f-4e77-11eb-a803-a0369ff94ec8_03.jpg?type=ffn300_300,hwal****,20.08.16.
13,4,"받아보고 완전 깜놀!!!!!
실물깡패에요
너무너무 이쁘고 무게감도있어 튼튼해보여요
따로 유리선반도 안해도 될듯해요
근데 이쁨을 사진에 그대로 담지못해 아쉽네요ㅠ
사진기술이 없어서요ㅎ
아ㅡㅡ참 하나미스 냄새가 너무 심한거 어쩔수 없나봐요ㅠㅠ요것만빼면 다 좋은데 아숩네요",https://phinf.pstatic.net/checkout.phinf/20210206_297/1612617030683Q87H5_JPEG/review-attachment-19ca8ceb-bf30-4587-917c-206c591be48a.jpeg?type=f300_300,hwal****,20.07.15.
14,1,굿 넘 이쁘고 수납공간 짱입니다,https://phinf.pstatic.net/checkout.phinf/20210109_70/16101906551308Ew4b_JPEG/review-attachment-ae096340-30e9-476c-9c65-a06dae905b7b.jpeg?type=f300_300,leeh****,20.07.18.
15,5,예뻐요 빨리 왔네요ㅅ,https://phinf.pstatic.net/checkout.phinf/20210217_152/1613548771381kgxE0_JPEG/review-attachment-ec0bf13f-127c-4807-b7ff-215e61e38608.jpeg?type=f300_300,ram_****,20.06.29.
16,4,고급지고 좋습니다 최고에요,https://phinf.pstatic.net/checkout.phinf/20210201_256/1612158639663gWLlS_JPEG/review-attachment-6c3ab54c-ce94-48de-bc96-ddea7c5677c9.jpeg?type=f300_300,sung****,20.04.13.
17,5,실물이 훨씬 고급스럽고 묵직해좋습니다 강추합니다,https://phinf.pstatic.net/checkout.phinf/20210309_10/16152439300846KTnU_JPEG/review-attachment-648bac49-8976-40ff-8778-004367ea27a9.jpeg?type=f300_300,sung****,20.03.12.
18,5,최고의 선택. 멋지고 훌륭합니다,https://phinf.pstatic.net/checkout.phinf/20210323_223/1616458526071AaqWQ_JPEG/review-attachment-b01b5078-701c-445a-995a-a65075ce3b75.jpeg?type=f300_300,leek****,20.02.15.
19,5,수납과  티비 거실장으로는   짱입니다.,https://phinf.pstatic.net/checkout.phinf/20210302_101/1614654860303pmVPk_JPEG/review-attachment-e88d5520-b325-4620-b560-31182671b8a5.jpeg?type=f300_300,rlgp****,19.12.25.
20,5,"서랍이 많아 온 식구 종류별로 수납할수 있어 좋고 
무엇보다 차분하고 고급진 디자인과 색이 맘에 들어요",https://phinf.pstatic.net/checkout.phinf/20210309_10/16152439300846KTnU_JPEG/review-attachment-648bac49-8976-40ff-8778-004367ea27a9.jpeg?type=f300_300,wjdd****,20.12.29.
21,4,"배송 때문에 너무 열받았던 제품
지금은 이쁘지만 그래서 별하나 뺐어요",https://phinf.pstatic.net/checkout.phinf/20210323_223/1616458526071AaqWQ_JPEG/review-attachment-b01b5078-701c-445a-995a-a65075ce3b75.jpeg?type=f300_300,din1****,20.12.19.
22,5,사진보다 실물 상품이 확실히 좋습니다. 잘쓰겠습니다.,https://phinf.pstatic.net/checkout.phinf/20210302_101/1614654860303pmVPk_JPEG/review-attachment-e88d5520-b325-4620-b560-31182671b8a5.jpeg?type=f300_300,kch5****,20.12.07.
23,5,"튼튼해서마음에들어요
냄새없고 기다린보람이 있네요
배송하시는분도 친절하고 고생하셨을텐데 힘든내색없이잘 설치해주셨어요
생각과달리 마감이 빈티지느낌이던데
나쁘진않았지만
상세설명에 상판색도 잘 설명해주셨으면좋겠어요
이거하나로거실이 환해졌네요 흡족합니다",https://phinf.pstatic.net/checkout.phinf/20210320_238/161625127633752fXi_JPEG/review-attachment-8d547555-b09e-42f7-8133-62b96c0fd4e8.jpeg?type=f300_300,dang****,20.10.20.
24,5,오래 기다렸던만큼 너무 맘에듭니다~이사가는집에 새로 장만했어요~기사님도 친절하시구 넘 맘에들어요~^^,https://phinf.pstatic.net/checkout.phinf/20210317_79/1615991623938LP6Tt_JPEG/review-attachment-4f0fb223-188a-4857-966b-cca642e40fa5.jpeg?type=f300_300,jang****,20.11.03.
25,5,색도 예쁘고 서랍이 많아서 물건 구분 지어놓기  괜찮고 좋습니다.하지만 겁나게 무겁습니다.,https://phinf.pstatic.net/checkout.phinf/20210326_128/1616734837348fnCTR_JPEG/review-attachment-38d39966-f7f3-4a7f-8b9b-c6dd145fbdee.jpeg?type=f300_300,elli****,20.11.06.
26,5,"배송이나 운반 과정에 모서리 찍혀서 하자 있는 상품을 제작과정에 미세 스크레치라고 주장하며
교환 안된다고 함",https://phinf.pstatic.net/checkout.phinf/20210326_90/1616725765589EluUh_JPEG/review-attachment-3ce5a608-3e5c-41f3-b53e-932b43874a21.jpeg?type=f300_300,din1****,20.10.12.
27,4,"색깔이 파랑으로 보였는데
직접 받아보니 청록색이네요~
그래도 맘에 듭니다.
그러나 서랍이 조금 비뚤한게 있어 약간 아쉽네요~",https://phinf.pstatic.net/checkout.phinf/20210311_181/16153908219153d6MN_JPEG/review-attachment-2a742365-113f-4473-96e2-33e6626a2576.jpeg?type=f300_300,jmr0****,20.10.22.
28,5,가구 배송 하시는 기사분~가구가 무거우면 둘이 와야 하는 거 아닌가요? 무겁다고 같이 들자 하고 박스랑 스티로폴도 펼친대로  정리도 없이 잔뜩 어질러 놓고 분리수거 하라고 가버리는게 맞는 건 가요? 그래 놓고 왜 짜증을 내시는건지ㅜㅠ,https://phinf.pstatic.net/checkout.phinf/20210118_182/1610896999532lT0GN_JPEG/review-attachment-ebb210c9-c2f4-49b0-b059-64204ec41bd2.jpeg?type=f300_300,lmj2****,20.10.06.
29,5,"튼튼하고 수납 정말 많고 색상 너무 예뻐요.
보자마자 이거다! 하고 구매했어요.
집에 놀러오는 사람들이 어디꺼냐고 다 물어봐요!!
배송은 2주 걸렸고 냄새는 하루 지나니 빠지네요.
거실장으로 사용후 나중엔 수납장으로 사용 가능해 구매했어요.
티비는 65인치니 거실장 사용하실 분들은 참고하시면 될거같아요.",https://phinf.pstatic.net/image.nmv/shopnbuyer_2021_01_11_0/f1f667ae-53b7-11eb-9ca7-48df379ccacc_03.jpg?type=ffn300_300,hs56****,20.08.28.
30,5,쓰기 편하고 공간이 많아 조음,https://phinf.pstatic.net/checkout.phinf/20210303_251/1614745157783pfCAY_JPEG/review-attachment-88681ab3-ca32-4489-ad2d-95dc212587fa.jpeg?type=f300_300,leeh****,20.09.28.
31,5,고급스럽고 이쁘네여,https://phinf.pstatic.net/checkout.phinf/20210311_76/1615390281821YudiK_JPEG/review-attachment-b464f07f-2e49-4620-8ac3-a967ee217cf4.jpeg?type=f300_300,fksd****,20.09.25.
32,1,"이제냄시도 안나고 지인들도 다들 너무 이쁘다고 날리에요
서랍부분 약간 나무상태가 이상하지만 거리도있고 무게도있고 그냥 쓰려구요ㅎ근데 눈에 자꾸 거슬리기는하네요",https://phinf.pstatic.net/image.nmv/shopnbuyer_2021_01_04_0/5e8e494f-4e77-11eb-a803-a0369ff94ec8_03.jpg?type=ffn300_300,hwal****,20.08.16.
33,4,"받아보고 완전 깜놀!!!!!
실물깡패에요
너무너무 이쁘고 무게감도있어 튼튼해보여요
따로 유리선반도 안해도 될듯해요
근데 이쁨을 사진에 그대로 담지못해 아쉽네요ㅠ
사진기술이 없어서요ㅎ
아ㅡㅡ참 하나미스 냄새가 너무 심한거 어쩔수 없나봐요ㅠㅠ요것만빼면 다 좋은데 아숩네요",https://phinf.pstatic.net/checkout.phinf/20210206_297/1612617030683Q87H5_JPEG/review-attachment-19ca8ceb-bf30-4587-917c-206c591be48a.jpeg?type=f300_300,hwal****,20.07.15.
34,1,굿 넘 이쁘고 수납공간 짱입니다,https://phinf.pstatic.net/checkout.phinf/20210109_70/16101906551308Ew4b_JPEG/review-attachment-ae096340-30e9-476c-9c65-a06dae905b7b.jpeg?type=f300_300,leeh****,20.07.18.
35,5,예뻐요 빨리 왔네요ㅅ,https://phinf.pstatic.net/checkout.phinf/20210217_152/1613548771381kgxE0_JPEG/review-attachment-ec0bf13f-127c-4807-b7ff-215e61e38608.jpeg?type=f300_300,ram_****,20.06.29.
36,4,고급지고 좋습니다 최고에요,https://phinf.pstatic.net/checkout.phinf/20210201_256/1612158639663gWLlS_JPEG/review-attachment-6c3ab54c-ce94-48de-bc96-ddea7c5677c9.jpeg?type=f300_300,sung****,20.04.13.
37,5,실물이 훨씬 고급스럽고 묵직해좋습니다 강추합니다,https://phinf.pstatic.net/checkout.phinf/20210309_10/16152439300846KTnU_JPEG/review-attachment-648bac49-8976-40ff-8778-004367ea27a9.jpeg?type=f300_300,sung****,20.03.12.
38,5,최고의 선택. 멋지고 훌륭합니다,https://phinf.pstatic.net/checkout.phinf/20210323_223/1616458526071AaqWQ_JPEG/review-attachment-b01b5078-701c-445a-995a-a65075ce3b75.jpeg?type=f300_300,leek****,20.02.15.
39,5,수납과  티비 거실장으로는   짱입니다.,https://phinf.pstatic.net/checkout.phinf/20210302_101/1614654860303pmVPk_JPEG/review-attachment-e88d5520-b325-4620-b560-31182671b8a5.jpeg?type=f300_300,rlgp****,19.12.25.
