﻿,star,review,reviewImage,customerId,reviewDate
0,3,"이케아에선 5단이 나오지 않아 마켓비로 구매했는데..
제품 질이 차이가 많이나네요.. 많이 약해서인지 여기저기 찢기듯 찌그러진곳도 많고 도장불량도 많네요..필요한 물건이라 사용은 하는데 기분은 좋지 않습니다.",https://phinf.pstatic.net/checkout.phinf/20210309_10/16152439300846KTnU_JPEG/review-attachment-648bac49-8976-40ff-8778-004367ea27a9.jpeg?type=f300_300,psj0****,21.02.09.
1,5,책상 아래에 쏙 들어가능 크기라 너무 좋아요,https://phinf.pstatic.net/checkout.phinf/20210323_223/1616458526071AaqWQ_JPEG/review-attachment-b01b5078-701c-445a-995a-a65075ce3b75.jpeg?type=f300_300,suuu****,21.03.12.
2,5,아이책상에  서랍이없어서 .구매했어요  가격도  저렴하고  좋아요~~^^,https://phinf.pstatic.net/checkout.phinf/20210302_101/1614654860303pmVPk_JPEG/review-attachment-e88d5520-b325-4620-b560-31182671b8a5.jpeg?type=f300_300,bban****,21.03.03.
3,5,조립이 쉬운편은 아니지만 깔끔해요,https://phinf.pstatic.net/checkout.phinf/20210320_238/161625127633752fXi_JPEG/review-attachment-8d547555-b09e-42f7-8133-62b96c0fd4e8.jpeg?type=f300_300,cybe****,21.03.12.
4,3,조립도 쉽고 저렴해서 마음에 들어요,https://phinf.pstatic.net/checkout.phinf/20210317_79/1615991623938LP6Tt_JPEG/review-attachment-4f0fb223-188a-4857-966b-cca642e40fa5.jpeg?type=f300_300,youn****,21.03.09.
5,5,"이 가격에 이런 디자인, 퀄리티는 반칙인 것 같습니다..... 너무 너무 너무 예뻐요!
리뷰에 만드는데 헷갈렸다는 말이 많아서 유튜브 영상보고 만들었더니 금방 만들었습니다!!!!
바퀴는 안 달까~ 하다가 꽤 무게가 나가는 편이라 나중에 물건들도 넣고 하면 혹시나 옮길 때 힘들 것 같아서 달았어요 ㅎㅎ
책상 밑에 쏙 들어가는데다가 칸도 꽤나 널찍해서 이것저것 다 들어갑니다! 잘 쓸게요^_^❤️",https://phinf.pstatic.net/checkout.phinf/20210326_128/1616734837348fnCTR_JPEG/review-attachment-38d39966-f7f3-4a7f-8b9b-c6dd145fbdee.jpeg?type=f300_300,dmsw****,21.02.07.
6,5,이쁘고 좋아여 잘쓰고 있습니다,https://phinf.pstatic.net/checkout.phinf/20210326_90/1616725765589EluUh_JPEG/review-attachment-3ce5a608-3e5c-41f3-b53e-932b43874a21.jpeg?type=f300_300,dlwl****,21.03.10.
7,5,"쥑이네뇨  

서랍 쉽게 빠지는거 빼고요
안전장치 ㅇㅆ으면 젛아요",https://phinf.pstatic.net/checkout.phinf/20210311_181/16153908219153d6MN_JPEG/review-attachment-2a742365-113f-4473-96e2-33e6626a2576.jpeg?type=f300_300,kswk****,21.03.08.
8,4,조립하는데 시간은 걸렸지만 좋아요,https://phinf.pstatic.net/checkout.phinf/20210118_182/1610896999532lT0GN_JPEG/review-attachment-ebb210c9-c2f4-49b0-b059-64204ec41bd2.jpeg?type=f300_300,twin****,21.03.04.
9,5,"깔끔하고 가성비가 좋습니다 6단 서랍을 샀다면 깊이가 너무 좁았을텐데 5단사길 잘한 것 같습니다. 
조립은 천천히 한시간 반 정도 걸렸습니다. 어려운 작업은 아니고 다른 리뷰에 있는 것처럼 고정하기 위해 철판 접는 과정에서 손톱이 많이 아팠습니다. 그렇지만 과한 힘을 줘야하는 과정은 없습니다. 
니퍼나 드라이버를 활용하시면 훨씬 쉽게 조립 가능하십니다. 
서랍이 나올 때 고정하는 핀이 잇는 것 같지만 제가 잘못 조립한건지 서랍은 끝까지 열면 떨어집니다. 조심해서 열어야 합니다 ㅋㅋ

아직 쓰진 않았지만 만족스러울 것 같습니다",https://phinf.pstatic.net/image.nmv/shopnbuyer_2021_01_11_0/f1f667ae-53b7-11eb-9ca7-48df379ccacc_03.jpg?type=ffn300_300,bran****,21.01.22.
10,5,장갑끼고 드라이버 하나 있으면 손안아프게 할 수 있어요,https://phinf.pstatic.net/checkout.phinf/20210303_251/1614745157783pfCAY_JPEG/review-attachment-88681ab3-ca32-4489-ad2d-95dc212587fa.jpeg?type=f300_300,gpfe****,21.03.02.
11,5,"배송이 느려서 별하나 뺐어요
딸방 책상밑에 책상서랍으로 완전 딱이예요",https://phinf.pstatic.net/checkout.phinf/20210311_76/1615390281821YudiK_JPEG/review-attachment-b464f07f-2e49-4620-8ac3-a967ee217cf4.jpeg?type=f300_300,ek85****,21.02.20.
12,5,찍혀옴ㅠㅠ 그거빼곤 조아여,https://phinf.pstatic.net/image.nmv/shopnbuyer_2021_01_04_0/5e8e494f-4e77-11eb-a803-a0369ff94ec8_03.jpg?type=ffn300_300,youn****,21.02.28.
13,5,서랍장 튼튼하고 수납력도 만족,https://phinf.pstatic.net/checkout.phinf/20210206_297/1612617030683Q87H5_JPEG/review-attachment-19ca8ceb-bf30-4587-917c-206c591be48a.jpeg?type=f300_300,yena****,21.02.21.
14,4,"서랍이 빡빡하긴하지만  
신경쓰이는정도가 아니라 잘사용하고 있어요",https://phinf.pstatic.net/checkout.phinf/20210109_70/16101906551308Ew4b_JPEG/review-attachment-ae096340-30e9-476c-9c65-a06dae905b7b.jpeg?type=f300_300,kuri****,21.03.09.
15,4,"배송, 가격, 품질 마음에 듭니다...조립난이도도 설명서 보며 하면 어려운게 없습니다....적극 추천 드려요",https://phinf.pstatic.net/checkout.phinf/20210217_152/1613548771381kgxE0_JPEG/review-attachment-ec0bf13f-127c-4807-b7ff-215e61e38608.jpeg?type=f300_300,towi****,21.02.27.
16,3,가성비는 좋은데...모서리 등이 날카로와서 조심해야 합니다.,https://phinf.pstatic.net/checkout.phinf/20210201_256/1612158639663gWLlS_JPEG/review-attachment-6c3ab54c-ce94-48de-bc96-ddea7c5677c9.jpeg?type=f300_300,skic****,21.03.08.
17,5,작아서 틈새공간에 놓기 좋아요 서랍은 꽤 많이 들어갑니다~,https://phinf.pstatic.net/checkout.phinf/20210309_10/16152439300846KTnU_JPEG/review-attachment-648bac49-8976-40ff-8778-004367ea27a9.jpeg?type=f300_300,miyo****,21.03.04.
18,5,"아이들이랑 같이 만들었어요~즐거운시간이었어요~
생각보다 조립도 쉬웠어요. 감사합니다~",https://phinf.pstatic.net/checkout.phinf/20210323_223/1616458526071AaqWQ_JPEG/review-attachment-b01b5078-701c-445a-995a-a65075ce3b75.jpeg?type=f300_300,tome****,21.02.26.
19,5,"서랍 열고 닫을 때에 소리가 있는 편이지만
이 가격에는 아주 좋습니다",https://phinf.pstatic.net/checkout.phinf/20210302_101/1614654860303pmVPk_JPEG/review-attachment-e88d5520-b325-4620-b560-31182671b8a5.jpeg?type=f300_300,hiy6****,21.02.11.
20,3,"이케아에선 5단이 나오지 않아 마켓비로 구매했는데..
제품 질이 차이가 많이나네요.. 많이 약해서인지 여기저기 찢기듯 찌그러진곳도 많고 도장불량도 많네요..필요한 물건이라 사용은 하는데 기분은 좋지 않습니다.",https://phinf.pstatic.net/checkout.phinf/20210309_10/16152439300846KTnU_JPEG/review-attachment-648bac49-8976-40ff-8778-004367ea27a9.jpeg?type=f300_300,psj0****,21.02.09.
21,5,책상 아래에 쏙 들어가능 크기라 너무 좋아요,https://phinf.pstatic.net/checkout.phinf/20210323_223/1616458526071AaqWQ_JPEG/review-attachment-b01b5078-701c-445a-995a-a65075ce3b75.jpeg?type=f300_300,suuu****,21.03.12.
22,5,아이책상에  서랍이없어서 .구매했어요  가격도  저렴하고  좋아요~~^^,https://phinf.pstatic.net/checkout.phinf/20210302_101/1614654860303pmVPk_JPEG/review-attachment-e88d5520-b325-4620-b560-31182671b8a5.jpeg?type=f300_300,bban****,21.03.03.
23,5,조립이 쉬운편은 아니지만 깔끔해요,https://phinf.pstatic.net/checkout.phinf/20210320_238/161625127633752fXi_JPEG/review-attachment-8d547555-b09e-42f7-8133-62b96c0fd4e8.jpeg?type=f300_300,cybe****,21.03.12.
24,3,조립도 쉽고 저렴해서 마음에 들어요,https://phinf.pstatic.net/checkout.phinf/20210317_79/1615991623938LP6Tt_JPEG/review-attachment-4f0fb223-188a-4857-966b-cca642e40fa5.jpeg?type=f300_300,youn****,21.03.09.
25,5,"이 가격에 이런 디자인, 퀄리티는 반칙인 것 같습니다..... 너무 너무 너무 예뻐요!
리뷰에 만드는데 헷갈렸다는 말이 많아서 유튜브 영상보고 만들었더니 금방 만들었습니다!!!!
바퀴는 안 달까~ 하다가 꽤 무게가 나가는 편이라 나중에 물건들도 넣고 하면 혹시나 옮길 때 힘들 것 같아서 달았어요 ㅎㅎ
책상 밑에 쏙 들어가는데다가 칸도 꽤나 널찍해서 이것저것 다 들어갑니다! 잘 쓸게요^_^❤️",https://phinf.pstatic.net/checkout.phinf/20210326_128/1616734837348fnCTR_JPEG/review-attachment-38d39966-f7f3-4a7f-8b9b-c6dd145fbdee.jpeg?type=f300_300,dmsw****,21.02.07.
26,5,이쁘고 좋아여 잘쓰고 있습니다,https://phinf.pstatic.net/checkout.phinf/20210326_90/1616725765589EluUh_JPEG/review-attachment-3ce5a608-3e5c-41f3-b53e-932b43874a21.jpeg?type=f300_300,dlwl****,21.03.10.
27,5,"쥑이네뇨  

서랍 쉽게 빠지는거 빼고요
안전장치 ㅇㅆ으면 젛아요",https://phinf.pstatic.net/checkout.phinf/20210311_181/16153908219153d6MN_JPEG/review-attachment-2a742365-113f-4473-96e2-33e6626a2576.jpeg?type=f300_300,kswk****,21.03.08.
28,4,조립하는데 시간은 걸렸지만 좋아요,https://phinf.pstatic.net/checkout.phinf/20210118_182/1610896999532lT0GN_JPEG/review-attachment-ebb210c9-c2f4-49b0-b059-64204ec41bd2.jpeg?type=f300_300,twin****,21.03.04.
29,5,"깔끔하고 가성비가 좋습니다 6단 서랍을 샀다면 깊이가 너무 좁았을텐데 5단사길 잘한 것 같습니다. 
조립은 천천히 한시간 반 정도 걸렸습니다. 어려운 작업은 아니고 다른 리뷰에 있는 것처럼 고정하기 위해 철판 접는 과정에서 손톱이 많이 아팠습니다. 그렇지만 과한 힘을 줘야하는 과정은 없습니다. 
니퍼나 드라이버를 활용하시면 훨씬 쉽게 조립 가능하십니다. 
서랍이 나올 때 고정하는 핀이 잇는 것 같지만 제가 잘못 조립한건지 서랍은 끝까지 열면 떨어집니다. 조심해서 열어야 합니다 ㅋㅋ

아직 쓰진 않았지만 만족스러울 것 같습니다",https://phinf.pstatic.net/image.nmv/shopnbuyer_2021_01_11_0/f1f667ae-53b7-11eb-9ca7-48df379ccacc_03.jpg?type=ffn300_300,bran****,21.01.22.
30,5,장갑끼고 드라이버 하나 있으면 손안아프게 할 수 있어요,https://phinf.pstatic.net/checkout.phinf/20210303_251/1614745157783pfCAY_JPEG/review-attachment-88681ab3-ca32-4489-ad2d-95dc212587fa.jpeg?type=f300_300,gpfe****,21.03.02.
31,5,"배송이 느려서 별하나 뺐어요
딸방 책상밑에 책상서랍으로 완전 딱이예요",https://phinf.pstatic.net/checkout.phinf/20210311_76/1615390281821YudiK_JPEG/review-attachment-b464f07f-2e49-4620-8ac3-a967ee217cf4.jpeg?type=f300_300,ek85****,21.02.20.
32,5,찍혀옴ㅠㅠ 그거빼곤 조아여,https://phinf.pstatic.net/image.nmv/shopnbuyer_2021_01_04_0/5e8e494f-4e77-11eb-a803-a0369ff94ec8_03.jpg?type=ffn300_300,youn****,21.02.28.
33,5,서랍장 튼튼하고 수납력도 만족,https://phinf.pstatic.net/checkout.phinf/20210206_297/1612617030683Q87H5_JPEG/review-attachment-19ca8ceb-bf30-4587-917c-206c591be48a.jpeg?type=f300_300,yena****,21.02.21.
34,4,"서랍이 빡빡하긴하지만  
신경쓰이는정도가 아니라 잘사용하고 있어요",https://phinf.pstatic.net/checkout.phinf/20210109_70/16101906551308Ew4b_JPEG/review-attachment-ae096340-30e9-476c-9c65-a06dae905b7b.jpeg?type=f300_300,kuri****,21.03.09.
35,4,"배송, 가격, 품질 마음에 듭니다...조립난이도도 설명서 보며 하면 어려운게 없습니다....적극 추천 드려요",https://phinf.pstatic.net/checkout.phinf/20210217_152/1613548771381kgxE0_JPEG/review-attachment-ec0bf13f-127c-4807-b7ff-215e61e38608.jpeg?type=f300_300,towi****,21.02.27.
36,3,가성비는 좋은데...모서리 등이 날카로와서 조심해야 합니다.,https://phinf.pstatic.net/checkout.phinf/20210201_256/1612158639663gWLlS_JPEG/review-attachment-6c3ab54c-ce94-48de-bc96-ddea7c5677c9.jpeg?type=f300_300,skic****,21.03.08.
37,5,작아서 틈새공간에 놓기 좋아요 서랍은 꽤 많이 들어갑니다~,https://phinf.pstatic.net/checkout.phinf/20210309_10/16152439300846KTnU_JPEG/review-attachment-648bac49-8976-40ff-8778-004367ea27a9.jpeg?type=f300_300,miyo****,21.03.04.
38,5,"아이들이랑 같이 만들었어요~즐거운시간이었어요~
생각보다 조립도 쉬웠어요. 감사합니다~",https://phinf.pstatic.net/checkout.phinf/20210323_223/1616458526071AaqWQ_JPEG/review-attachment-b01b5078-701c-445a-995a-a65075ce3b75.jpeg?type=f300_300,tome****,21.02.26.
39,5,"서랍 열고 닫을 때에 소리가 있는 편이지만
이 가격에는 아주 좋습니다",https://phinf.pstatic.net/checkout.phinf/20210302_101/1614654860303pmVPk_JPEG/review-attachment-e88d5520-b325-4620-b560-31182671b8a5.jpeg?type=f300_300,hiy6****,21.02.11.
40,3,"서랍은 가성비가 뛰어납니다. 철재라서 열때 소리가 나긴하지만... 괜찮아요. 
일단 책상이랑도 잘 어울립니다. 
다만. 조립시 서랍접는것 때문에 고생을 많이 했습니다. 서랍을 접을때 화살표 방향을 아래로 했는데도 제대로 조립이 되질 않아 고생했어요. 
서랍속 화살표 위치 사진 남겨요. 참고하셔오. 위치, 화살표 방향 모두 확인하세요.",https://phinf.pstatic.net/checkout.phinf/20210309_10/16152439300846KTnU_JPEG/review-attachment-648bac49-8976-40ff-8778-004367ea27a9.jpeg?type=f300_300,kyun****,20.12.28.
41,5,"금속서랍장 예전에 써 보고 편해서 샀어요. 
조그마한 부속을 구부리는 게 많으니 볼펜 같은 거 준비하면 좋습니다. 이동 할 게 아니라 바퀴는 안 달았어서 드라이버는 굳이 필요 없지만, 서랍 손잡이를 나사로 조여야 하는 만큼 있으면 좋을 거 같아요. 따로 동봉해 주지는 않는데, 드라이버도 없어서 손으로 돌려 잠갔더니 좀 헐거운 감은 있네요.
설명서가 아주 친절하지는 않아서, 위 아래 앞 뒤 등을 구분한다고 한참 들여다 보긴 했지만 30분 내외로 조립 가능합니다.
얇지만 튼튼하고 서랍도 삐걱임 없이 잘 열리고 닫혀요. 만족합니다.",https://phinf.pstatic.net/checkout.phinf/20210323_223/1616458526071AaqWQ_JPEG/review-attachment-b01b5078-701c-445a-995a-a65075ce3b75.jpeg?type=f300_300,joos****,21.01.06.
42,5,군데군데 깨진 부분이 있었지만.. 귀찮기도 하고 사용할 때 지장 없을 것 같아 교환 안 했습니다. 목장갑 끼고 하면 조립은 간단합니다. 이 정도면 만족합니다~,https://phinf.pstatic.net/checkout.phinf/20210302_101/1614654860303pmVPk_JPEG/review-attachment-e88d5520-b325-4620-b560-31182671b8a5.jpeg?type=f300_300,heyo****,21.01.16.
43,5,5단이 적절한 깊이를 가지고 있어 좋네요~,https://phinf.pstatic.net/checkout.phinf/20210320_238/161625127633752fXi_JPEG/review-attachment-8d547555-b09e-42f7-8133-62b96c0fd4e8.jpeg?type=f300_300,x_ai****,21.03.07.
44,4,"이쁘고 가볍고 깔끔합니다.
서랍도 부드럽게 열려요~
재구매의사 있습니다!",https://phinf.pstatic.net/checkout.phinf/20210317_79/1615991623938LP6Tt_JPEG/review-attachment-4f0fb223-188a-4857-966b-cca642e40fa5.jpeg?type=f300_300,stnd****,21.02.03.
45,5,"여자분 구매하는건 비추
조립하는 분에게는 추천
참을성 없고 시간허비하는 것에 짜증내는 분 비추
돈 많으신분 비추
비교적 큰서랍 필요하신분 비추
전체적으로 만족하나 생각보다 신경쓰이는게 많아서 노동비용 1.5점 마이너스 합니다",https://phinf.pstatic.net/checkout.phinf/20210326_128/1616734837348fnCTR_JPEG/review-attachment-38d39966-f7f3-4a7f-8b9b-c6dd145fbdee.jpeg?type=f300_300,tman****,21.01.07.
46,4,배송도 빠르고 제품도 좋아요!,https://phinf.pstatic.net/checkout.phinf/20210326_90/1616725765589EluUh_JPEG/review-attachment-3ce5a608-3e5c-41f3-b53e-932b43874a21.jpeg?type=f300_300,joro****,21.03.06.
47,5,"사이즈가 안성마춤입니다
처에 설치했는데
완전 딱입니다",https://phinf.pstatic.net/checkout.phinf/20210311_181/16153908219153d6MN_JPEG/review-attachment-2a742365-113f-4473-96e2-33e6626a2576.jpeg?type=f300_300,jnen****,21.01.25.
48,4,벌써 몇개째 구매하는 제품인데요. 늘 6단만 구입하다가 5단 처음으로 구입했는데 서랍 크기도 크고 양말이나 모자 머플러 등등 겨울이라 좀 더 늘어난 소품들 넣어두기 너무 좋습니다. 침대 바로 옆에 두어서 자잘한 물건을 넣어두기도 넘나 편하고 조립은 30분 정도 걸렸어요. 여자 혼자 조립할수 있구요. 손 다칠 수 있으니 장갑 꼭 준비하시고 십자 드라이버도 미리 준비해두세요!,https://phinf.pstatic.net/checkout.phinf/20210118_182/1610896999532lT0GN_JPEG/review-attachment-ebb210c9-c2f4-49b0-b059-64204ec41bd2.jpeg?type=f300_300,jdy_****,20.12.27.
49,3,서랍 5개 중 3개는 곧지 않아서 틈이 납니다. 힘들게 조립한 거라 교환 포기하고 그냥 쓰기로 했습니다. 그것 빼고 만족합니다.,https://phinf.pstatic.net/image.nmv/shopnbuyer_2021_01_11_0/f1f667ae-53b7-11eb-9ca7-48df379ccacc_03.jpg?type=ffn300_300,pak_****,21.01.22.
50,5,튼튼해 보이네요..,https://phinf.pstatic.net/checkout.phinf/20210303_251/1614745157783pfCAY_JPEG/review-attachment-88681ab3-ca32-4489-ad2d-95dc212587fa.jpeg?type=f300_300,mari****,21.03.06.
51,5,"배송빼고는 모두만족
여자혼자서도 똑딱 조립 쉬워요",https://phinf.pstatic.net/checkout.phinf/20210311_76/1615390281821YudiK_JPEG/review-attachment-b464f07f-2e49-4620-8ac3-a967ee217cf4.jpeg?type=f300_300,kuri****,21.02.02.
52,5,사진과 같고 흠집없이 빨리 배송되었네요,https://phinf.pstatic.net/image.nmv/shopnbuyer_2021_01_04_0/5e8e494f-4e77-11eb-a803-a0369ff94ec8_03.jpg?type=ffn300_300,joli****,21.02.26.
53,3,이렇게 세세하게 조립해야 하는줄은 몰랐네요 힘들었어요 ㅠ 조립과정은 그리 어렵진 않았는데 서랍맞출때 철을 구부려서 고정하는게 여자라 그런지 힘이 딸려서 힘들더라구요 ㅠ 차라리 나사 돌려서 하는거면 덜 힘들었을거 같아요 어쨋든 한번해봤다고 두번째는 서랍 라인도 잘 맞고 더 빨리 끝냈어요~ 다행히 흠이 없는 제품이 왔고 배송빠르고 이쁩니다^^,https://phinf.pstatic.net/checkout.phinf/20210206_297/1612617030683Q87H5_JPEG/review-attachment-19ca8ceb-bf30-4587-917c-206c591be48a.jpeg?type=f300_300,gmla****,20.12.21.
54,5,책상서랍으로 좋아요 만드는데 시간이 좀걸려요,https://phinf.pstatic.net/checkout.phinf/20210109_70/16101906551308Ew4b_JPEG/review-attachment-ae096340-30e9-476c-9c65-a06dae905b7b.jpeg?type=f300_300,ujs9****,21.02.05.
55,4,조립 고생했어요. 예쁘네요,https://phinf.pstatic.net/checkout.phinf/20210217_152/1613548771381kgxE0_JPEG/review-attachment-ec0bf13f-127c-4807-b7ff-215e61e38608.jpeg?type=f300_300,clas****,21.02.26.
56,4,가격대비 이쁜 외형이 만족스럽습니다,https://phinf.pstatic.net/checkout.phinf/20210201_256/1612158639663gWLlS_JPEG/review-attachment-6c3ab54c-ce94-48de-bc96-ddea7c5677c9.jpeg?type=f300_300,woor****,21.02.22.
57,4,책상이랑 크기가 딱 맞아요 좋아요 ㅋㅋㅋ 생각보다 튼튼해서 오래 쓸 것 같아요,https://phinf.pstatic.net/checkout.phinf/20210309_10/16152439300846KTnU_JPEG/review-attachment-648bac49-8976-40ff-8778-004367ea27a9.jpeg?type=f300_300,bonn****,21.01.28.
58,4,"깔끔하구 정말 예쁜것 같아요~!!ㅎㅎ 첨엔 조립하는게,, 음~~ 별거 아닌데? 했는뎁.ㅋㅋ 쬐금 어려워요^^; 큭큭 그래도 여자혼자 하기 충충분하구요! 꼭 설명서를 잘 보면서 하시구요~! 특히 가격대비 넘만족해여! 저렴하게 잘 구매할수 있어서 좋아요~~~",https://phinf.pstatic.net/checkout.phinf/20210323_223/1616458526071AaqWQ_JPEG/review-attachment-b01b5078-701c-445a-995a-a65075ce3b75.jpeg?type=f300_300,love****,21.01.03.
59,5,책상밑에 아슬아슬하게 넣었어요!! 걱정보다 조립이 간단했어요!! 디자인이 예뻐서 모든게 용서됩니다!! 너무 만족스러워요!!,https://phinf.pstatic.net/checkout.phinf/20210302_101/1614654860303pmVPk_JPEG/review-attachment-e88d5520-b325-4620-b560-31182671b8a5.jpeg?type=f300_300,zmcj****,21.01.08.
60,3,"깔끔하네요......
조립이 어려웠어요...",https://phinf.pstatic.net/checkout.phinf/20210309_10/16152439300846KTnU_JPEG/review-attachment-648bac49-8976-40ff-8778-004367ea27a9.jpeg?type=f300_300,hana****,21.02.22.
61,5,"무난하고 깔끔해요
이런재질일줄 모르고 사서 조금 당황했는데 그래도 웬만한 수납다 되고 만족합니다",https://phinf.pstatic.net/checkout.phinf/20210323_223/1616458526071AaqWQ_JPEG/review-attachment-b01b5078-701c-445a-995a-a65075ce3b75.jpeg?type=f300_300,siji****,21.02.09.
62,5,"완성~~~!!
만들기도 쉽고 깔끔하고 좋아요~~~",https://phinf.pstatic.net/checkout.phinf/20210302_101/1614654860303pmVPk_JPEG/review-attachment-e88d5520-b325-4620-b560-31182671b8a5.jpeg?type=f300_300,nuke****,21.01.22.
63,5,큰애방에 몇년전 구입후 사용했는데 좋아서 동생도 새로 구입했어요. 설치 동영상 유튜브검색해서 한번보고 했는데 서랍이 자꾸 열면 떨어져서 검색해보니 안쪽으로 걸리게할 수 있더군요. 그거해주니까 안떨어져 완전 만족합니다.,https://phinf.pstatic.net/checkout.phinf/20210320_238/161625127633752fXi_JPEG/review-attachment-8d547555-b09e-42f7-8133-62b96c0fd4e8.jpeg?type=f300_300,tial****,20.12.31.
64,4,서랍 접는 거 나름대로 할만하고 조립 다 하고나니 튼튼해서 좋아요,https://phinf.pstatic.net/checkout.phinf/20210317_79/1615991623938LP6Tt_JPEG/review-attachment-4f0fb223-188a-4857-966b-cca642e40fa5.jpeg?type=f300_300,hart****,21.01.16.
65,5,조립하기 쉬워요...,https://phinf.pstatic.net/checkout.phinf/20210326_128/1616734837348fnCTR_JPEG/review-attachment-38d39966-f7f3-4a7f-8b9b-c6dd145fbdee.jpeg?type=f300_300,met0****,21.02.16.
66,5,조립하기 어려웠지만 조립 하니까 너무 좋습니다,https://phinf.pstatic.net/checkout.phinf/20210326_90/1616725765589EluUh_JPEG/review-attachment-3ce5a608-3e5c-41f3-b53e-932b43874a21.jpeg?type=f300_300,tman****,21.02.07.
67,4,"너무마음에들어요
아직은비싼것보다 가성비좋은걸찾다가 구매했는데 좋아요^^",https://phinf.pstatic.net/checkout.phinf/20210311_181/16153908219153d6MN_JPEG/review-attachment-2a742365-113f-4473-96e2-33e6626a2576.jpeg?type=f300_300,hasu****,21.01.12.
68,5,5단서랍장을 주문했는데 4.1단이왔어요 반품하려다가 그냥씁니다. 조립도 설명서보다 유투브가 더 빠르네요 상품은 가격대비 만족해요 2개1시간걸렸네요,https://phinf.pstatic.net/checkout.phinf/20210118_182/1610896999532lT0GN_JPEG/review-attachment-ebb210c9-c2f4-49b0-b059-64204ec41bd2.jpeg?type=f300_300,hj10****,21.01.22.
69,4,가성비 좋아요 예쁘구요,https://phinf.pstatic.net/image.nmv/shopnbuyer_2021_01_11_0/f1f667ae-53b7-11eb-9ca7-48df379ccacc_03.jpg?type=ffn300_300,4264****,21.01.21.
70,5,만드는거 재밌고 ㅋㅋ엄청 쉬워요,https://phinf.pstatic.net/checkout.phinf/20210303_251/1614745157783pfCAY_JPEG/review-attachment-88681ab3-ca32-4489-ad2d-95dc212587fa.jpeg?type=f300_300,mfrj****,21.01.16.
71,5,완전 쌩한 화이트가 아니라서 더 예쁜 것 같아요! 두개 구매해서 두개 함께 조립하는데 한시간정도 걸렸어요! 설명 보니까 쉽던데 어렵다고 하시는분들은 그림을 제대로 안 보시는듯..?,https://phinf.pstatic.net/checkout.phinf/20210311_76/1615390281821YudiK_JPEG/review-attachment-b464f07f-2e49-4620-8ac3-a967ee217cf4.jpeg?type=f300_300,only****,20.12.25.
72,4,크기가 작아서 구석에 수납함으로 넣기 딱이에요 굳,https://phinf.pstatic.net/image.nmv/shopnbuyer_2021_01_04_0/5e8e494f-4e77-11eb-a803-a0369ff94ec8_03.jpg?type=ffn300_300,nnn9****,21.01.11.
73,5,조립이 진짜진자 힘들고 어렵습니다. 힘 안좋으신분들은 더 힘들것같아요. 그리고 제품이 견고하지않아요. 조립 꿀팁 드리자면 네이버에 마켓비 서랍장 조립 이라고 치시면 다른사람들 하는 영상있으니까 참고하세요,https://phinf.pstatic.net/checkout.phinf/20210206_297/1612617030683Q87H5_JPEG/review-attachment-19ca8ceb-bf30-4587-917c-206c591be48a.jpeg?type=f300_300,ayun****,21.01.07.
74,5,사이즈 딱 좋아요~,https://phinf.pstatic.net/checkout.phinf/20210109_70/16101906551308Ew4b_JPEG/review-attachment-ae096340-30e9-476c-9c65-a06dae905b7b.jpeg?type=f300_300,tens****,21.02.06.
75,5,배송 빨라요~ 그런데 판에 연필자국이 여러군데 있었고 파란색으로 색이 좀 변한부분이 있었음..,https://phinf.pstatic.net/checkout.phinf/20210217_152/1613548771381kgxE0_JPEG/review-attachment-ec0bf13f-127c-4807-b7ff-215e61e38608.jpeg?type=f300_300,gyth****,20.12.30.
76,5,깔끔하니 예뻐요 책상서랍으로 좋아요,https://phinf.pstatic.net/checkout.phinf/20210201_256/1612158639663gWLlS_JPEG/review-attachment-6c3ab54c-ce94-48de-bc96-ddea7c5677c9.jpeg?type=f300_300,ask9****,21.01.01.
77,4,"잘받았습니다 
잘쓰겠습니다 
재구매입니다 
즐판하세요",https://phinf.pstatic.net/checkout.phinf/20210309_10/16152439300846KTnU_JPEG/review-attachment-648bac49-8976-40ff-8778-004367ea27a9.jpeg?type=f300_300,jnen****,21.01.06.
78,5,좋습니다ㅡ조립도했어요,https://phinf.pstatic.net/checkout.phinf/20210323_223/1616458526071AaqWQ_JPEG/review-attachment-b01b5078-701c-445a-995a-a65075ce3b75.jpeg?type=f300_300,khl5****,21.01.11.
79,3,배송은 빨라요~ 상품은 너무 힘이 없네요... 서랍들이 한쪽으로 다 기울어요... 기존꺼는 견고했는데 ...,https://phinf.pstatic.net/checkout.phinf/20210302_101/1614654860303pmVPk_JPEG/review-attachment-e88d5520-b325-4620-b560-31182671b8a5.jpeg?type=f300_300,bj01****,20.12.23.
80,3,가성비좋아요 만족해서 하나더구입했는데 그건불량이였어요 ㅜㅜ,https://phinf.pstatic.net/checkout.phinf/20210309_10/16152439300846KTnU_JPEG/review-attachment-648bac49-8976-40ff-8778-004367ea27a9.jpeg?type=f300_300,whdm****,20.12.27.
81,5,간단한 조립 빠른 배송,https://phinf.pstatic.net/checkout.phinf/20210323_223/1616458526071AaqWQ_JPEG/review-attachment-b01b5078-701c-445a-995a-a65075ce3b75.jpeg?type=f300_300,hoci****,21.01.25.
82,5,깔끔하고 조립도 그렇게 어렵지않네요. 역시 가성비 꿏템입니다,https://phinf.pstatic.net/checkout.phinf/20210302_101/1614654860303pmVPk_JPEG/review-attachment-e88d5520-b325-4620-b560-31182671b8a5.jpeg?type=f300_300,yena****,20.12.20.
83,5,튼튼하구 아주 잘 쓰고있슴당,https://phinf.pstatic.net/checkout.phinf/20210320_238/161625127633752fXi_JPEG/review-attachment-8d547555-b09e-42f7-8133-62b96c0fd4e8.jpeg?type=f300_300,1100****,21.01.22.
84,4,"여자혼자 조립하는데 50분정도 걸린것같애요. (이런거 못하는편) 
쉽고 제품도 만족스럽고 너무 좋네요!!",https://phinf.pstatic.net/checkout.phinf/20210317_79/1615991623938LP6Tt_JPEG/review-attachment-4f0fb223-188a-4857-966b-cca642e40fa5.jpeg?type=f300_300,ehdg****,20.12.15.
85,5,"가격대비 넘 좋네요^^
조립할때 첨엔 헷갈리던데 차근차근하니 완성해서 정리하고 있네요",https://phinf.pstatic.net/checkout.phinf/20210326_128/1616734837348fnCTR_JPEG/review-attachment-38d39966-f7f3-4a7f-8b9b-c6dd145fbdee.jpeg?type=f300_300,ddor****,20.12.14.
86,5,"감사합니다 잘쓰겠습니다 
조립도 간단하고 아주좋습니다",https://phinf.pstatic.net/checkout.phinf/20210326_90/1616725765589EluUh_JPEG/review-attachment-3ce5a608-3e5c-41f3-b53e-932b43874a21.jpeg?type=f300_300,jnen****,20.12.15.
87,5,재구매 했습니다 ! 배송도 빨라용,https://phinf.pstatic.net/checkout.phinf/20210311_181/16153908219153d6MN_JPEG/review-attachment-2a742365-113f-4473-96e2-33e6626a2576.jpeg?type=f300_300,thda****,20.12.23.
88,5,"부속품이 얇아 휘어지고, 조립이라고 하기엔, 좀 종이접기....생각이 났어요. 마켓비는 디자인면이 우수한편이나, 제품을 실제로 만나니, 많이 불편했습니다. 조립을 기대하며 시작해 버렸으니, 그냥 씁니다. 서랍도 몇번이나 앞으로 떨어졌네요. 아들이 쓰면서요",https://phinf.pstatic.net/checkout.phinf/20210118_182/1610896999532lT0GN_JPEG/review-attachment-ebb210c9-c2f4-49b0-b059-64204ec41bd2.jpeg?type=f300_300,capo****,20.12.20.
89,5,조립도 간단하고 쉽네요 네임택은 잘 빠져서 양면으로 고정했어요,https://phinf.pstatic.net/image.nmv/shopnbuyer_2021_01_11_0/f1f667ae-53b7-11eb-9ca7-48df379ccacc_03.jpg?type=ffn300_300,silo****,20.12.13.
90,5,"뚜껑이찌그러져있었어요,,,",https://phinf.pstatic.net/checkout.phinf/20210303_251/1614745157783pfCAY_JPEG/review-attachment-88681ab3-ca32-4489-ad2d-95dc212587fa.jpeg?type=f300_300,cfat****,20.12.12.
91,5,깔끔하고 좋아용 굿굿,https://phinf.pstatic.net/checkout.phinf/20210311_76/1615390281821YudiK_JPEG/review-attachment-b464f07f-2e49-4620-8ac3-a967ee217cf4.jpeg?type=f300_300,5979****,20.12.24.
92,2,와 진짜 오른쪽 왼쪽 신경써서 조립하세요 다 해놨다가 반대로 해서 처음부터 다시 해서 시간 엄청 걸렸어요 ㅠㅠㅠ 글 정보에 헷갈리는거 있으니까 꼭 참고하세요 ! 다 조립하니까 이 가격에 좋네요 ㅎㅎ,https://phinf.pstatic.net/image.nmv/shopnbuyer_2021_01_04_0/5e8e494f-4e77-11eb-a803-a0369ff94ec8_03.jpg?type=ffn300_300,rlaw****,20.12.01.
93,4,조립하기가 좀 빡세긴한데 ㅠㅠ 제품은 가격대비 젛아요<,https://phinf.pstatic.net/checkout.phinf/20210206_297/1612617030683Q87H5_JPEG/review-attachment-19ca8ceb-bf30-4587-917c-206c591be48a.jpeg?type=f300_300,miss****,20.12.14.
94,5,조립도 어렵지 않고 바퀴 안달을거면 공구도 필요 없네요 장갑은 꼭 끼고 조립 해야될것 같아요,https://phinf.pstatic.net/checkout.phinf/20210109_70/16101906551308Ew4b_JPEG/review-attachment-ae096340-30e9-476c-9c65-a06dae905b7b.jpeg?type=f300_300,hera****,20.11.28.
95,5,수납공간이 많아졌어요. 조립할때 왼쪽오른쪽 꼭 보고하세요.,https://phinf.pstatic.net/checkout.phinf/20210217_152/1613548771381kgxE0_JPEG/review-attachment-ec0bf13f-127c-4807-b7ff-215e61e38608.jpeg?type=f300_300,desi****,20.12.10.
96,5,조립하기도쉽고좋아요,https://phinf.pstatic.net/checkout.phinf/20210201_256/1612158639663gWLlS_JPEG/review-attachment-6c3ab54c-ce94-48de-bc96-ddea7c5677c9.jpeg?type=f300_300,kang****,21.01.07.
97,5,설명서가 좀 불친절해서 아쉬웠는데 물건은 만족합니다,https://phinf.pstatic.net/checkout.phinf/20210309_10/16152439300846KTnU_JPEG/review-attachment-648bac49-8976-40ff-8778-004367ea27a9.jpeg?type=f300_300,rudd****,20.12.11.
98,5,조립하느라 손아파서 혼났지만 확싱히 튼튼하고 좋은거 같아요 간단히 수납하기 좋아여,https://phinf.pstatic.net/checkout.phinf/20210323_223/1616458526071AaqWQ_JPEG/review-attachment-b01b5078-701c-445a-995a-a65075ce3b75.jpeg?type=f300_300,sang****,20.12.16.
99,5,설명서로는 조금 부족해서 다른 분 블로그 보면서 했어요! 가격대비 만족입니다,https://phinf.pstatic.net/checkout.phinf/20210302_101/1614654860303pmVPk_JPEG/review-attachment-e88d5520-b325-4620-b560-31182671b8a5.jpeg?type=f300_300,hiy6****,20.12.19.
