﻿,star,review,reviewImage,customerId,reviewDate
0,5,수납력 좋고 우선 이쁘네요. 엄마가 무지 만족해 합니다. 방이 훤해졌어요,https://phinf.pstatic.net/checkout.phinf/20210309_10/16152439300846KTnU_JPEG/review-attachment-648bac49-8976-40ff-8778-004367ea27a9.jpeg?type=f300_300,ooom****,21.03.08.
1,3,생각보다 사이즈가   커서  놀랐어요,https://phinf.pstatic.net/checkout.phinf/20210323_223/1616458526071AaqWQ_JPEG/review-attachment-b01b5078-701c-445a-995a-a65075ce3b75.jpeg?type=f300_300,hell****,21.03.25.
2,3,디자인은 좋고 괜찮아요 많이 튼튼해보이진 않치만 적당히 수납하면 괜찮아요,https://phinf.pstatic.net/checkout.phinf/20210302_101/1614654860303pmVPk_JPEG/review-attachment-e88d5520-b325-4620-b560-31182671b8a5.jpeg?type=f300_300,jun5****,20.11.25.
3,3,"까사미아..이름대로 가구는 예쁩니다.색도 고급진 흰색이구요. 서랍의 크기 깊이도 옷이 충분히 들어가는 좋은 깊이를 가졌습니다. 그런데 가구냄새가 생각보다 많이나서 가구온지 이틀째 방에서 못자고 있어요ㅜㅜ
그리고 서랍레일이 한군데씩 덜컥 거리고 닫혀서 레일이 조금더 좋았으면 하는 아쉬움이 듭니다.
가구냄새, 서랍문제로 별두개를 뺐어요.",https://phinf.pstatic.net/checkout.phinf/20210320_238/161625127633752fXi_JPEG/review-attachment-8d547555-b09e-42f7-8133-62b96c0fd4e8.jpeg?type=f300_300,simb****,20.10.23.
4,5,"도장서랍장을 찾다가 까사미아거라 믿고 구매 했는데  디자인은 이쁜데 레일은 튼튼해보이지 않아요 튼튼한 레일로 해놓으셨으면 더 좋았겠어요 ~
서랍을 열때 드륵하고 걸리는곳두 있어요
교환하기 귀찮아 그냥 씁니다~",https://phinf.pstatic.net/checkout.phinf/20210317_79/1615991623938LP6Tt_JPEG/review-attachment-4f0fb223-188a-4857-966b-cca642e40fa5.jpeg?type=f300_300,k343****,20.10.16.
5,3,잘받았어요~디자인은 맘레들어요,https://phinf.pstatic.net/checkout.phinf/20210326_128/1616734837348fnCTR_JPEG/review-attachment-38d39966-f7f3-4a7f-8b9b-c6dd145fbdee.jpeg?type=f300_300,jun5****,20.10.28.
6,3,설치기사님이 가신뒤에 옷넣으려고보니 양쪽서랍높이가 다르더라구요. 고객센터 전화하니 AS는 열흘뒤 방문..ㅜㅜ 예쁜 가구 덕분에 좋았던 기분이 속상함으로 바뀌네요. AS까지 무사히 마무리되길 기다리고 있습니다.,https://phinf.pstatic.net/checkout.phinf/20210326_90/1616725765589EluUh_JPEG/review-attachment-3ce5a608-3e5c-41f3-b53e-932b43874a21.jpeg?type=f300_300,dhs2****,20.10.14.
7,3,깔끔합니다. 다만 여닫을때 부드럽진 않네요... 요즘 가구들 잘나오는데 의외의 품질이요,https://phinf.pstatic.net/checkout.phinf/20210311_181/16153908219153d6MN_JPEG/review-attachment-2a742365-113f-4473-96e2-33e6626a2576.jpeg?type=f300_300,puri****,20.10.21.
8,3,깔끔하고 서랍도깁어 유용하게 사용잘할것같아요~,https://phinf.pstatic.net/checkout.phinf/20210118_182/1610896999532lT0GN_JPEG/review-attachment-ebb210c9-c2f4-49b0-b059-64204ec41bd2.jpeg?type=f300_300,nara****,20.11.18.
9,3,잘받앗어요 감사합니다,https://phinf.pstatic.net/image.nmv/shopnbuyer_2021_01_11_0/f1f667ae-53b7-11eb-9ca7-48df379ccacc_03.jpg?type=ffn300_300,vote****,20.10.22.
10,4,가격은 있지만 좋습니다,https://phinf.pstatic.net/checkout.phinf/20210303_251/1614745157783pfCAY_JPEG/review-attachment-88681ab3-ca32-4489-ad2d-95dc212587fa.jpeg?type=f300_300,koje****,20.11.02.
11,5,깔끔하고 괜찮습니다,https://phinf.pstatic.net/checkout.phinf/20210311_76/1615390281821YudiK_JPEG/review-attachment-b464f07f-2e49-4620-8ac3-a967ee217cf4.jpeg?type=f300_300,moon****,20.10.29.
12,5,사이즈 넉넉하고 색상도 딱 좋아요.,https://phinf.pstatic.net/image.nmv/shopnbuyer_2021_01_04_0/5e8e494f-4e77-11eb-a803-a0369ff94ec8_03.jpg?type=ffn300_300,jeki****,20.10.17.
13,5,좋아요 마음에들어요 굿,https://phinf.pstatic.net/checkout.phinf/20210206_297/1612617030683Q87H5_JPEG/review-attachment-19ca8ceb-bf30-4587-917c-206c591be48a.jpeg?type=f300_300,glas****,20.09.24.
14,5,"무척 맘에 듭니당
앞으로도 까사미아 제품 많이 이용할것같아요
냄새 나서 베이크아웃했어요",https://phinf.pstatic.net/checkout.phinf/20210109_70/16101906551308Ew4b_JPEG/review-attachment-ae096340-30e9-476c-9c65-a06dae905b7b.jpeg?type=f300_300,cher****,20.08.03.
15,4,"배송은 늦었지만 기다린 보람이 있어요
이뻐요 잘쓸게요~",https://phinf.pstatic.net/checkout.phinf/20210217_152/1613548771381kgxE0_JPEG/review-attachment-ec0bf13f-127c-4807-b7ff-215e61e38608.jpeg?type=f300_300,kalu****,20.07.06.
16,5,"화면이랑~~똑같아요. 흰색이라 깔끔하고, 수납할 공간이 커서 좋아요.^^",https://phinf.pstatic.net/checkout.phinf/20210201_256/1612158639663gWLlS_JPEG/review-attachment-6c3ab54c-ce94-48de-bc96-ddea7c5677c9.jpeg?type=f300_300,hjw2****,20.06.04.
17,5,배송도 좋았고 상품도 이뻐요,https://phinf.pstatic.net/checkout.phinf/20210309_10/16152439300846KTnU_JPEG/review-attachment-648bac49-8976-40ff-8778-004367ea27a9.jpeg?type=f300_300,dfly****,20.06.05.
18,5,배송도 빠르고 설치도 굿! 제품도 굿!,https://phinf.pstatic.net/checkout.phinf/20210323_223/1616458526071AaqWQ_JPEG/review-attachment-b01b5078-701c-445a-995a-a65075ce3b75.jpeg?type=f300_300,dont****,20.06.11.
19,3,이뻐요 잘샀어요 ㅎ,https://phinf.pstatic.net/checkout.phinf/20210302_101/1614654860303pmVPk_JPEG/review-attachment-e88d5520-b325-4620-b560-31182671b8a5.jpeg?type=f300_300,asky****,20.01.24.
20,5,수납력 좋고 우선 이쁘네요. 엄마가 무지 만족해 합니다. 방이 훤해졌어요,https://phinf.pstatic.net/checkout.phinf/20210309_10/16152439300846KTnU_JPEG/review-attachment-648bac49-8976-40ff-8778-004367ea27a9.jpeg?type=f300_300,ooom****,21.03.08.
21,3,생각보다 사이즈가   커서  놀랐어요,https://phinf.pstatic.net/checkout.phinf/20210323_223/1616458526071AaqWQ_JPEG/review-attachment-b01b5078-701c-445a-995a-a65075ce3b75.jpeg?type=f300_300,hell****,21.03.25.
22,3,디자인은 좋고 괜찮아요 많이 튼튼해보이진 않치만 적당히 수납하면 괜찮아요,https://phinf.pstatic.net/checkout.phinf/20210302_101/1614654860303pmVPk_JPEG/review-attachment-e88d5520-b325-4620-b560-31182671b8a5.jpeg?type=f300_300,jun5****,20.11.25.
23,3,"까사미아..이름대로 가구는 예쁩니다.색도 고급진 흰색이구요. 서랍의 크기 깊이도 옷이 충분히 들어가는 좋은 깊이를 가졌습니다. 그런데 가구냄새가 생각보다 많이나서 가구온지 이틀째 방에서 못자고 있어요ㅜㅜ
그리고 서랍레일이 한군데씩 덜컥 거리고 닫혀서 레일이 조금더 좋았으면 하는 아쉬움이 듭니다.
가구냄새, 서랍문제로 별두개를 뺐어요.",https://phinf.pstatic.net/checkout.phinf/20210320_238/161625127633752fXi_JPEG/review-attachment-8d547555-b09e-42f7-8133-62b96c0fd4e8.jpeg?type=f300_300,simb****,20.10.23.
24,5,"도장서랍장을 찾다가 까사미아거라 믿고 구매 했는데  디자인은 이쁜데 레일은 튼튼해보이지 않아요 튼튼한 레일로 해놓으셨으면 더 좋았겠어요 ~
서랍을 열때 드륵하고 걸리는곳두 있어요
교환하기 귀찮아 그냥 씁니다~",https://phinf.pstatic.net/checkout.phinf/20210317_79/1615991623938LP6Tt_JPEG/review-attachment-4f0fb223-188a-4857-966b-cca642e40fa5.jpeg?type=f300_300,k343****,20.10.16.
25,3,잘받았어요~디자인은 맘레들어요,https://phinf.pstatic.net/checkout.phinf/20210326_128/1616734837348fnCTR_JPEG/review-attachment-38d39966-f7f3-4a7f-8b9b-c6dd145fbdee.jpeg?type=f300_300,jun5****,20.10.28.
26,3,설치기사님이 가신뒤에 옷넣으려고보니 양쪽서랍높이가 다르더라구요. 고객센터 전화하니 AS는 열흘뒤 방문..ㅜㅜ 예쁜 가구 덕분에 좋았던 기분이 속상함으로 바뀌네요. AS까지 무사히 마무리되길 기다리고 있습니다.,https://phinf.pstatic.net/checkout.phinf/20210326_90/1616725765589EluUh_JPEG/review-attachment-3ce5a608-3e5c-41f3-b53e-932b43874a21.jpeg?type=f300_300,dhs2****,20.10.14.
27,3,깔끔합니다. 다만 여닫을때 부드럽진 않네요... 요즘 가구들 잘나오는데 의외의 품질이요,https://phinf.pstatic.net/checkout.phinf/20210311_181/16153908219153d6MN_JPEG/review-attachment-2a742365-113f-4473-96e2-33e6626a2576.jpeg?type=f300_300,puri****,20.10.21.
28,3,깔끔하고 서랍도깁어 유용하게 사용잘할것같아요~,https://phinf.pstatic.net/checkout.phinf/20210118_182/1610896999532lT0GN_JPEG/review-attachment-ebb210c9-c2f4-49b0-b059-64204ec41bd2.jpeg?type=f300_300,nara****,20.11.18.
29,3,잘받앗어요 감사합니다,https://phinf.pstatic.net/image.nmv/shopnbuyer_2021_01_11_0/f1f667ae-53b7-11eb-9ca7-48df379ccacc_03.jpg?type=ffn300_300,vote****,20.10.22.
30,4,가격은 있지만 좋습니다,https://phinf.pstatic.net/checkout.phinf/20210303_251/1614745157783pfCAY_JPEG/review-attachment-88681ab3-ca32-4489-ad2d-95dc212587fa.jpeg?type=f300_300,koje****,20.11.02.
31,5,깔끔하고 괜찮습니다,https://phinf.pstatic.net/checkout.phinf/20210311_76/1615390281821YudiK_JPEG/review-attachment-b464f07f-2e49-4620-8ac3-a967ee217cf4.jpeg?type=f300_300,moon****,20.10.29.
32,5,사이즈 넉넉하고 색상도 딱 좋아요.,https://phinf.pstatic.net/image.nmv/shopnbuyer_2021_01_04_0/5e8e494f-4e77-11eb-a803-a0369ff94ec8_03.jpg?type=ffn300_300,jeki****,20.10.17.
33,5,좋아요 마음에들어요 굿,https://phinf.pstatic.net/checkout.phinf/20210206_297/1612617030683Q87H5_JPEG/review-attachment-19ca8ceb-bf30-4587-917c-206c591be48a.jpeg?type=f300_300,glas****,20.09.24.
34,5,"무척 맘에 듭니당
앞으로도 까사미아 제품 많이 이용할것같아요
냄새 나서 베이크아웃했어요",https://phinf.pstatic.net/checkout.phinf/20210109_70/16101906551308Ew4b_JPEG/review-attachment-ae096340-30e9-476c-9c65-a06dae905b7b.jpeg?type=f300_300,cher****,20.08.03.
35,4,"배송은 늦었지만 기다린 보람이 있어요
이뻐요 잘쓸게요~",https://phinf.pstatic.net/checkout.phinf/20210217_152/1613548771381kgxE0_JPEG/review-attachment-ec0bf13f-127c-4807-b7ff-215e61e38608.jpeg?type=f300_300,kalu****,20.07.06.
36,5,"화면이랑~~똑같아요. 흰색이라 깔끔하고, 수납할 공간이 커서 좋아요.^^",https://phinf.pstatic.net/checkout.phinf/20210201_256/1612158639663gWLlS_JPEG/review-attachment-6c3ab54c-ce94-48de-bc96-ddea7c5677c9.jpeg?type=f300_300,hjw2****,20.06.04.
37,5,배송도 좋았고 상품도 이뻐요,https://phinf.pstatic.net/checkout.phinf/20210309_10/16152439300846KTnU_JPEG/review-attachment-648bac49-8976-40ff-8778-004367ea27a9.jpeg?type=f300_300,dfly****,20.06.05.
38,5,배송도 빠르고 설치도 굿! 제품도 굿!,https://phinf.pstatic.net/checkout.phinf/20210323_223/1616458526071AaqWQ_JPEG/review-attachment-b01b5078-701c-445a-995a-a65075ce3b75.jpeg?type=f300_300,dont****,20.06.11.
39,3,이뻐요 잘샀어요 ㅎ,https://phinf.pstatic.net/checkout.phinf/20210302_101/1614654860303pmVPk_JPEG/review-attachment-e88d5520-b325-4620-b560-31182671b8a5.jpeg?type=f300_300,asky****,20.01.24.
