﻿,star,review,reviewImage,customerId,reviewDate
0,5,뷰티샵 매장에 두려고 구매했는데 너무 만족스러워요. 고급지고 예쁨.,https://phinf.pstatic.net/checkout.phinf/20210309_10/16152439300846KTnU_JPEG/review-attachment-648bac49-8976-40ff-8778-004367ea27a9.jpeg?type=f300_300,blac****,21.03.06.
1,5,"아주 깔끔하고 이쁘네요
생각보다 커서 코너에 못넣고 거실에 꺼내놨습니다~",https://phinf.pstatic.net/checkout.phinf/20210323_223/1616458526071AaqWQ_JPEG/review-attachment-b01b5078-701c-445a-995a-a65075ce3b75.jpeg?type=f300_300,suno****,21.03.03.
2,5,배송 7일 소요.상품은 가격대비 종습니다,https://phinf.pstatic.net/checkout.phinf/20210302_101/1614654860303pmVPk_JPEG/review-attachment-e88d5520-b325-4620-b560-31182671b8a5.jpeg?type=f300_300,ljw4****,21.03.22.
3,4,배송 7일 소요.상품은 가격대비 종습니다,https://phinf.pstatic.net/checkout.phinf/20210320_238/161625127633752fXi_JPEG/review-attachment-8d547555-b09e-42f7-8133-62b96c0fd4e8.jpeg?type=f300_300,ljw4****,21.03.22.
4,5,두번째 구매입니다 생가보다 적게 들어가지만 깔끔합니다,https://phinf.pstatic.net/checkout.phinf/20210317_79/1615991623938LP6Tt_JPEG/review-attachment-4f0fb223-188a-4857-966b-cca642e40fa5.jpeg?type=f300_300,sooy****,21.02.20.
5,5,"생각했던거보다 크지만 이뻐요 
수평이안맞아서 그런지 달그락거리는건 어쩔수없겠죠",https://phinf.pstatic.net/checkout.phinf/20210326_128/1616734837348fnCTR_JPEG/review-attachment-38d39966-f7f3-4a7f-8b9b-c6dd145fbdee.jpeg?type=f300_300,ksks****,21.02.03.
6,5,배송이 정말빠름 너무좀사요,https://phinf.pstatic.net/checkout.phinf/20210326_90/1616725765589EluUh_JPEG/review-attachment-3ce5a608-3e5c-41f3-b53e-932b43874a21.jpeg?type=f300_300,miyo****,21.01.16.
7,5,배송이 너무빨랐어요,https://phinf.pstatic.net/checkout.phinf/20210311_181/16153908219153d6MN_JPEG/review-attachment-2a742365-113f-4473-96e2-33e6626a2576.jpeg?type=f300_300,miyo****,21.01.16.
8,5,이뻐요! 생각보다작아오,https://phinf.pstatic.net/checkout.phinf/20210118_182/1610896999532lT0GN_JPEG/review-attachment-ebb210c9-c2f4-49b0-b059-64204ec41bd2.jpeg?type=f300_300,hawa****,21.01.28.
9,4,"미리연락주시고 원하는 날자 시간에 최대한 마춰주셨습니다.
친절하게 잘해주셔서 좋았어요",https://phinf.pstatic.net/image.nmv/shopnbuyer_2021_01_11_0/f1f667ae-53b7-11eb-9ca7-48df379ccacc_03.jpg?type=ffn300_300,bomm****,20.12.31.
10,5,"설치기사님의 친절한 설명과 설치를 잘해주셨어요~
가구냄새도 많이 안나고 생각한 시간보다 일찍 도착했어요~~가구도 넘 이뻐요~
아직 정리안된 사진만 올려요~~",https://phinf.pstatic.net/checkout.phinf/20210303_251/1614745157783pfCAY_JPEG/review-attachment-88681ab3-ca32-4489-ad2d-95dc212587fa.jpeg?type=f300_300,9593****,20.11.19.
11,5,가성비 대비 괜찮습니다..가운데 다리가 하나여서인지 중심이 잘 안잡힙니다..,https://phinf.pstatic.net/checkout.phinf/20210311_76/1615390281821YudiK_JPEG/review-attachment-b464f07f-2e49-4620-8ac3-a967ee217cf4.jpeg?type=f300_300,6571****,20.12.19.
12,5,"기사님이 일정 잡으셔놓고 그 다음날 핸드폰 꺼놓고 잠수 타셨어요.

아침부터 계속 기다렸는데ㅡㅡ 할 수 없이 나갔는데 나간지 얼마안돼서

뜬금없이 다른 비슷한 번호로 젊은 분이 12시 30분까지 온다고해서 화난거 누르고 전달이 제대로 안됐나보다 싶어서 참고 간건데,,
 
12시 30분에 오신다는 분도 1시 10분쯤 오셨어요.

시간약속 안 지키시나요?

배송일에 잠수타고 시간약속은 엉망이고, L카는 새집인데 보호 매트도 안깔고 바퀴를 쌩으로 끌고 방 안으로 들어오시다니요..

서랍장도 맘에 안들어보이게 만들어주셨어요. 남편도 듣고 화났습니다.

 다시는 온라인에서 가구 안 시킬 것 같아요. 배송 진짜 스트레스 입니다.",https://phinf.pstatic.net/image.nmv/shopnbuyer_2021_01_04_0/5e8e494f-4e77-11eb-a803-a0369ff94ec8_03.jpg?type=ffn300_300,jki1****,20.11.16.
13,5,생각보다 약간 낮고 새가구인데도 먼지도 그렇고 ㅠ 그래도 이왕산거 잘 사용할게요,https://phinf.pstatic.net/checkout.phinf/20210206_297/1612617030683Q87H5_JPEG/review-attachment-19ca8ceb-bf30-4587-917c-206c591be48a.jpeg?type=f300_300,hell****,20.11.17.
14,5,안방이 환해보이고 좋네요 ㅎㅎ,https://phinf.pstatic.net/checkout.phinf/20210109_70/16101906551308Ew4b_JPEG/review-attachment-ae096340-30e9-476c-9c65-a06dae905b7b.jpeg?type=f300_300,v_vm****,20.11.18.
15,3,기사님이 친절하셨어요ㅎ 빠르게 설치해주시고 제품에는 일부 얼룩이 있고 하지만 가격대비 그 정도는 감안해도 될것 같아요,https://phinf.pstatic.net/checkout.phinf/20210217_152/1613548771381kgxE0_JPEG/review-attachment-ec0bf13f-127c-4807-b7ff-215e61e38608.jpeg?type=f300_300,lhyl****,20.08.19.
16,2,서랍장 디자아이 깔끔해서 구입하길 잘한거 같아요,https://phinf.pstatic.net/checkout.phinf/20210201_256/1612158639663gWLlS_JPEG/review-attachment-6c3ab54c-ce94-48de-bc96-ddea7c5677c9.jpeg?type=f300_300,lhyl****,20.09.23.
17,4,화장대가넘이뻐  서랍장주문했어요 리뷰보고 작다는거알았긴한데 수납하기 작긴하내요 6단와이드를살껄후회도되지만  게속보니 넘이뻐요  배송기사분도 친절하시고 잘사용할께요  와이드서랍장 앞뒤길이폭이쫍아 거울이걱정돼요   5단서랍장이랑 앞열맞출라니 ㅜㅜ,https://phinf.pstatic.net/checkout.phinf/20210309_10/16152439300846KTnU_JPEG/review-attachment-648bac49-8976-40ff-8778-004367ea27a9.jpeg?type=f300_300,noww****,20.07.21.
18,5,심플한 디자인에 색상도 맘에들어요,https://phinf.pstatic.net/checkout.phinf/20210323_223/1616458526071AaqWQ_JPEG/review-attachment-b01b5078-701c-445a-995a-a65075ce3b75.jpeg?type=f300_300,dleh****,20.08.26.
19,5,냄새가 너무 나요 ㅠㅠ 한달되는거같은데 아직도...환기 엄청 열심히하구 그래도 ....디자인은 예뻐요,https://phinf.pstatic.net/checkout.phinf/20210302_101/1614654860303pmVPk_JPEG/review-attachment-e88d5520-b325-4620-b560-31182671b8a5.jpeg?type=f300_300,wjdq****,20.06.29.
20,5,뷰티샵 매장에 두려고 구매했는데 너무 만족스러워요. 고급지고 예쁨.,https://phinf.pstatic.net/checkout.phinf/20210309_10/16152439300846KTnU_JPEG/review-attachment-648bac49-8976-40ff-8778-004367ea27a9.jpeg?type=f300_300,blac****,21.03.06.
21,5,"아주 깔끔하고 이쁘네요
생각보다 커서 코너에 못넣고 거실에 꺼내놨습니다~",https://phinf.pstatic.net/checkout.phinf/20210323_223/1616458526071AaqWQ_JPEG/review-attachment-b01b5078-701c-445a-995a-a65075ce3b75.jpeg?type=f300_300,suno****,21.03.03.
22,5,배송 7일 소요.상품은 가격대비 종습니다,https://phinf.pstatic.net/checkout.phinf/20210302_101/1614654860303pmVPk_JPEG/review-attachment-e88d5520-b325-4620-b560-31182671b8a5.jpeg?type=f300_300,ljw4****,21.03.22.
23,4,배송 7일 소요.상품은 가격대비 종습니다,https://phinf.pstatic.net/checkout.phinf/20210320_238/161625127633752fXi_JPEG/review-attachment-8d547555-b09e-42f7-8133-62b96c0fd4e8.jpeg?type=f300_300,ljw4****,21.03.22.
24,5,두번째 구매입니다 생가보다 적게 들어가지만 깔끔합니다,https://phinf.pstatic.net/checkout.phinf/20210317_79/1615991623938LP6Tt_JPEG/review-attachment-4f0fb223-188a-4857-966b-cca642e40fa5.jpeg?type=f300_300,sooy****,21.02.20.
25,5,"생각했던거보다 크지만 이뻐요 
수평이안맞아서 그런지 달그락거리는건 어쩔수없겠죠",https://phinf.pstatic.net/checkout.phinf/20210326_128/1616734837348fnCTR_JPEG/review-attachment-38d39966-f7f3-4a7f-8b9b-c6dd145fbdee.jpeg?type=f300_300,ksks****,21.02.03.
26,5,배송이 정말빠름 너무좀사요,https://phinf.pstatic.net/checkout.phinf/20210326_90/1616725765589EluUh_JPEG/review-attachment-3ce5a608-3e5c-41f3-b53e-932b43874a21.jpeg?type=f300_300,miyo****,21.01.16.
27,5,배송이 너무빨랐어요,https://phinf.pstatic.net/checkout.phinf/20210311_181/16153908219153d6MN_JPEG/review-attachment-2a742365-113f-4473-96e2-33e6626a2576.jpeg?type=f300_300,miyo****,21.01.16.
28,5,이뻐요! 생각보다작아오,https://phinf.pstatic.net/checkout.phinf/20210118_182/1610896999532lT0GN_JPEG/review-attachment-ebb210c9-c2f4-49b0-b059-64204ec41bd2.jpeg?type=f300_300,hawa****,21.01.28.
29,4,"미리연락주시고 원하는 날자 시간에 최대한 마춰주셨습니다.
친절하게 잘해주셔서 좋았어요",https://phinf.pstatic.net/image.nmv/shopnbuyer_2021_01_11_0/f1f667ae-53b7-11eb-9ca7-48df379ccacc_03.jpg?type=ffn300_300,bomm****,20.12.31.
30,5,"설치기사님의 친절한 설명과 설치를 잘해주셨어요~
가구냄새도 많이 안나고 생각한 시간보다 일찍 도착했어요~~가구도 넘 이뻐요~
아직 정리안된 사진만 올려요~~",https://phinf.pstatic.net/checkout.phinf/20210303_251/1614745157783pfCAY_JPEG/review-attachment-88681ab3-ca32-4489-ad2d-95dc212587fa.jpeg?type=f300_300,9593****,20.11.19.
31,5,가성비 대비 괜찮습니다..가운데 다리가 하나여서인지 중심이 잘 안잡힙니다..,https://phinf.pstatic.net/checkout.phinf/20210311_76/1615390281821YudiK_JPEG/review-attachment-b464f07f-2e49-4620-8ac3-a967ee217cf4.jpeg?type=f300_300,6571****,20.12.19.
32,5,"기사님이 일정 잡으셔놓고 그 다음날 핸드폰 꺼놓고 잠수 타셨어요.

아침부터 계속 기다렸는데ㅡㅡ 할 수 없이 나갔는데 나간지 얼마안돼서

뜬금없이 다른 비슷한 번호로 젊은 분이 12시 30분까지 온다고해서 화난거 누르고 전달이 제대로 안됐나보다 싶어서 참고 간건데,,
 
12시 30분에 오신다는 분도 1시 10분쯤 오셨어요.

시간약속 안 지키시나요?

배송일에 잠수타고 시간약속은 엉망이고, L카는 새집인데 보호 매트도 안깔고 바퀴를 쌩으로 끌고 방 안으로 들어오시다니요..

서랍장도 맘에 안들어보이게 만들어주셨어요. 남편도 듣고 화났습니다.

 다시는 온라인에서 가구 안 시킬 것 같아요. 배송 진짜 스트레스 입니다.",https://phinf.pstatic.net/image.nmv/shopnbuyer_2021_01_04_0/5e8e494f-4e77-11eb-a803-a0369ff94ec8_03.jpg?type=ffn300_300,jki1****,20.11.16.
33,5,생각보다 약간 낮고 새가구인데도 먼지도 그렇고 ㅠ 그래도 이왕산거 잘 사용할게요,https://phinf.pstatic.net/checkout.phinf/20210206_297/1612617030683Q87H5_JPEG/review-attachment-19ca8ceb-bf30-4587-917c-206c591be48a.jpeg?type=f300_300,hell****,20.11.17.
34,5,안방이 환해보이고 좋네요 ㅎㅎ,https://phinf.pstatic.net/checkout.phinf/20210109_70/16101906551308Ew4b_JPEG/review-attachment-ae096340-30e9-476c-9c65-a06dae905b7b.jpeg?type=f300_300,v_vm****,20.11.18.
35,3,기사님이 친절하셨어요ㅎ 빠르게 설치해주시고 제품에는 일부 얼룩이 있고 하지만 가격대비 그 정도는 감안해도 될것 같아요,https://phinf.pstatic.net/checkout.phinf/20210217_152/1613548771381kgxE0_JPEG/review-attachment-ec0bf13f-127c-4807-b7ff-215e61e38608.jpeg?type=f300_300,lhyl****,20.08.19.
36,2,서랍장 디자아이 깔끔해서 구입하길 잘한거 같아요,https://phinf.pstatic.net/checkout.phinf/20210201_256/1612158639663gWLlS_JPEG/review-attachment-6c3ab54c-ce94-48de-bc96-ddea7c5677c9.jpeg?type=f300_300,lhyl****,20.09.23.
37,4,화장대가넘이뻐  서랍장주문했어요 리뷰보고 작다는거알았긴한데 수납하기 작긴하내요 6단와이드를살껄후회도되지만  게속보니 넘이뻐요  배송기사분도 친절하시고 잘사용할께요  와이드서랍장 앞뒤길이폭이쫍아 거울이걱정돼요   5단서랍장이랑 앞열맞출라니 ㅜㅜ,https://phinf.pstatic.net/checkout.phinf/20210309_10/16152439300846KTnU_JPEG/review-attachment-648bac49-8976-40ff-8778-004367ea27a9.jpeg?type=f300_300,noww****,20.07.21.
38,5,심플한 디자인에 색상도 맘에들어요,https://phinf.pstatic.net/checkout.phinf/20210323_223/1616458526071AaqWQ_JPEG/review-attachment-b01b5078-701c-445a-995a-a65075ce3b75.jpeg?type=f300_300,dleh****,20.08.26.
39,5,냄새가 너무 나요 ㅠㅠ 한달되는거같은데 아직도...환기 엄청 열심히하구 그래도 ....디자인은 예뻐요,https://phinf.pstatic.net/checkout.phinf/20210302_101/1614654860303pmVPk_JPEG/review-attachment-e88d5520-b325-4620-b560-31182671b8a5.jpeg?type=f300_300,wjdq****,20.06.29.
40,5,"분위기있고 예쁜데 서랍들이 조금씩 살짝 나오기 시작해요.
전 특별히 거슬릴정돈 아닌데 사람마다 다 다르니까요",https://phinf.pstatic.net/checkout.phinf/20210309_10/16152439300846KTnU_JPEG/review-attachment-648bac49-8976-40ff-8778-004367ea27a9.jpeg?type=f300_300,myza****,20.07.11.
41,5,한달사용해본 결과  화장대랑 같이 구입했는데 아무래도 세트로 구매한 서랍이라 정돈된 느낌과 마찬가지로 수납은 일반 서랍장과는  좀 작은 사이즈지만 작은방에는 오히려 효울적입니다 깔끔하고 사용하기에는 불편함없이 만족합니다,https://phinf.pstatic.net/checkout.phinf/20210323_223/1616458526071AaqWQ_JPEG/review-attachment-b01b5078-701c-445a-995a-a65075ce3b75.jpeg?type=f300_300,gkdl****,20.05.21.
42,5,"좋아요.
벽지가 흰색이면 꼭 회색으로하세요.
있어보여요.",https://phinf.pstatic.net/checkout.phinf/20210302_101/1614654860303pmVPk_JPEG/review-attachment-e88d5520-b325-4620-b560-31182671b8a5.jpeg?type=f300_300,myza****,20.07.11.
43,4,배송은 3주정도 걸려서 받았는데 서랍장고 불량이고 아직 as도 처리중입니다...,https://phinf.pstatic.net/checkout.phinf/20210320_238/161625127633752fXi_JPEG/review-attachment-8d547555-b09e-42f7-8133-62b96c0fd4e8.jpeg?type=f300_300,kjh_****,20.07.07.
44,4,다리부분이 좀 약해보여요 깊이가 깊지않아서 아이들이 열때 넘어지지않도록 조심해야되요 디자인이랑은 예뻐요,https://phinf.pstatic.net/checkout.phinf/20210317_79/1615991623938LP6Tt_JPEG/review-attachment-4f0fb223-188a-4857-966b-cca642e40fa5.jpeg?type=f300_300,work****,20.05.17.
45,4,좋은 상품 만족하고 잘 사용하고 있습니다.,https://phinf.pstatic.net/checkout.phinf/20210326_128/1616734837348fnCTR_JPEG/review-attachment-38d39966-f7f3-4a7f-8b9b-c6dd145fbdee.jpeg?type=f300_300,nata****,20.06.22.
46,4,오래기다렸지만  만족합니다~~,https://phinf.pstatic.net/checkout.phinf/20210326_90/1616725765589EluUh_JPEG/review-attachment-3ce5a608-3e5c-41f3-b53e-932b43874a21.jpeg?type=f300_300,jkos****,20.06.18.
47,2,"깔끔하구요,   손잡이, 가구다리부분 포인트되고 이쁩니다 단, 수납은 좀 작은듯해요",https://phinf.pstatic.net/checkout.phinf/20210311_181/16153908219153d6MN_JPEG/review-attachment-2a742365-113f-4473-96e2-33e6626a2576.jpeg?type=f300_300,gkdl****,20.04.19.
48,3,배송은 좀 오래걸렸는데 ㅈ니ㅣ품 깔끔하니 좋아요,https://phinf.pstatic.net/checkout.phinf/20210118_182/1610896999532lT0GN_JPEG/review-attachment-ebb210c9-c2f4-49b0-b059-64204ec41bd2.jpeg?type=f300_300,onep****,20.05.26.
49,5,"디자인 깔끔하고 이뻐요
배송 기사분이 친절하시고 설치 꼼꼼히해주세요",https://phinf.pstatic.net/image.nmv/shopnbuyer_2021_01_11_0/f1f667ae-53b7-11eb-9ca7-48df379ccacc_03.jpg?type=ffn300_300,neri****,20.04.23.
50,4,"아주 마음에 듭니다
배송이 한꺼번에 안되고
따로따로 늦게와서 조금 실망했지만
배송해주신분께서 설치 높이까지 다 조절 해주시고 가셨어요
좁은집에 수납형으로 거실장 사용하는데
마음에 듭니다",https://phinf.pstatic.net/checkout.phinf/20210303_251/1614745157783pfCAY_JPEG/review-attachment-88681ab3-ca32-4489-ad2d-95dc212587fa.jpeg?type=f300_300,kyy7****,20.04.02.
51,4,"칼라도 마감도 맘에 들어요.
다리랑 손잡이 골드로포인트준게 맘에 꼭드네요
서랍작다는분있으신데 전 괜찮더라구요
겨울옷은 좀 작게 느껴질수도",https://phinf.pstatic.net/checkout.phinf/20210311_76/1615390281821YudiK_JPEG/review-attachment-b464f07f-2e49-4620-8ac3-a967ee217cf4.jpeg?type=f300_300,myza****,20.04.22.
52,4,"늦게 배송되었지만 만족합니다
택배비가 좀. 많긴 하지만
발품 안팔고도 만족합니다",https://phinf.pstatic.net/image.nmv/shopnbuyer_2021_01_04_0/5e8e494f-4e77-11eb-a803-a0369ff94ec8_03.jpg?type=ffn300_300,kyy7****,20.03.30.
53,4,"칼라도예쁘고 골드로 포인트준게 있어보여요
배송이 좀느려서 별하나뺐습니다.",https://phinf.pstatic.net/checkout.phinf/20210206_297/1612617030683Q87H5_JPEG/review-attachment-19ca8ceb-bf30-4587-917c-206c591be48a.jpeg?type=f300_300,myza****,20.04.22.
54,3,사진 그대로입니다 괜찮네요^^,https://phinf.pstatic.net/checkout.phinf/20210109_70/16101906551308Ew4b_JPEG/review-attachment-ae096340-30e9-476c-9c65-a06dae905b7b.jpeg?type=f300_300,tjsw****,20.05.03.
55,4,깔끔하니 사이즈딱이네요~,https://phinf.pstatic.net/checkout.phinf/20210217_152/1613548771381kgxE0_JPEG/review-attachment-ec0bf13f-127c-4807-b7ff-215e61e38608.jpeg?type=f300_300,isjh****,20.04.10.
56,5,화면만큼 고급스럽게 예쁘구요..식상한 화이트나 오크 이런 스타일의 5단 서랍장 과는 느낌부터 달라  옆에 6단 와이드도 구매하고 싶어요ㅠ서랍높이도 적당하지만 두꺼운 옷넣기엔 무리 같구요~ 오래쓰기엔 볼레일이 최고죠~냄새는 조금 납니다.,https://phinf.pstatic.net/checkout.phinf/20210201_256/1612158639663gWLlS_JPEG/review-attachment-6c3ab54c-ce94-48de-bc96-ddea7c5677c9.jpeg?type=f300_300,vict****,20.02.27.
57,4,"생각보다 작았지만 디자인 깔끔하고 이쁘네요.
모서리에 살짝 깨진부분이 있어 아쉬웠습니다.",https://phinf.pstatic.net/checkout.phinf/20210309_10/16152439300846KTnU_JPEG/review-attachment-648bac49-8976-40ff-8778-004367ea27a9.jpeg?type=f300_300,work****,20.03.13.
58,5,크기가 생각보다 작지만 만족스럽습니다.,https://phinf.pstatic.net/checkout.phinf/20210323_223/1616458526071AaqWQ_JPEG/review-attachment-b01b5078-701c-445a-995a-a65075ce3b75.jpeg?type=f300_300,ek19****,20.03.31.
59,4,저렴한 가격에 디자인도 수남도 모두 만족스러워요..사진보다 실물이 더 색감이 좋은거 같구요..수남공간도 넉넉하고 좋아요..아쉬운점은 문열때 조금 뻣뻣한 느낌이드네요..그거빼고는 잘사용합니다,https://phinf.pstatic.net/checkout.phinf/20210302_101/1614654860303pmVPk_JPEG/review-attachment-e88d5520-b325-4620-b560-31182671b8a5.jpeg?type=f300_300,live****,20.02.26.
