﻿,star,review,reviewImage,customerId,reviewDate
0,5,"고민 많이 했는데 와이드랑 같이 주문했어요
색상은 화면그대로에요 많이 어두워요
조금만 더 밝았음 했으나 고급스럽긴해요
냄새는 조금 나는데 금방빠질것 같구요
수납은 진짜 많이 될것 같아요~~
배송 진짜 빨라요~~
어제 주문했는데 오늘 저녁 7시에 왔어요
거울은 고정이 아니고 거치형이라 아이가 있는집은 조금 위험할 수 있습니다 참고하세요",https://phinf.pstatic.net/checkout.phinf/20210309_10/16152439300846KTnU_JPEG/review-attachment-648bac49-8976-40ff-8778-004367ea27a9.jpeg?type=f300_300,hwlo****,21.03.23.
1,5,견고하고 수납공간도 넓고 색상모두 만족합니다,https://phinf.pstatic.net/checkout.phinf/20210323_223/1616458526071AaqWQ_JPEG/review-attachment-b01b5078-701c-445a-995a-a65075ce3b75.jpeg?type=f300_300,djaw****,21.03.24.
2,5,"화면과 똑같네요
무겁긴하지만 단단하고 오래 쓸수있을거같아요",https://phinf.pstatic.net/checkout.phinf/20210302_101/1614654860303pmVPk_JPEG/review-attachment-e88d5520-b325-4620-b560-31182671b8a5.jpeg?type=f300_300,djaw****,21.03.24.
3,5,깔끔하고 넉넉한수납공간이 맘에쏙들어요 :),https://phinf.pstatic.net/checkout.phinf/20210320_238/161625127633752fXi_JPEG/review-attachment-8d547555-b09e-42f7-8133-62b96c0fd4e8.jpeg?type=f300_300,hsie****,21.03.20.
4,5,"배송은 정말 빠릅니다.
실물은 사진하고 똑같아요. 서랍이 깊어서 좋아요. 수납이 많이 될 것 같아요. ^^",https://phinf.pstatic.net/checkout.phinf/20210317_79/1615991623938LP6Tt_JPEG/review-attachment-4f0fb223-188a-4857-966b-cca642e40fa5.jpeg?type=f300_300,seoa****,21.03.06.
