﻿,star,review,reviewImage,customerId,reviewDate
0,5,좋습니다.정말 비교많이하고 고민하고 오래걸려 구매했는데 튼튼하고 좋아요.다만 제가 키가작아 밑에 다리부분이 높게되있어 조금 아주조금 불편하지만 대체로 만족합니다,https://phinf.pstatic.net/checkout.phinf/20210309_10/16152439300846KTnU_JPEG/review-attachment-648bac49-8976-40ff-8778-004367ea27a9.jpeg?type=f300_300,jin1****,21.03.24.
1,5,"65세인데요^^세번서랍장사용해봤는데요
보르네오,규수방,(예쁘긴한테 가격2배엄청약해요)이번서랍장
그중에 최고로 튼튼합니다.서랍및받침목도단단하고,볼레일도고급이네요.
옆판도원목이고,서랍속도깊고,서랍밑판도튼튼합니다.서랍빼고 운반,했는데,무겁긴무겁습니다^^색상도,아주멋진색이네요.무엇보다.튼튼해서 아주만족입니다.",https://phinf.pstatic.net/checkout.phinf/20210323_223/1616458526071AaqWQ_JPEG/review-attachment-b01b5078-701c-445a-995a-a65075ce3b75.jpeg?type=f300_300,cani****,21.02.22.
2,5,"예상한것보다 배송이 빨랐어요
서랍도 깊고 나무결도 괜찮네요
아기옷장으로 쓰려고산건데 수납이 많이 되어서 좋아요
그리고 제일 좋았던건 냄새가 안난다는거였어요!
친구랑 같이 있을때 배송이 왔는데 마음에 든다고 같은거 시킨다고 하더라고요",https://phinf.pstatic.net/checkout.phinf/20210302_101/1614654860303pmVPk_JPEG/review-attachment-e88d5520-b325-4620-b560-31182671b8a5.jpeg?type=f300_300,pres****,21.03.03.
3,5,넉넉해서 많은 옷 수납이 가능합니다! 받았는데 이상한 가구냄새도 안나고 좋습니다~,https://phinf.pstatic.net/checkout.phinf/20210320_238/161625127633752fXi_JPEG/review-attachment-8d547555-b09e-42f7-8133-62b96c0fd4e8.jpeg?type=f300_300,clfh****,21.03.20.
4,5,"소피아 고무나무 원목 5단 서랍장이랑 소피아 고무나무 원목 1200 와이드 넓은 서랍장 요렇게 두개 샀는데, 와이드 서랍장 리뷰를 너무 정성스럽게 썼더니 진이 약간 빠졌어요ㅋㅋ 하지만.. 판매자분들 신나시라고.. 글고 보시는 분들 도움되시라고 하나 더 적어봅니다 :-)

요건 큰 방에 두고 옷서랍으로 쓰려고 샀어요. 벽지 색 밝아서 그런지 찰떡같이 색이 잘 어울리는데, 사실 어두워도 예쁠거 같아요ㅎㅎㅎ

옷서랍은 서랍 깊이 엄청 중요한거 아시죠.. 진짜 서랍장 구경 엄청 오래 했거든요. 오늘의집 눈팅 단골임. 근데 보통 서랍장이 슈퍼 가성비 생각하면서 '아 이거 괜찮은데 살까' 싶어서 보면 깊이가 엄청.. 후드티 하나 개서 넣으면 꽉 찰 사이즈.. 아니 후드티 들어갈지 말지 모르겠는 그런 사이즈.. 저만 그런 경험 있는거 아니죠.

암튼 근데 요거는 겨울옷 낙낙하게 집어넣을 수 있어요!!!
이참에 옷정리 싹 해서 안입는 옷 버리고 서랍좀 넉넉히 사용해보려구요.
진짜 사이즈 최고 맘에 들어요 :D",https://phinf.pstatic.net/checkout.phinf/20210317_79/1615991623938LP6Tt_JPEG/review-attachment-4f0fb223-188a-4857-966b-cca642e40fa5.jpeg?type=f300_300,wend****,21.01.13.
5,5,배송이 좀 느리지만 크고 좋아요,https://phinf.pstatic.net/checkout.phinf/20210326_128/1616734837348fnCTR_JPEG/review-attachment-38d39966-f7f3-4a7f-8b9b-c6dd145fbdee.jpeg?type=f300_300,pash****,21.03.17.
6,5,주문하고서 그 다음날 배송이 온다는 기사님의 전화를 받고 주문제작상품인데 어떻게 하루만에 오지?!.. 혹시 반품제품을 보내주는건 아닌가?!..라는 의구심이 들어 판매자분께 문의글을드렸었는데 일주일마다 여러개를 제작후 판매하고 그래서 타사 다른제품들보다 좀 더 낮은 가격대에 살 수 있는거라는 답변을 듣고 그런거였구나~! 안심이 되었습니다.   다음날 서랍장을 받고 기사님께서 원하는 위치에 배치시켜주시고 쓰레기처리하시는동안 서랍문도 잘 열리고 닫히는지 어디 까진곳이나 스크래치난곳은 없는지 등등 살펴보니 아무이상없었고 원목답게 아주 묵직하고 튼튼했습니다.   내부서랍 깊이나 높이가 짧고 낮아서 옷이 몇장 안들어가면 어쩌나했는데  옷들이 다 들어가고 아주 좋습니다~   정말 튼튼 그 자체의 서랍장이예요~   잘쓰겠습니다~(의심했던 부분 깊이 사과드립니다 사장님!..  앞으로도 튼튼한제품 많이 만들어주시고 번창하세요~~~^^),https://phinf.pstatic.net/checkout.phinf/20210326_90/1616725765589EluUh_JPEG/review-attachment-3ce5a608-3e5c-41f3-b53e-932b43874a21.jpeg?type=f300_300,rlat****,21.01.23.
7,5,방이 정리가 안되어 서랍장을 한달동안 이리저리 알아보다가 알게 되었어요~ 원목이라도 레일없는 디자인도 많은데 열고 닫기 편하고 깊어 많이 들어갑니다.원목이라 역시 향이 다르구요!! 두개의 서랍장을 사길 정~~말 잘했네요! 완전 예뻐요♡♡ 색도 진하거나 연하지 않은 나무색이구요. 셋뚜셋뚜😊남편도 보더니 와우~ 이사한 것 같다고ㅋㅋㅋ 완전 만족해요~~ 배송기사님도 친절하시고 혼자 무거우실텐데 웃으시며 말씀해주셨어요~가격대가 있어서 받기전까지 걱정했는데 왠걸요ㅋ 잘 사용할게요~감사해요^^.,https://phinf.pstatic.net/checkout.phinf/20210311_181/16153908219153d6MN_JPEG/review-attachment-2a742365-113f-4473-96e2-33e6626a2576.jpeg?type=f300_300,mjeo****,21.01.23.
8,5,"구매 전 많이 검색했는데 가격대비 좋아요!!
이쁘고 튼튼합니다🧡",https://phinf.pstatic.net/checkout.phinf/20210118_182/1610896999532lT0GN_JPEG/review-attachment-ebb210c9-c2f4-49b0-b059-64204ec41bd2.jpeg?type=f300_300,jcye****,21.03.18.
9,4,만족합니다. 가격대비 만족해영 나무 냄새나서 문 열어두었네용,https://phinf.pstatic.net/image.nmv/shopnbuyer_2021_01_11_0/f1f667ae-53b7-11eb-9ca7-48df379ccacc_03.jpg?type=ffn300_300,eunj****,21.02.24.
10,5,크고 튼튼하고 마감도 깔끔하네요,https://phinf.pstatic.net/checkout.phinf/20210303_251/1614745157783pfCAY_JPEG/review-attachment-88681ab3-ca32-4489-ad2d-95dc212587fa.jpeg?type=f300_300,your****,21.03.25.
11,5,"애기방 꾸밀려고 샀어요!!
원목이라 따뜻한 느낌에 짱짱한거같아서 좋네요^^",https://phinf.pstatic.net/checkout.phinf/20210311_76/1615390281821YudiK_JPEG/review-attachment-b464f07f-2e49-4620-8ac3-a967ee217cf4.jpeg?type=f300_300,wvr1****,21.02.22.
12,5,"냄새도 안나고 예쁘고 튼튼해 보이고 좋은데 키가
크네요 키가 작은 사람은 맨위 서랍 사용 하는데
불편 할거 같아요 원하는 날짜에 배송 받아 좋았어요",https://phinf.pstatic.net/image.nmv/shopnbuyer_2021_01_04_0/5e8e494f-4e77-11eb-a803-a0369ff94ec8_03.jpg?type=ffn300_300,yeon****,21.02.13.
13,4,"티비장식장 사고 만족스러워서 이번에 다시 구매했어요. 역시 이번에도 마음에 들어요.
튼튼하고, 하자없이 잘 왔네요^^",https://phinf.pstatic.net/checkout.phinf/20210206_297/1612617030683Q87H5_JPEG/review-attachment-19ca8ceb-bf30-4587-917c-206c591be48a.jpeg?type=f300_300,pret****,21.03.11.
14,5,"생각보다 엄청 크고 튼튼해 보여요
배송도 빨랐고 좋아요",https://phinf.pstatic.net/checkout.phinf/20210109_70/16101906551308Ew4b_JPEG/review-attachment-ae096340-30e9-476c-9c65-a06dae905b7b.jpeg?type=f300_300,vnfv****,21.02.20.
15,5,2월15일 배송지정일 해놧는데.오늘아침에 전화주셔서 오늘오신다고.. 다행히 오늘 신랑이있어서 기다려서 서랍장 받았어요. 너무이뻐요 신랑이잘샀다고 칭찬해줌요 ㅎㅎ,https://phinf.pstatic.net/checkout.phinf/20210217_152/1613548771381kgxE0_JPEG/review-attachment-ec0bf13f-127c-4807-b7ff-215e61e38608.jpeg?type=f300_300,bole****,21.02.04.
16,4,가성비 대비 좋아요~^^,https://phinf.pstatic.net/checkout.phinf/20210201_256/1612158639663gWLlS_JPEG/review-attachment-6c3ab54c-ce94-48de-bc96-ddea7c5677c9.jpeg?type=f300_300,thwj****,21.03.10.
17,5,"리뷰가 없어서 고민했는데 괜한고민..
배송도 딱 일주일만에 왔어요!
기사님도 친절하시고 가격대비 짱좋아요!
궁금한거도 잘 답해주시고 조만간 
하나 더 살 예정 이예요^^
이 가격에 살수 없는 퀄리티..감사합니다 번창하세용",https://phinf.pstatic.net/checkout.phinf/20210309_10/16152439300846KTnU_JPEG/review-attachment-648bac49-8976-40ff-8778-004367ea27a9.jpeg?type=f300_300,miss****,21.01.11.
18,4,"생각보다 배송빨이 왔네요 
서랍장 도튼튼하고 좋아요 감사합니다//",https://phinf.pstatic.net/checkout.phinf/20210323_223/1616458526071AaqWQ_JPEG/review-attachment-b01b5078-701c-445a-995a-a65075ce3b75.jpeg?type=f300_300,kimj****,21.01.24.
19,5,"서랍의 깊이가 정말 맘에 들어요.
바지, 겨울 스웨터, 두꺼운 후드티들도 너무 꾸깃하게 접지 않아도 되어 좋습니다 .
3단 와이드 서랍장과 같이 두니 보기에도 좋아요",https://phinf.pstatic.net/checkout.phinf/20210302_101/1614654860303pmVPk_JPEG/review-attachment-e88d5520-b325-4620-b560-31182671b8a5.jpeg?type=f300_300,73ea****,21.01.06.
20,5,좋습니다.정말 비교많이하고 고민하고 오래걸려 구매했는데 튼튼하고 좋아요.다만 제가 키가작아 밑에 다리부분이 높게되있어 조금 아주조금 불편하지만 대체로 만족합니다,https://phinf.pstatic.net/checkout.phinf/20210309_10/16152439300846KTnU_JPEG/review-attachment-648bac49-8976-40ff-8778-004367ea27a9.jpeg?type=f300_300,jin1****,21.03.24.
21,5,"65세인데요^^세번서랍장사용해봤는데요
보르네오,규수방,(예쁘긴한테 가격2배엄청약해요)이번서랍장
그중에 최고로 튼튼합니다.서랍및받침목도단단하고,볼레일도고급이네요.
옆판도원목이고,서랍속도깊고,서랍밑판도튼튼합니다.서랍빼고 운반,했는데,무겁긴무겁습니다^^색상도,아주멋진색이네요.무엇보다.튼튼해서 아주만족입니다.",https://phinf.pstatic.net/checkout.phinf/20210323_223/1616458526071AaqWQ_JPEG/review-attachment-b01b5078-701c-445a-995a-a65075ce3b75.jpeg?type=f300_300,cani****,21.02.22.
22,5,"예상한것보다 배송이 빨랐어요
서랍도 깊고 나무결도 괜찮네요
아기옷장으로 쓰려고산건데 수납이 많이 되어서 좋아요
그리고 제일 좋았던건 냄새가 안난다는거였어요!
친구랑 같이 있을때 배송이 왔는데 마음에 든다고 같은거 시킨다고 하더라고요",https://phinf.pstatic.net/checkout.phinf/20210302_101/1614654860303pmVPk_JPEG/review-attachment-e88d5520-b325-4620-b560-31182671b8a5.jpeg?type=f300_300,pres****,21.03.03.
23,5,넉넉해서 많은 옷 수납이 가능합니다! 받았는데 이상한 가구냄새도 안나고 좋습니다~,https://phinf.pstatic.net/checkout.phinf/20210320_238/161625127633752fXi_JPEG/review-attachment-8d547555-b09e-42f7-8133-62b96c0fd4e8.jpeg?type=f300_300,clfh****,21.03.20.
24,5,"소피아 고무나무 원목 5단 서랍장이랑 소피아 고무나무 원목 1200 와이드 넓은 서랍장 요렇게 두개 샀는데, 와이드 서랍장 리뷰를 너무 정성스럽게 썼더니 진이 약간 빠졌어요ㅋㅋ 하지만.. 판매자분들 신나시라고.. 글고 보시는 분들 도움되시라고 하나 더 적어봅니다 :-)

요건 큰 방에 두고 옷서랍으로 쓰려고 샀어요. 벽지 색 밝아서 그런지 찰떡같이 색이 잘 어울리는데, 사실 어두워도 예쁠거 같아요ㅎㅎㅎ

옷서랍은 서랍 깊이 엄청 중요한거 아시죠.. 진짜 서랍장 구경 엄청 오래 했거든요. 오늘의집 눈팅 단골임. 근데 보통 서랍장이 슈퍼 가성비 생각하면서 '아 이거 괜찮은데 살까' 싶어서 보면 깊이가 엄청.. 후드티 하나 개서 넣으면 꽉 찰 사이즈.. 아니 후드티 들어갈지 말지 모르겠는 그런 사이즈.. 저만 그런 경험 있는거 아니죠.

암튼 근데 요거는 겨울옷 낙낙하게 집어넣을 수 있어요!!!
이참에 옷정리 싹 해서 안입는 옷 버리고 서랍좀 넉넉히 사용해보려구요.
진짜 사이즈 최고 맘에 들어요 :D",https://phinf.pstatic.net/checkout.phinf/20210317_79/1615991623938LP6Tt_JPEG/review-attachment-4f0fb223-188a-4857-966b-cca642e40fa5.jpeg?type=f300_300,wend****,21.01.13.
25,5,배송이 좀 느리지만 크고 좋아요,https://phinf.pstatic.net/checkout.phinf/20210326_128/1616734837348fnCTR_JPEG/review-attachment-38d39966-f7f3-4a7f-8b9b-c6dd145fbdee.jpeg?type=f300_300,pash****,21.03.17.
26,5,주문하고서 그 다음날 배송이 온다는 기사님의 전화를 받고 주문제작상품인데 어떻게 하루만에 오지?!.. 혹시 반품제품을 보내주는건 아닌가?!..라는 의구심이 들어 판매자분께 문의글을드렸었는데 일주일마다 여러개를 제작후 판매하고 그래서 타사 다른제품들보다 좀 더 낮은 가격대에 살 수 있는거라는 답변을 듣고 그런거였구나~! 안심이 되었습니다.   다음날 서랍장을 받고 기사님께서 원하는 위치에 배치시켜주시고 쓰레기처리하시는동안 서랍문도 잘 열리고 닫히는지 어디 까진곳이나 스크래치난곳은 없는지 등등 살펴보니 아무이상없었고 원목답게 아주 묵직하고 튼튼했습니다.   내부서랍 깊이나 높이가 짧고 낮아서 옷이 몇장 안들어가면 어쩌나했는데  옷들이 다 들어가고 아주 좋습니다~   정말 튼튼 그 자체의 서랍장이예요~   잘쓰겠습니다~(의심했던 부분 깊이 사과드립니다 사장님!..  앞으로도 튼튼한제품 많이 만들어주시고 번창하세요~~~^^),https://phinf.pstatic.net/checkout.phinf/20210326_90/1616725765589EluUh_JPEG/review-attachment-3ce5a608-3e5c-41f3-b53e-932b43874a21.jpeg?type=f300_300,rlat****,21.01.23.
27,5,방이 정리가 안되어 서랍장을 한달동안 이리저리 알아보다가 알게 되었어요~ 원목이라도 레일없는 디자인도 많은데 열고 닫기 편하고 깊어 많이 들어갑니다.원목이라 역시 향이 다르구요!! 두개의 서랍장을 사길 정~~말 잘했네요! 완전 예뻐요♡♡ 색도 진하거나 연하지 않은 나무색이구요. 셋뚜셋뚜😊남편도 보더니 와우~ 이사한 것 같다고ㅋㅋㅋ 완전 만족해요~~ 배송기사님도 친절하시고 혼자 무거우실텐데 웃으시며 말씀해주셨어요~가격대가 있어서 받기전까지 걱정했는데 왠걸요ㅋ 잘 사용할게요~감사해요^^.,https://phinf.pstatic.net/checkout.phinf/20210311_181/16153908219153d6MN_JPEG/review-attachment-2a742365-113f-4473-96e2-33e6626a2576.jpeg?type=f300_300,mjeo****,21.01.23.
28,5,"구매 전 많이 검색했는데 가격대비 좋아요!!
이쁘고 튼튼합니다🧡",https://phinf.pstatic.net/checkout.phinf/20210118_182/1610896999532lT0GN_JPEG/review-attachment-ebb210c9-c2f4-49b0-b059-64204ec41bd2.jpeg?type=f300_300,jcye****,21.03.18.
29,4,만족합니다. 가격대비 만족해영 나무 냄새나서 문 열어두었네용,https://phinf.pstatic.net/image.nmv/shopnbuyer_2021_01_11_0/f1f667ae-53b7-11eb-9ca7-48df379ccacc_03.jpg?type=ffn300_300,eunj****,21.02.24.
30,5,크고 튼튼하고 마감도 깔끔하네요,https://phinf.pstatic.net/checkout.phinf/20210303_251/1614745157783pfCAY_JPEG/review-attachment-88681ab3-ca32-4489-ad2d-95dc212587fa.jpeg?type=f300_300,your****,21.03.25.
31,5,"애기방 꾸밀려고 샀어요!!
원목이라 따뜻한 느낌에 짱짱한거같아서 좋네요^^",https://phinf.pstatic.net/checkout.phinf/20210311_76/1615390281821YudiK_JPEG/review-attachment-b464f07f-2e49-4620-8ac3-a967ee217cf4.jpeg?type=f300_300,wvr1****,21.02.22.
32,5,"냄새도 안나고 예쁘고 튼튼해 보이고 좋은데 키가
크네요 키가 작은 사람은 맨위 서랍 사용 하는데
불편 할거 같아요 원하는 날짜에 배송 받아 좋았어요",https://phinf.pstatic.net/image.nmv/shopnbuyer_2021_01_04_0/5e8e494f-4e77-11eb-a803-a0369ff94ec8_03.jpg?type=ffn300_300,yeon****,21.02.13.
33,4,"티비장식장 사고 만족스러워서 이번에 다시 구매했어요. 역시 이번에도 마음에 들어요.
튼튼하고, 하자없이 잘 왔네요^^",https://phinf.pstatic.net/checkout.phinf/20210206_297/1612617030683Q87H5_JPEG/review-attachment-19ca8ceb-bf30-4587-917c-206c591be48a.jpeg?type=f300_300,pret****,21.03.11.
34,5,"생각보다 엄청 크고 튼튼해 보여요
배송도 빨랐고 좋아요",https://phinf.pstatic.net/checkout.phinf/20210109_70/16101906551308Ew4b_JPEG/review-attachment-ae096340-30e9-476c-9c65-a06dae905b7b.jpeg?type=f300_300,vnfv****,21.02.20.
35,5,2월15일 배송지정일 해놧는데.오늘아침에 전화주셔서 오늘오신다고.. 다행히 오늘 신랑이있어서 기다려서 서랍장 받았어요. 너무이뻐요 신랑이잘샀다고 칭찬해줌요 ㅎㅎ,https://phinf.pstatic.net/checkout.phinf/20210217_152/1613548771381kgxE0_JPEG/review-attachment-ec0bf13f-127c-4807-b7ff-215e61e38608.jpeg?type=f300_300,bole****,21.02.04.
36,4,가성비 대비 좋아요~^^,https://phinf.pstatic.net/checkout.phinf/20210201_256/1612158639663gWLlS_JPEG/review-attachment-6c3ab54c-ce94-48de-bc96-ddea7c5677c9.jpeg?type=f300_300,thwj****,21.03.10.
37,5,"리뷰가 없어서 고민했는데 괜한고민..
배송도 딱 일주일만에 왔어요!
기사님도 친절하시고 가격대비 짱좋아요!
궁금한거도 잘 답해주시고 조만간 
하나 더 살 예정 이예요^^
이 가격에 살수 없는 퀄리티..감사합니다 번창하세용",https://phinf.pstatic.net/checkout.phinf/20210309_10/16152439300846KTnU_JPEG/review-attachment-648bac49-8976-40ff-8778-004367ea27a9.jpeg?type=f300_300,miss****,21.01.11.
38,4,"생각보다 배송빨이 왔네요 
서랍장 도튼튼하고 좋아요 감사합니다//",https://phinf.pstatic.net/checkout.phinf/20210323_223/1616458526071AaqWQ_JPEG/review-attachment-b01b5078-701c-445a-995a-a65075ce3b75.jpeg?type=f300_300,kimj****,21.01.24.
39,5,"서랍의 깊이가 정말 맘에 들어요.
바지, 겨울 스웨터, 두꺼운 후드티들도 너무 꾸깃하게 접지 않아도 되어 좋습니다 .
3단 와이드 서랍장과 같이 두니 보기에도 좋아요",https://phinf.pstatic.net/checkout.phinf/20210302_101/1614654860303pmVPk_JPEG/review-attachment-e88d5520-b325-4620-b560-31182671b8a5.jpeg?type=f300_300,73ea****,21.01.06.
