﻿,star,review,reviewImage,customerId,reviewDate
0,3,배송이 너무 오래걸렸어요. 배송비는 가구마다 붙어요. 다른 가구들은 경기지역인데 여기는 경기외곽으로 설정되서 가구 두개에 배송비 9만원 지불했네요.,https://phinf.pstatic.net/checkout.phinf/20210309_10/16152439300846KTnU_JPEG/review-attachment-648bac49-8976-40ff-8778-004367ea27a9.jpeg?type=f300_300,zzam****,21.03.07.
1,4,"제가 생각한 크기보다 살짝 작아서 쫌 당황했는데...
가구자체로는 예쁘네요~~
고민을 100번도 더하고 여기저기 비교도 했는데 ...괜한 고민을 했나봅니다...집안분위기도 바뀌고 ...예뻐요",https://phinf.pstatic.net/checkout.phinf/20210323_223/1616458526071AaqWQ_JPEG/review-attachment-b01b5078-701c-445a-995a-a65075ce3b75.jpeg?type=f300_300,hari****,21.02.06.
2,5,"배송은 좀 늦었지만 미리 전화로 양해구해주셔서 괜찮았어요. 기사님 친절하게 2층 제위치에 잘 배치해 주시고 가셨구요^^
가구는 화면 그대로라 맘에 쏙 드네요^^
전 주방에서 쓰려고 주문했으나 집 어느곳에 놓아도 멋스러울것같네요^^",https://phinf.pstatic.net/checkout.phinf/20210302_101/1614654860303pmVPk_JPEG/review-attachment-e88d5520-b325-4620-b560-31182671b8a5.jpeg?type=f300_300,thdu****,21.01.26.
3,5,부엌 코너에 그릇 정리장용도로 구입하였는데 집 분위기랑 넘 잘어울리며 부엌을 더 고급스럽게  해주고 디자인 가격면 모두 만족합니다,https://phinf.pstatic.net/checkout.phinf/20210320_238/161625127633752fXi_JPEG/review-attachment-8d547555-b09e-42f7-8133-62b96c0fd4e8.jpeg?type=f300_300,kimy****,21.01.21.
4,5,"디자인은 이쁜데 막 견고하지는 않아요 엔틱이라 좀까진것도 있는데 디쟌이라 생각하고 걍 씁니다
이쁘긴 해용~기사님도 친절하시공",https://phinf.pstatic.net/checkout.phinf/20210317_79/1615991623938LP6Tt_JPEG/review-attachment-4f0fb223-188a-4857-966b-cca642e40fa5.jpeg?type=f300_300,iren****,21.02.03.
5,5,"정말 맘에 드네요.
이뻐요~^^",https://phinf.pstatic.net/checkout.phinf/20210326_128/1616734837348fnCTR_JPEG/review-attachment-38d39966-f7f3-4a7f-8b9b-c6dd145fbdee.jpeg?type=f300_300,hong****,21.01.03.
6,3,사진 보다 실물이  더 이쁜거 같아요 ~,https://phinf.pstatic.net/checkout.phinf/20210326_90/1616725765589EluUh_JPEG/review-attachment-3ce5a608-3e5c-41f3-b53e-932b43874a21.jpeg?type=f300_300,guih****,20.12.21.
7,4,"배송 관련해서 문제가 좀 있었지만 
제품은 너무 예뻐요.",https://phinf.pstatic.net/checkout.phinf/20210311_181/16153908219153d6MN_JPEG/review-attachment-2a742365-113f-4473-96e2-33e6626a2576.jpeg?type=f300_300,yhc0****,20.12.08.
8,5,"매장가서 직접 보고 주문했습니다~~
보던 그대로 예쁘고 집에도 너무 잘 어울립니다~^^
배송 기사님 두분이 함께 오셔서 잘 설치해 주셨고 상판 가운데 부분에 홈이 조금있어서 말씀드렸더니 옹이라 자연스러운거라 하셨지만 조금 찜찜해 했더니 바로 표시나지 않게 수선도 해 주셨어요~ 예쁜 콘솔서랍장 들여놓고 예쁘게 쓸려고 꽃꽂이도 배운답니다~",https://phinf.pstatic.net/checkout.phinf/20210118_182/1610896999532lT0GN_JPEG/review-attachment-ebb210c9-c2f4-49b0-b059-64204ec41bd2.jpeg?type=f300_300,nam5****,20.09.28.
9,5,너무너무 만족해용 우리집 가구랑너무너무 잘어울리고 실물깡패에용~💖💖💖👍,https://phinf.pstatic.net/image.nmv/shopnbuyer_2021_01_11_0/f1f667ae-53b7-11eb-9ca7-48df379ccacc_03.jpg?type=ffn300_300,cwj2****,20.11.01.
10,3,너무너무 세련되구 이쁘네요,https://phinf.pstatic.net/checkout.phinf/20210303_251/1614745157783pfCAY_JPEG/review-attachment-88681ab3-ca32-4489-ad2d-95dc212587fa.jpeg?type=f300_300,98pi****,20.10.23.
11,5,"빈티지한 느낌이 강해서 신발장위치에 쓰려고샀습니다.
당장 TV장식장이 배송이 안와  임시방편으로  안방에 놨습니다
어디다 놔도 이뻐요. 그래서
미라지에서 추가로 서랍장 콘솔도 시켰답니다",https://phinf.pstatic.net/checkout.phinf/20210311_76/1615390281821YudiK_JPEG/review-attachment-b464f07f-2e49-4620-8ac3-a967ee217cf4.jpeg?type=f300_300,hwis****,20.09.23.
12,5,그냥저냥 그냥저냥 쓸만,https://phinf.pstatic.net/image.nmv/shopnbuyer_2021_01_04_0/5e8e494f-4e77-11eb-a803-a0369ff94ec8_03.jpg?type=ffn300_300,yjch****,20.11.18.
13,4,가로길이 넓은 가구를찾다가 발견했는데 엄청 예쁘네요 넘 맘에들어요,https://phinf.pstatic.net/checkout.phinf/20210206_297/1612617030683Q87H5_JPEG/review-attachment-19ca8ceb-bf30-4587-917c-206c591be48a.jpeg?type=f300_300,huny****,20.09.17.
14,5,인테리어 감각 빵점에 깔맞춤을 못해서 주문하고도 불안했었는데 오래 기다린 보람 있네요. 수많은 후기가 진짜구나 싶었어요. 화이트가 들어가 어디에둬도 잘 맞는거 같구나 보신분들 모두 예쁘다 하셔서 어깨 으쓱^^,https://phinf.pstatic.net/checkout.phinf/20210109_70/16101906551308Ew4b_JPEG/review-attachment-ae096340-30e9-476c-9c65-a06dae905b7b.jpeg?type=f300_300,lsja****,20.06.21.
15,5,디자인이 이뻐서 거실이 환해졌네요,https://phinf.pstatic.net/checkout.phinf/20210217_152/1613548771381kgxE0_JPEG/review-attachment-ec0bf13f-127c-4807-b7ff-215e61e38608.jpeg?type=f300_300,bjg8****,20.07.27.
16,5,안방 침대와 벽사이의 공간이 넓지 않아 TV장으로도 쓰면서 크기도 적당한 제품을 찾기 쉽지 않았어요~ 여러 사이트에서 검색하고 비교하다가 한눈에 너무 마음에 들어 발견한 요~제품!!! 사진만 보고 넘 마음에 들어 다른사이트에서 구매한 제품 취소 후 다시 결제해서 제품을 받아보니 사진보다  색상도 이쁘고 크기도 딱 맞아 오랫만에 정말 마음에 드는 제품을 구매하여 기분이 좋네요~공간이 작은 곳에 인테리어 용으로도 멋스러울 것 같아요~^^,https://phinf.pstatic.net/checkout.phinf/20210201_256/1612158639663gWLlS_JPEG/review-attachment-6c3ab54c-ce94-48de-bc96-ddea7c5677c9.jpeg?type=f300_300,gmls****,20.05.17.
17,5,배송도빠르고 좋아요,https://phinf.pstatic.net/checkout.phinf/20210309_10/16152439300846KTnU_JPEG/review-attachment-648bac49-8976-40ff-8778-004367ea27a9.jpeg?type=f300_300,jtj9****,20.06.25.
18,5,볼수록 예쁘고 색상도 고급스러워 친구들이 어디에서 샀냐고 물어요.,https://phinf.pstatic.net/checkout.phinf/20210323_223/1616458526071AaqWQ_JPEG/review-attachment-b01b5078-701c-445a-995a-a65075ce3b75.jpeg?type=f300_300,atom****,20.06.09.
19,5,오픈하는  매장입니다 앤틱한분위기가 샵분위기를 살려주네요 날짜도 예상보다 빨리배송주시고 튼튼합니다 번창하세요,https://phinf.pstatic.net/checkout.phinf/20210302_101/1614654860303pmVPk_JPEG/review-attachment-e88d5520-b325-4620-b560-31182671b8a5.jpeg?type=f300_300,hmna****,20.05.28.
20,3,배송이 너무 오래걸렸어요. 배송비는 가구마다 붙어요. 다른 가구들은 경기지역인데 여기는 경기외곽으로 설정되서 가구 두개에 배송비 9만원 지불했네요.,https://phinf.pstatic.net/checkout.phinf/20210309_10/16152439300846KTnU_JPEG/review-attachment-648bac49-8976-40ff-8778-004367ea27a9.jpeg?type=f300_300,zzam****,21.03.07.
21,4,"제가 생각한 크기보다 살짝 작아서 쫌 당황했는데...
가구자체로는 예쁘네요~~
고민을 100번도 더하고 여기저기 비교도 했는데 ...괜한 고민을 했나봅니다...집안분위기도 바뀌고 ...예뻐요",https://phinf.pstatic.net/checkout.phinf/20210323_223/1616458526071AaqWQ_JPEG/review-attachment-b01b5078-701c-445a-995a-a65075ce3b75.jpeg?type=f300_300,hari****,21.02.06.
22,5,"배송은 좀 늦었지만 미리 전화로 양해구해주셔서 괜찮았어요. 기사님 친절하게 2층 제위치에 잘 배치해 주시고 가셨구요^^
가구는 화면 그대로라 맘에 쏙 드네요^^
전 주방에서 쓰려고 주문했으나 집 어느곳에 놓아도 멋스러울것같네요^^",https://phinf.pstatic.net/checkout.phinf/20210302_101/1614654860303pmVPk_JPEG/review-attachment-e88d5520-b325-4620-b560-31182671b8a5.jpeg?type=f300_300,thdu****,21.01.26.
23,5,부엌 코너에 그릇 정리장용도로 구입하였는데 집 분위기랑 넘 잘어울리며 부엌을 더 고급스럽게  해주고 디자인 가격면 모두 만족합니다,https://phinf.pstatic.net/checkout.phinf/20210320_238/161625127633752fXi_JPEG/review-attachment-8d547555-b09e-42f7-8133-62b96c0fd4e8.jpeg?type=f300_300,kimy****,21.01.21.
24,5,"디자인은 이쁜데 막 견고하지는 않아요 엔틱이라 좀까진것도 있는데 디쟌이라 생각하고 걍 씁니다
이쁘긴 해용~기사님도 친절하시공",https://phinf.pstatic.net/checkout.phinf/20210317_79/1615991623938LP6Tt_JPEG/review-attachment-4f0fb223-188a-4857-966b-cca642e40fa5.jpeg?type=f300_300,iren****,21.02.03.
25,5,"정말 맘에 드네요.
이뻐요~^^",https://phinf.pstatic.net/checkout.phinf/20210326_128/1616734837348fnCTR_JPEG/review-attachment-38d39966-f7f3-4a7f-8b9b-c6dd145fbdee.jpeg?type=f300_300,hong****,21.01.03.
26,3,사진 보다 실물이  더 이쁜거 같아요 ~,https://phinf.pstatic.net/checkout.phinf/20210326_90/1616725765589EluUh_JPEG/review-attachment-3ce5a608-3e5c-41f3-b53e-932b43874a21.jpeg?type=f300_300,guih****,20.12.21.
27,4,"배송 관련해서 문제가 좀 있었지만 
제품은 너무 예뻐요.",https://phinf.pstatic.net/checkout.phinf/20210311_181/16153908219153d6MN_JPEG/review-attachment-2a742365-113f-4473-96e2-33e6626a2576.jpeg?type=f300_300,yhc0****,20.12.08.
28,5,"매장가서 직접 보고 주문했습니다~~
보던 그대로 예쁘고 집에도 너무 잘 어울립니다~^^
배송 기사님 두분이 함께 오셔서 잘 설치해 주셨고 상판 가운데 부분에 홈이 조금있어서 말씀드렸더니 옹이라 자연스러운거라 하셨지만 조금 찜찜해 했더니 바로 표시나지 않게 수선도 해 주셨어요~ 예쁜 콘솔서랍장 들여놓고 예쁘게 쓸려고 꽃꽂이도 배운답니다~",https://phinf.pstatic.net/checkout.phinf/20210118_182/1610896999532lT0GN_JPEG/review-attachment-ebb210c9-c2f4-49b0-b059-64204ec41bd2.jpeg?type=f300_300,nam5****,20.09.28.
29,5,너무너무 만족해용 우리집 가구랑너무너무 잘어울리고 실물깡패에용~💖💖💖👍,https://phinf.pstatic.net/image.nmv/shopnbuyer_2021_01_11_0/f1f667ae-53b7-11eb-9ca7-48df379ccacc_03.jpg?type=ffn300_300,cwj2****,20.11.01.
30,3,너무너무 세련되구 이쁘네요,https://phinf.pstatic.net/checkout.phinf/20210303_251/1614745157783pfCAY_JPEG/review-attachment-88681ab3-ca32-4489-ad2d-95dc212587fa.jpeg?type=f300_300,98pi****,20.10.23.
31,5,"빈티지한 느낌이 강해서 신발장위치에 쓰려고샀습니다.
당장 TV장식장이 배송이 안와  임시방편으로  안방에 놨습니다
어디다 놔도 이뻐요. 그래서
미라지에서 추가로 서랍장 콘솔도 시켰답니다",https://phinf.pstatic.net/checkout.phinf/20210311_76/1615390281821YudiK_JPEG/review-attachment-b464f07f-2e49-4620-8ac3-a967ee217cf4.jpeg?type=f300_300,hwis****,20.09.23.
32,5,그냥저냥 그냥저냥 쓸만,https://phinf.pstatic.net/image.nmv/shopnbuyer_2021_01_04_0/5e8e494f-4e77-11eb-a803-a0369ff94ec8_03.jpg?type=ffn300_300,yjch****,20.11.18.
33,4,가로길이 넓은 가구를찾다가 발견했는데 엄청 예쁘네요 넘 맘에들어요,https://phinf.pstatic.net/checkout.phinf/20210206_297/1612617030683Q87H5_JPEG/review-attachment-19ca8ceb-bf30-4587-917c-206c591be48a.jpeg?type=f300_300,huny****,20.09.17.
34,5,인테리어 감각 빵점에 깔맞춤을 못해서 주문하고도 불안했었는데 오래 기다린 보람 있네요. 수많은 후기가 진짜구나 싶었어요. 화이트가 들어가 어디에둬도 잘 맞는거 같구나 보신분들 모두 예쁘다 하셔서 어깨 으쓱^^,https://phinf.pstatic.net/checkout.phinf/20210109_70/16101906551308Ew4b_JPEG/review-attachment-ae096340-30e9-476c-9c65-a06dae905b7b.jpeg?type=f300_300,lsja****,20.06.21.
35,5,디자인이 이뻐서 거실이 환해졌네요,https://phinf.pstatic.net/checkout.phinf/20210217_152/1613548771381kgxE0_JPEG/review-attachment-ec0bf13f-127c-4807-b7ff-215e61e38608.jpeg?type=f300_300,bjg8****,20.07.27.
36,5,안방 침대와 벽사이의 공간이 넓지 않아 TV장으로도 쓰면서 크기도 적당한 제품을 찾기 쉽지 않았어요~ 여러 사이트에서 검색하고 비교하다가 한눈에 너무 마음에 들어 발견한 요~제품!!! 사진만 보고 넘 마음에 들어 다른사이트에서 구매한 제품 취소 후 다시 결제해서 제품을 받아보니 사진보다  색상도 이쁘고 크기도 딱 맞아 오랫만에 정말 마음에 드는 제품을 구매하여 기분이 좋네요~공간이 작은 곳에 인테리어 용으로도 멋스러울 것 같아요~^^,https://phinf.pstatic.net/checkout.phinf/20210201_256/1612158639663gWLlS_JPEG/review-attachment-6c3ab54c-ce94-48de-bc96-ddea7c5677c9.jpeg?type=f300_300,gmls****,20.05.17.
37,5,배송도빠르고 좋아요,https://phinf.pstatic.net/checkout.phinf/20210309_10/16152439300846KTnU_JPEG/review-attachment-648bac49-8976-40ff-8778-004367ea27a9.jpeg?type=f300_300,jtj9****,20.06.25.
38,5,볼수록 예쁘고 색상도 고급스러워 친구들이 어디에서 샀냐고 물어요.,https://phinf.pstatic.net/checkout.phinf/20210323_223/1616458526071AaqWQ_JPEG/review-attachment-b01b5078-701c-445a-995a-a65075ce3b75.jpeg?type=f300_300,atom****,20.06.09.
39,5,오픈하는  매장입니다 앤틱한분위기가 샵분위기를 살려주네요 날짜도 예상보다 빨리배송주시고 튼튼합니다 번창하세요,https://phinf.pstatic.net/checkout.phinf/20210302_101/1614654860303pmVPk_JPEG/review-attachment-e88d5520-b325-4620-b560-31182671b8a5.jpeg?type=f300_300,hmna****,20.05.28.
