﻿,star,review,reviewImage,customerId,reviewDate
0,4,"가구는 너무 예뻐요.. 그런데 냄새가  2주이상은 간거 같아요..첨받았을때 2-3일 밤낮으로 창문 열어놓고 환기시켰는데도 심했구요..
서랍열면 사진부분이 영 안좋네요..옷을 넣고 위부분에 닿으면 마감이 잘 안되서 옷이 뜯기거나 옷에 묻어나와서 제가 칼로 살짝씩 깍아냈는데 안돼서 스카치테잎 붙여놨어요..
이부분은 개선을 해야할거같아요..옷을 꽉 채우지않는다해도 이건 아닌거같네요.,.",https://phinf.pstatic.net/checkout.phinf/20210309_10/16152439300846KTnU_JPEG/review-attachment-648bac49-8976-40ff-8778-004367ea27a9.jpeg?type=f300_300,umgi****,21.01.26.
1,4,진짜 이쁜데~ 크기만큼 서랍이 넓지는 않아요,https://phinf.pstatic.net/checkout.phinf/20210323_223/1616458526071AaqWQ_JPEG/review-attachment-b01b5078-701c-445a-995a-a65075ce3b75.jpeg?type=f300_300,kong****,21.03.16.
2,4,사이즈 색상 너무 만족하는데 배송비+계단 작업비용 까지 배송비가 너무 많이들어서 별표하나 뺄께요 ㅠㅠ 생각보다 안에가 깊지가 않아서 이불같은건 안들어 가지만 그대로 장식용으로 잘 사용할꺼 같아요,https://phinf.pstatic.net/checkout.phinf/20210302_101/1614654860303pmVPk_JPEG/review-attachment-e88d5520-b325-4620-b560-31182671b8a5.jpeg?type=f300_300,ektm****,20.12.31.
3,5,"배송비 사만원에서 ..에리베이터가 없다고
사층까지 사만원을 더받는지 모르겠네요..ㅜ
배송비 8만원은 넘하네요..
가구냄새도 넘나고..가격에비에 ..실망했습니다",https://phinf.pstatic.net/checkout.phinf/20210320_238/161625127633752fXi_JPEG/review-attachment-8d547555-b09e-42f7-8133-62b96c0fd4e8.jpeg?type=f300_300,coor****,21.01.20.
4,4,예쁘고 다 좋은데 냄새가 너무 많이 나네요..좀 심하게....,https://phinf.pstatic.net/checkout.phinf/20210317_79/1615991623938LP6Tt_JPEG/review-attachment-4f0fb223-188a-4857-966b-cca642e40fa5.jpeg?type=f300_300,umgi****,20.12.25.
5,5,사진과  같고 좋습니다.,https://phinf.pstatic.net/checkout.phinf/20210326_128/1616734837348fnCTR_JPEG/review-attachment-38d39966-f7f3-4a7f-8b9b-c6dd145fbdee.jpeg?type=f300_300,psk3****,21.01.19.
6,4,배송일짜에 정확하게 배송해주시고 서랍장이  수납하기도좋고 색상이 넘 예뻐요.맘에 쏙 들어요.,https://phinf.pstatic.net/checkout.phinf/20210326_90/1616725765589EluUh_JPEG/review-attachment-3ce5a608-3e5c-41f3-b53e-932b43874a21.jpeg?type=f300_300,gudd****,20.12.21.
7,3,수납공간도 넓고 예뻐요~ 아주 마음에 듭니다,https://phinf.pstatic.net/checkout.phinf/20210311_181/16153908219153d6MN_JPEG/review-attachment-2a742365-113f-4473-96e2-33e6626a2576.jpeg?type=f300_300,jell****,20.11.30.
8,4,냄새가 심해서 2주정도 못썼어요. 디자인은 만족해요.,https://phinf.pstatic.net/checkout.phinf/20210118_182/1610896999532lT0GN_JPEG/review-attachment-ebb210c9-c2f4-49b0-b059-64204ec41bd2.jpeg?type=f300_300,desi****,20.12.01.
9,5,좋습니다.두개쨉니다.,https://phinf.pstatic.net/image.nmv/shopnbuyer_2021_01_11_0/f1f667ae-53b7-11eb-9ca7-48df379ccacc_03.jpg?type=ffn300_300,psk3****,20.11.22.
10,5,이쁜데 배송비가 너무 사악하네용,https://phinf.pstatic.net/checkout.phinf/20210303_251/1614745157783pfCAY_JPEG/review-attachment-88681ab3-ca32-4489-ad2d-95dc212587fa.jpeg?type=f300_300,suji****,20.11.27.
11,5,제 날짜에 배송되어 믿음이가고 실물이 너무 마음에 들었습니다 실물보니 색상도 민트와 그린 중간색이라 너무 맘에들어요 서랍이 통짜로 되어있어서 한쪽 손잡이로 열면 서랍이 휘청 흔들거리네요  이것만 보안해주시면 만족입니다,https://phinf.pstatic.net/checkout.phinf/20210311_76/1615390281821YudiK_JPEG/review-attachment-b464f07f-2e49-4620-8ac3-a967ee217cf4.jpeg?type=f300_300,jma1****,20.10.29.
