﻿,star,review,reviewImage,customerId,reviewDate
0,5,"정말 고민많이 했는데 고급스럽고 이쁩니다
침대프레임도 원목인데 컬러가 잘 어울려요
같이 구매한 거울과도 찰떡이네요 굿굿",https://phinf.pstatic.net/checkout.phinf/20210309_10/16152439300846KTnU_JPEG/review-attachment-648bac49-8976-40ff-8778-004367ea27a9.jpeg?type=f300_300,bbll****,21.03.06.
1,5,"기사님도 친절하시고 :) 빠른배송 좋아요!
구매확정처리가 늦게되서 리뷰를 늦게남깁니다ㅜ
칸도 넓찍하니 좋아요!",https://phinf.pstatic.net/checkout.phinf/20210323_223/1616458526071AaqWQ_JPEG/review-attachment-b01b5078-701c-445a-995a-a65075ce3b75.jpeg?type=f300_300,eiey****,21.03.18.
2,5,"잘받았었습니다
좀 예쁘게 꾸미고 올린다는게 너무 늦어져버렸네요 
빈티지한 느낌보다 붉은끼를 뺀 따스한 원목느낌을 원하신다면 만족하실거에요 
침실 가구 중 가장 만족하는 가구랍니다!",https://phinf.pstatic.net/checkout.phinf/20210302_101/1614654860303pmVPk_JPEG/review-attachment-e88d5520-b325-4620-b560-31182671b8a5.jpeg?type=f300_300,swim****,21.02.21.
3,5,"인생 서랍장입니다. 서랍장 구매하기 전 정말 열심히 알아보고 후기도 꼼꼼히 읽어서 고른 곳이 여기입니다.제품이 마음에 들었던 이유 5가지 꼽겠습니다.

1. 예쁘다
 
제일 중요합니다. 이사를 오면서 청록색 벽지로 도배를 새롭게 한 지라 빈티지하면서 어두운 월넛 서랍장이 필요했는데요. 색감이 진짜 너무 예쁘구요. 가구 디자인도 군더더기없이 너무 예쁩니다. 유행도 안타고, 다른 가구들이랑도 너무 잘 어울립니다. 가족들도 너무 예뻐서 마음에 든다며 하나 재구매하러 왔습니다. 동생은 심지어 자기 서랍장이 이걸보니 너무 못생겨보인다며 뾰루퉁해지면서 삐졌습니다.


2. 수납공간이 넉넉하다

제가 예전에 뭣도 모르던 시절 예쁜 것만 고집하며 인스타그램 감성의 서랍장을 구매한 적이 있는데요. 진짜 옷이 들어가는 것도 없어 정말 땅을 치고 후회했습니다. 그런데 이 아이는 두꺼운 니트들도 충분히 들어갈 정도로 수납공간이 넉넉해서 아주 마음에 듭니다.


3. 화장대 겸 책상 겸용 사용이 가능하다

제 방이 조그마한 관계로 화장대와 책상을 따로 둘 수가 없는 상황인데요. 높이가 딱 간이의자를 두면 화장하기도 좋고, 간단하게 업무보기도 좋은 높이입니다.


4. 튼튼하고 열고닫음이 매끄럽습니다

진짜 부드럽게 열리고 마감도가 훌륭합니다. 뽑기운이 좋았는지 안에 옹이도 없고, 찢김도 없습니다. 서랍장도 댐핑이 있는지 부드럽게 열리고 닫힙니다.


5. 배송서비스가 훌륭하다

거주지역이 파주라 배송비가 무료였던 점도 좋았고, 미리 연락을 5일 전부터 주신 점도 좋았고, 정말 세세한 부분까지 신경써주셔서 감사했습니다. 저는 이삿날 물건을 받았는데요. 혹시나 이삿짐 아저씨분들이 놓치실까봐 친절하게 손잡이 부분을 매직으로 크게 써주셔서 사다리차 올릴 때 아무 손상없이 물건을 받을 수 있었습니다.


6. 가격이 합리적이고 친절하다

긴 말 안할게요. 이 가격에 이 물건 퀄리티는 진짜 말 다했다고 생각합니다. 디자인, 가격, 서비스응대 모두 훌륭해서 정말 너무 만족스러웠습니다. 제가 사정이 급하다고 미리 말씀드렸더니 날짜도 최대한 맞춰 5일만에 배송해주셔서 정말 감사했습니다.

엄마가 너무 마음에 들어하셔서 안방에도 사서 쓰려고 오늘 하나 더 구매하려고합니다. 주위사람들한테도 적극추천할게요. 이사와서 산 가구 중에 정말 제일 마음에 들어 후기를 길게 쓰고갑니다. 번창하세요!",https://phinf.pstatic.net/checkout.phinf/20210320_238/161625127633752fXi_JPEG/review-attachment-8d547555-b09e-42f7-8133-62b96c0fd4e8.jpeg?type=f300_300,cooh****,20.10.30.
4,5,너무 이뻐요 배송도 잘해주셨고 높이도 적당합니당,https://phinf.pstatic.net/checkout.phinf/20210317_79/1615991623938LP6Tt_JPEG/review-attachment-4f0fb223-188a-4857-966b-cca642e40fa5.jpeg?type=f300_300,3mct****,21.01.31.
5,5,수납넉넉하고 예뻐요,https://phinf.pstatic.net/checkout.phinf/20210326_128/1616734837348fnCTR_JPEG/review-attachment-38d39966-f7f3-4a7f-8b9b-c6dd145fbdee.jpeg?type=f300_300,bea1****,21.02.22.
6,5,아주 좋아요 가격대비 디자인도 좋고 견고한거 같아요,https://phinf.pstatic.net/checkout.phinf/20210326_90/1616725765589EluUh_JPEG/review-attachment-3ce5a608-3e5c-41f3-b53e-932b43874a21.jpeg?type=f300_300,yuri****,21.01.06.
7,5,생각보다 커요.. 신랑이 가구 오자마자 물티슈로 박박 닦았는데 색이 변했네요 티는 많이 안나지만 ㅠㅜ 사용설명서를 미리 읽어볼걸 그랬어요,https://phinf.pstatic.net/checkout.phinf/20210311_181/16153908219153d6MN_JPEG/review-attachment-2a742365-113f-4473-96e2-33e6626a2576.jpeg?type=f300_300,kimd****,20.12.10.
8,5,"서랍이 조립된채로 와서 좋았어요. 기사님또 꼼꼼하게 설치해주셔서 좋았는데, 사진과 좀 많이 다른느낌이랄까... 붉은기가 매우 강해요.",https://phinf.pstatic.net/checkout.phinf/20210118_182/1610896999532lT0GN_JPEG/review-attachment-ebb210c9-c2f4-49b0-b059-64204ec41bd2.jpeg?type=f300_300,kuam****,20.12.18.
9,4,약간의 냄새가 나긴하지만  넘예쁜 서랍장입니다   100프로만족입니다^^,https://phinf.pstatic.net/image.nmv/shopnbuyer_2021_01_11_0/f1f667ae-53b7-11eb-9ca7-48df379ccacc_03.jpg?type=ffn300_300,mjlo****,20.11.26.
10,5,배송도 미리 전화해서 약속한 시간에 오셨고 설치도 빠르고 냄새도 거의 없었어요. 깔끔하고 수납도 생각보다 많이 되서 만족합니다.,https://phinf.pstatic.net/checkout.phinf/20210303_251/1614745157783pfCAY_JPEG/review-attachment-88681ab3-ca32-4489-ad2d-95dc212587fa.jpeg?type=f300_300,oliv****,20.12.06.
11,5,"서랍깊이가 깊어서 화장대겸으로 쓰는데 유난히 긴병빼고는 다 세워서 들어가요.
원목인데 금장때문에 포인트가 있어 투박해 보이지 않아 좋아요",https://phinf.pstatic.net/checkout.phinf/20210311_76/1615390281821YudiK_JPEG/review-attachment-b464f07f-2e49-4620-8ac3-a967ee217cf4.jpeg?type=f300_300,blac****,20.11.15.
12,4,부모님 댁에 보내드렸는데 좋다고 하시네요,https://phinf.pstatic.net/image.nmv/shopnbuyer_2021_01_04_0/5e8e494f-4e77-11eb-a803-a0369ff94ec8_03.jpg?type=ffn300_300,dawn****,20.12.03.
13,5,수납도 많이될꺼같고 냄세도 별로 안나는거 같아요,https://phinf.pstatic.net/checkout.phinf/20210206_297/1612617030683Q87H5_JPEG/review-attachment-19ca8ceb-bf30-4587-917c-206c591be48a.jpeg?type=f300_300,bea1****,20.11.25.
14,5,잘 사용하고 있습니다.,https://phinf.pstatic.net/checkout.phinf/20210109_70/16101906551308Ew4b_JPEG/review-attachment-ae096340-30e9-476c-9c65-a06dae905b7b.jpeg?type=f300_300,nice****,20.11.28.
15,5,"안방 서랍장이 필요해서 후기들 꼼꼼하게 보고 구매했어요 ! 원목가구들은 사진과 실제 색이 다른경우가 많은데 이 서랍장은 사진과 비슷하네요 
저희집 침대 프레임과 아주 잘 어울려서 너무 좋아요 !
배송도 추석연휴에 주문 했는데 화요일에 바로 받아봤어요. 설치기사님도 원하는 배송시간 최대한 맞춰주시려고 하셨고 친절하셨어요 
다른 후기에서 봤던 냄새는 거의 없었지만 
크기가 제가 생각했던것 보다는 살짝 작지만 서랍레일도 튼튼하고 무엇보다도 겉모습이 너무 예뻐서 만족스러워요 ~!  예쁘게 만들어주셔서 감사합니다 ^^",https://phinf.pstatic.net/checkout.phinf/20210217_152/1613548771381kgxE0_JPEG/review-attachment-ec0bf13f-127c-4807-b7ff-215e61e38608.jpeg?type=f300_300,914k****,20.10.09.
16,5,"부모님 댁에 보내드렸는데 배송기사님이 찬절하게 발송해 주셨대요.
방에 놓을 텔레비전 올려놓을 서랍장을 원하셨는데
침대에 누워서 보기 딱 좋으시다네요",https://phinf.pstatic.net/checkout.phinf/20210201_256/1612158639663gWLlS_JPEG/review-attachment-6c3ab54c-ce94-48de-bc96-ddea7c5677c9.jpeg?type=f300_300,dawn****,20.10.24.
17,4,"배송도 빠르고 예뻐요.
임시로 티비올려놨지만 예쁘게 꾸며 쓰려고 해요",https://phinf.pstatic.net/checkout.phinf/20210309_10/16152439300846KTnU_JPEG/review-attachment-648bac49-8976-40ff-8778-004367ea27a9.jpeg?type=f300_300,blac****,20.11.05.
18,5,밤 9시 넘어서 배송해주셨네요 ^^; 다리 드릴로 박아주시는데 소리 엄청 커서 이웃집에 피해갈까 조마조마.. 다리도 양쪽 맞춰서 안해주신것같고 삐뚤삐뚤....... 오자마자 먼지 닦았는데 닦아도닦아도 나오네요 ㅠㅠ 너무 박박 닦으니 뭔가 색이 벗겨지는 느낌? 사용감은.. 잘 모르겠어요 사용해봐야 알거같아요 예쁘긴 합니다 사이즈도 맘에 들구요 너무 기대하고 오래 기다려서 그런지 좀 아쉽네요,https://phinf.pstatic.net/checkout.phinf/20210323_223/1616458526071AaqWQ_JPEG/review-attachment-b01b5078-701c-445a-995a-a65075ce3b75.jpeg?type=f300_300,kimd****,20.11.01.
19,5,저희집 신혼가구 서랍장.여기서 구매하고 너무 맘에 들고 잘쓰고 있어서 이번에 할머니서랍장 사드렸는데 너어무 좋아요ㅎㅎ 기사님도 너무 친절하시고 냄새난다는 후기보고 걱정했는데 저는 전혀 냄새못느꼈어요,https://phinf.pstatic.net/checkout.phinf/20210302_101/1614654860303pmVPk_JPEG/review-attachment-e88d5520-b325-4620-b560-31182671b8a5.jpeg?type=f300_300,dode****,20.10.19.
20,5,"정말 고민많이 했는데 고급스럽고 이쁩니다
침대프레임도 원목인데 컬러가 잘 어울려요
같이 구매한 거울과도 찰떡이네요 굿굿",https://phinf.pstatic.net/checkout.phinf/20210309_10/16152439300846KTnU_JPEG/review-attachment-648bac49-8976-40ff-8778-004367ea27a9.jpeg?type=f300_300,bbll****,21.03.06.
21,5,"기사님도 친절하시고 :) 빠른배송 좋아요!
구매확정처리가 늦게되서 리뷰를 늦게남깁니다ㅜ
칸도 넓찍하니 좋아요!",https://phinf.pstatic.net/checkout.phinf/20210323_223/1616458526071AaqWQ_JPEG/review-attachment-b01b5078-701c-445a-995a-a65075ce3b75.jpeg?type=f300_300,eiey****,21.03.18.
22,5,"잘받았었습니다
좀 예쁘게 꾸미고 올린다는게 너무 늦어져버렸네요 
빈티지한 느낌보다 붉은끼를 뺀 따스한 원목느낌을 원하신다면 만족하실거에요 
침실 가구 중 가장 만족하는 가구랍니다!",https://phinf.pstatic.net/checkout.phinf/20210302_101/1614654860303pmVPk_JPEG/review-attachment-e88d5520-b325-4620-b560-31182671b8a5.jpeg?type=f300_300,swim****,21.02.21.
23,5,"인생 서랍장입니다. 서랍장 구매하기 전 정말 열심히 알아보고 후기도 꼼꼼히 읽어서 고른 곳이 여기입니다.제품이 마음에 들었던 이유 5가지 꼽겠습니다.

1. 예쁘다
 
제일 중요합니다. 이사를 오면서 청록색 벽지로 도배를 새롭게 한 지라 빈티지하면서 어두운 월넛 서랍장이 필요했는데요. 색감이 진짜 너무 예쁘구요. 가구 디자인도 군더더기없이 너무 예쁩니다. 유행도 안타고, 다른 가구들이랑도 너무 잘 어울립니다. 가족들도 너무 예뻐서 마음에 든다며 하나 재구매하러 왔습니다. 동생은 심지어 자기 서랍장이 이걸보니 너무 못생겨보인다며 뾰루퉁해지면서 삐졌습니다.


2. 수납공간이 넉넉하다

제가 예전에 뭣도 모르던 시절 예쁜 것만 고집하며 인스타그램 감성의 서랍장을 구매한 적이 있는데요. 진짜 옷이 들어가는 것도 없어 정말 땅을 치고 후회했습니다. 그런데 이 아이는 두꺼운 니트들도 충분히 들어갈 정도로 수납공간이 넉넉해서 아주 마음에 듭니다.


3. 화장대 겸 책상 겸용 사용이 가능하다

제 방이 조그마한 관계로 화장대와 책상을 따로 둘 수가 없는 상황인데요. 높이가 딱 간이의자를 두면 화장하기도 좋고, 간단하게 업무보기도 좋은 높이입니다.


4. 튼튼하고 열고닫음이 매끄럽습니다

진짜 부드럽게 열리고 마감도가 훌륭합니다. 뽑기운이 좋았는지 안에 옹이도 없고, 찢김도 없습니다. 서랍장도 댐핑이 있는지 부드럽게 열리고 닫힙니다.


5. 배송서비스가 훌륭하다

거주지역이 파주라 배송비가 무료였던 점도 좋았고, 미리 연락을 5일 전부터 주신 점도 좋았고, 정말 세세한 부분까지 신경써주셔서 감사했습니다. 저는 이삿날 물건을 받았는데요. 혹시나 이삿짐 아저씨분들이 놓치실까봐 친절하게 손잡이 부분을 매직으로 크게 써주셔서 사다리차 올릴 때 아무 손상없이 물건을 받을 수 있었습니다.


6. 가격이 합리적이고 친절하다

긴 말 안할게요. 이 가격에 이 물건 퀄리티는 진짜 말 다했다고 생각합니다. 디자인, 가격, 서비스응대 모두 훌륭해서 정말 너무 만족스러웠습니다. 제가 사정이 급하다고 미리 말씀드렸더니 날짜도 최대한 맞춰 5일만에 배송해주셔서 정말 감사했습니다.

엄마가 너무 마음에 들어하셔서 안방에도 사서 쓰려고 오늘 하나 더 구매하려고합니다. 주위사람들한테도 적극추천할게요. 이사와서 산 가구 중에 정말 제일 마음에 들어 후기를 길게 쓰고갑니다. 번창하세요!",https://phinf.pstatic.net/checkout.phinf/20210320_238/161625127633752fXi_JPEG/review-attachment-8d547555-b09e-42f7-8133-62b96c0fd4e8.jpeg?type=f300_300,cooh****,20.10.30.
24,5,너무 이뻐요 배송도 잘해주셨고 높이도 적당합니당,https://phinf.pstatic.net/checkout.phinf/20210317_79/1615991623938LP6Tt_JPEG/review-attachment-4f0fb223-188a-4857-966b-cca642e40fa5.jpeg?type=f300_300,3mct****,21.01.31.
25,5,수납넉넉하고 예뻐요,https://phinf.pstatic.net/checkout.phinf/20210326_128/1616734837348fnCTR_JPEG/review-attachment-38d39966-f7f3-4a7f-8b9b-c6dd145fbdee.jpeg?type=f300_300,bea1****,21.02.22.
26,5,아주 좋아요 가격대비 디자인도 좋고 견고한거 같아요,https://phinf.pstatic.net/checkout.phinf/20210326_90/1616725765589EluUh_JPEG/review-attachment-3ce5a608-3e5c-41f3-b53e-932b43874a21.jpeg?type=f300_300,yuri****,21.01.06.
27,5,생각보다 커요.. 신랑이 가구 오자마자 물티슈로 박박 닦았는데 색이 변했네요 티는 많이 안나지만 ㅠㅜ 사용설명서를 미리 읽어볼걸 그랬어요,https://phinf.pstatic.net/checkout.phinf/20210311_181/16153908219153d6MN_JPEG/review-attachment-2a742365-113f-4473-96e2-33e6626a2576.jpeg?type=f300_300,kimd****,20.12.10.
28,5,"서랍이 조립된채로 와서 좋았어요. 기사님또 꼼꼼하게 설치해주셔서 좋았는데, 사진과 좀 많이 다른느낌이랄까... 붉은기가 매우 강해요.",https://phinf.pstatic.net/checkout.phinf/20210118_182/1610896999532lT0GN_JPEG/review-attachment-ebb210c9-c2f4-49b0-b059-64204ec41bd2.jpeg?type=f300_300,kuam****,20.12.18.
29,4,약간의 냄새가 나긴하지만  넘예쁜 서랍장입니다   100프로만족입니다^^,https://phinf.pstatic.net/image.nmv/shopnbuyer_2021_01_11_0/f1f667ae-53b7-11eb-9ca7-48df379ccacc_03.jpg?type=ffn300_300,mjlo****,20.11.26.
30,5,배송도 미리 전화해서 약속한 시간에 오셨고 설치도 빠르고 냄새도 거의 없었어요. 깔끔하고 수납도 생각보다 많이 되서 만족합니다.,https://phinf.pstatic.net/checkout.phinf/20210303_251/1614745157783pfCAY_JPEG/review-attachment-88681ab3-ca32-4489-ad2d-95dc212587fa.jpeg?type=f300_300,oliv****,20.12.06.
31,5,"서랍깊이가 깊어서 화장대겸으로 쓰는데 유난히 긴병빼고는 다 세워서 들어가요.
원목인데 금장때문에 포인트가 있어 투박해 보이지 않아 좋아요",https://phinf.pstatic.net/checkout.phinf/20210311_76/1615390281821YudiK_JPEG/review-attachment-b464f07f-2e49-4620-8ac3-a967ee217cf4.jpeg?type=f300_300,blac****,20.11.15.
32,4,부모님 댁에 보내드렸는데 좋다고 하시네요,https://phinf.pstatic.net/image.nmv/shopnbuyer_2021_01_04_0/5e8e494f-4e77-11eb-a803-a0369ff94ec8_03.jpg?type=ffn300_300,dawn****,20.12.03.
33,5,수납도 많이될꺼같고 냄세도 별로 안나는거 같아요,https://phinf.pstatic.net/checkout.phinf/20210206_297/1612617030683Q87H5_JPEG/review-attachment-19ca8ceb-bf30-4587-917c-206c591be48a.jpeg?type=f300_300,bea1****,20.11.25.
34,5,잘 사용하고 있습니다.,https://phinf.pstatic.net/checkout.phinf/20210109_70/16101906551308Ew4b_JPEG/review-attachment-ae096340-30e9-476c-9c65-a06dae905b7b.jpeg?type=f300_300,nice****,20.11.28.
35,5,"안방 서랍장이 필요해서 후기들 꼼꼼하게 보고 구매했어요 ! 원목가구들은 사진과 실제 색이 다른경우가 많은데 이 서랍장은 사진과 비슷하네요 
저희집 침대 프레임과 아주 잘 어울려서 너무 좋아요 !
배송도 추석연휴에 주문 했는데 화요일에 바로 받아봤어요. 설치기사님도 원하는 배송시간 최대한 맞춰주시려고 하셨고 친절하셨어요 
다른 후기에서 봤던 냄새는 거의 없었지만 
크기가 제가 생각했던것 보다는 살짝 작지만 서랍레일도 튼튼하고 무엇보다도 겉모습이 너무 예뻐서 만족스러워요 ~!  예쁘게 만들어주셔서 감사합니다 ^^",https://phinf.pstatic.net/checkout.phinf/20210217_152/1613548771381kgxE0_JPEG/review-attachment-ec0bf13f-127c-4807-b7ff-215e61e38608.jpeg?type=f300_300,914k****,20.10.09.
36,5,"부모님 댁에 보내드렸는데 배송기사님이 찬절하게 발송해 주셨대요.
방에 놓을 텔레비전 올려놓을 서랍장을 원하셨는데
침대에 누워서 보기 딱 좋으시다네요",https://phinf.pstatic.net/checkout.phinf/20210201_256/1612158639663gWLlS_JPEG/review-attachment-6c3ab54c-ce94-48de-bc96-ddea7c5677c9.jpeg?type=f300_300,dawn****,20.10.24.
37,4,"배송도 빠르고 예뻐요.
임시로 티비올려놨지만 예쁘게 꾸며 쓰려고 해요",https://phinf.pstatic.net/checkout.phinf/20210309_10/16152439300846KTnU_JPEG/review-attachment-648bac49-8976-40ff-8778-004367ea27a9.jpeg?type=f300_300,blac****,20.11.05.
38,5,밤 9시 넘어서 배송해주셨네요 ^^; 다리 드릴로 박아주시는데 소리 엄청 커서 이웃집에 피해갈까 조마조마.. 다리도 양쪽 맞춰서 안해주신것같고 삐뚤삐뚤....... 오자마자 먼지 닦았는데 닦아도닦아도 나오네요 ㅠㅠ 너무 박박 닦으니 뭔가 색이 벗겨지는 느낌? 사용감은.. 잘 모르겠어요 사용해봐야 알거같아요 예쁘긴 합니다 사이즈도 맘에 들구요 너무 기대하고 오래 기다려서 그런지 좀 아쉽네요,https://phinf.pstatic.net/checkout.phinf/20210323_223/1616458526071AaqWQ_JPEG/review-attachment-b01b5078-701c-445a-995a-a65075ce3b75.jpeg?type=f300_300,kimd****,20.11.01.
39,5,저희집 신혼가구 서랍장.여기서 구매하고 너무 맘에 들고 잘쓰고 있어서 이번에 할머니서랍장 사드렸는데 너어무 좋아요ㅎㅎ 기사님도 너무 친절하시고 냄새난다는 후기보고 걱정했는데 저는 전혀 냄새못느꼈어요,https://phinf.pstatic.net/checkout.phinf/20210302_101/1614654860303pmVPk_JPEG/review-attachment-e88d5520-b325-4620-b560-31182671b8a5.jpeg?type=f300_300,dode****,20.10.19.
