﻿,star,review,reviewImage,customerId,reviewDate
0,5,1월 초 주문 후 서랍장 부분교환까지 한달정도 걸렸지만... 디자인 맘에 쏙 들고 원목이라 더 좋습니다. 설치해주신 분들도 넘 친절하시고 고객센터의 빠른 톡 상담도 감사했습니다...서재 한 공간이 깔끔하게 정리되어서 볼때마다 흐믓합니다.,https://phinf.pstatic.net/checkout.phinf/20210309_10/16152439300846KTnU_JPEG/review-attachment-648bac49-8976-40ff-8778-004367ea27a9.jpeg?type=f300_300,swho****,21.02.15.
1,5,"아기옷 구분해서 수납하기 딱 좋아요.
예쁘고 정말 만족스러워요^^
좋은 제품 감사합니다♡",https://phinf.pstatic.net/checkout.phinf/20210323_223/1616458526071AaqWQ_JPEG/review-attachment-b01b5078-701c-445a-995a-a65075ce3b75.jpeg?type=f300_300,taij****,21.02.20.
2,4,이사하면서 미리 주문했는데 한달이 넘어서 배송이 되어서 서랍장 없이 짐정리가 끝났어요. ㅠ.ㅠ  그래도 제품은 튼튼하고 예뻐요. 스타일러색때문에 네이비로 주문했는데 잘 어울리네요. 나무냄새가 너무 많이 나는데몸에는 괜찮은 거 맞죠? 배송기사님 친절하셨는데 코로나 때문에 그냥 가셔서 신랑이 손잡이 달고 한다고 힘들었네요.,https://phinf.pstatic.net/checkout.phinf/20210302_101/1614654860303pmVPk_JPEG/review-attachment-e88d5520-b325-4620-b560-31182671b8a5.jpeg?type=f300_300,dfna****,21.02.06.
3,4,"수납 넉넉하고 일단 깊어서 좋으네요
피톤치드 냄새인건진 너무 강해서
2주는 서랍 열어놓고 사용 못했어요
그래도 새제품 냄새보다 훨 낫습니다
가격은 비싸지만
만족합니다",https://phinf.pstatic.net/checkout.phinf/20210320_238/161625127633752fXi_JPEG/review-attachment-8d547555-b09e-42f7-8133-62b96c0fd4e8.jpeg?type=f300_300,ssug****,21.02.01.
4,5,디자인 너무 예쁘고 튼튼해요. 레일이라 조금 걱정했지만 괜찮은 것 같네요,https://phinf.pstatic.net/checkout.phinf/20210317_79/1615991623938LP6Tt_JPEG/review-attachment-4f0fb223-188a-4857-966b-cca642e40fa5.jpeg?type=f300_300,song****,21.01.21.
5,5,사진으로 보던것보다 실물이 훨씬 이뻐요.물건도 단단하고 좋은제품 구매한것같아 너무 기분 좋습니다. 차차 낡은 장롱도 바꿔야겠어요,https://phinf.pstatic.net/checkout.phinf/20210326_128/1616734837348fnCTR_JPEG/review-attachment-38d39966-f7f3-4a7f-8b9b-c6dd145fbdee.jpeg?type=f300_300,haya****,20.12.30.
6,4,서랍이 칸칸 나누어 있어 수납 짱입니다. 튼튼하고 예뻐요.,https://phinf.pstatic.net/checkout.phinf/20210326_90/1616725765589EluUh_JPEG/review-attachment-3ce5a608-3e5c-41f3-b53e-932b43874a21.jpeg?type=f300_300,ansi****,21.01.02.
7,4,이사하면서 미리 주문했는데 무려 29일만에 배송됐네요..아무리 지방이지만(창녕) 오지도 아닌데 늦어도 너무 늦어서 짐정리도 못하고기다리다 지쳐 물건이 도착했는데 좋다거나 이리저리 살펴보지도 않게 되네요...그래도 다른분들 도움되시라고 실제 사진은 올립니다..,https://phinf.pstatic.net/checkout.phinf/20210311_181/16153908219153d6MN_JPEG/review-attachment-2a742365-113f-4473-96e2-33e6626a2576.jpeg?type=f300_300,ks_j****,20.12.10.
8,5,저렵하게 잘 구입했어요,https://phinf.pstatic.net/checkout.phinf/20210118_182/1610896999532lT0GN_JPEG/review-attachment-ebb210c9-c2f4-49b0-b059-64204ec41bd2.jpeg?type=f300_300,polo****,21.02.02.
9,5,이쁘고 튼튼 배송아저씨도 좋아요 섦명친절,https://phinf.pstatic.net/image.nmv/shopnbuyer_2021_01_11_0/f1f667ae-53b7-11eb-9ca7-48df379ccacc_03.jpg?type=ffn300_300,litt****,21.01.29.
10,5,이쁘고 배송기사분도 친절했어요,https://phinf.pstatic.net/checkout.phinf/20210303_251/1614745157783pfCAY_JPEG/review-attachment-88681ab3-ca32-4489-ad2d-95dc212587fa.jpeg?type=f300_300,litt****,20.12.30.
11,3,잘 받앗습니다 많이 파세요,https://phinf.pstatic.net/checkout.phinf/20210311_76/1615390281821YudiK_JPEG/review-attachment-b464f07f-2e49-4620-8ac3-a967ee217cf4.jpeg?type=f300_300,ydm8****,20.11.25.
12,5,홈앤가구두번째구매해요~~전체적으로 튼튼하고 수납도많이되고 좋네요😄,https://phinf.pstatic.net/image.nmv/shopnbuyer_2021_01_04_0/5e8e494f-4e77-11eb-a803-a0369ff94ec8_03.jpg?type=ffn300_300,zdsa****,20.09.22.
13,5,튼튼하고 수납공간이 많아서 좋와요,https://phinf.pstatic.net/checkout.phinf/20210206_297/1612617030683Q87H5_JPEG/review-attachment-19ca8ceb-bf30-4587-917c-206c591be48a.jpeg?type=f300_300,para****,20.10.12.
14,5,서랍이많아서정리하기가너무좋았어요~~,https://phinf.pstatic.net/checkout.phinf/20210109_70/16101906551308Ew4b_JPEG/review-attachment-ae096340-30e9-476c-9c65-a06dae905b7b.jpeg?type=f300_300,lee0****,20.10.20.
15,4,"생각했던거만큼 이뻐요^^
아기가 있어서 잘 열리는 서랍은 위험한대 이건 서랍 레일이 부드러우면서 꽉닫히는거라 아기가 못 열어서 좋아요~ 그전에 쓰던 서랍은 계속 열고 닫았거든요ㅠㅠ
수납위주로 골랐던거라 만족합니다.
배송도 빠르고 설치기사도 친절하셨어요!
색상이 좀 더 어두울줄 알았는데 사진보다 밝아서 약간 아쉬움에 별4개예용!!
그거외엔 만족합니다^^ 꼭사세유ㅋㅋ",https://phinf.pstatic.net/checkout.phinf/20210217_152/1613548771381kgxE0_JPEG/review-attachment-ec0bf13f-127c-4807-b7ff-215e61e38608.jpeg?type=f300_300,heee****,20.08.13.
16,5,"원하던 크기라서 방에 딱 맞아요
원목이라 냄새도 심하지 않고
나무 냄새가 나요
서랍도 부드럽게 열립니다
배송기사님도 설명도 잘 해주시고...",https://phinf.pstatic.net/checkout.phinf/20210201_256/1612158639663gWLlS_JPEG/review-attachment-6c3ab54c-ce94-48de-bc96-ddea7c5677c9.jpeg?type=f300_300,ceci****,20.09.11.
17,5,물건 교환과 관련하여 업체 대처 방법이 좀 그랬지만.. 교환 해서 잘쓰고 있습니다.,https://phinf.pstatic.net/checkout.phinf/20210309_10/16152439300846KTnU_JPEG/review-attachment-648bac49-8976-40ff-8778-004367ea27a9.jpeg?type=f300_300,jkll****,20.09.11.
18,5,배송은 생각보다 빨리왔어요. 지방인데도 5일정도 걸렸네요. 가구는 맘에 들어요. 기사님도 친절하셨구요. 다만 서랍장안에 본드가 묻어있어서 닦느라고 고생했네요. 그래서 별하나 뺏어요. 또 다른 상품도 주문하러 올께요~,https://phinf.pstatic.net/checkout.phinf/20210323_223/1616458526071AaqWQ_JPEG/review-attachment-b01b5078-701c-445a-995a-a65075ce3b75.jpeg?type=f300_300,hcs9****,20.08.01.
19,4,"배송기사님 너무 친절하셔서 좋았습니다
불량인 가구  보내주시고 불량 아니라고 그냥 반품 하라고 하는 업체에 황당습니다.교환한 상품은  앞전과 완전 다릅니다.
뭐가 문제 였는지 꼭 확인 하시길 바랍니다.",https://phinf.pstatic.net/checkout.phinf/20210302_101/1614654860303pmVPk_JPEG/review-attachment-e88d5520-b325-4620-b560-31182671b8a5.jpeg?type=f300_300,jkll****,20.07.26.
20,5,1월 초 주문 후 서랍장 부분교환까지 한달정도 걸렸지만... 디자인 맘에 쏙 들고 원목이라 더 좋습니다. 설치해주신 분들도 넘 친절하시고 고객센터의 빠른 톡 상담도 감사했습니다...서재 한 공간이 깔끔하게 정리되어서 볼때마다 흐믓합니다.,https://phinf.pstatic.net/checkout.phinf/20210309_10/16152439300846KTnU_JPEG/review-attachment-648bac49-8976-40ff-8778-004367ea27a9.jpeg?type=f300_300,swho****,21.02.15.
21,5,"아기옷 구분해서 수납하기 딱 좋아요.
예쁘고 정말 만족스러워요^^
좋은 제품 감사합니다♡",https://phinf.pstatic.net/checkout.phinf/20210323_223/1616458526071AaqWQ_JPEG/review-attachment-b01b5078-701c-445a-995a-a65075ce3b75.jpeg?type=f300_300,taij****,21.02.20.
22,4,이사하면서 미리 주문했는데 한달이 넘어서 배송이 되어서 서랍장 없이 짐정리가 끝났어요. ㅠ.ㅠ  그래도 제품은 튼튼하고 예뻐요. 스타일러색때문에 네이비로 주문했는데 잘 어울리네요. 나무냄새가 너무 많이 나는데몸에는 괜찮은 거 맞죠? 배송기사님 친절하셨는데 코로나 때문에 그냥 가셔서 신랑이 손잡이 달고 한다고 힘들었네요.,https://phinf.pstatic.net/checkout.phinf/20210302_101/1614654860303pmVPk_JPEG/review-attachment-e88d5520-b325-4620-b560-31182671b8a5.jpeg?type=f300_300,dfna****,21.02.06.
23,4,"수납 넉넉하고 일단 깊어서 좋으네요
피톤치드 냄새인건진 너무 강해서
2주는 서랍 열어놓고 사용 못했어요
그래도 새제품 냄새보다 훨 낫습니다
가격은 비싸지만
만족합니다",https://phinf.pstatic.net/checkout.phinf/20210320_238/161625127633752fXi_JPEG/review-attachment-8d547555-b09e-42f7-8133-62b96c0fd4e8.jpeg?type=f300_300,ssug****,21.02.01.
24,5,디자인 너무 예쁘고 튼튼해요. 레일이라 조금 걱정했지만 괜찮은 것 같네요,https://phinf.pstatic.net/checkout.phinf/20210317_79/1615991623938LP6Tt_JPEG/review-attachment-4f0fb223-188a-4857-966b-cca642e40fa5.jpeg?type=f300_300,song****,21.01.21.
25,5,사진으로 보던것보다 실물이 훨씬 이뻐요.물건도 단단하고 좋은제품 구매한것같아 너무 기분 좋습니다. 차차 낡은 장롱도 바꿔야겠어요,https://phinf.pstatic.net/checkout.phinf/20210326_128/1616734837348fnCTR_JPEG/review-attachment-38d39966-f7f3-4a7f-8b9b-c6dd145fbdee.jpeg?type=f300_300,haya****,20.12.30.
26,4,서랍이 칸칸 나누어 있어 수납 짱입니다. 튼튼하고 예뻐요.,https://phinf.pstatic.net/checkout.phinf/20210326_90/1616725765589EluUh_JPEG/review-attachment-3ce5a608-3e5c-41f3-b53e-932b43874a21.jpeg?type=f300_300,ansi****,21.01.02.
27,4,이사하면서 미리 주문했는데 무려 29일만에 배송됐네요..아무리 지방이지만(창녕) 오지도 아닌데 늦어도 너무 늦어서 짐정리도 못하고기다리다 지쳐 물건이 도착했는데 좋다거나 이리저리 살펴보지도 않게 되네요...그래도 다른분들 도움되시라고 실제 사진은 올립니다..,https://phinf.pstatic.net/checkout.phinf/20210311_181/16153908219153d6MN_JPEG/review-attachment-2a742365-113f-4473-96e2-33e6626a2576.jpeg?type=f300_300,ks_j****,20.12.10.
28,5,저렵하게 잘 구입했어요,https://phinf.pstatic.net/checkout.phinf/20210118_182/1610896999532lT0GN_JPEG/review-attachment-ebb210c9-c2f4-49b0-b059-64204ec41bd2.jpeg?type=f300_300,polo****,21.02.02.
29,5,이쁘고 튼튼 배송아저씨도 좋아요 섦명친절,https://phinf.pstatic.net/image.nmv/shopnbuyer_2021_01_11_0/f1f667ae-53b7-11eb-9ca7-48df379ccacc_03.jpg?type=ffn300_300,litt****,21.01.29.
30,5,이쁘고 배송기사분도 친절했어요,https://phinf.pstatic.net/checkout.phinf/20210303_251/1614745157783pfCAY_JPEG/review-attachment-88681ab3-ca32-4489-ad2d-95dc212587fa.jpeg?type=f300_300,litt****,20.12.30.
31,3,잘 받앗습니다 많이 파세요,https://phinf.pstatic.net/checkout.phinf/20210311_76/1615390281821YudiK_JPEG/review-attachment-b464f07f-2e49-4620-8ac3-a967ee217cf4.jpeg?type=f300_300,ydm8****,20.11.25.
32,5,홈앤가구두번째구매해요~~전체적으로 튼튼하고 수납도많이되고 좋네요😄,https://phinf.pstatic.net/image.nmv/shopnbuyer_2021_01_04_0/5e8e494f-4e77-11eb-a803-a0369ff94ec8_03.jpg?type=ffn300_300,zdsa****,20.09.22.
33,5,튼튼하고 수납공간이 많아서 좋와요,https://phinf.pstatic.net/checkout.phinf/20210206_297/1612617030683Q87H5_JPEG/review-attachment-19ca8ceb-bf30-4587-917c-206c591be48a.jpeg?type=f300_300,para****,20.10.12.
34,5,서랍이많아서정리하기가너무좋았어요~~,https://phinf.pstatic.net/checkout.phinf/20210109_70/16101906551308Ew4b_JPEG/review-attachment-ae096340-30e9-476c-9c65-a06dae905b7b.jpeg?type=f300_300,lee0****,20.10.20.
35,4,"생각했던거만큼 이뻐요^^
아기가 있어서 잘 열리는 서랍은 위험한대 이건 서랍 레일이 부드러우면서 꽉닫히는거라 아기가 못 열어서 좋아요~ 그전에 쓰던 서랍은 계속 열고 닫았거든요ㅠㅠ
수납위주로 골랐던거라 만족합니다.
배송도 빠르고 설치기사도 친절하셨어요!
색상이 좀 더 어두울줄 알았는데 사진보다 밝아서 약간 아쉬움에 별4개예용!!
그거외엔 만족합니다^^ 꼭사세유ㅋㅋ",https://phinf.pstatic.net/checkout.phinf/20210217_152/1613548771381kgxE0_JPEG/review-attachment-ec0bf13f-127c-4807-b7ff-215e61e38608.jpeg?type=f300_300,heee****,20.08.13.
36,5,"원하던 크기라서 방에 딱 맞아요
원목이라 냄새도 심하지 않고
나무 냄새가 나요
서랍도 부드럽게 열립니다
배송기사님도 설명도 잘 해주시고...",https://phinf.pstatic.net/checkout.phinf/20210201_256/1612158639663gWLlS_JPEG/review-attachment-6c3ab54c-ce94-48de-bc96-ddea7c5677c9.jpeg?type=f300_300,ceci****,20.09.11.
37,5,물건 교환과 관련하여 업체 대처 방법이 좀 그랬지만.. 교환 해서 잘쓰고 있습니다.,https://phinf.pstatic.net/checkout.phinf/20210309_10/16152439300846KTnU_JPEG/review-attachment-648bac49-8976-40ff-8778-004367ea27a9.jpeg?type=f300_300,jkll****,20.09.11.
38,5,배송은 생각보다 빨리왔어요. 지방인데도 5일정도 걸렸네요. 가구는 맘에 들어요. 기사님도 친절하셨구요. 다만 서랍장안에 본드가 묻어있어서 닦느라고 고생했네요. 그래서 별하나 뺏어요. 또 다른 상품도 주문하러 올께요~,https://phinf.pstatic.net/checkout.phinf/20210323_223/1616458526071AaqWQ_JPEG/review-attachment-b01b5078-701c-445a-995a-a65075ce3b75.jpeg?type=f300_300,hcs9****,20.08.01.
39,4,"배송기사님 너무 친절하셔서 좋았습니다
불량인 가구  보내주시고 불량 아니라고 그냥 반품 하라고 하는 업체에 황당습니다.교환한 상품은  앞전과 완전 다릅니다.
뭐가 문제 였는지 꼭 확인 하시길 바랍니다.",https://phinf.pstatic.net/checkout.phinf/20210302_101/1614654860303pmVPk_JPEG/review-attachment-e88d5520-b325-4620-b560-31182671b8a5.jpeg?type=f300_300,jkll****,20.07.26.
40,5,배송기사님 친절하시고 좋아요,https://phinf.pstatic.net/checkout.phinf/20210309_10/16152439300846KTnU_JPEG/review-attachment-648bac49-8976-40ff-8778-004367ea27a9.jpeg?type=f300_300,king****,20.08.18.
41,5,기사님도 친절하고 제품도 훌륭합니다.,https://phinf.pstatic.net/checkout.phinf/20210323_223/1616458526071AaqWQ_JPEG/review-attachment-b01b5078-701c-445a-995a-a65075ce3b75.jpeg?type=f300_300,jncc****,20.08.08.
42,4,"오래동안 고르고 고른 보람이 있네요
 모던한것 같지만 분위기도 있어보이구요 네이비칼라가 오히려 방도 넓어 보이는 효과도 있어요
깔끔하고 고급스럽습니다
32평 안방에 1500싸이즈 잘한거 같아요 배송은 열흘정도 걸렸구요 배송해주신 분도 무척 친절하시고 가구에 대하여 상세한 추가 설명해 주시고 가셨어요
감사해요 ㅎ",https://phinf.pstatic.net/checkout.phinf/20210302_101/1614654860303pmVPk_JPEG/review-attachment-e88d5520-b325-4620-b560-31182671b8a5.jpeg?type=f300_300,limj****,20.05.31.
43,4,"1800 1500 엄청 고민했어요 
안방에 티비장으로 쓸려고 구매했는데 
방 길이가 안되서 1500 했네요 ㅠㅠ 
서랍장 고급지고 분위기 좋아요
서랍이 갯수가 많아서 정리가 잘되서 좋아용 !",https://phinf.pstatic.net/checkout.phinf/20210320_238/161625127633752fXi_JPEG/review-attachment-8d547555-b09e-42f7-8133-62b96c0fd4e8.jpeg?type=f300_300,eun6****,20.05.13.
44,5,가구 드자인과 색깔까지 너무 마음에 듭니다.,https://phinf.pstatic.net/checkout.phinf/20210317_79/1615991623938LP6Tt_JPEG/review-attachment-4f0fb223-188a-4857-966b-cca642e40fa5.jpeg?type=f300_300,ckgu****,20.06.14.
45,5,"화면이랑 똑같아요. 배송 엄청 느립니다. 2주걸렸어요
주문하면 만든대요. 서랍 안까지 천연목인거 같구요. 나무냄새 많이 납니다. 전 좋았어요. 아이 둘이 여러알러지 있는데 배송받고 트러블은 없었어요. 한가지 걱정은 너무 나무해서 뭘발라줘야하나 생각듭니다ㅎㅎ",https://phinf.pstatic.net/checkout.phinf/20210326_128/1616734837348fnCTR_JPEG/review-attachment-38d39966-f7f3-4a7f-8b9b-c6dd145fbdee.jpeg?type=f300_300,mam1****,20.03.16.
46,5,향이 넘 조아요~^^,https://phinf.pstatic.net/checkout.phinf/20210326_90/1616725765589EluUh_JPEG/review-attachment-3ce5a608-3e5c-41f3-b53e-932b43874a21.jpeg?type=f300_300,gkqr****,20.05.22.
47,5,생각보다 깔끔하고 튼튼하게 오래사용할수 있을거 같아요 다음에 다른모델도 구입해서 사용해 볼 예정입니다.,https://phinf.pstatic.net/checkout.phinf/20210311_181/16153908219153d6MN_JPEG/review-attachment-2a742365-113f-4473-96e2-33e6626a2576.jpeg?type=f300_300,sanr****,20.04.08.
48,5,멋스럽고 튼튼해요^^,https://phinf.pstatic.net/checkout.phinf/20210118_182/1610896999532lT0GN_JPEG/review-attachment-ebb210c9-c2f4-49b0-b059-64204ec41bd2.jpeg?type=f300_300,ddon****,20.05.18.
49,5,"아이들 있는 집에 티비다이로 놓고 쓰기 좋네요 
수납공간 넉넉해서 이지가지 다 넣을 수 있어 좋고 페인트 냄새 안나고 나무향기랑 톱밥 냄새가 나서 하루 정도 환기만 시켜주면 적응되요
레일이 안 빠져서 서랍을 빼서 속을 닦지 못 하는게 조금 아쉽네요. ㅠㅠ 나무 가루가 나와서 몇번 닦고 써야해요",https://phinf.pstatic.net/image.nmv/shopnbuyer_2021_01_11_0/f1f667ae-53b7-11eb-9ca7-48df379ccacc_03.jpg?type=ffn300_300,cool****,20.03.04.
50,4,선물했어요. 엄마도좋아하지만 초등생딸이 더좋아한다네요~,https://phinf.pstatic.net/checkout.phinf/20210303_251/1614745157783pfCAY_JPEG/review-attachment-88681ab3-ca32-4489-ad2d-95dc212587fa.jpeg?type=f300_300,love****,20.04.06.
51,5,"디자인도 괜찮고 색이 질리지 않고 예쁘네요.
가구냄새도 거의없습니다.",https://phinf.pstatic.net/checkout.phinf/20210311_76/1615390281821YudiK_JPEG/review-attachment-b464f07f-2e49-4620-8ac3-a967ee217cf4.jpeg?type=f300_300,9810****,20.03.06.
52,5,"수납공간도 넉넉하고
색상도 이쁘고
튼튼햬요",https://phinf.pstatic.net/image.nmv/shopnbuyer_2021_01_04_0/5e8e494f-4e77-11eb-a803-a0369ff94ec8_03.jpg?type=ffn300_300,danb****,20.03.17.
53,4,"첫날 냄새가 좀 심하더라구요
그것말고는 디자인도 화면과 같고
세아이들 옷 수납짱이네요
좋아요^^ㆍ",https://phinf.pstatic.net/checkout.phinf/20210206_297/1612617030683Q87H5_JPEG/review-attachment-19ca8ceb-bf30-4587-917c-206c591be48a.jpeg?type=f300_300,sunn****,20.02.17.
54,5,배송도 원하는 날짜에 정확히 해주었고 무엇보다도 사진 그대로 이쁩니다.,https://phinf.pstatic.net/checkout.phinf/20210109_70/16101906551308Ew4b_JPEG/review-attachment-ae096340-30e9-476c-9c65-a06dae905b7b.jpeg?type=f300_300,9810****,20.02.02.
55,5,생각보다 튼튼합니다~!!,https://phinf.pstatic.net/checkout.phinf/20210217_152/1613548771381kgxE0_JPEG/review-attachment-ec0bf13f-127c-4807-b7ff-215e61e38608.jpeg?type=f300_300,dels****,20.02.27.
56,5,제품 마감이 잘되어 있고 색감도 고급스러워 매우 만족합니다,https://phinf.pstatic.net/checkout.phinf/20210201_256/1612158639663gWLlS_JPEG/review-attachment-6c3ab54c-ce94-48de-bc96-ddea7c5677c9.jpeg?type=f300_300,bhsj****,20.02.08.
57,5,"배송은 열흘정도 걸렸구요. 나무냄새가 솔솔 나는게 너무 좋네요~ 인테리어 효과도 좋고, 수납도 짱짱 많이 되고, 티비 올려놓을 거실장으로 쓰는데 만족합니다.",https://phinf.pstatic.net/checkout.phinf/20210309_10/16152439300846KTnU_JPEG/review-attachment-648bac49-8976-40ff-8778-004367ea27a9.jpeg?type=f300_300,anae****,19.12.08.
58,5,"네이비 구매했구여
생각보다 아주아주 빨리 도착했어요
향나무라 향도 나고 마감도 깔끔해요
구성이 좋아서 더 만족합니다",https://phinf.pstatic.net/checkout.phinf/20210323_223/1616458526071AaqWQ_JPEG/review-attachment-b01b5078-701c-445a-995a-a65075ce3b75.jpeg?type=f300_300,kitt****,19.11.20.
59,3,배송은 2주 걸렸구요. 제품음 맘에듭니다.,https://phinf.pstatic.net/checkout.phinf/20210302_101/1614654860303pmVPk_JPEG/review-attachment-e88d5520-b325-4620-b560-31182671b8a5.jpeg?type=f300_300,cozy****,19.10.29.
60,5,"배송은 지방이라그런지 마니 늦구요 서랍장은 대체로 만족한 편이지만 그렇게 원목칙는 튼튼한편은 아니예요~ 깔끔하니 이뿌긴 하네요
잘 쓸게요~~^^",https://phinf.pstatic.net/checkout.phinf/20210309_10/16152439300846KTnU_JPEG/review-attachment-648bac49-8976-40ff-8778-004367ea27a9.jpeg?type=f300_300,sunm****,19.10.14.
61,5,"색디자인등은 생각과 같았으나 늦은 배송과 생각보다 약함
손톱으로 누르면 그대로 찍힐정도..",https://phinf.pstatic.net/checkout.phinf/20210323_223/1616458526071AaqWQ_JPEG/review-attachment-b01b5078-701c-445a-995a-a65075ce3b75.jpeg?type=f300_300,stor****,19.09.06.
62,4,배송은 괜찮았어요. 금욜 저녁에  주문해서 화욜에 받았고요. 외관은  괜찮았지만 내부가 좀 아쉽네요. 사진보다 실물이 좀 아쉬워요,https://phinf.pstatic.net/checkout.phinf/20210302_101/1614654860303pmVPk_JPEG/review-attachment-e88d5520-b325-4620-b560-31182671b8a5.jpeg?type=f300_300,skai****,19.07.24.
63,4,수납기능 좋고 깔끔하네요,https://phinf.pstatic.net/checkout.phinf/20210320_238/161625127633752fXi_JPEG/review-attachment-8d547555-b09e-42f7-8133-62b96c0fd4e8.jpeg?type=f300_300,joym****,19.07.08.
64,4,좋음 냄새도서느정도빠졌고 아주잘쓰고있음,https://phinf.pstatic.net/checkout.phinf/20210317_79/1615991623938LP6Tt_JPEG/review-attachment-4f0fb223-188a-4857-966b-cca642e40fa5.jpeg?type=f300_300,mkco****,19.06.28.
65,3,수납공간도 많고 원목이라 재질도 좋습니다만 실물이 좀 모자란 느낌입니다. 실제로 볼 수 있으면 한번 보고 결정하시길 추천해요.,https://phinf.pstatic.net/checkout.phinf/20210326_128/1616734837348fnCTR_JPEG/review-attachment-38d39966-f7f3-4a7f-8b9b-c6dd145fbdee.jpeg?type=f300_300,kami****,19.05.17.
66,3,좋네요 수납도많고 마음에듭니다,https://phinf.pstatic.net/checkout.phinf/20210326_90/1616725765589EluUh_JPEG/review-attachment-3ce5a608-3e5c-41f3-b53e-932b43874a21.jpeg?type=f300_300,mkco****,19.05.14.
67,5,생각했던 것보다 훨씬 튼튼하고 서랍 속도 넓어서 여러모로 요긴하게 수납할 것 같아요. 기사님께서도 정말 친절하셨고 배송 당일 수업이 있다고 하니 오전 일찍 배송해 주셨어요. 고맙습니다.,https://phinf.pstatic.net/checkout.phinf/20210311_181/16153908219153d6MN_JPEG/review-attachment-2a742365-113f-4473-96e2-33e6626a2576.jpeg?type=f300_300,rose****,19.04.20.
68,5,"원하는 색상으로 변경을
해주셔서 너무 감사합니다.
수납공간이 많아서 걱정없이
사용할 수 있어서 좋습니다.",https://phinf.pstatic.net/checkout.phinf/20210118_182/1610896999532lT0GN_JPEG/review-attachment-ebb210c9-c2f4-49b0-b059-64204ec41bd2.jpeg?type=f300_300,k153****,19.04.13.
69,4,시어머님이사셨는데너무맘에들어서화이트랑민트2개샀습니다 보고산거라 맘에들어요서랍장도많고 위쪽한칸보다아래쪽이커서유용하기도해요 아쉬운건화이트라아라서아쉽네요 아이보리색입니다,https://phinf.pstatic.net/image.nmv/shopnbuyer_2021_01_11_0/f1f667ae-53b7-11eb-9ca7-48df379ccacc_03.jpg?type=ffn300_300,dang****,19.03.13.
70,4,만족합니다 생각보다 묵직하니 좋네요,https://phinf.pstatic.net/checkout.phinf/20210303_251/1614745157783pfCAY_JPEG/review-attachment-88681ab3-ca32-4489-ad2d-95dc212587fa.jpeg?type=f300_300,sanb****,19.04.13.
71,5,"배송기사님이 직접 연락을 주셨고,
다른 제품에 비해 배송도 빠른편이었어요.
나무냄새가 강한편이지만, 원목제품은 다 그러니까요.
그리고 수납공간도 꽤 넉넉하구요.
좋은 제품 저렴하게 잘 구매한것 같아서 기분이 좋았습니다.
좋은 제품 많이 파세요!!",https://phinf.pstatic.net/checkout.phinf/20210311_76/1615390281821YudiK_JPEG/review-attachment-b464f07f-2e49-4620-8ac3-a967ee217cf4.jpeg?type=f300_300,thdu****,19.03.11.
72,5,사진이랑정말똑같아요,https://phinf.pstatic.net/image.nmv/shopnbuyer_2021_01_04_0/5e8e494f-4e77-11eb-a803-a0369ff94ec8_03.jpg?type=ffn300_300,love****,19.04.09.
73,4,색상과  사이즈 너무 마음에 듭니다.,https://phinf.pstatic.net/checkout.phinf/20210206_297/1612617030683Q87H5_JPEG/review-attachment-19ca8ceb-bf30-4587-917c-206c591be48a.jpeg?type=f300_300,ipit****,19.04.04.
74,5,완전 만족합니다 튼튼하고 색상도 예쁘네요,https://phinf.pstatic.net/checkout.phinf/20210109_70/16101906551308Ew4b_JPEG/review-attachment-ae096340-30e9-476c-9c65-a06dae905b7b.jpeg?type=f300_300,jhcw****,19.03.29.
75,5,컬러도 좋고 크고 좋아요,https://phinf.pstatic.net/checkout.phinf/20210217_152/1613548771381kgxE0_JPEG/review-attachment-ec0bf13f-127c-4807-b7ff-215e61e38608.jpeg?type=f300_300,meca****,19.03.29.
76,5,아주좋아요아주좋아요,https://phinf.pstatic.net/checkout.phinf/20210201_256/1612158639663gWLlS_JPEG/review-attachment-6c3ab54c-ce94-48de-bc96-ddea7c5677c9.jpeg?type=f300_300,kdj2****,19.04.19.
77,5,월요일에 주문해서 목요일 오전에 받았어요! 색깔이나 나무상태 너무 좋아요. 설치기사님도 잘 설치해주시고 가셨어요. 만족합니다~~~!,https://phinf.pstatic.net/checkout.phinf/20210309_10/16152439300846KTnU_JPEG/review-attachment-648bac49-8976-40ff-8778-004367ea27a9.jpeg?type=f300_300,miff****,19.01.17.
78,5,아주 좋은상품 감사합니다.,https://phinf.pstatic.net/checkout.phinf/20210323_223/1616458526071AaqWQ_JPEG/review-attachment-b01b5078-701c-445a-995a-a65075ce3b75.jpeg?type=f300_300,pjt5****,19.02.23.
79,5,아주좋아요아주좋아요,https://phinf.pstatic.net/checkout.phinf/20210302_101/1614654860303pmVPk_JPEG/review-attachment-e88d5520-b325-4620-b560-31182671b8a5.jpeg?type=f300_300,kdj2****,19.02.22.
