﻿,star,review,reviewImage,customerId,reviewDate
0,5,나무냄세도좋고  튼튼해보여요  다만색이 조금만더 찐했으면 더이뻐을것같아요~^^,https://phinf.pstatic.net/checkout.phinf/20210309_10/16152439300846KTnU_JPEG/review-attachment-648bac49-8976-40ff-8778-004367ea27a9.jpeg?type=f300_300,hk33****,21.03.18.
1,5,"이가격에 이 퀄리티 없어요
배송해주신것도 너무 깔끔하고요
정말 오래 많이 찾아보고 결정한건데 후회1도없이
완전 만족합니다. 많이 파세요~!",https://phinf.pstatic.net/checkout.phinf/20210323_223/1616458526071AaqWQ_JPEG/review-attachment-b01b5078-701c-445a-995a-a65075ce3b75.jpeg?type=f300_300,budn****,21.03.07.
2,4,사이즈랑 색감 모두 만족합니다~~,https://phinf.pstatic.net/checkout.phinf/20210302_101/1614654860303pmVPk_JPEG/review-attachment-e88d5520-b325-4620-b560-31182671b8a5.jpeg?type=f300_300,ccym****,21.03.13.
3,5,지정일 배송 감사합니다.,https://phinf.pstatic.net/checkout.phinf/20210320_238/161625127633752fXi_JPEG/review-attachment-8d547555-b09e-42f7-8133-62b96c0fd4e8.jpeg?type=f300_300,love****,21.03.22.
4,5,화장대 겸 서랍장으로 사용중이에요 나무냄새가 좋으네요,https://phinf.pstatic.net/checkout.phinf/20210317_79/1615991623938LP6Tt_JPEG/review-attachment-4f0fb223-188a-4857-966b-cca642e40fa5.jpeg?type=f300_300,vban****,21.02.11.
5,5,"새집에서 산뜻하게 쓰려고 나름 원목 제작가구를 주문했는데, 최초에 상품 자체가 오배송와서 10일 가량 옷을 넣을 곳이 없어 불편을 겪었는데 잘 만들어서 배송해 주신다더니...서랍장 안에 대박 큰 스크레치가...ㅜㅜ 이럴 줄 알았으면 그냥 환불할 걸 그랬네요. 불편함 감수하면서 잘 만들어달라고 부탁까지 드렸는데..후가공이 고객의 몫이군요...쩝. 배송기사님은 이정도는 괜찮다고 하고 가십니다...만드시는 분들도 장인정신을 가지고 만드시니 매 번 그러시는 건 아니겠지만 구매자분들 참고하세요. 간혹 이런 경우도 있나 봅니다. 앞으로는 대기업 이용해야겠어요. 후처리가 너무나 아쉽습니다.",https://phinf.pstatic.net/checkout.phinf/20210326_128/1616734837348fnCTR_JPEG/review-attachment-38d39966-f7f3-4a7f-8b9b-c6dd145fbdee.jpeg?type=f300_300,lone****,20.12.29.
6,4,"색이 좀 더 밝을줄 알았는데 생각했던거랑 조금 다르긴했지만 원목 침대 색이랑 잘 어울려요
원목 튼튼하고 견고해요!
배송 진짜 빨랐어요!",https://phinf.pstatic.net/checkout.phinf/20210326_90/1616725765589EluUh_JPEG/review-attachment-3ce5a608-3e5c-41f3-b53e-932b43874a21.jpeg?type=f300_300,dksa****,20.12.21.
7,5,"배송도  빠르고  튼튼하고
좋아요  기존 가구랑 찰떡이네요~~
큰서랍이랑  두개 샀는데  지저분한거  다정리되니  기분좋습니다~~^^",https://phinf.pstatic.net/checkout.phinf/20210311_181/16153908219153d6MN_JPEG/review-attachment-2a742365-113f-4473-96e2-33e6626a2576.jpeg?type=f300_300,dodo****,20.12.19.
8,5,튼튼하고 견고하네요~~ 색상도 밝고 어느곳에나 어울려요,https://phinf.pstatic.net/checkout.phinf/20210118_182/1610896999532lT0GN_JPEG/review-attachment-ebb210c9-c2f4-49b0-b059-64204ec41bd2.jpeg?type=f300_300,lena****,20.11.24.
