﻿,star,review,reviewImage,customerId,reviewDate
0,5,"엄청 고심해서 골랐는데 정말 마음에 듭니당!
가구냄새도 전혀없고 튼튼하고 기사님들도 친절하셨어요!! 볼때마다 흐뭇합니다 ㅎㅎ 오래쓸게요!",https://phinf.pstatic.net/checkout.phinf/20210309_10/16152439300846KTnU_JPEG/review-attachment-648bac49-8976-40ff-8778-004367ea27a9.jpeg?type=f300_300,rrry****,21.03.16.
1,5,원목 색이 짙고 상세컷의 색감과 일치합니다. 설치기사님이 친절하게 설치 다 해주시고 제품 마음에 들었습니다. 서랍장 레일 뻑뻑하지 않고 새냄새도 안났어요. 서랍장 칸이 일반 서랍장 생각하면 좀 얕은 감이 있는데 개인적으로는 옷 한줄씩 넣고 찾아꺼내기 편해서 더 마음에 들었습니다. 옷이 엄청 많이 들어가는 서랍장은 아닌데 자주 입는 옷만 정리해놓고 쓴다면 적당한거 같아요~,https://phinf.pstatic.net/checkout.phinf/20210323_223/1616458526071AaqWQ_JPEG/review-attachment-b01b5078-701c-445a-995a-a65075ce3b75.jpeg?type=f300_300,limy****,21.02.17.
2,4,"견고하고 좋아요
다만 묵직ㅎㅐ서그런가
열고닫을때 힘이 엄청 들어가네요
손잡이가 특이해서 맘에들어요",https://phinf.pstatic.net/checkout.phinf/20210302_101/1614654860303pmVPk_JPEG/review-attachment-e88d5520-b325-4620-b560-31182671b8a5.jpeg?type=f300_300,para****,21.03.14.
3,4,생각했던 색보다는 노란끼가 더 돌아 아쉽지만 디자인은 빈티지하게 좋아요,https://phinf.pstatic.net/checkout.phinf/20210320_238/161625127633752fXi_JPEG/review-attachment-8d547555-b09e-42f7-8133-62b96c0fd4e8.jpeg?type=f300_300,scsc****,21.02.21.
4,5,"생각했던것보단 작지만 서랍 여닫는것도 부드럽고 색감 재질 모두 마음에 들어요
화장대도 세트로 주문했는데 아직 도착하지 않았지만 만족할것 같아요",https://phinf.pstatic.net/checkout.phinf/20210317_79/1615991623938LP6Tt_JPEG/review-attachment-4f0fb223-188a-4857-966b-cca642e40fa5.jpeg?type=f300_300,sson****,21.01.31.
5,5,"가구가 너무 이뻐요 ㅜ 와이프가 이뻐서 서랍장 거울장 이 두개를 장미멘숀에서 구입했는데 기사님도 너무 친절하고 잘 설치해주셨어요!
오래오래 이쁘게 사용ㅎㅐ야겠어요!!",https://phinf.pstatic.net/checkout.phinf/20210326_128/1616734837348fnCTR_JPEG/review-attachment-38d39966-f7f3-4a7f-8b9b-c6dd145fbdee.jpeg?type=f300_300,gomp****,21.01.31.
6,5,작아요 가벼워요 묵직하게 고급스럽진 않음,https://phinf.pstatic.net/checkout.phinf/20210326_90/1616725765589EluUh_JPEG/review-attachment-3ce5a608-3e5c-41f3-b53e-932b43874a21.jpeg?type=f300_300,luva****,21.03.04.
7,5,"처음 구매한 수납장이 마음에 들어 두번째 구매예요!
여러 브랜드 비교후 구매한 서랍장인데, 마감이며 원목 상태 너무 맘에 듭니다!!ㅎㅎ
이러다 온집 장매맨션 제품으로 가득 찰듯..벌써 다른 제품 구경중이에요..ㅠ",https://phinf.pstatic.net/checkout.phinf/20210311_181/16153908219153d6MN_JPEG/review-attachment-2a742365-113f-4473-96e2-33e6626a2576.jpeg?type=f300_300,hans****,20.12.23.
8,4,"배송은 좀 걸렸지만 넘 이뻐서 맘에 들어용

설치도 뚝딱해주시고 가셨어요",https://phinf.pstatic.net/checkout.phinf/20210118_182/1610896999532lT0GN_JPEG/review-attachment-ebb210c9-c2f4-49b0-b059-64204ec41bd2.jpeg?type=f300_300,rhdu****,21.01.09.
9,4,수납도 잘 되고 예뻐요~,https://phinf.pstatic.net/image.nmv/shopnbuyer_2021_01_11_0/f1f667ae-53b7-11eb-9ca7-48df379ccacc_03.jpg?type=ffn300_300,did6****,21.02.03.
10,5,너무 예쁜데 기스난 제품와서 속상해요,https://phinf.pstatic.net/checkout.phinf/20210303_251/1614745157783pfCAY_JPEG/review-attachment-88681ab3-ca32-4489-ad2d-95dc212587fa.jpeg?type=f300_300,boky****,21.01.14.
