﻿,star,review,reviewImage,customerId,reviewDate
0,5,부모님이 쓰시던 서랍장이 망가져서 이번엔 튼튼한 서랍장으로 교체했습니다.,https://phinf.pstatic.net/checkout.phinf/20210309_10/16152439300846KTnU_JPEG/review-attachment-648bac49-8976-40ff-8778-004367ea27a9.jpeg?type=f300_300,youn****,21.03.19.
1,5,배송 친절하게 잘해주셨습니다 .  찍힘이 두어군데 보이네요. 무게감 있어 든든해요  만족합니다,https://phinf.pstatic.net/checkout.phinf/20210323_223/1616458526071AaqWQ_JPEG/review-attachment-b01b5078-701c-445a-995a-a65075ce3b75.jpeg?type=f300_300,horu****,21.03.03.
2,5,튼튼하고 견고합니다. 아쉬운 점은 표면 처리가 약간 매끄럽지 못한 부분은 있지만 가격 대비 가성비가 좋와서 별 5개 드립니다.,https://phinf.pstatic.net/checkout.phinf/20210302_101/1614654860303pmVPk_JPEG/review-attachment-e88d5520-b325-4620-b560-31182671b8a5.jpeg?type=f300_300,psjk****,21.03.09.
3,5,서랍장 폭도 넓고 수납을 많이 할수 있어서 너무나 대만족입니다.,https://phinf.pstatic.net/checkout.phinf/20210320_238/161625127633752fXi_JPEG/review-attachment-8d547555-b09e-42f7-8133-62b96c0fd4e8.jpeg?type=f300_300,ayb0****,21.02.25.
4,5,서랍장이 편하고 좋은데 색이넘 흐리네요,https://phinf.pstatic.net/checkout.phinf/20210317_79/1615991623938LP6Tt_JPEG/review-attachment-4f0fb223-188a-4857-966b-cca642e40fa5.jpeg?type=f300_300,qord****,21.02.17.
5,5,서랍장을 구매했는데 견고하고 마음에 드신다고 시어머니께서 부탁하셔서 추가 구입하였습니다 나뭇결 좋구요 냄새도 별로 안나요 직접 제작한 가구라 견고하고 너무 좋습니다,https://phinf.pstatic.net/checkout.phinf/20210326_128/1616734837348fnCTR_JPEG/review-attachment-38d39966-f7f3-4a7f-8b9b-c6dd145fbdee.jpeg?type=f300_300,rucy****,21.01.01.
6,5,볼수록 디자인이며 색감이 마음에 드네요 옷도 수납이 많이 되어 쓰임새가 좋아요 잘 사용할께요,https://phinf.pstatic.net/checkout.phinf/20210326_90/1616725765589EluUh_JPEG/review-attachment-3ce5a608-3e5c-41f3-b53e-932b43874a21.jpeg?type=f300_300,msh8****,20.12.16.
7,5,빠른배송 감사합니다~,https://phinf.pstatic.net/checkout.phinf/20210311_181/16153908219153d6MN_JPEG/review-attachment-2a742365-113f-4473-96e2-33e6626a2576.jpeg?type=f300_300,kook****,20.12.27.
8,3,"4년전에 다른데서 비슷하게 생긴 서랍장을 샀어요.
그거랑 가장 비슷한걸 찾고 찾아서 산거에요.
나무냄새가 많이 나요. ㅠㅠ
유해한 냄새는 아니라 그냥 참는데... 많이나요. ㅋㅋㅋ
그래도, 전에 산거보다 서랍도 훨씬 부드럽고 좋아요.
서랍 5칸 중에 한칸정도는 안에 나눔칸 있음 좋을텐데...
그게 좀 아쉬워요. ㅡ.ㅡ;;;;
그래도 전체적으로는 너무 만족합니다. ^^",https://phinf.pstatic.net/checkout.phinf/20210118_182/1610896999532lT0GN_JPEG/review-attachment-ebb210c9-c2f4-49b0-b059-64204ec41bd2.jpeg?type=f300_300,tjdd****,20.11.19.
9,5,"서랍장도 깊고 마음에 들어요~ 색상도 예뻐요~^^ 
냄새는 2주정도 빼고 옷을 챙겨넣으니 괜찮네요~ 
서랍 나무 다리 바닥이 조금 부실해보입니다
하루는 서랍을 전부 열고 닦다가 서랍이 앞으로 넘어와서 엄청 놀랬네요~ 무게 중심이 앞으로 몰려서 그런듯했어요 ~ 그래서 서랍 다리와 바닥을 보니 좀 보완이 되었으면 좋겠다는 생각이 들었어요~ ^^",https://phinf.pstatic.net/image.nmv/shopnbuyer_2021_01_11_0/f1f667ae-53b7-11eb-9ca7-48df379ccacc_03.jpg?type=ffn300_300,blue****,20.10.20.
10,5,튼튼하니 넘 좋아요,https://phinf.pstatic.net/checkout.phinf/20210303_251/1614745157783pfCAY_JPEG/review-attachment-88681ab3-ca32-4489-ad2d-95dc212587fa.jpeg?type=f300_300,rdek****,20.12.03.
11,4,원목 서랍장 디자인도 괜찮고 튼튼해 보입니다 삼나무 원목향이 좋네요 수납도 넉넉히 될 정도로 크기도 큰 편이네요  배송이 늦었지만 상품은 만족해요 ~,https://phinf.pstatic.net/checkout.phinf/20210311_76/1615390281821YudiK_JPEG/review-attachment-b464f07f-2e49-4620-8ac3-a967ee217cf4.jpeg?type=f300_300,msh8****,20.09.25.
12,5,"좋은제품  감사합니다
적극추천합니다",https://phinf.pstatic.net/image.nmv/shopnbuyer_2021_01_04_0/5e8e494f-4e77-11eb-a803-a0369ff94ec8_03.jpg?type=ffn300_300,rdek****,20.11.02.
13,4,작년 이사오면서 구입했는데 품질 좋아서 아들방용으로 재구매했어요. 그런데 이번거는 사포질이 제대로 안되서 거칠거나 못이 밖으로 삐져나와서  옷꺼내다 다칠까봐 박스테잎으로 보완했어요.같은 회사같은 상품인데 품질차이가   많이나서 실망했습니다.,https://phinf.pstatic.net/checkout.phinf/20210206_297/1612617030683Q87H5_JPEG/review-attachment-19ca8ceb-bf30-4587-917c-206c591be48a.jpeg?type=f300_300,ugly****,20.09.30.
14,5,"생각보다 크고 튼튼하긴 해요~ 자세히보니 미세한 스크레치가 보이긴 하지만 그냥 사용합니당
그리고 나무냄새긴한데 냄새가 많이나요~ 미세먼지때메 환기도 잘 못하는 상황이라.. ㅠ",https://phinf.pstatic.net/checkout.phinf/20210109_70/16101906551308Ew4b_JPEG/review-attachment-ae096340-30e9-476c-9c65-a06dae905b7b.jpeg?type=f300_300,hees****,20.02.21.
15,4,"재구매의사 있어요
나무향 좋아요",https://phinf.pstatic.net/checkout.phinf/20210217_152/1613548771381kgxE0_JPEG/review-attachment-ec0bf13f-127c-4807-b7ff-215e61e38608.jpeg?type=f300_300,leej****,20.02.04.
16,5,튼튼해서 잘 사용하고 있습니다.,https://phinf.pstatic.net/checkout.phinf/20210201_256/1612158639663gWLlS_JPEG/review-attachment-6c3ab54c-ce94-48de-bc96-ddea7c5677c9.jpeg?type=f300_300,sunh****,20.01.28.
17,2,크기도 좋구요. 상품상태 좋습니다.,https://phinf.pstatic.net/checkout.phinf/20210309_10/16152439300846KTnU_JPEG/review-attachment-648bac49-8976-40ff-8778-004367ea27a9.jpeg?type=f300_300,sksh****,20.01.05.
18,4,견고하고 볼 수록 예뻐요,https://phinf.pstatic.net/checkout.phinf/20210323_223/1616458526071AaqWQ_JPEG/review-attachment-b01b5078-701c-445a-995a-a65075ce3b75.jpeg?type=f300_300,nalj****,20.01.06.
19,5,많이 검색해고 평도 좋아서 샀어요 잘 사용하고 있어요 튼튼하고 색상도 마음에 들고 서랍 공간도 넓어서 좋아요,https://phinf.pstatic.net/checkout.phinf/20210302_101/1614654860303pmVPk_JPEG/review-attachment-e88d5520-b325-4620-b560-31182671b8a5.jpeg?type=f300_300,altt****,19.12.11.
20,5,부모님이 쓰시던 서랍장이 망가져서 이번엔 튼튼한 서랍장으로 교체했습니다.,https://phinf.pstatic.net/checkout.phinf/20210309_10/16152439300846KTnU_JPEG/review-attachment-648bac49-8976-40ff-8778-004367ea27a9.jpeg?type=f300_300,youn****,21.03.19.
21,5,배송 친절하게 잘해주셨습니다 .  찍힘이 두어군데 보이네요. 무게감 있어 든든해요  만족합니다,https://phinf.pstatic.net/checkout.phinf/20210323_223/1616458526071AaqWQ_JPEG/review-attachment-b01b5078-701c-445a-995a-a65075ce3b75.jpeg?type=f300_300,horu****,21.03.03.
22,5,튼튼하고 견고합니다. 아쉬운 점은 표면 처리가 약간 매끄럽지 못한 부분은 있지만 가격 대비 가성비가 좋와서 별 5개 드립니다.,https://phinf.pstatic.net/checkout.phinf/20210302_101/1614654860303pmVPk_JPEG/review-attachment-e88d5520-b325-4620-b560-31182671b8a5.jpeg?type=f300_300,psjk****,21.03.09.
23,5,서랍장 폭도 넓고 수납을 많이 할수 있어서 너무나 대만족입니다.,https://phinf.pstatic.net/checkout.phinf/20210320_238/161625127633752fXi_JPEG/review-attachment-8d547555-b09e-42f7-8133-62b96c0fd4e8.jpeg?type=f300_300,ayb0****,21.02.25.
24,5,서랍장이 편하고 좋은데 색이넘 흐리네요,https://phinf.pstatic.net/checkout.phinf/20210317_79/1615991623938LP6Tt_JPEG/review-attachment-4f0fb223-188a-4857-966b-cca642e40fa5.jpeg?type=f300_300,qord****,21.02.17.
25,5,서랍장을 구매했는데 견고하고 마음에 드신다고 시어머니께서 부탁하셔서 추가 구입하였습니다 나뭇결 좋구요 냄새도 별로 안나요 직접 제작한 가구라 견고하고 너무 좋습니다,https://phinf.pstatic.net/checkout.phinf/20210326_128/1616734837348fnCTR_JPEG/review-attachment-38d39966-f7f3-4a7f-8b9b-c6dd145fbdee.jpeg?type=f300_300,rucy****,21.01.01.
26,5,볼수록 디자인이며 색감이 마음에 드네요 옷도 수납이 많이 되어 쓰임새가 좋아요 잘 사용할께요,https://phinf.pstatic.net/checkout.phinf/20210326_90/1616725765589EluUh_JPEG/review-attachment-3ce5a608-3e5c-41f3-b53e-932b43874a21.jpeg?type=f300_300,msh8****,20.12.16.
27,5,빠른배송 감사합니다~,https://phinf.pstatic.net/checkout.phinf/20210311_181/16153908219153d6MN_JPEG/review-attachment-2a742365-113f-4473-96e2-33e6626a2576.jpeg?type=f300_300,kook****,20.12.27.
28,3,"4년전에 다른데서 비슷하게 생긴 서랍장을 샀어요.
그거랑 가장 비슷한걸 찾고 찾아서 산거에요.
나무냄새가 많이 나요. ㅠㅠ
유해한 냄새는 아니라 그냥 참는데... 많이나요. ㅋㅋㅋ
그래도, 전에 산거보다 서랍도 훨씬 부드럽고 좋아요.
서랍 5칸 중에 한칸정도는 안에 나눔칸 있음 좋을텐데...
그게 좀 아쉬워요. ㅡ.ㅡ;;;;
그래도 전체적으로는 너무 만족합니다. ^^",https://phinf.pstatic.net/checkout.phinf/20210118_182/1610896999532lT0GN_JPEG/review-attachment-ebb210c9-c2f4-49b0-b059-64204ec41bd2.jpeg?type=f300_300,tjdd****,20.11.19.
29,5,"서랍장도 깊고 마음에 들어요~ 색상도 예뻐요~^^ 
냄새는 2주정도 빼고 옷을 챙겨넣으니 괜찮네요~ 
서랍 나무 다리 바닥이 조금 부실해보입니다
하루는 서랍을 전부 열고 닦다가 서랍이 앞으로 넘어와서 엄청 놀랬네요~ 무게 중심이 앞으로 몰려서 그런듯했어요 ~ 그래서 서랍 다리와 바닥을 보니 좀 보완이 되었으면 좋겠다는 생각이 들었어요~ ^^",https://phinf.pstatic.net/image.nmv/shopnbuyer_2021_01_11_0/f1f667ae-53b7-11eb-9ca7-48df379ccacc_03.jpg?type=ffn300_300,blue****,20.10.20.
30,5,튼튼하니 넘 좋아요,https://phinf.pstatic.net/checkout.phinf/20210303_251/1614745157783pfCAY_JPEG/review-attachment-88681ab3-ca32-4489-ad2d-95dc212587fa.jpeg?type=f300_300,rdek****,20.12.03.
31,4,원목 서랍장 디자인도 괜찮고 튼튼해 보입니다 삼나무 원목향이 좋네요 수납도 넉넉히 될 정도로 크기도 큰 편이네요  배송이 늦었지만 상품은 만족해요 ~,https://phinf.pstatic.net/checkout.phinf/20210311_76/1615390281821YudiK_JPEG/review-attachment-b464f07f-2e49-4620-8ac3-a967ee217cf4.jpeg?type=f300_300,msh8****,20.09.25.
32,5,"좋은제품  감사합니다
적극추천합니다",https://phinf.pstatic.net/image.nmv/shopnbuyer_2021_01_04_0/5e8e494f-4e77-11eb-a803-a0369ff94ec8_03.jpg?type=ffn300_300,rdek****,20.11.02.
33,4,작년 이사오면서 구입했는데 품질 좋아서 아들방용으로 재구매했어요. 그런데 이번거는 사포질이 제대로 안되서 거칠거나 못이 밖으로 삐져나와서  옷꺼내다 다칠까봐 박스테잎으로 보완했어요.같은 회사같은 상품인데 품질차이가   많이나서 실망했습니다.,https://phinf.pstatic.net/checkout.phinf/20210206_297/1612617030683Q87H5_JPEG/review-attachment-19ca8ceb-bf30-4587-917c-206c591be48a.jpeg?type=f300_300,ugly****,20.09.30.
34,5,"생각보다 크고 튼튼하긴 해요~ 자세히보니 미세한 스크레치가 보이긴 하지만 그냥 사용합니당
그리고 나무냄새긴한데 냄새가 많이나요~ 미세먼지때메 환기도 잘 못하는 상황이라.. ㅠ",https://phinf.pstatic.net/checkout.phinf/20210109_70/16101906551308Ew4b_JPEG/review-attachment-ae096340-30e9-476c-9c65-a06dae905b7b.jpeg?type=f300_300,hees****,20.02.21.
35,4,"재구매의사 있어요
나무향 좋아요",https://phinf.pstatic.net/checkout.phinf/20210217_152/1613548771381kgxE0_JPEG/review-attachment-ec0bf13f-127c-4807-b7ff-215e61e38608.jpeg?type=f300_300,leej****,20.02.04.
36,5,튼튼해서 잘 사용하고 있습니다.,https://phinf.pstatic.net/checkout.phinf/20210201_256/1612158639663gWLlS_JPEG/review-attachment-6c3ab54c-ce94-48de-bc96-ddea7c5677c9.jpeg?type=f300_300,sunh****,20.01.28.
37,2,크기도 좋구요. 상품상태 좋습니다.,https://phinf.pstatic.net/checkout.phinf/20210309_10/16152439300846KTnU_JPEG/review-attachment-648bac49-8976-40ff-8778-004367ea27a9.jpeg?type=f300_300,sksh****,20.01.05.
38,4,견고하고 볼 수록 예뻐요,https://phinf.pstatic.net/checkout.phinf/20210323_223/1616458526071AaqWQ_JPEG/review-attachment-b01b5078-701c-445a-995a-a65075ce3b75.jpeg?type=f300_300,nalj****,20.01.06.
39,5,많이 검색해고 평도 좋아서 샀어요 잘 사용하고 있어요 튼튼하고 색상도 마음에 들고 서랍 공간도 넓어서 좋아요,https://phinf.pstatic.net/checkout.phinf/20210302_101/1614654860303pmVPk_JPEG/review-attachment-e88d5520-b325-4620-b560-31182671b8a5.jpeg?type=f300_300,altt****,19.12.11.
