﻿,star,review,reviewImage,customerId,reviewDate
0,5,"배송부분에 많은 우여곡절이 있었지만 상품보구 정말 너무 만족했습니다 
바 테이블옆에 두고 간단한 집기류 넣으려고 구매했는데 오신 손님들도 모두 칭찬했어요
서랍그립감도 부드럽고 너무 좋아요
잘 사용하겠습니다",https://phinf.pstatic.net/checkout.phinf/20210309_10/16152439300846KTnU_JPEG/review-attachment-648bac49-8976-40ff-8778-004367ea27a9.jpeg?type=f300_300,eat8****,21.03.20.
1,5,배송도빠르고 너무예뻐요,https://phinf.pstatic.net/checkout.phinf/20210323_223/1616458526071AaqWQ_JPEG/review-attachment-b01b5078-701c-445a-995a-a65075ce3b75.jpeg?type=f300_300,yds1****,21.03.06.
