﻿,star,review,reviewImage,customerId,reviewDate
0,5,"이거 조립하기도 너무 쉽고 제가 원하던 사이즈예요 가격대비 패브릭 서랍장인데도 허접하지않고 색감이 차분하니 이뻐서 그런지 생각보다 고급스러워보여요 저희 좁은 거실복도에 놓기에 폭이 딱이라서 골랐는데 더 사고싶네요!! 온갖 집안이 굴러다니는 것들 다 넣어ㅆ더니
속이 후련합네다!!",https://phinf.pstatic.net/checkout.phinf/20210309_10/16152439300846KTnU_JPEG/review-attachment-648bac49-8976-40ff-8778-004367ea27a9.jpeg?type=f300_300,evej****,21.03.27.
1,5,조립도 쉽고 예쁘고 수납도 많이 되요 마음에 들어요,https://phinf.pstatic.net/checkout.phinf/20210323_223/1616458526071AaqWQ_JPEG/review-attachment-b01b5078-701c-445a-995a-a65075ce3b75.jpeg?type=f300_300,ncoo****,21.03.23.
2,5,튼튼하고 조립도 쉬워서 잘 사용하겠습니다,https://phinf.pstatic.net/checkout.phinf/20210302_101/1614654860303pmVPk_JPEG/review-attachment-e88d5520-b325-4620-b560-31182671b8a5.jpeg?type=f300_300,rkdu****,21.03.24.
3,5,생각보단 작았어요 하지만 수납은 짱짱하네요,https://phinf.pstatic.net/checkout.phinf/20210320_238/161625127633752fXi_JPEG/review-attachment-8d547555-b09e-42f7-8133-62b96c0fd4e8.jpeg?type=f300_300,lady****,21.03.23.
4,5,조립식 가구 구입하고 첨으로 만족했네요,https://phinf.pstatic.net/checkout.phinf/20210317_79/1615991623938LP6Tt_JPEG/review-attachment-4f0fb223-188a-4857-966b-cca642e40fa5.jpeg?type=f300_300,boll****,21.03.17.
5,5,좋아요~잘 사용하고 있어요,https://phinf.pstatic.net/checkout.phinf/20210326_128/1616734837348fnCTR_JPEG/review-attachment-38d39966-f7f3-4a7f-8b9b-c6dd145fbdee.jpeg?type=f300_300,lave****,21.03.17.
6,5,"1. 장점
  가. 간편한 조립 및 상세하고 쉬운 설명서
  나. 양호한 상품 포장상태(박스, 스티로폼 등)
  다. 손잡이 우드 포인트(단단함)
  라. 패브릭 서랍장이나 철제 프레임/우드 상판이
       매우 견고한 편임
  마. 서랍 자체의 봉제 상태, 단단함이 우수함
  바. 우드상판 나사 부분에 고무 파킹
       (조립/해체 시 나무 손상 우려할 필요 없음)
  사. 배송은 보통이지만 배송기사님께서 조심히
       배달해주셨음. 
  아. 빠른 톡톡 답장 및 친절함 최고

2. 조립 간 특이사항
  가. 철제 프레임이 일부 손상되어서 보내짐
        (구부러짐 일부 있으나 조립 간 복구 가능)
  나. 생각보다 작은 편
        (치수를 정확히 계산하지 않고 너무 예뻐서
          바로 샀기에 괜찮았음)
        * 맨 윗칸 기준 왼쪽부터
           1) 수건 8개 수납(여유없음)
           2) 내복10벌 수납(여유없음)
           3) 스포츠 양말 30개 수납(여유있음)
 
3. 총평
    제가 직업 상 이사를 자주 다녀야 해서 조립/해체가 쉽고 망가지지 않는 서랍장을 찾고 있었어요! 이 제품은 조립하기도 쉽고 무엇보다도 우드 상판을 결합하는 부분이 고무로 되어있어서 조립/해체 시 나무에 손상이 가지 않아 좋았습니다.
우드 상판 조립 시 나무가 부서질 수 있다는 후기를 보고 조금 헐겁게 조립했는데도 흔들거림 없이 나름 견고합니다. 
철제 프레임은 살짝 휜 부분이 세군데 있었지만 조립하면서 악력으로다가 복구했습니다ㅎㅎㅎ
큰 단점이라고는 생각하지 않았어요!
예쁘면서도 가벼워서(옷 넣으면 무게감+, 안정성+) 좋습니다. 완전 최고입니다👍 
다음 가구도 여기서 살게요!! 새해 복많이 받으세요~",https://phinf.pstatic.net/checkout.phinf/20210326_90/1616725765589EluUh_JPEG/review-attachment-3ce5a608-3e5c-41f3-b53e-932b43874a21.jpeg?type=f300_300,nhlo****,21.01.02.
7,5,"배송 빨라요 3일정도 걸린거같아요
무료배송으로 받았구요 
조립하기도 쉬운편입니다 
벽에 박을수 있게 되어있지만 저희는
그냥 두었습니다 벽에 ㅎ",https://phinf.pstatic.net/checkout.phinf/20210311_181/16153908219153d6MN_JPEG/review-attachment-2a742365-113f-4473-96e2-33e6626a2576.jpeg?type=f300_300,rhdn****,21.02.05.
8,5,장판이 브라운계열이라서 그쪽 색깔 수납장을 찾고 있었는데 딱 잘 어울리더라구요 ㅎㅎ 설치가 좀 오래걸리긴했는데 뭐 나쁘지 않았아요 ㅎㅎ 근데 생각보다 수납공간이 크진 않네요,https://phinf.pstatic.net/checkout.phinf/20210118_182/1610896999532lT0GN_JPEG/review-attachment-ebb210c9-c2f4-49b0-b059-64204ec41bd2.jpeg?type=f300_300,rlat****,21.02.15.
9,4,"자질구리한 물건들이 어찌나 거슬렸는지..ㅜ
지금은 아주 속이후련하네요
주방도 훨씬 넓어보이고..예쁩니다
페브릭이라 좀 걱정했는데 
써보니 괜한걱정을한거같아도
너무예뻐요~~^^",https://phinf.pstatic.net/image.nmv/shopnbuyer_2021_01_11_0/f1f667ae-53b7-11eb-9ca7-48df379ccacc_03.jpg?type=ffn300_300,roro****,21.03.08.
10,5,"배송 빠르게 왔구요 조립은 쉬운데, 중간에 살짝 구멍이 안맞아서, 다른분이 써둔거처럼 힘으로 늘려서 맞추면 되네요. 수납공간 넉넉하고 방 분위가 살아납니다~",https://phinf.pstatic.net/checkout.phinf/20210303_251/1614745157783pfCAY_JPEG/review-attachment-88681ab3-ca32-4489-ad2d-95dc212587fa.jpeg?type=f300_300,banb****,21.02.10.
11,5,크기도 적당하고 수납공간도 많고 원래 쓰려고 계획했던 용도대로 잘 사용하고 있습니다!,https://phinf.pstatic.net/checkout.phinf/20210311_76/1615390281821YudiK_JPEG/review-attachment-b464f07f-2e49-4620-8ac3-a967ee217cf4.jpeg?type=f300_300,youm****,21.02.21.
12,5,"아들방  베란다에 3단,7단 세트 설치한후 너무 이쁘고 활용적이이서 다시 주문했어요.
역시 수납공간 넉넉하고 수납장의 패브릭 색깔이 이뻐요~
철제 휘어짐과 틈 벌어짐이 있었는데 교환신청했다가 아들이 힘으로 바로잡아서 설치후 사용하고 있어요~^^;;
주말에 교환신청했는데 월욜 바로 연락주셨드라구요. 그냥 교환취소하고 사용하고 있어요.ㅎ",https://phinf.pstatic.net/image.nmv/shopnbuyer_2021_01_04_0/5e8e494f-4e77-11eb-a803-a0369ff94ec8_03.jpg?type=ffn300_300,hyun****,20.12.21.
13,5,이거사고 두셋트 더구입,https://phinf.pstatic.net/checkout.phinf/20210206_297/1612617030683Q87H5_JPEG/review-attachment-19ca8ceb-bf30-4587-917c-206c591be48a.jpeg?type=f300_300,ns10****,21.03.01.
14,5,잘쓰고있어요 유용합니디.ㆍ,https://phinf.pstatic.net/checkout.phinf/20210109_70/16101906551308Ew4b_JPEG/review-attachment-ae096340-30e9-476c-9c65-a06dae905b7b.jpeg?type=f300_300,wlsd****,21.03.02.
15,5,"깔끔하게 정리되는것 같아 좋네요~
적극 추천합니다~맘에 들어요",https://phinf.pstatic.net/checkout.phinf/20210217_152/1613548771381kgxE0_JPEG/review-attachment-ec0bf13f-127c-4807-b7ff-215e61e38608.jpeg?type=f300_300,dbtj****,21.02.14.
16,5,아기 옷장으로 구입했는데 조립도 간단하고 수납도 좋아요~ 7단만 구입했다 마음에 들어서 3단도 추가 구입했어요 추천합니다!,https://phinf.pstatic.net/checkout.phinf/20210201_256/1612158639663gWLlS_JPEG/review-attachment-6c3ab54c-ce94-48de-bc96-ddea7c5677c9.jpeg?type=f300_300,issa****,21.02.25.
17,5,깔끔하고 조립하기 쉽네요,https://phinf.pstatic.net/checkout.phinf/20210309_10/16152439300846KTnU_JPEG/review-attachment-648bac49-8976-40ff-8778-004367ea27a9.jpeg?type=f300_300,mk19****,21.03.15.
18,4,조립이그리어렵지는않아요,https://phinf.pstatic.net/checkout.phinf/20210323_223/1616458526071AaqWQ_JPEG/review-attachment-b01b5078-701c-445a-995a-a65075ce3b75.jpeg?type=f300_300,sund****,21.02.18.
19,5,"냄새가 일단 안나서 좋긴한데, 맨 아래칸 서랍장도 위에 두칸처럼 걸리는 부분이 있어야 모양이 딱 맞을 듯하네요. 사진처럼 아래칸 수납장이 자꾸빠져서 별하나 뺍니다. 여자 혼자 조립하기 나쁘지 않은데요. 처음에는 어깨에 기대고 해야하니 보조하는 사람 있으면 편할듯요.",https://phinf.pstatic.net/checkout.phinf/20210302_101/1614654860303pmVPk_JPEG/review-attachment-e88d5520-b325-4620-b560-31182671b8a5.jpeg?type=f300_300,pipp****,21.01.16.
20,5,"이거 조립하기도 너무 쉽고 제가 원하던 사이즈예요 가격대비 패브릭 서랍장인데도 허접하지않고 색감이 차분하니 이뻐서 그런지 생각보다 고급스러워보여요 저희 좁은 거실복도에 놓기에 폭이 딱이라서 골랐는데 더 사고싶네요!! 온갖 집안이 굴러다니는 것들 다 넣어ㅆ더니
속이 후련합네다!!",https://phinf.pstatic.net/checkout.phinf/20210309_10/16152439300846KTnU_JPEG/review-attachment-648bac49-8976-40ff-8778-004367ea27a9.jpeg?type=f300_300,evej****,21.03.27.
21,5,조립도 쉽고 예쁘고 수납도 많이 되요 마음에 들어요,https://phinf.pstatic.net/checkout.phinf/20210323_223/1616458526071AaqWQ_JPEG/review-attachment-b01b5078-701c-445a-995a-a65075ce3b75.jpeg?type=f300_300,ncoo****,21.03.23.
22,5,튼튼하고 조립도 쉬워서 잘 사용하겠습니다,https://phinf.pstatic.net/checkout.phinf/20210302_101/1614654860303pmVPk_JPEG/review-attachment-e88d5520-b325-4620-b560-31182671b8a5.jpeg?type=f300_300,rkdu****,21.03.24.
23,5,생각보단 작았어요 하지만 수납은 짱짱하네요,https://phinf.pstatic.net/checkout.phinf/20210320_238/161625127633752fXi_JPEG/review-attachment-8d547555-b09e-42f7-8133-62b96c0fd4e8.jpeg?type=f300_300,lady****,21.03.23.
24,5,조립식 가구 구입하고 첨으로 만족했네요,https://phinf.pstatic.net/checkout.phinf/20210317_79/1615991623938LP6Tt_JPEG/review-attachment-4f0fb223-188a-4857-966b-cca642e40fa5.jpeg?type=f300_300,boll****,21.03.17.
25,5,좋아요~잘 사용하고 있어요,https://phinf.pstatic.net/checkout.phinf/20210326_128/1616734837348fnCTR_JPEG/review-attachment-38d39966-f7f3-4a7f-8b9b-c6dd145fbdee.jpeg?type=f300_300,lave****,21.03.17.
26,5,"1. 장점
  가. 간편한 조립 및 상세하고 쉬운 설명서
  나. 양호한 상품 포장상태(박스, 스티로폼 등)
  다. 손잡이 우드 포인트(단단함)
  라. 패브릭 서랍장이나 철제 프레임/우드 상판이
       매우 견고한 편임
  마. 서랍 자체의 봉제 상태, 단단함이 우수함
  바. 우드상판 나사 부분에 고무 파킹
       (조립/해체 시 나무 손상 우려할 필요 없음)
  사. 배송은 보통이지만 배송기사님께서 조심히
       배달해주셨음. 
  아. 빠른 톡톡 답장 및 친절함 최고

2. 조립 간 특이사항
  가. 철제 프레임이 일부 손상되어서 보내짐
        (구부러짐 일부 있으나 조립 간 복구 가능)
  나. 생각보다 작은 편
        (치수를 정확히 계산하지 않고 너무 예뻐서
          바로 샀기에 괜찮았음)
        * 맨 윗칸 기준 왼쪽부터
           1) 수건 8개 수납(여유없음)
           2) 내복10벌 수납(여유없음)
           3) 스포츠 양말 30개 수납(여유있음)
 
3. 총평
    제가 직업 상 이사를 자주 다녀야 해서 조립/해체가 쉽고 망가지지 않는 서랍장을 찾고 있었어요! 이 제품은 조립하기도 쉽고 무엇보다도 우드 상판을 결합하는 부분이 고무로 되어있어서 조립/해체 시 나무에 손상이 가지 않아 좋았습니다.
우드 상판 조립 시 나무가 부서질 수 있다는 후기를 보고 조금 헐겁게 조립했는데도 흔들거림 없이 나름 견고합니다. 
철제 프레임은 살짝 휜 부분이 세군데 있었지만 조립하면서 악력으로다가 복구했습니다ㅎㅎㅎ
큰 단점이라고는 생각하지 않았어요!
예쁘면서도 가벼워서(옷 넣으면 무게감+, 안정성+) 좋습니다. 완전 최고입니다👍 
다음 가구도 여기서 살게요!! 새해 복많이 받으세요~",https://phinf.pstatic.net/checkout.phinf/20210326_90/1616725765589EluUh_JPEG/review-attachment-3ce5a608-3e5c-41f3-b53e-932b43874a21.jpeg?type=f300_300,nhlo****,21.01.02.
27,5,"배송 빨라요 3일정도 걸린거같아요
무료배송으로 받았구요 
조립하기도 쉬운편입니다 
벽에 박을수 있게 되어있지만 저희는
그냥 두었습니다 벽에 ㅎ",https://phinf.pstatic.net/checkout.phinf/20210311_181/16153908219153d6MN_JPEG/review-attachment-2a742365-113f-4473-96e2-33e6626a2576.jpeg?type=f300_300,rhdn****,21.02.05.
28,5,장판이 브라운계열이라서 그쪽 색깔 수납장을 찾고 있었는데 딱 잘 어울리더라구요 ㅎㅎ 설치가 좀 오래걸리긴했는데 뭐 나쁘지 않았아요 ㅎㅎ 근데 생각보다 수납공간이 크진 않네요,https://phinf.pstatic.net/checkout.phinf/20210118_182/1610896999532lT0GN_JPEG/review-attachment-ebb210c9-c2f4-49b0-b059-64204ec41bd2.jpeg?type=f300_300,rlat****,21.02.15.
29,4,"자질구리한 물건들이 어찌나 거슬렸는지..ㅜ
지금은 아주 속이후련하네요
주방도 훨씬 넓어보이고..예쁩니다
페브릭이라 좀 걱정했는데 
써보니 괜한걱정을한거같아도
너무예뻐요~~^^",https://phinf.pstatic.net/image.nmv/shopnbuyer_2021_01_11_0/f1f667ae-53b7-11eb-9ca7-48df379ccacc_03.jpg?type=ffn300_300,roro****,21.03.08.
30,5,"배송 빠르게 왔구요 조립은 쉬운데, 중간에 살짝 구멍이 안맞아서, 다른분이 써둔거처럼 힘으로 늘려서 맞추면 되네요. 수납공간 넉넉하고 방 분위가 살아납니다~",https://phinf.pstatic.net/checkout.phinf/20210303_251/1614745157783pfCAY_JPEG/review-attachment-88681ab3-ca32-4489-ad2d-95dc212587fa.jpeg?type=f300_300,banb****,21.02.10.
31,5,크기도 적당하고 수납공간도 많고 원래 쓰려고 계획했던 용도대로 잘 사용하고 있습니다!,https://phinf.pstatic.net/checkout.phinf/20210311_76/1615390281821YudiK_JPEG/review-attachment-b464f07f-2e49-4620-8ac3-a967ee217cf4.jpeg?type=f300_300,youm****,21.02.21.
32,5,"아들방  베란다에 3단,7단 세트 설치한후 너무 이쁘고 활용적이이서 다시 주문했어요.
역시 수납공간 넉넉하고 수납장의 패브릭 색깔이 이뻐요~
철제 휘어짐과 틈 벌어짐이 있었는데 교환신청했다가 아들이 힘으로 바로잡아서 설치후 사용하고 있어요~^^;;
주말에 교환신청했는데 월욜 바로 연락주셨드라구요. 그냥 교환취소하고 사용하고 있어요.ㅎ",https://phinf.pstatic.net/image.nmv/shopnbuyer_2021_01_04_0/5e8e494f-4e77-11eb-a803-a0369ff94ec8_03.jpg?type=ffn300_300,hyun****,20.12.21.
33,5,이거사고 두셋트 더구입,https://phinf.pstatic.net/checkout.phinf/20210206_297/1612617030683Q87H5_JPEG/review-attachment-19ca8ceb-bf30-4587-917c-206c591be48a.jpeg?type=f300_300,ns10****,21.03.01.
34,5,잘쓰고있어요 유용합니디.ㆍ,https://phinf.pstatic.net/checkout.phinf/20210109_70/16101906551308Ew4b_JPEG/review-attachment-ae096340-30e9-476c-9c65-a06dae905b7b.jpeg?type=f300_300,wlsd****,21.03.02.
35,5,"깔끔하게 정리되는것 같아 좋네요~
적극 추천합니다~맘에 들어요",https://phinf.pstatic.net/checkout.phinf/20210217_152/1613548771381kgxE0_JPEG/review-attachment-ec0bf13f-127c-4807-b7ff-215e61e38608.jpeg?type=f300_300,dbtj****,21.02.14.
36,5,아기 옷장으로 구입했는데 조립도 간단하고 수납도 좋아요~ 7단만 구입했다 마음에 들어서 3단도 추가 구입했어요 추천합니다!,https://phinf.pstatic.net/checkout.phinf/20210201_256/1612158639663gWLlS_JPEG/review-attachment-6c3ab54c-ce94-48de-bc96-ddea7c5677c9.jpeg?type=f300_300,issa****,21.02.25.
37,5,깔끔하고 조립하기 쉽네요,https://phinf.pstatic.net/checkout.phinf/20210309_10/16152439300846KTnU_JPEG/review-attachment-648bac49-8976-40ff-8778-004367ea27a9.jpeg?type=f300_300,mk19****,21.03.15.
38,4,조립이그리어렵지는않아요,https://phinf.pstatic.net/checkout.phinf/20210323_223/1616458526071AaqWQ_JPEG/review-attachment-b01b5078-701c-445a-995a-a65075ce3b75.jpeg?type=f300_300,sund****,21.02.18.
39,5,"냄새가 일단 안나서 좋긴한데, 맨 아래칸 서랍장도 위에 두칸처럼 걸리는 부분이 있어야 모양이 딱 맞을 듯하네요. 사진처럼 아래칸 수납장이 자꾸빠져서 별하나 뺍니다. 여자 혼자 조립하기 나쁘지 않은데요. 처음에는 어깨에 기대고 해야하니 보조하는 사람 있으면 편할듯요.",https://phinf.pstatic.net/checkout.phinf/20210302_101/1614654860303pmVPk_JPEG/review-attachment-e88d5520-b325-4620-b560-31182671b8a5.jpeg?type=f300_300,pipp****,21.01.16.
40,5,디자인은 만족하나 다른 리뷰들 대로 정말 좀 작아요~생각보다 수납이 더 안됨,https://phinf.pstatic.net/checkout.phinf/20210309_10/16152439300846KTnU_JPEG/review-attachment-648bac49-8976-40ff-8778-004367ea27a9.jpeg?type=f300_300,lave****,21.02.07.
41,5,조립 부품들이 번호별로 분리되서 포장되어 있으면 더 좋을 것 같아요. 처음에 그림만 보고 헷갈려서 나사를 다른걸로 잘못끼우는 바람에 나무상판이 조금 깨지긴 했지만 그거 말고는 조립해놨을때 깔끔하고 생각했던 것보다 수납공간도 여유있어서 좋아요.,https://phinf.pstatic.net/checkout.phinf/20210323_223/1616458526071AaqWQ_JPEG/review-attachment-b01b5078-701c-445a-995a-a65075ce3b75.jpeg?type=f300_300,dkse****,21.02.08.
42,5,"조립은 조금 힘이 들었지만 조립해두니 너무 이뻐용 😊

배송도 진짜 빠르고 수납도 잘하고 있습니당 강추해요 👍",https://phinf.pstatic.net/checkout.phinf/20210302_101/1614654860303pmVPk_JPEG/review-attachment-e88d5520-b325-4620-b560-31182671b8a5.jpeg?type=f300_300,gusw****,21.03.02.
43,5,"컬러.디자인 너무 이쁘네요^^
조립도 쉬워서 재구매 200퍼입니다~~",https://phinf.pstatic.net/checkout.phinf/20210320_238/161625127633752fXi_JPEG/review-attachment-8d547555-b09e-42f7-8133-62b96c0fd4e8.jpeg?type=f300_300,jjuy****,21.01.29.
44,3,"가성비도좋고 .너무이쁘고 다른가구들과 매치가잘되서
아주좋습니다 .활용도가좋네요",https://phinf.pstatic.net/checkout.phinf/20210317_79/1615991623938LP6Tt_JPEG/review-attachment-4f0fb223-188a-4857-966b-cca642e40fa5.jpeg?type=f300_300,toji****,21.02.15.
45,4,현관 입구 마스크나 자주쓰는 물건놓고 쓰기편하구 좋아요,https://phinf.pstatic.net/checkout.phinf/20210326_128/1616734837348fnCTR_JPEG/review-attachment-38d39966-f7f3-4a7f-8b9b-c6dd145fbdee.jpeg?type=f300_300,whrl****,21.02.06.
46,5,너무너무   맘에들어요~,https://phinf.pstatic.net/checkout.phinf/20210326_90/1616725765589EluUh_JPEG/review-attachment-3ce5a608-3e5c-41f3-b53e-932b43874a21.jpeg?type=f300_300,w285****,21.02.14.
47,5,배송이 좀 늦은거 말고는 모던하고 가성비 괜찮습니다. 조립도 쉽구요 두가지 타입 다 조립하는데 1시간 내외정도 소요됩니다. 그리고 프레임 색이 검정색 아닙니다 진갈색이라 해야하나요? 인테리어 하실때 참고하세요,https://phinf.pstatic.net/checkout.phinf/20210311_181/16153908219153d6MN_JPEG/review-attachment-2a742365-113f-4473-96e2-33e6626a2576.jpeg?type=f300_300,leek****,21.01.08.
48,5,딱찾던싸이즈에.생각보다.수납 많이됩니다 가성비 갑,https://phinf.pstatic.net/checkout.phinf/20210118_182/1610896999532lT0GN_JPEG/review-attachment-ebb210c9-c2f4-49b0-b059-64204ec41bd2.jpeg?type=f300_300,wlsd****,21.01.28.
49,4,너무 좋아요 만족하면서 잘 쓰고 있습니다^^,https://phinf.pstatic.net/image.nmv/shopnbuyer_2021_01_11_0/f1f667ae-53b7-11eb-9ca7-48df379ccacc_03.jpg?type=ffn300_300,nhlo****,21.02.25.
50,5,"다용도로 활용 가능해요 한층 포근한 느낌이 생겼어요
깔끔합니다 만족중",https://phinf.pstatic.net/checkout.phinf/20210303_251/1614745157783pfCAY_JPEG/review-attachment-88681ab3-ca32-4489-ad2d-95dc212587fa.jpeg?type=f300_300,smar****,21.01.28.
51,3,수납도 괜찮고 생각보다 튼튼합니다 가로넓이는 사진이랑 별차이없눈것 같은데 앞뒤사이즈가 좁아요 그래도 가격대비 만족합니다,https://phinf.pstatic.net/checkout.phinf/20210311_76/1615390281821YudiK_JPEG/review-attachment-b464f07f-2e49-4620-8ac3-a967ee217cf4.jpeg?type=f300_300,bibi****,21.02.05.
52,5,사이즈를 재보고 샀는데도 생각보다 좀 작다는 느낌이 들긴하네요;; 그러나 가성비가 굉장히 좋은 제품 같습니다. 생각보다 수납도 많이 되네요. 좋은 상품 감사합니다.,https://phinf.pstatic.net/image.nmv/shopnbuyer_2021_01_04_0/5e8e494f-4e77-11eb-a803-a0369ff94ec8_03.jpg?type=ffn300_300,skws****,21.01.07.
53,5,조립도 한시간 안으로 끝났고 상품도 하자없이 잘 왔어요.,https://phinf.pstatic.net/checkout.phinf/20210206_297/1612617030683Q87H5_JPEG/review-attachment-19ca8ceb-bf30-4587-917c-206c591be48a.jpeg?type=f300_300,kit0****,21.02.03.
54,5,서랍 사이사이 손가락이여유있게들어갈 공간있어 그게좀흠이지만 그외다른건 예쁘고 좋습니다~,https://phinf.pstatic.net/checkout.phinf/20210109_70/16101906551308Ew4b_JPEG/review-attachment-ae096340-30e9-476c-9c65-a06dae905b7b.jpeg?type=f300_300,ekql****,21.01.24.
55,5,배송도 느리고 취소하려다 받았어요,https://phinf.pstatic.net/checkout.phinf/20210217_152/1613548771381kgxE0_JPEG/review-attachment-ec0bf13f-127c-4807-b7ff-215e61e38608.jpeg?type=f300_300,33sj****,21.02.04.
56,4,재구매 재구매 재구매,https://phinf.pstatic.net/checkout.phinf/20210201_256/1612158639663gWLlS_JPEG/review-attachment-6c3ab54c-ce94-48de-bc96-ddea7c5677c9.jpeg?type=f300_300,ns10****,21.03.01.
57,5,손잡이 나무 너무약합니다,https://phinf.pstatic.net/checkout.phinf/20210309_10/16152439300846KTnU_JPEG/review-attachment-648bac49-8976-40ff-8778-004367ea27a9.jpeg?type=f300_300,33sj****,21.02.04.
58,4,잘받았습니다 이쁩니다,https://phinf.pstatic.net/checkout.phinf/20210323_223/1616458526071AaqWQ_JPEG/review-attachment-b01b5078-701c-445a-995a-a65075ce3b75.jpeg?type=f300_300,cj67****,21.02.02.
59,1,조립도 어렵지 않고 예쁩니다,https://phinf.pstatic.net/checkout.phinf/20210302_101/1614654860303pmVPk_JPEG/review-attachment-e88d5520-b325-4620-b560-31182671b8a5.jpeg?type=f300_300,mu21****,21.01.29.
60,5,장받았습니다.이뻐요,https://phinf.pstatic.net/checkout.phinf/20210309_10/16152439300846KTnU_JPEG/review-attachment-648bac49-8976-40ff-8778-004367ea27a9.jpeg?type=f300_300,cj67****,21.02.02.
61,5,배송도 빠르고 괜찮습니다^^,https://phinf.pstatic.net/checkout.phinf/20210323_223/1616458526071AaqWQ_JPEG/review-attachment-b01b5078-701c-445a-995a-a65075ce3b75.jpeg?type=f300_300,poto****,21.02.01.
62,5,"예쁘고 깔끔하고 탄탄합니다
 조립은 남편이랑 같이 했어요~",https://phinf.pstatic.net/checkout.phinf/20210302_101/1614654860303pmVPk_JPEG/review-attachment-e88d5520-b325-4620-b560-31182671b8a5.jpeg?type=f300_300,joa9****,21.01.23.
63,5,사이즈를 재고 구매하긴 했지만 혹시라도 안맞음 어떡하나 했는데 제가 놓으려던 공간에 딱 맞아서 만족합니다.,https://phinf.pstatic.net/checkout.phinf/20210320_238/161625127633752fXi_JPEG/review-attachment-8d547555-b09e-42f7-8133-62b96c0fd4e8.jpeg?type=f300_300,dkse****,21.02.08.
64,5,생각했던것보다 튼튼하고 수납이 마니되네요,https://phinf.pstatic.net/checkout.phinf/20210317_79/1615991623938LP6Tt_JPEG/review-attachment-4f0fb223-188a-4857-966b-cca642e40fa5.jpeg?type=f300_300,2011****,21.01.24.
65,4,이건 무조건 강추드립니다..조립도쉽고,https://phinf.pstatic.net/checkout.phinf/20210326_128/1616734837348fnCTR_JPEG/review-attachment-38d39966-f7f3-4a7f-8b9b-c6dd145fbdee.jpeg?type=f300_300,toji****,21.02.15.
66,5,혼자 사는 자취집이나 기숙사 집에 모던하고 조립하기 쉬워 쓰기 좋습니다. 프레임색은 검정색인줄 알았는데 갈색이네요 참고하세요.,https://phinf.pstatic.net/checkout.phinf/20210326_90/1616725765589EluUh_JPEG/review-attachment-3ce5a608-3e5c-41f3-b53e-932b43874a21.jpeg?type=f300_300,leek****,21.01.08.
67,4,디자인도 이쁘고 좋아요,https://phinf.pstatic.net/checkout.phinf/20210311_181/16153908219153d6MN_JPEG/review-attachment-2a742365-113f-4473-96e2-33e6626a2576.jpeg?type=f300_300,seon****,21.01.28.
68,5,완성된 모양은 깔끔하고 만족하나 프레임이 살짝 휘어져 몽키스패너로 펴느라 약간 고생함,https://phinf.pstatic.net/checkout.phinf/20210118_182/1610896999532lT0GN_JPEG/review-attachment-ebb210c9-c2f4-49b0-b059-64204ec41bd2.jpeg?type=f300_300,youm****,21.01.20.
69,5,나쁘지 않고 좋습니다,https://phinf.pstatic.net/image.nmv/shopnbuyer_2021_01_11_0/f1f667ae-53b7-11eb-9ca7-48df379ccacc_03.jpg?type=ffn300_300,0hye****,21.02.19.
70,3,조립도 한시간 안으로 끝났고 상품도 하자없이 잘 왔어요. 두개 같이 놓아두니 예쁩니다.,https://phinf.pstatic.net/checkout.phinf/20210303_251/1614745157783pfCAY_JPEG/review-attachment-88681ab3-ca32-4489-ad2d-95dc212587fa.jpeg?type=f300_300,kit0****,21.02.03.
71,4,패브릭 수납장 찾고 있었는데 너무 맘에 들어요ㅎㅎ수납함이좀 더 컸으면 좋았을것 같아요,https://phinf.pstatic.net/checkout.phinf/20210311_76/1615390281821YudiK_JPEG/review-attachment-b464f07f-2e49-4620-8ac3-a967ee217cf4.jpeg?type=f300_300,whan****,21.01.31.
72,4,"조립 혼자해서 힘들었음
고정이 잘 안됨
잡아주눈 사람 있어야 함
작지만 튼튼하고 이쁨
서랍이 조금 더 깊었으면 하는 마음",https://phinf.pstatic.net/image.nmv/shopnbuyer_2021_01_04_0/5e8e494f-4e77-11eb-a803-a0369ff94ec8_03.jpg?type=ffn300_300,deli****,21.01.29.
73,4,상품은 이뿌네요! 조금 비싼거같아여ㅠㅠ 만드는거 치고는ㅠㅠ,https://phinf.pstatic.net/checkout.phinf/20210206_297/1612617030683Q87H5_JPEG/review-attachment-19ca8ceb-bf30-4587-917c-206c591be48a.jpeg?type=f300_300,jiny****,21.01.15.
74,5,"화장실앞에두고 수건만 넣고사용하는데
아주만족스럽습니다
가격대비 짱짱짱",https://phinf.pstatic.net/checkout.phinf/20210109_70/16101906551308Ew4b_JPEG/review-attachment-ae096340-30e9-476c-9c65-a06dae905b7b.jpeg?type=f300_300,madg****,21.01.07.
75,4,다 완성후에  보니 마음에들어요,https://phinf.pstatic.net/checkout.phinf/20210217_152/1613548771381kgxE0_JPEG/review-attachment-ec0bf13f-127c-4807-b7ff-215e61e38608.jpeg?type=f300_300,qksq****,21.01.22.
76,4,깔끔하고 좋아요.!!,https://phinf.pstatic.net/checkout.phinf/20210201_256/1612158639663gWLlS_JPEG/review-attachment-6c3ab54c-ce94-48de-bc96-ddea7c5677c9.jpeg?type=f300_300,kkgb****,21.01.23.
77,5,"서랍장 놓으니 집이 아늑해 졌어요
가격 대만족입니다",https://phinf.pstatic.net/checkout.phinf/20210309_10/16152439300846KTnU_JPEG/review-attachment-648bac49-8976-40ff-8778-004367ea27a9.jpeg?type=f300_300,ddoy****,21.02.02.
78,5,"색상도  좋고  조립도  쉬어서  좋네요
아쉬운건  좀 높이가 더 높았으면하네요",https://phinf.pstatic.net/checkout.phinf/20210323_223/1616458526071AaqWQ_JPEG/review-attachment-b01b5078-701c-445a-995a-a65075ce3b75.jpeg?type=f300_300,momo****,21.01.08.
79,4,"아들방 베란다에 두려고 사이즈며 디자인 꼼꼼히 따져본 후 구매했어요.
결과는 대 만족이예요~
7단과 함께 나란히 놓으니 이쁘고 수납도 생각보다 많이 되네요~",https://phinf.pstatic.net/checkout.phinf/20210302_101/1614654860303pmVPk_JPEG/review-attachment-e88d5520-b325-4620-b560-31182671b8a5.jpeg?type=f300_300,hyun****,20.12.22.
80,5,색감이랑 사용전 보기엔 튼튼해보이네요 견고성은 사용해봐야알거같아요,https://phinf.pstatic.net/checkout.phinf/20210309_10/16152439300846KTnU_JPEG/review-attachment-648bac49-8976-40ff-8778-004367ea27a9.jpeg?type=f300_300,2011****,21.01.07.
81,5,딱 생각했던 대로여서 좋습니다,https://phinf.pstatic.net/checkout.phinf/20210323_223/1616458526071AaqWQ_JPEG/review-attachment-b01b5078-701c-445a-995a-a65075ce3b75.jpeg?type=f300_300,rlat****,21.01.18.
82,5,너무 예ㅣ쁘고  공간도 아주 넉넉해요  넘 맘에들어요^^,https://phinf.pstatic.net/checkout.phinf/20210302_101/1614654860303pmVPk_JPEG/review-attachment-e88d5520-b325-4620-b560-31182671b8a5.jpeg?type=f300_300,w285****,21.01.14.
83,5,아직 배치전이라 조립하고 사진 찍었어요. 거실에 놓을 크지않은 서랍장이 필요해서 오래 고민하다가 집에 작은 미세벌레들로 골치아팠어서 철제다리로 고르려고 찾는데 철제는 다 다리가 약해보여 오래 고민하다 골랐어요. 나무상판 꽉 조이면 안된다고 그렇게 얘기해도 아빠가 꽉조여야 튼튼하다고 고집부리다가 결국 깨졌네요..생각보다 약해요 조심하세요;;; 얇네요; 조금더 두꺼워도 될텐데ㅠ 혼자서 금방 조립할만큼 조립 쉽고 패브릭도 말끔하고 괜찮아요,https://phinf.pstatic.net/checkout.phinf/20210320_238/161625127633752fXi_JPEG/review-attachment-8d547555-b09e-42f7-8133-62b96c0fd4e8.jpeg?type=f300_300,gusq****,20.12.05.
84,5,혼자서 천천히 열심히 조립했어요. 어렵진 않았고요 하고나니 아주 맘에들고 만족합니다. 수납도 생각했던만큼 들어가고 디자인도 세련되고 예뻐요~,https://phinf.pstatic.net/checkout.phinf/20210317_79/1615991623938LP6Tt_JPEG/review-attachment-4f0fb223-188a-4857-966b-cca642e40fa5.jpeg?type=f300_300,emch****,20.12.01.
85,5,아주 유용하게 잘쓰고 있어요,https://phinf.pstatic.net/checkout.phinf/20210326_128/1616734837348fnCTR_JPEG/review-attachment-38d39966-f7f3-4a7f-8b9b-c6dd145fbdee.jpeg?type=f300_300,esk3****,21.01.16.
86,5,어중간한 나무서랍장보다 보기에 좋네요~^^,https://phinf.pstatic.net/checkout.phinf/20210326_90/1616725765589EluUh_JPEG/review-attachment-3ce5a608-3e5c-41f3-b53e-932b43874a21.jpeg?type=f300_300,knh6****,21.02.04.
87,4,젛아요깔끔하고 갈색,https://phinf.pstatic.net/checkout.phinf/20210311_181/16153908219153d6MN_JPEG/review-attachment-2a742365-113f-4473-96e2-33e6626a2576.jpeg?type=f300_300,jmh6****,21.01.17.
88,5,"디자인도  예쁘고
조립하기도   쉽네요
세일할때  저령하게  구매했네요",https://phinf.pstatic.net/checkout.phinf/20210118_182/1610896999532lT0GN_JPEG/review-attachment-ebb210c9-c2f4-49b0-b059-64204ec41bd2.jpeg?type=f300_300,momo****,21.01.08.
89,5,재구매 재구매 재구매,https://phinf.pstatic.net/image.nmv/shopnbuyer_2021_01_11_0/f1f667ae-53b7-11eb-9ca7-48df379ccacc_03.jpg?type=ffn300_300,ns10****,21.03.01.
90,5,조립 힘들지않았고 가벼운데 튼튼해보여서 좋네요 특히나 디자인이 맘에 들어요,https://phinf.pstatic.net/checkout.phinf/20210303_251/1614745157783pfCAY_JPEG/review-attachment-88681ab3-ca32-4489-ad2d-95dc212587fa.jpeg?type=f300_300,oe45****,20.12.28.
91,5,사용전으로 봐선 우선 괜찮아요 튼튼해보이는데 옷은 무거운거 넣음 안될거같긴하네요,https://phinf.pstatic.net/checkout.phinf/20210311_76/1615390281821YudiK_JPEG/review-attachment-b464f07f-2e49-4620-8ac3-a967ee217cf4.jpeg?type=f300_300,2011****,21.01.07.
92,4,"마누라가 도와줘서 하나당 10만에 조립 완성했습니다
혼자해도 남성이건 여성이건 쉽게 조립할수있습니다
조립완전 간단하구요 무엇보다 아주 이쁩니다..
다른 가구들과 매치 잘됩니다..
한가지 유의 하실껀  중요합니다..위상판 나무 볼트 
체결하실때..쎄게 조이시면 안됩니다
나사가 튀어나와 나무상판이 상합니다
이것만 주의하셔야합니다 명심하셔야해요",https://phinf.pstatic.net/image.nmv/shopnbuyer_2021_01_04_0/5e8e494f-4e77-11eb-a803-a0369ff94ec8_03.jpg?type=ffn300_300,toji****,20.12.30.
93,5,"마누라가 도와줘서 하나당 10만에 조립 완성했습니다
혼자해도 남성이건 여성이건 쉽게 조립할수있습니다
조립완전 간단하구요 무엇보다 아주 이쁩니다..
다른 가구들과 매치 잘됩니다..
한가지 유의 하실껀  중요합니다..위상판 나무 볼트 
체결하실때..쎄게 조이시면 안됩니다
나사가 튀어나와 나무상판이 상합니다
이것만 주의하셔야합니다 명심하셔야해요",https://phinf.pstatic.net/checkout.phinf/20210206_297/1612617030683Q87H5_JPEG/review-attachment-19ca8ceb-bf30-4587-917c-206c591be48a.jpeg?type=f300_300,toji****,20.12.30.
94,5,잘사용중이에요  아령을 담으면 안될것 같았는데  괜찮은데요 때도 안타고 구매잘한거 같아요 살짝 불량이었던거 말고는 무난하네요,https://phinf.pstatic.net/checkout.phinf/20210109_70/16101906551308Ew4b_JPEG/review-attachment-ae096340-30e9-476c-9c65-a06dae905b7b.jpeg?type=f300_300,jeno****,20.12.25.
95,5,"배송도 빠르고 조립도 쉬웠어요.
작은 드레스룸에 폭이 쫍아서 딱맞아요!굿굿",https://phinf.pstatic.net/checkout.phinf/20210217_152/1613548771381kgxE0_JPEG/review-attachment-ec0bf13f-127c-4807-b7ff-215e61e38608.jpeg?type=f300_300,allj****,20.12.27.
96,5,사이즈도 적당하고 무겁지도않고 무난하니 좋아요,https://phinf.pstatic.net/checkout.phinf/20210201_256/1612158639663gWLlS_JPEG/review-attachment-6c3ab54c-ce94-48de-bc96-ddea7c5677c9.jpeg?type=f300_300,gold****,21.01.26.
97,5,거실  빈 공간에 두기 딱 알맞은 사이즈에 생각보다 수납력이 좋아요~,https://phinf.pstatic.net/checkout.phinf/20210309_10/16152439300846KTnU_JPEG/review-attachment-648bac49-8976-40ff-8778-004367ea27a9.jpeg?type=f300_300,hyun****,20.12.31.
98,4,"배송도 빠르고 조립도 쉬웠어요!
만족합니다.",https://phinf.pstatic.net/checkout.phinf/20210323_223/1616458526071AaqWQ_JPEG/review-attachment-b01b5078-701c-445a-995a-a65075ce3b75.jpeg?type=f300_300,allj****,20.12.26.
99,5,"조립도 어렵지않고 배송도빠르고
상품퀄리티도좋습니다
마감도깔끔하구요
4단도나오면좋을꺼같네요",https://phinf.pstatic.net/checkout.phinf/20210302_101/1614654860303pmVPk_JPEG/review-attachment-e88d5520-b325-4620-b560-31182671b8a5.jpeg?type=f300_300,madg****,20.11.27.
