﻿,star,review,reviewImage,customerId,reviewDate
0,5,"배송상태 만족입니다 두분의 기사님이 정성스럽게 배송해주셨어요 일단 가구는 퀄리티가 좋습니다 원목이라 무겁습니다 (많이~)뒷면은 앞판 옆판과 달리 원목이 아니점~유의하세요 약간  얇은 느낌의 합판같아요 눌러보았을때 울렁거리진 않는것으로 보아 아주 얇진 않는듯 하나 두께는 확인 할수 없었습니다  벽면에 붙여두고 사용하신다면 괜찮습니다 보이지 않으니까요~결론은 가격대비 꽤 좋은상품인것 같아요 저는 유리 추가하여 5만원, 배송비 4만5천원이 더 지출되었습니다 유리두께 두껍고 tv올려놓기 좋습니다",https://phinf.pstatic.net/checkout.phinf/20210309_10/16152439300846KTnU_JPEG/review-attachment-648bac49-8976-40ff-8778-004367ea27a9.jpeg?type=f300_300,anho****,21.03.22.
1,5,원래 구매하려던 가구가 배송이 계속 지연되서 한달 넘게 기다리다가 이 가구로 변경했는데 다행히 요 제품은 빨리 도착했네요:-) 화이트랑 그레이 중 고민하다가 그레이로 주문 했는데 포인트 가구로 딱 이에요! 서랍장 깊이나 크기는 제가 생각한거보다 조금 작은데 가구는 참 예쁘고 고급스러워요 ! 새 가구라 냄새가 조금 있었는데 하루종일 열어놓으니 냄새는 금방 빠지네요ㅎ.ㅎ 같은 제품으로 하나 더 구입 할 예정입니당!,https://phinf.pstatic.net/checkout.phinf/20210323_223/1616458526071AaqWQ_JPEG/review-attachment-b01b5078-701c-445a-995a-a65075ce3b75.jpeg?type=f300_300,goem****,21.03.24.
2,4,"구정 때문에 날짜는 원래 배송일 보다 일주일 지나서 받았어요  디자인이나 내구성은 튼튼하네요
냄새는 심각한 정도는 아니구요 새 가구 냄새정도 되구요 칠이 약간 군데군데 잘 칠해지지 않아서 슬쩍 보이긴 해도 많이 신경쓸 정도는 아니예요 가격대비 사이즈나 용도가 좋네요^^ 예쁘게 잘쓸께요",https://phinf.pstatic.net/checkout.phinf/20210302_101/1614654860303pmVPk_JPEG/review-attachment-e88d5520-b325-4620-b560-31182671b8a5.jpeg?type=f300_300,hyel****,21.03.09.
3,5,"정말 맘에 들어요~!! 보자마자 큰 크기에 입이 딱 벌어졌는데 방에 배치하고 보니까 넘 고급지고 예뻐보이더라구요. 
사진으로는 작게 보이는데 실제로는 큽니다. 
수납도 잘되고 화장대로도 잘 쓰여서 너무 좋네요. 배송도 제 때 잘 왔구요. 기사님들도 매우 친절하셨어요~",https://phinf.pstatic.net/checkout.phinf/20210320_238/161625127633752fXi_JPEG/review-attachment-8d547555-b09e-42f7-8133-62b96c0fd4e8.jpeg?type=f300_300,kjik****,21.03.25.
4,5,"배송 한참 기다려야 했어요.
견고함 아쉽고 프레임과 서랍과의 간격이 일정하지가 않아요.  
가성비는 좋은 가구라 생각합니다. 이 가격에 이만한 수납공간 만족이구요.  디자인도 만족입니다. 부담없이 쓰기 좋은 가구입니다.",https://phinf.pstatic.net/checkout.phinf/20210317_79/1615991623938LP6Tt_JPEG/review-attachment-4f0fb223-188a-4857-966b-cca642e40fa5.jpeg?type=f300_300,droo****,21.03.16.
5,5,생각했던것보다 더 깔끔하고 예뻐요.사진이랑 똑같습니다. 서랍이 많아서 분류해서 수납하기 좋습니다.,https://phinf.pstatic.net/checkout.phinf/20210326_128/1616734837348fnCTR_JPEG/review-attachment-38d39966-f7f3-4a7f-8b9b-c6dd145fbdee.jpeg?type=f300_300,lyj5****,21.03.24.
6,5,"스크래치가 금방나네요
튼튼하지도않고
그래도 디자인이 넘이쁘고
우리집이랑 잘어울려서 별4개 
후하게줬습니다
배송관련 처리가 아주 미흡하여
별 더빼고 싶은걸 참았습니다
번창하세요",https://phinf.pstatic.net/checkout.phinf/20210326_90/1616725765589EluUh_JPEG/review-attachment-3ce5a608-3e5c-41f3-b53e-932b43874a21.jpeg?type=f300_300,naya****,21.03.19.
7,5,만족합니다 배송도 빨랐구요 이가격에 이정도 컨디션이면 괜찮네요 ~ 다만 냄새가 조금 나서 옷을 바로 넣진 못하고 몇일 열어두고 냄새 다 빼고 사용중입니다 ~ 전반적으로 만족입니다,https://phinf.pstatic.net/checkout.phinf/20210311_181/16153908219153d6MN_JPEG/review-attachment-2a742365-113f-4473-96e2-33e6626a2576.jpeg?type=f300_300,ormr****,21.03.17.
8,4,"낮 시간이면 기다림이 그리 불편하지 않을수 있었겠지만 약속시간에 늦을것 같다고 전화 한 통 주심 식구들 식사라도 할 수 있었을텐데 배송 부분은 참 아쉽네요..
물건은 수납은 좋으나 제가 받은 제품은 다리가 불량이네요.
뽑기운이 안좋았다 생각하고 그냥 쓰려구요.",https://phinf.pstatic.net/checkout.phinf/20210118_182/1610896999532lT0GN_JPEG/review-attachment-ebb210c9-c2f4-49b0-b059-64204ec41bd2.jpeg?type=f300_300,pret****,21.03.12.
9,5,깊이가 얕고 높이는 다소 높아요. 유리도 같이 주문했는데 깔고 보니 유성매직으로 글씨가ㅠ,https://phinf.pstatic.net/image.nmv/shopnbuyer_2021_01_11_0/f1f667ae-53b7-11eb-9ca7-48df379ccacc_03.jpg?type=ffn300_300,khk6****,21.03.26.
10,4,배송기사님 너무너무 친절하시네요. 티비장으론 높지만 예쁩니다,https://phinf.pstatic.net/checkout.phinf/20210303_251/1614745157783pfCAY_JPEG/review-attachment-88681ab3-ca32-4489-ad2d-95dc212587fa.jpeg?type=f300_300,rach****,21.03.27.
11,5,"댓글보고 냄새가 난다 마감처리가 이상하다는둥 글들이 '' 걱정했는데 웃음이나오더군요^^
겐이 걱정했네요 ~냄새는 가구마다 나는냄새 아주약간 가구 마감처리~ 사람들댓글 어이가없더군요~ 마감처리 이정도면 우수한편인데 물론 사람들마다 평가하는게 다르지만 전 아주 마음에들고요 누나뿐만아니라 지인들 싸게 잘구입했다고 방이 시원하면서 깔끔한느낌 아무튼 넘우 이쁘고 마음에 듭니다  그리고 기사분도  빨리 안전하게 배송과 날이 춘운날씨에 넘우 고생하시구 코로나때문에 이시국에 감사드립니다 판매분 기사분 건강조심하시구 감사합니다^^ 아참~ 거울은 아직취소 제주문하는바람에 배송중~^^",https://phinf.pstatic.net/checkout.phinf/20210311_76/1615390281821YudiK_JPEG/review-attachment-b464f07f-2e49-4620-8ac3-a967ee217cf4.jpeg?type=f300_300,love****,21.01.25.
12,4,"매장에서 직접 보고 주문했습니다
실제가 더 예쁘고 고급스럽습니다
TV를 올려 놓았을 때 안정적이며 무엇보다 수납공간이 많아 만족스럽습니다
그레이색상이지만 그린계열이 섞여 있는 듯하고  문 색깔과 비슷하여 더 마음에 드는 수납장입니다 강추합니다!!",https://phinf.pstatic.net/image.nmv/shopnbuyer_2021_01_04_0/5e8e494f-4e77-11eb-a803-a0369ff94ec8_03.jpg?type=ffn300_300,hyhk****,21.03.07.
13,5,"댓글보고 냄새가 난다 마감처리가 이상하다는둥 글들이 '' 걱정했는데 웃음이나오더군요^^
겐이 걱정했네요 ~냄새는 가구마다 나는냄새 아주약간 가구 마감처리~ 사람들댓글 어이가없더군요~ 마감처리 이정도면 우수한편인데 물론 사람들마다 평가하는게 다르지만 전 아주 마음에들고요 누나뿐만아니라 지인들 싸게 잘구입했다고 방이 시원하면서 깔끔한느낌 아무튼 넘우 이쁘고 마음에 듭니다  그리고 기사분도  빨리 안전하게 배송과 날이 춘운날씨에 넘우 고생하시구 코로나때문에 이시국에 감사드립니다 판매분 기사분 건강조심하시구 감사합니다^^ 아참~ 거울은 아직취소 제주문하는바람에 배송중~^^",https://phinf.pstatic.net/checkout.phinf/20210206_297/1612617030683Q87H5_JPEG/review-attachment-19ca8ceb-bf30-4587-917c-206c591be48a.jpeg?type=f300_300,love****,21.01.25.
14,3,"예뻐요
잘어울려요
고퀄이고 정말 비싼가구같아요",https://phinf.pstatic.net/checkout.phinf/20210109_70/16101906551308Ew4b_JPEG/review-attachment-ae096340-30e9-476c-9c65-a06dae905b7b.jpeg?type=f300_300,pret****,21.03.23.
15,4,"어제 배송받아서 바로 리뷰써요
너무좋으네요
3단 5단 다 구매했어요
냄새도 거의없어요
신랑도 생각보다 냄사가없어 놀라더라구요
또  디자인도 너무맘에들어요  깔끔하니 조아요  화이트색상이여서인지 더 환해보이고
깔끔그자체에요~~~
수납공간이많아서  정리가잘되요~~^^
튼튼하니 가구품질도좋은것같아요
오래쓸것같아요  
전에 리뷰에서 마감처리가 잘안된부분을봤는데  개선되었는지 흠잡을뎇없어요
주문할때 고민을 많이 했는데  
만족도 조아요  가성비도 갑이구요
배송기사님들도 친절하시구요
잘쓸게요
가구보러 경기도시흥까짖가서 보고왔는데
미라제사길 잘한것같아오~~^^",https://phinf.pstatic.net/checkout.phinf/20210217_152/1613548771381kgxE0_JPEG/review-attachment-ec0bf13f-127c-4807-b7ff-215e61e38608.jpeg?type=f300_300,ssun****,21.01.20.
16,5,생각보다  튼튼하고  이뻐욤..,https://phinf.pstatic.net/checkout.phinf/20210201_256/1612158639663gWLlS_JPEG/review-attachment-6c3ab54c-ce94-48de-bc96-ddea7c5677c9.jpeg?type=f300_300,choi****,21.03.28.
17,5,"한달넘게 사용했는데 집분위가 확 달라졌구요~
오시는 손님들마다 이쁘다구 하네요.선택하시면 후회없을듯",https://phinf.pstatic.net/checkout.phinf/20210309_10/16152439300846KTnU_JPEG/review-attachment-648bac49-8976-40ff-8778-004367ea27a9.jpeg?type=f300_300,hiya****,21.03.03.
18,5,"디자인도 괜찮고 배송시간도 잘 맞춰 주셨어요
그런데 서랍 맨윗칸 세개에 까만색이 바닥에 깔려져 있는데 닦아도 닦아도 까만색이 계속 묻어져 나오네요
옷넣으려면 뭐 하나 깔고 넣어야 겠어요",https://phinf.pstatic.net/checkout.phinf/20210323_223/1616458526071AaqWQ_JPEG/review-attachment-b01b5078-701c-445a-995a-a65075ce3b75.jpeg?type=f300_300,slbi****,21.03.02.
19,5,"강남 미라지 가구 매장에도 가봤었는데
너무 예뻐서 사고싶었는데 
흰색이 없어서 인터넷에서 겨우 찾아서 샀어요!
매장에 갔을 때에는 중국산이랑 베트남..? 두군데에서 생산하는데 중국산은 돌려보낸다고 하더라구요
근데 저희는 중국산도 상관없을 것 같아서 그냥 인터넷에서 시켰어요
생각보다 배송도 일찍 되어서 좋았어요 ㅎㅎ
저희는 서울 중구 쪽이라 수요일에만 배송이 된다고 했는데 그 다음주에 바로 왔네용 ㅎㅎ
5만원 추가하고 유리도 신청했는데 하길 잘 한 것 같아요~
더 오래 쓸 수 있고 깨끗하게 쓸 수 있을 것 같네용 ㅎ
저희는 티비장으로 쓰려고 샀어요!",https://phinf.pstatic.net/checkout.phinf/20210302_101/1614654860303pmVPk_JPEG/review-attachment-e88d5520-b325-4620-b560-31182671b8a5.jpeg?type=f300_300,9yum****,21.02.12.
20,5,"배송상태 만족입니다 두분의 기사님이 정성스럽게 배송해주셨어요 일단 가구는 퀄리티가 좋습니다 원목이라 무겁습니다 (많이~)뒷면은 앞판 옆판과 달리 원목이 아니점~유의하세요 약간  얇은 느낌의 합판같아요 눌러보았을때 울렁거리진 않는것으로 보아 아주 얇진 않는듯 하나 두께는 확인 할수 없었습니다  벽면에 붙여두고 사용하신다면 괜찮습니다 보이지 않으니까요~결론은 가격대비 꽤 좋은상품인것 같아요 저는 유리 추가하여 5만원, 배송비 4만5천원이 더 지출되었습니다 유리두께 두껍고 tv올려놓기 좋습니다",https://phinf.pstatic.net/checkout.phinf/20210309_10/16152439300846KTnU_JPEG/review-attachment-648bac49-8976-40ff-8778-004367ea27a9.jpeg?type=f300_300,anho****,21.03.22.
21,5,원래 구매하려던 가구가 배송이 계속 지연되서 한달 넘게 기다리다가 이 가구로 변경했는데 다행히 요 제품은 빨리 도착했네요:-) 화이트랑 그레이 중 고민하다가 그레이로 주문 했는데 포인트 가구로 딱 이에요! 서랍장 깊이나 크기는 제가 생각한거보다 조금 작은데 가구는 참 예쁘고 고급스러워요 ! 새 가구라 냄새가 조금 있었는데 하루종일 열어놓으니 냄새는 금방 빠지네요ㅎ.ㅎ 같은 제품으로 하나 더 구입 할 예정입니당!,https://phinf.pstatic.net/checkout.phinf/20210323_223/1616458526071AaqWQ_JPEG/review-attachment-b01b5078-701c-445a-995a-a65075ce3b75.jpeg?type=f300_300,goem****,21.03.24.
22,4,"구정 때문에 날짜는 원래 배송일 보다 일주일 지나서 받았어요  디자인이나 내구성은 튼튼하네요
냄새는 심각한 정도는 아니구요 새 가구 냄새정도 되구요 칠이 약간 군데군데 잘 칠해지지 않아서 슬쩍 보이긴 해도 많이 신경쓸 정도는 아니예요 가격대비 사이즈나 용도가 좋네요^^ 예쁘게 잘쓸께요",https://phinf.pstatic.net/checkout.phinf/20210302_101/1614654860303pmVPk_JPEG/review-attachment-e88d5520-b325-4620-b560-31182671b8a5.jpeg?type=f300_300,hyel****,21.03.09.
23,5,"정말 맘에 들어요~!! 보자마자 큰 크기에 입이 딱 벌어졌는데 방에 배치하고 보니까 넘 고급지고 예뻐보이더라구요. 
사진으로는 작게 보이는데 실제로는 큽니다. 
수납도 잘되고 화장대로도 잘 쓰여서 너무 좋네요. 배송도 제 때 잘 왔구요. 기사님들도 매우 친절하셨어요~",https://phinf.pstatic.net/checkout.phinf/20210320_238/161625127633752fXi_JPEG/review-attachment-8d547555-b09e-42f7-8133-62b96c0fd4e8.jpeg?type=f300_300,kjik****,21.03.25.
24,5,"배송 한참 기다려야 했어요.
견고함 아쉽고 프레임과 서랍과의 간격이 일정하지가 않아요.  
가성비는 좋은 가구라 생각합니다. 이 가격에 이만한 수납공간 만족이구요.  디자인도 만족입니다. 부담없이 쓰기 좋은 가구입니다.",https://phinf.pstatic.net/checkout.phinf/20210317_79/1615991623938LP6Tt_JPEG/review-attachment-4f0fb223-188a-4857-966b-cca642e40fa5.jpeg?type=f300_300,droo****,21.03.16.
25,5,생각했던것보다 더 깔끔하고 예뻐요.사진이랑 똑같습니다. 서랍이 많아서 분류해서 수납하기 좋습니다.,https://phinf.pstatic.net/checkout.phinf/20210326_128/1616734837348fnCTR_JPEG/review-attachment-38d39966-f7f3-4a7f-8b9b-c6dd145fbdee.jpeg?type=f300_300,lyj5****,21.03.24.
26,5,"스크래치가 금방나네요
튼튼하지도않고
그래도 디자인이 넘이쁘고
우리집이랑 잘어울려서 별4개 
후하게줬습니다
배송관련 처리가 아주 미흡하여
별 더빼고 싶은걸 참았습니다
번창하세요",https://phinf.pstatic.net/checkout.phinf/20210326_90/1616725765589EluUh_JPEG/review-attachment-3ce5a608-3e5c-41f3-b53e-932b43874a21.jpeg?type=f300_300,naya****,21.03.19.
27,5,만족합니다 배송도 빨랐구요 이가격에 이정도 컨디션이면 괜찮네요 ~ 다만 냄새가 조금 나서 옷을 바로 넣진 못하고 몇일 열어두고 냄새 다 빼고 사용중입니다 ~ 전반적으로 만족입니다,https://phinf.pstatic.net/checkout.phinf/20210311_181/16153908219153d6MN_JPEG/review-attachment-2a742365-113f-4473-96e2-33e6626a2576.jpeg?type=f300_300,ormr****,21.03.17.
28,4,"낮 시간이면 기다림이 그리 불편하지 않을수 있었겠지만 약속시간에 늦을것 같다고 전화 한 통 주심 식구들 식사라도 할 수 있었을텐데 배송 부분은 참 아쉽네요..
물건은 수납은 좋으나 제가 받은 제품은 다리가 불량이네요.
뽑기운이 안좋았다 생각하고 그냥 쓰려구요.",https://phinf.pstatic.net/checkout.phinf/20210118_182/1610896999532lT0GN_JPEG/review-attachment-ebb210c9-c2f4-49b0-b059-64204ec41bd2.jpeg?type=f300_300,pret****,21.03.12.
29,5,깊이가 얕고 높이는 다소 높아요. 유리도 같이 주문했는데 깔고 보니 유성매직으로 글씨가ㅠ,https://phinf.pstatic.net/image.nmv/shopnbuyer_2021_01_11_0/f1f667ae-53b7-11eb-9ca7-48df379ccacc_03.jpg?type=ffn300_300,khk6****,21.03.26.
30,4,배송기사님 너무너무 친절하시네요. 티비장으론 높지만 예쁩니다,https://phinf.pstatic.net/checkout.phinf/20210303_251/1614745157783pfCAY_JPEG/review-attachment-88681ab3-ca32-4489-ad2d-95dc212587fa.jpeg?type=f300_300,rach****,21.03.27.
31,5,"댓글보고 냄새가 난다 마감처리가 이상하다는둥 글들이 '' 걱정했는데 웃음이나오더군요^^
겐이 걱정했네요 ~냄새는 가구마다 나는냄새 아주약간 가구 마감처리~ 사람들댓글 어이가없더군요~ 마감처리 이정도면 우수한편인데 물론 사람들마다 평가하는게 다르지만 전 아주 마음에들고요 누나뿐만아니라 지인들 싸게 잘구입했다고 방이 시원하면서 깔끔한느낌 아무튼 넘우 이쁘고 마음에 듭니다  그리고 기사분도  빨리 안전하게 배송과 날이 춘운날씨에 넘우 고생하시구 코로나때문에 이시국에 감사드립니다 판매분 기사분 건강조심하시구 감사합니다^^ 아참~ 거울은 아직취소 제주문하는바람에 배송중~^^",https://phinf.pstatic.net/checkout.phinf/20210311_76/1615390281821YudiK_JPEG/review-attachment-b464f07f-2e49-4620-8ac3-a967ee217cf4.jpeg?type=f300_300,love****,21.01.25.
32,4,"매장에서 직접 보고 주문했습니다
실제가 더 예쁘고 고급스럽습니다
TV를 올려 놓았을 때 안정적이며 무엇보다 수납공간이 많아 만족스럽습니다
그레이색상이지만 그린계열이 섞여 있는 듯하고  문 색깔과 비슷하여 더 마음에 드는 수납장입니다 강추합니다!!",https://phinf.pstatic.net/image.nmv/shopnbuyer_2021_01_04_0/5e8e494f-4e77-11eb-a803-a0369ff94ec8_03.jpg?type=ffn300_300,hyhk****,21.03.07.
33,5,"댓글보고 냄새가 난다 마감처리가 이상하다는둥 글들이 '' 걱정했는데 웃음이나오더군요^^
겐이 걱정했네요 ~냄새는 가구마다 나는냄새 아주약간 가구 마감처리~ 사람들댓글 어이가없더군요~ 마감처리 이정도면 우수한편인데 물론 사람들마다 평가하는게 다르지만 전 아주 마음에들고요 누나뿐만아니라 지인들 싸게 잘구입했다고 방이 시원하면서 깔끔한느낌 아무튼 넘우 이쁘고 마음에 듭니다  그리고 기사분도  빨리 안전하게 배송과 날이 춘운날씨에 넘우 고생하시구 코로나때문에 이시국에 감사드립니다 판매분 기사분 건강조심하시구 감사합니다^^ 아참~ 거울은 아직취소 제주문하는바람에 배송중~^^",https://phinf.pstatic.net/checkout.phinf/20210206_297/1612617030683Q87H5_JPEG/review-attachment-19ca8ceb-bf30-4587-917c-206c591be48a.jpeg?type=f300_300,love****,21.01.25.
34,3,"예뻐요
잘어울려요
고퀄이고 정말 비싼가구같아요",https://phinf.pstatic.net/checkout.phinf/20210109_70/16101906551308Ew4b_JPEG/review-attachment-ae096340-30e9-476c-9c65-a06dae905b7b.jpeg?type=f300_300,pret****,21.03.23.
35,4,"어제 배송받아서 바로 리뷰써요
너무좋으네요
3단 5단 다 구매했어요
냄새도 거의없어요
신랑도 생각보다 냄사가없어 놀라더라구요
또  디자인도 너무맘에들어요  깔끔하니 조아요  화이트색상이여서인지 더 환해보이고
깔끔그자체에요~~~
수납공간이많아서  정리가잘되요~~^^
튼튼하니 가구품질도좋은것같아요
오래쓸것같아요  
전에 리뷰에서 마감처리가 잘안된부분을봤는데  개선되었는지 흠잡을뎇없어요
주문할때 고민을 많이 했는데  
만족도 조아요  가성비도 갑이구요
배송기사님들도 친절하시구요
잘쓸게요
가구보러 경기도시흥까짖가서 보고왔는데
미라제사길 잘한것같아오~~^^",https://phinf.pstatic.net/checkout.phinf/20210217_152/1613548771381kgxE0_JPEG/review-attachment-ec0bf13f-127c-4807-b7ff-215e61e38608.jpeg?type=f300_300,ssun****,21.01.20.
36,5,생각보다  튼튼하고  이뻐욤..,https://phinf.pstatic.net/checkout.phinf/20210201_256/1612158639663gWLlS_JPEG/review-attachment-6c3ab54c-ce94-48de-bc96-ddea7c5677c9.jpeg?type=f300_300,choi****,21.03.28.
37,5,"한달넘게 사용했는데 집분위가 확 달라졌구요~
오시는 손님들마다 이쁘다구 하네요.선택하시면 후회없을듯",https://phinf.pstatic.net/checkout.phinf/20210309_10/16152439300846KTnU_JPEG/review-attachment-648bac49-8976-40ff-8778-004367ea27a9.jpeg?type=f300_300,hiya****,21.03.03.
38,5,"디자인도 괜찮고 배송시간도 잘 맞춰 주셨어요
그런데 서랍 맨윗칸 세개에 까만색이 바닥에 깔려져 있는데 닦아도 닦아도 까만색이 계속 묻어져 나오네요
옷넣으려면 뭐 하나 깔고 넣어야 겠어요",https://phinf.pstatic.net/checkout.phinf/20210323_223/1616458526071AaqWQ_JPEG/review-attachment-b01b5078-701c-445a-995a-a65075ce3b75.jpeg?type=f300_300,slbi****,21.03.02.
39,5,"강남 미라지 가구 매장에도 가봤었는데
너무 예뻐서 사고싶었는데 
흰색이 없어서 인터넷에서 겨우 찾아서 샀어요!
매장에 갔을 때에는 중국산이랑 베트남..? 두군데에서 생산하는데 중국산은 돌려보낸다고 하더라구요
근데 저희는 중국산도 상관없을 것 같아서 그냥 인터넷에서 시켰어요
생각보다 배송도 일찍 되어서 좋았어요 ㅎㅎ
저희는 서울 중구 쪽이라 수요일에만 배송이 된다고 했는데 그 다음주에 바로 왔네용 ㅎㅎ
5만원 추가하고 유리도 신청했는데 하길 잘 한 것 같아요~
더 오래 쓸 수 있고 깨끗하게 쓸 수 있을 것 같네용 ㅎ
저희는 티비장으로 쓰려고 샀어요!",https://phinf.pstatic.net/checkout.phinf/20210302_101/1614654860303pmVPk_JPEG/review-attachment-e88d5520-b325-4620-b560-31182671b8a5.jpeg?type=f300_300,9yum****,21.02.12.
40,5,"안녕하세요~~
가구주문까지  한잘걸렸나봐요~
디자인예쁘고 실용성이 좋아서 주문하려다
배송도오래걸린다는 냄새가많이 난다능
마감처리가 안좋다는  물론 좋다는평도
있었구요 그래서 고민하다
늦게주문했어요 그런데   고민한 시간이 
너무 아까울정도로  너무 좋아요ㅎㅎ
배송도 예정했던 날짜보다 빨리왔구요
배송기사님들도 친절하게 조심스럽게
다뤄주셨고 더없이 좋은것은
예상보다 가구냄새가 적어서 걱정과달리
거의 냄사제로였어요
물론 디자인이 너무ㅈ예뻐서 
더없이 좋구요~^^
5단3단 두가지 다 주문했는데 방이
화사해지고  넓어보이고  품격이 ㅋㅋ
달라진기분?
가격좋구 디자인좋구 서랍도 기존서랍보다 더 들어갔어요~^^
가성비갑이라던데 진짜예요
좋은가격에   초이스잘한것같아요
감사해용~~~^^",https://phinf.pstatic.net/checkout.phinf/20210309_10/16152439300846KTnU_JPEG/review-attachment-648bac49-8976-40ff-8778-004367ea27a9.jpeg?type=f300_300,ssun****,21.01.20.
41,5,새하얗고 정말 너무 예뻐요 ㅠㅠ,https://phinf.pstatic.net/checkout.phinf/20210323_223/1616458526071AaqWQ_JPEG/review-attachment-b01b5078-701c-445a-995a-a65075ce3b75.jpeg?type=f300_300,lhh9****,21.03.27.
42,4,붙박이 화장대 철거후 도배하고 가구들였는데 너무 예뻐요,https://phinf.pstatic.net/checkout.phinf/20210302_101/1614654860303pmVPk_JPEG/review-attachment-e88d5520-b325-4620-b560-31182671b8a5.jpeg?type=f300_300,byr0****,21.03.19.
43,5,"너무 예쁘네요 사진만보고
좀걱정했는데  화장대 받아보니  만족스러워요
사진보다 실물이  훨신  더좋은데요
서랍수납도  잘되있네요  강추임다",https://phinf.pstatic.net/checkout.phinf/20210320_238/161625127633752fXi_JPEG/review-attachment-8d547555-b09e-42f7-8133-62b96c0fd4e8.jpeg?type=f300_300,laur****,21.02.24.
44,5,수납력 최고예요. 게다가 드래그 방식이라 스윽 꺼내기도 편하네요. 색감도 인테리어랑 잘 어울리구 여러모로 매우 만족입니다.,https://phinf.pstatic.net/checkout.phinf/20210317_79/1615991623938LP6Tt_JPEG/review-attachment-4f0fb223-188a-4857-966b-cca642e40fa5.jpeg?type=f300_300,neli****,21.02.28.
45,5,실물이 화면과 같네요 다만 이삿날로 사다리차로 올리고 싶어 지정했는데 일방적으로 안된다고 하셔서 계단으로 올렸다고 운송비를 2만원 더 받았어요,https://phinf.pstatic.net/checkout.phinf/20210326_128/1616734837348fnCTR_JPEG/review-attachment-38d39966-f7f3-4a7f-8b9b-c6dd145fbdee.jpeg?type=f300_300,spea****,21.03.04.
46,5,생각보다 사이즈가 커서 낙낙하게 옷이 잘들어갈것같아요,https://phinf.pstatic.net/checkout.phinf/20210326_90/1616725765589EluUh_JPEG/review-attachment-3ce5a608-3e5c-41f3-b53e-932b43874a21.jpeg?type=f300_300,just****,21.03.12.
47,5,얼룩도 잇고 스크래치도 쉽게 나요 스크래치 나면 검은색으로 나는데 진짜.. 위에다 뭐 깔고 써야할거 같아요..;남편이 그냥 쓰자고 해서 쓰는데.. 좀 실망이 커요,https://phinf.pstatic.net/checkout.phinf/20210311_181/16153908219153d6MN_JPEG/review-attachment-2a742365-113f-4473-96e2-33e6626a2576.jpeg?type=f300_300,dhlr****,21.02.22.
48,5,맘에들어요.배송은느림,https://phinf.pstatic.net/checkout.phinf/20210118_182/1610896999532lT0GN_JPEG/review-attachment-ebb210c9-c2f4-49b0-b059-64204ec41bd2.jpeg?type=f300_300,krnu****,21.03.10.
49,5,배송잘왔구 너무만족스럽습니다 너무예뻐요ㅋㅋ기사님도친절해요,https://phinf.pstatic.net/image.nmv/shopnbuyer_2021_01_11_0/f1f667ae-53b7-11eb-9ca7-48df379ccacc_03.jpg?type=ffn300_300,wndn****,21.03.24.
50,5,"해외이주에 해운이사로 싣고가려 주문했었는데, 요청날짜에 잘배송해주셨고, 서랍여닫고 확인시 덜컹이는 부분 얘기하니 바로 나사가 덜조여져서 그렇다고 고쳐주셨어요.
상품은 사실 그레이가 혼장있음 촌스러울까 걱정했는데, 오히려 분위기 업해주는 고급스러움이 있어요. 신랑도 애들도 한마디씩 멋있다고 거드네요. 크기도 숫자로 보고예상한것보다 크고 많이들어가요.
한국 다시들어옴 미라지로 도배할 맘이 가득드네요.",https://phinf.pstatic.net/checkout.phinf/20210303_251/1614745157783pfCAY_JPEG/review-attachment-88681ab3-ca32-4489-ad2d-95dc212587fa.jpeg?type=f300_300,shin****,21.01.19.
51,3,생각보다 크고 밝은 화이트 색상이였습니다~ 수납은 많이 되는 것 같아 좋아요. 다만 배송지연이 두 번이나 있었는데 두번이나 하루 전에 통보식으로 내일 못간다고 하니 너무 화가 났었습니다.. 서랍장도 서랍간 규격이 안맞고 페인트뭉침이 있으나 교환 시2주 이상이라고 하셔서 그냥 사용합니다 ㅠㅠ 가격대비는 괜찮은 것 같습니다 거울 유리 배송 총55정도인것 같네요,https://phinf.pstatic.net/checkout.phinf/20210311_76/1615390281821YudiK_JPEG/review-attachment-b464f07f-2e49-4620-8ac3-a967ee217cf4.jpeg?type=f300_300,e_ez****,21.01.29.
52,5,사진보다 실물이 훨씬 이뻐요,https://phinf.pstatic.net/image.nmv/shopnbuyer_2021_01_04_0/5e8e494f-4e77-11eb-a803-a0369ff94ec8_03.jpg?type=ffn300_300,ghd2****,21.03.05.
53,2,"오늘 저녁에 오셨어요~ 현관 들어오지 않으시고 복도에서 조립하시곤 들어와서 마무리 해주시네요~

사진으론 실물보다 안이쁘게 나왔는데
크고 웅장하고 서랍장도 부드럽게 잘열리구요~
아직 이사전이라 먼저 새가구 들여놓은건데
빈방이였다가 역시 가구가 하나라도 들어오니 역시 틀리네요

엄마가 무조건 브라운으로 원하셨고
사진으로 설치된것만 보셨지만 맘에 들어하셨어요.
유리는 꼭하시길 없음 후회들 하니까요^^",https://phinf.pstatic.net/checkout.phinf/20210206_297/1612617030683Q87H5_JPEG/review-attachment-19ca8ceb-bf30-4587-917c-206c591be48a.jpeg?type=f300_300,mina****,21.01.26.
54,5,"이뻐요 근데 집에 1층짜 계단 있다고 3만원 받으시네요
아무리 저렴해도 기분이 별로네요
가격 저렴한데 넘넘 이쁘고 좋아요",https://phinf.pstatic.net/checkout.phinf/20210109_70/16101906551308Ew4b_JPEG/review-attachment-ae096340-30e9-476c-9c65-a06dae905b7b.jpeg?type=f300_300,yms5****,21.02.09.
55,5,마감처리가 완전 깨끗한 것은 아니지만 예쁘고 수납력 좋아요!,https://phinf.pstatic.net/checkout.phinf/20210217_152/1613548771381kgxE0_JPEG/review-attachment-ec0bf13f-127c-4807-b7ff-215e61e38608.jpeg?type=f300_300,ekdu****,21.02.11.
56,5,실물이 더 예쁘네요 서랍레일도 좋고 깔끔합니다 배송기사님들도 친절하셨어요,https://phinf.pstatic.net/checkout.phinf/20210201_256/1612158639663gWLlS_JPEG/review-attachment-6c3ab54c-ce94-48de-bc96-ddea7c5677c9.jpeg?type=f300_300,yam7****,21.02.18.
57,4,희망 배송일에 맞춰서 좋은 물건 보내주셔서 감사합니다^^,https://phinf.pstatic.net/checkout.phinf/20210309_10/16152439300846KTnU_JPEG/review-attachment-648bac49-8976-40ff-8778-004367ea27a9.jpeg?type=f300_300,jhpa****,21.02.22.
58,5,희망 배송일에 맞춰서 좋은 물건 보내주셔서 감사합니다^^,https://phinf.pstatic.net/checkout.phinf/20210323_223/1616458526071AaqWQ_JPEG/review-attachment-b01b5078-701c-445a-995a-a65075ce3b75.jpeg?type=f300_300,jhpa****,21.02.22.
59,5,"디자인은 맘에 들고 이쁘나 미라지 브랜드 보고 주문하면 실망할듯 자세히 보면페인트 자국과 가구의 전체적인 마감이 아쉽네요.
배송기간이 너무 오래 걸려서 힘들었지만 배송기사님들이 친절히 설치해주시고 가셨네요~^^",https://phinf.pstatic.net/checkout.phinf/20210302_101/1614654860303pmVPk_JPEG/review-attachment-e88d5520-b325-4620-b560-31182671b8a5.jpeg?type=f300_300,clla****,21.01.29.
60,5,차분하고 싶게 질리지않고  오래 쓸수 있을듯,https://phinf.pstatic.net/checkout.phinf/20210309_10/16152439300846KTnU_JPEG/review-attachment-648bac49-8976-40ff-8778-004367ea27a9.jpeg?type=f300_300,mkan****,21.03.10.
61,5,제품이 예쁘고 집안 분위기와 잘 어울려서 만족합니다. 배송도 제 날짜에 왔으나 입주 청소를 다해놓은 상태였는데 배송 기사분이 신발을 신고 들어와서 발자국을 다 내놓고 가셨네요... 사전에 신발 벗고 들어가라는 얘기를 안했지만 이사 전에 청소 다 해놓은 상태에서 발자국이 나있으니 기분이 나빴습니다. 제품은 만족합니다.,https://phinf.pstatic.net/checkout.phinf/20210323_223/1616458526071AaqWQ_JPEG/review-attachment-b01b5078-701c-445a-995a-a65075ce3b75.jpeg?type=f300_300,kro3****,21.01.20.
62,4,냄새가 좀 많이 나긴 하지만 디자인 예쁘고 만족해요,https://phinf.pstatic.net/checkout.phinf/20210302_101/1614654860303pmVPk_JPEG/review-attachment-e88d5520-b325-4620-b560-31182671b8a5.jpeg?type=f300_300,juan****,21.02.14.
63,5,깨끗하니 이쁘긴한데   찍히고 벌어지고  짜증남,https://phinf.pstatic.net/checkout.phinf/20210320_238/161625127633752fXi_JPEG/review-attachment-8d547555-b09e-42f7-8133-62b96c0fd4e8.jpeg?type=f300_300,huib****,21.02.03.
64,5,맘에들어용 수납넉넉,https://phinf.pstatic.net/checkout.phinf/20210317_79/1615991623938LP6Tt_JPEG/review-attachment-4f0fb223-188a-4857-966b-cca642e40fa5.jpeg?type=f300_300,gnin****,21.03.13.
65,5,무게감 있구 되게 고급져요. 수납력 좋아서 진짜 이거저거 다 넣었어요. 집 정리하는 데에 큰 역할을 해줬어요!,https://phinf.pstatic.net/checkout.phinf/20210326_128/1616734837348fnCTR_JPEG/review-attachment-38d39966-f7f3-4a7f-8b9b-c6dd145fbdee.jpeg?type=f300_300,neli****,21.01.28.
66,5,"처음 인터넷에 개시된 날짜에 못받고
따로 전화와서 한달가까이 기다려 해넘겨 받았네요.
그냥 딱 가격만큼인 제품이에요
가구 좋아하시는받으면 아실꺼에요.

서랍도 하나는 틈이벌어져있어서 신랑이 다시 나사풀고 박고해서 맞췄어요.
저흰 기존에 티비장식장이 아가 다칠까봐 요걸로 한거라 그냥 싼맛에 씁니다.
사진처럼 페인트가 덕지덕지ㅠ
그냥 씁니다.",https://phinf.pstatic.net/checkout.phinf/20210326_90/1616725765589EluUh_JPEG/review-attachment-3ce5a608-3e5c-41f3-b53e-932b43874a21.jpeg?type=f300_300,dia0****,21.01.06.
67,3,배송제날짜에왔습니다,https://phinf.pstatic.net/checkout.phinf/20210311_181/16153908219153d6MN_JPEG/review-attachment-2a742365-113f-4473-96e2-33e6626a2576.jpeg?type=f300_300,9418****,21.02.17.
68,5,"이뻐요
화이트톤이라 방안이 화사하고 예쁩니다~^^",https://phinf.pstatic.net/checkout.phinf/20210118_182/1610896999532lT0GN_JPEG/review-attachment-ebb210c9-c2f4-49b0-b059-64204ec41bd2.jpeg?type=f300_300,muhi****,21.03.03.
69,3,저렴한 가격 좋은 품질 만족합니다.,https://phinf.pstatic.net/image.nmv/shopnbuyer_2021_01_11_0/f1f667ae-53b7-11eb-9ca7-48df379ccacc_03.jpg?type=ffn300_300,wool****,21.02.09.
70,5,"크기도 크고, 깔끔하고 좋아요. 
배송기사님도 늦은 시간까지 배송하시느라 힘드실 듯해요.",https://phinf.pstatic.net/checkout.phinf/20210303_251/1614745157783pfCAY_JPEG/review-attachment-88681ab3-ca32-4489-ad2d-95dc212587fa.jpeg?type=f300_300,ky30****,21.01.28.
71,5,배송이 오래걸리긴 했지만 너무 너무 만족스럽고 분위기 살아요,https://phinf.pstatic.net/checkout.phinf/20210311_76/1615390281821YudiK_JPEG/review-attachment-b464f07f-2e49-4620-8ac3-a967ee217cf4.jpeg?type=f300_300,sodo****,21.02.03.
72,3,부모님 사드렸어요 만족해하십니다,https://phinf.pstatic.net/image.nmv/shopnbuyer_2021_01_04_0/5e8e494f-4e77-11eb-a803-a0369ff94ec8_03.jpg?type=ffn300_300,thez****,21.02.25.
73,5,디자인은 너무 맘에 드는데 가구 마감처리와 배송이 아쉬워요...,https://phinf.pstatic.net/checkout.phinf/20210206_297/1612617030683Q87H5_JPEG/review-attachment-19ca8ceb-bf30-4587-917c-206c591be48a.jpeg?type=f300_300,clla****,21.01.29.
74,4,이 가격에 이 정도면 매우 만족스러운 가구라 생각해요. 페인트 칠이 완벽하진 않고(정면에서 보이지 않는 부분) 약간의 에러가 보이긴 하지만 이 정도는 준수하다고 생각해요.,https://phinf.pstatic.net/checkout.phinf/20210109_70/16101906551308Ew4b_JPEG/review-attachment-ae096340-30e9-476c-9c65-a06dae905b7b.jpeg?type=f300_300,mars****,21.01.17.
75,5,"겉은 이쁜데 
속은  쫌  실망
근데  AS도 오셔서 바로해주고   가성비 괜춘
손잡이 골드로 바꿨더니 더 예뻐요",https://phinf.pstatic.net/checkout.phinf/20210217_152/1613548771381kgxE0_JPEG/review-attachment-ec0bf13f-127c-4807-b7ff-215e61e38608.jpeg?type=f300_300,rksk****,21.01.20.
76,5,마음에들어요 넘 이쁩니다,https://phinf.pstatic.net/checkout.phinf/20210201_256/1612158639663gWLlS_JPEG/review-attachment-6c3ab54c-ce94-48de-bc96-ddea7c5677c9.jpeg?type=f300_300,pian****,21.02.17.
77,5,"스크래치나 파손무분 있으나 폭이 좁고 쓰긴 좋아요.
구분해서 정리하기 참 좋으네요 
가격정도이고 깔끔해요. 하나 살걸 실수로 두개 샀어요.
다행히 안방에 딱 맞아요.  사은품은 어떻게 되나요?",https://phinf.pstatic.net/checkout.phinf/20210309_10/16152439300846KTnU_JPEG/review-attachment-648bac49-8976-40ff-8778-004367ea27a9.jpeg?type=f300_300,ety6****,21.01.03.
78,5,진짜 너무만족스러워요 너무잘샀어요 하나 더사고 싶은맘입니다,https://phinf.pstatic.net/checkout.phinf/20210323_223/1616458526071AaqWQ_JPEG/review-attachment-b01b5078-701c-445a-995a-a65075ce3b75.jpeg?type=f300_300,ysto****,21.01.22.
79,3,가격대비 넘 조아요,https://phinf.pstatic.net/checkout.phinf/20210302_101/1614654860303pmVPk_JPEG/review-attachment-e88d5520-b325-4620-b560-31182671b8a5.jpeg?type=f300_300,pian****,21.02.17.
80,5,놀러오는 사람마다 고급지다고 칭찬해주세요 서랍부드럽게 열리고 견고하게 잘 만든 가구 같아요,https://phinf.pstatic.net/checkout.phinf/20210309_10/16152439300846KTnU_JPEG/review-attachment-648bac49-8976-40ff-8778-004367ea27a9.jpeg?type=f300_300,rani****,21.02.04.
81,5,"와우.. 너무 예쁘네요
같이 주문한 스탠드와 찰떡입니다
너무 맘에 들어서 한개더주문했어요!!",https://phinf.pstatic.net/checkout.phinf/20210323_223/1616458526071AaqWQ_JPEG/review-attachment-b01b5078-701c-445a-995a-a65075ce3b75.jpeg?type=f300_300,barb****,21.01.17.
82,4,깔끔하고좋아요 잘쓰고있어요,https://phinf.pstatic.net/checkout.phinf/20210302_101/1614654860303pmVPk_JPEG/review-attachment-e88d5520-b325-4620-b560-31182671b8a5.jpeg?type=f300_300,nang****,21.02.07.
83,5,고민많이하고 구매했는데 진작 구매할걸 그랬어요,https://phinf.pstatic.net/checkout.phinf/20210320_238/161625127633752fXi_JPEG/review-attachment-8d547555-b09e-42f7-8133-62b96c0fd4e8.jpeg?type=f300_300,adzc****,21.02.10.
84,5,엄청 마음에 듭니다~ 튼튼하고 분위기가 확 틀리네요.  게다가 저렴하게 구매하게되서 좋아요~,https://phinf.pstatic.net/checkout.phinf/20210317_79/1615991623938LP6Tt_JPEG/review-attachment-4f0fb223-188a-4857-966b-cca642e40fa5.jpeg?type=f300_300,seoh****,21.01.08.
85,5,"이사전에 주문 해야 했는데 좀 늦게 주문해서 이사후 많이 기달렸어요~ 사이즈와 높이 너무 딱 맘에 들고 고급스러워요~ 전 3칸보다는 제일 밑에 2칸이 맘에 드네요 
배송해 주시는 분들도 미리 연락 주시고 딱 맞춰 오셔서 참 좋았습니다",https://phinf.pstatic.net/checkout.phinf/20210326_128/1616734837348fnCTR_JPEG/review-attachment-38d39966-f7f3-4a7f-8b9b-c6dd145fbdee.jpeg?type=f300_300,kkom****,20.12.25.
86,5,"기대만큼 이쁩니다 
너무 맘에 들어요
감사합니다",https://phinf.pstatic.net/checkout.phinf/20210326_90/1616725765589EluUh_JPEG/review-attachment-3ce5a608-3e5c-41f3-b53e-932b43874a21.jpeg?type=f300_300,jane****,21.01.29.
87,5,브라운색 키큰버젼이랑 키낮은거 두개구매했어여 키큰서랍장 서랍하나가 불량이와서 교환해주신다했고 이거땜에 별하나 뺐네요 나머진 괜춘해요 예쁘고,https://phinf.pstatic.net/checkout.phinf/20210311_181/16153908219153d6MN_JPEG/review-attachment-2a742365-113f-4473-96e2-33e6626a2576.jpeg?type=f300_300,cchh****,20.12.23.
88,4,수납공간도 좋고 깨끗하니 너무 이뻐요~다른제품도 또 구매하고싶을정도로 맘에드네요~,https://phinf.pstatic.net/checkout.phinf/20210118_182/1610896999532lT0GN_JPEG/review-attachment-ebb210c9-c2f4-49b0-b059-64204ec41bd2.jpeg?type=f300_300,hedy****,21.01.16.
89,5,약속된 날짜에  배송되었어요.사진처럼 예쁘긴해요ᆢ구매옵션설정이 이상해서 잘못  주문ㅜ,https://phinf.pstatic.net/image.nmv/shopnbuyer_2021_01_11_0/f1f667ae-53b7-11eb-9ca7-48df379ccacc_03.jpg?type=ffn300_300,echo****,20.12.31.
90,5,"엄청 크네요..화이트로 할 걸 하는 후회가 있지만. 가구는 좋습니다.
가성비가좋아요",https://phinf.pstatic.net/checkout.phinf/20210303_251/1614745157783pfCAY_JPEG/review-attachment-88681ab3-ca32-4489-ad2d-95dc212587fa.jpeg?type=f300_300,nwil****,21.01.20.
91,5,"배송은 너~~~무 걸렸고,보내준다는 날 연락도 없어서..내가 먼저 연락해서 확인받고,
그리고 받아보니 외모는 예쁘긴한데 흠집이 너무 많았고
서랍 열때마다 가시에 긁혀 무서움.
무늬만 가구임.",https://phinf.pstatic.net/checkout.phinf/20210311_76/1615390281821YudiK_JPEG/review-attachment-b464f07f-2e49-4620-8ac3-a967ee217cf4.jpeg?type=f300_300,ugai****,20.12.25.
92,5,조아요맘에들어요ㅎㅎ,https://phinf.pstatic.net/image.nmv/shopnbuyer_2021_01_04_0/5e8e494f-4e77-11eb-a803-a0369ff94ec8_03.jpg?type=ffn300_300,mug1****,21.01.12.
93,4,가성비 최고에요 고급스러워보여요,https://phinf.pstatic.net/checkout.phinf/20210206_297/1612617030683Q87H5_JPEG/review-attachment-19ca8ceb-bf30-4587-917c-206c591be48a.jpeg?type=f300_300,sesg****,20.12.29.
94,5,가격이저렴하고 예쁨니다,https://phinf.pstatic.net/checkout.phinf/20210109_70/16101906551308Ew4b_JPEG/review-attachment-ae096340-30e9-476c-9c65-a06dae905b7b.jpeg?type=f300_300,cys9****,21.01.28.
95,3,집안분위기를 환하게 해주네요~근데 유리를 안한게 후회되요.상판이 벌써 스크레치가ㅜ나서 마음이 아파요.서랍장도 잘열리고 은근 이것저것 많이 들어가서  만족합니다,https://phinf.pstatic.net/checkout.phinf/20210217_152/1613548771381kgxE0_JPEG/review-attachment-ec0bf13f-127c-4807-b7ff-215e61e38608.jpeg?type=f300_300,jiny****,20.12.18.
96,5,예뻐요.튼튼하고 가격대비 너무 좋네요.,https://phinf.pstatic.net/checkout.phinf/20210201_256/1612158639663gWLlS_JPEG/review-attachment-6c3ab54c-ce94-48de-bc96-ddea7c5677c9.jpeg?type=f300_300,lbr3****,21.01.01.
97,3,깔끔하고 고급스러운 디자인이 전실을 밝게해주네요. 다만..서랍 안쪽이 거친 나무결 그대로라 거친느낌 그대로에요. 시간이 지나야 부드러워질듯 하네요.,https://phinf.pstatic.net/checkout.phinf/20210309_10/16152439300846KTnU_JPEG/review-attachment-648bac49-8976-40ff-8778-004367ea27a9.jpeg?type=f300_300,fbwo****,20.12.20.
98,5,"가구 사진이랑 똑같고 예쁜데요 배송이 3차례?정도 예정날짜보다 뒤로 밀렸었고 서랍하나가
불량이와서 별하나뺐어요",https://phinf.pstatic.net/checkout.phinf/20210323_223/1616458526071AaqWQ_JPEG/review-attachment-b01b5078-701c-445a-995a-a65075ce3b75.jpeg?type=f300_300,cchh****,20.12.23.
99,5,배송은 오래 기다려 받았지만 기다린 보람이 있었습니다 맘에 들어요,https://phinf.pstatic.net/checkout.phinf/20210302_101/1614654860303pmVPk_JPEG/review-attachment-e88d5520-b325-4620-b560-31182671b8a5.jpeg?type=f300_300,e_tt****,20.12.30.
