﻿,star,review,reviewImage,customerId,reviewDate
0,5,"시간은 많이걸렸으나 서랍장은 이쁨니다 사이즈 변경했었는데 참 우여곡절이 많았지만 상담하는 분이 친절해서 그냥 좋은 방향으로 결정했어요
 나무냄새가 많이 난다는 얘기가 있었는데 난 이 냄새가 아주 좋아요",https://phinf.pstatic.net/checkout.phinf/20210309_10/16152439300846KTnU_JPEG/review-attachment-648bac49-8976-40ff-8778-004367ea27a9.jpeg?type=f300_300,bmoj****,21.03.22.
1,4,"오늘 드뎌 받았습니다.
희망배송보다 일주일이나 늦어지고
배송도 한번 번복해서 속상했지만
좋은제품 받아서 다행입니다.
색은 정말 고급스럽고 엔틱느낌도 나고
안방TV놓기에 높이가 아주 적당합니다.
침대에 누워서 봐도 잘 보입니다.

침대메트리스가 높은편이라
그 전 서랍장은 TV보기 불편했어요.",https://phinf.pstatic.net/checkout.phinf/20210323_223/1616458526071AaqWQ_JPEG/review-attachment-b01b5078-701c-445a-995a-a65075ce3b75.jpeg?type=f300_300,rudw****,21.02.23.
2,5,"상품 너무 조아요
배송도 일정 맞춰서 보내주셨어요",https://phinf.pstatic.net/checkout.phinf/20210302_101/1614654860303pmVPk_JPEG/review-attachment-e88d5520-b325-4620-b560-31182671b8a5.jpeg?type=f300_300,jinh****,21.03.18.
3,5,"처음 서랍이 9개중 하나가 불량으로와 부분 보수한다며 빼갔습니다. 시간이 좀 걸린다며 빠르면 설연휴 전이지만 늦으면 그 다음 주로 넘어 간다고 했는데 아직도 못 받았습니다. 3월 8일인데 소식도 없어요.
너무 화가납니다.",https://phinf.pstatic.net/checkout.phinf/20210320_238/161625127633752fXi_JPEG/review-attachment-8d547555-b09e-42f7-8133-62b96c0fd4e8.jpeg?type=f300_300,nari****,21.03.08.
4,4,"요청 배송일 하루전에 받았어요. 눈이 많이 왔는데 주말 일찍 와주셔서 감사했어요. 서랍장을 닦으며 보니 긁힘이나 찍힘 없이 잘 도착 했습니다. 날씨가 추워서 얼었는지 첫날은 서랍 여닫는게 잘 안됐는데 기사님 말씀대로 하루 지나니 부드러워 지더라구요~ 첫날은 니스?냄새가 꽤 났는데 이것도 하루 지나니 사라지고 나무냄새만 남았습니다. 
서랍장도 넓고 커서 수납하기 좋을 것 같아요~
물건을 안보고 인터넷으로 사기에 비싼 가격이라 많이 고민하고 결정했는데 현재로서는 만족스럽습니다~
오래 쓸 수 있었으면 좋겠네요..",https://phinf.pstatic.net/checkout.phinf/20210317_79/1615991623938LP6Tt_JPEG/review-attachment-4f0fb223-188a-4857-966b-cca642e40fa5.jpeg?type=f300_300,brig****,21.01.16.
5,5,물건은 괜찮은데 색이 덜칠해진 서랍이 있어 아쉽네요,https://phinf.pstatic.net/checkout.phinf/20210326_128/1616734837348fnCTR_JPEG/review-attachment-38d39966-f7f3-4a7f-8b9b-c6dd145fbdee.jpeg?type=f300_300,nari****,21.02.03.
6,5,"가구가 단단하니 너무맘에 듭니다
냄새가 좀 납니다
번창하세요",https://phinf.pstatic.net/checkout.phinf/20210326_90/1616725765589EluUh_JPEG/review-attachment-3ce5a608-3e5c-41f3-b53e-932b43874a21.jpeg?type=f300_300,nkmh****,21.01.09.
7,4,"생각외로 너무 만족합니다
색깔  견고함 모두 너무 대만족이라 필요한 가구  또 구매하고싶네요~",https://phinf.pstatic.net/checkout.phinf/20210311_181/16153908219153d6MN_JPEG/review-attachment-2a742365-113f-4473-96e2-33e6626a2576.jpeg?type=f300_300,bbb2****,21.01.26.
8,5,"색깔은 진하고 고급스러워  보이는데 냄새는 많이 나요
서랍 크기도 애매한데 
크기가 다를 여러개의 서랍 덕분에 정리하기는 편해요
흠집도 잘 생겨 조심해야해요
서랍레일도 몇개는부드럽게 안닫혀서 꾹 밀어야 합니다
종합적으로는 만족해요",https://phinf.pstatic.net/checkout.phinf/20210118_182/1610896999532lT0GN_JPEG/review-attachment-ebb210c9-c2f4-49b0-b059-64204ec41bd2.jpeg?type=f300_300,leeb****,20.12.23.
9,1,생각보다 많이 들어가요. 안방에 놓고 속옷. 악세사리. 아이옷 정리했어요. 냄새가 심하지는 않지만 그래도 서랍은 좀 열어놔야해요.,https://phinf.pstatic.net/image.nmv/shopnbuyer_2021_01_11_0/f1f667ae-53b7-11eb-9ca7-48df379ccacc_03.jpg?type=ffn300_300,toyo****,20.11.24.
10,5,"오늘 배송받았는데 너무 맘에 들어요
마감도 괜찮고 너무 고급스럽고 좋아요
서랍장 냄새도 많이없고 좋아요 
제방에 두려고 산 서랍장은 지금 일주일째 냄새느라 고생인데 여기는 바로 물건넣어도 될꺼같아요
배송도 친절히 잘해주시고 감사합니다",https://phinf.pstatic.net/checkout.phinf/20210303_251/1614745157783pfCAY_JPEG/review-attachment-88681ab3-ca32-4489-ad2d-95dc212587fa.jpeg?type=f300_300,iiia****,20.11.12.
11,4,"나무 재질이 생각했던 것과는 다르게 좀 무른편이라 찍힘 조심해야겠네요. 서랍 안쪽은 좀 거친 느낌이라 플라스틱 수납장 사서 정리했고 다 열었을때 모습은 사진과 같아요.
처음에는 좀 어두워보여서 만족이 안됐는데 적응되니 방 분위기에 잘 어울리네요. 침대를 높이가 높은 침대로 바꾸면서 기존 서랍장은 낮아서 티비 보기가 불편했었어요. 그래서 넓이 1800에 높이가 있는 서랍장 찾다가 조건이 딱 맞아서 선택했는데 티비 올리고도 좁지 않고 안정감 있게 여유있어서 보기가 좋습니다.
배송도 기사님 두 분이서 조심조심하면서 잘 배송해주셨네요.",https://phinf.pstatic.net/checkout.phinf/20210311_76/1615390281821YudiK_JPEG/review-attachment-b464f07f-2e49-4620-8ac3-a967ee217cf4.jpeg?type=f300_300,son0****,20.10.16.
12,5,마감처리도좋고 만족합니다 너무예뻐요 무난하니 잘어울립니다.,https://phinf.pstatic.net/image.nmv/shopnbuyer_2021_01_04_0/5e8e494f-4e77-11eb-a803-a0369ff94ec8_03.jpg?type=ffn300_300,good****,20.11.22.
13,5,정말 예쁘고 마음에 들어요~,https://phinf.pstatic.net/checkout.phinf/20210206_297/1612617030683Q87H5_JPEG/review-attachment-19ca8ceb-bf30-4587-917c-206c591be48a.jpeg?type=f300_300,wjdw****,20.12.05.
14,5,사이즈도 생각했던대로 딱 좋고 원목이지만 너무 무거워보이지 않고 고급진 색감과 마감처리라 굉장히 만족합니다 :) 나무가 오래오래 잘 버텨줬으면 좋겠습니다!!,https://phinf.pstatic.net/checkout.phinf/20210109_70/16101906551308Ew4b_JPEG/review-attachment-ae096340-30e9-476c-9c65-a06dae905b7b.jpeg?type=f300_300,best****,20.10.24.
15,4,튼튼해서 좋아요~~,https://phinf.pstatic.net/checkout.phinf/20210217_152/1613548771381kgxE0_JPEG/review-attachment-ec0bf13f-127c-4807-b7ff-215e61e38608.jpeg?type=f300_300,doka****,20.11.18.
16,5,탄탄해보이고 수납할수있는양도 많아보여요.,https://phinf.pstatic.net/checkout.phinf/20210201_256/1612158639663gWLlS_JPEG/review-attachment-6c3ab54c-ce94-48de-bc96-ddea7c5677c9.jpeg?type=f300_300,doka****,20.10.05.
17,4,"한달만에 가구받앗는데
하자잇어서 보내고다시받앗어요
오래기다리고 시간내서 가구받앗는데
하자잇어서 짜증많이낫엇는데
오늘오신배송기사님 엄청친절하시고
원하는데로다마춰주시고가셧네요
고생하셧어요
가구는이뻐요 쳐다볼때마다만족스럽네요",https://phinf.pstatic.net/checkout.phinf/20210309_10/16152439300846KTnU_JPEG/review-attachment-648bac49-8976-40ff-8778-004367ea27a9.jpeg?type=f300_300,kay9****,20.09.11.
18,5,튼튼하고 수납도 많이 됩니다,https://phinf.pstatic.net/checkout.phinf/20210323_223/1616458526071AaqWQ_JPEG/review-attachment-b01b5078-701c-445a-995a-a65075ce3b75.jpeg?type=f300_300,roya****,20.10.14.
19,5,"원목가구에 내츄럴 스타일로 해서 눈에 거슬리지 않고 냄새도 하루 정도 환기하니까 충분히 좋으네요.
전 서랍장을 삼나무 원목으로 해서 더 좋았어요.
공간만 있다면 수납으로 장식으로 참 좋으네요.",https://phinf.pstatic.net/checkout.phinf/20210302_101/1614654860303pmVPk_JPEG/review-attachment-e88d5520-b325-4620-b560-31182671b8a5.jpeg?type=f300_300,lynn****,20.09.15.
20,5,"시간은 많이걸렸으나 서랍장은 이쁨니다 사이즈 변경했었는데 참 우여곡절이 많았지만 상담하는 분이 친절해서 그냥 좋은 방향으로 결정했어요
 나무냄새가 많이 난다는 얘기가 있었는데 난 이 냄새가 아주 좋아요",https://phinf.pstatic.net/checkout.phinf/20210309_10/16152439300846KTnU_JPEG/review-attachment-648bac49-8976-40ff-8778-004367ea27a9.jpeg?type=f300_300,bmoj****,21.03.22.
21,4,"오늘 드뎌 받았습니다.
희망배송보다 일주일이나 늦어지고
배송도 한번 번복해서 속상했지만
좋은제품 받아서 다행입니다.
색은 정말 고급스럽고 엔틱느낌도 나고
안방TV놓기에 높이가 아주 적당합니다.
침대에 누워서 봐도 잘 보입니다.

침대메트리스가 높은편이라
그 전 서랍장은 TV보기 불편했어요.",https://phinf.pstatic.net/checkout.phinf/20210323_223/1616458526071AaqWQ_JPEG/review-attachment-b01b5078-701c-445a-995a-a65075ce3b75.jpeg?type=f300_300,rudw****,21.02.23.
22,5,"상품 너무 조아요
배송도 일정 맞춰서 보내주셨어요",https://phinf.pstatic.net/checkout.phinf/20210302_101/1614654860303pmVPk_JPEG/review-attachment-e88d5520-b325-4620-b560-31182671b8a5.jpeg?type=f300_300,jinh****,21.03.18.
23,5,"처음 서랍이 9개중 하나가 불량으로와 부분 보수한다며 빼갔습니다. 시간이 좀 걸린다며 빠르면 설연휴 전이지만 늦으면 그 다음 주로 넘어 간다고 했는데 아직도 못 받았습니다. 3월 8일인데 소식도 없어요.
너무 화가납니다.",https://phinf.pstatic.net/checkout.phinf/20210320_238/161625127633752fXi_JPEG/review-attachment-8d547555-b09e-42f7-8133-62b96c0fd4e8.jpeg?type=f300_300,nari****,21.03.08.
24,4,"요청 배송일 하루전에 받았어요. 눈이 많이 왔는데 주말 일찍 와주셔서 감사했어요. 서랍장을 닦으며 보니 긁힘이나 찍힘 없이 잘 도착 했습니다. 날씨가 추워서 얼었는지 첫날은 서랍 여닫는게 잘 안됐는데 기사님 말씀대로 하루 지나니 부드러워 지더라구요~ 첫날은 니스?냄새가 꽤 났는데 이것도 하루 지나니 사라지고 나무냄새만 남았습니다. 
서랍장도 넓고 커서 수납하기 좋을 것 같아요~
물건을 안보고 인터넷으로 사기에 비싼 가격이라 많이 고민하고 결정했는데 현재로서는 만족스럽습니다~
오래 쓸 수 있었으면 좋겠네요..",https://phinf.pstatic.net/checkout.phinf/20210317_79/1615991623938LP6Tt_JPEG/review-attachment-4f0fb223-188a-4857-966b-cca642e40fa5.jpeg?type=f300_300,brig****,21.01.16.
25,5,물건은 괜찮은데 색이 덜칠해진 서랍이 있어 아쉽네요,https://phinf.pstatic.net/checkout.phinf/20210326_128/1616734837348fnCTR_JPEG/review-attachment-38d39966-f7f3-4a7f-8b9b-c6dd145fbdee.jpeg?type=f300_300,nari****,21.02.03.
26,5,"가구가 단단하니 너무맘에 듭니다
냄새가 좀 납니다
번창하세요",https://phinf.pstatic.net/checkout.phinf/20210326_90/1616725765589EluUh_JPEG/review-attachment-3ce5a608-3e5c-41f3-b53e-932b43874a21.jpeg?type=f300_300,nkmh****,21.01.09.
27,4,"생각외로 너무 만족합니다
색깔  견고함 모두 너무 대만족이라 필요한 가구  또 구매하고싶네요~",https://phinf.pstatic.net/checkout.phinf/20210311_181/16153908219153d6MN_JPEG/review-attachment-2a742365-113f-4473-96e2-33e6626a2576.jpeg?type=f300_300,bbb2****,21.01.26.
28,5,"색깔은 진하고 고급스러워  보이는데 냄새는 많이 나요
서랍 크기도 애매한데 
크기가 다를 여러개의 서랍 덕분에 정리하기는 편해요
흠집도 잘 생겨 조심해야해요
서랍레일도 몇개는부드럽게 안닫혀서 꾹 밀어야 합니다
종합적으로는 만족해요",https://phinf.pstatic.net/checkout.phinf/20210118_182/1610896999532lT0GN_JPEG/review-attachment-ebb210c9-c2f4-49b0-b059-64204ec41bd2.jpeg?type=f300_300,leeb****,20.12.23.
29,1,생각보다 많이 들어가요. 안방에 놓고 속옷. 악세사리. 아이옷 정리했어요. 냄새가 심하지는 않지만 그래도 서랍은 좀 열어놔야해요.,https://phinf.pstatic.net/image.nmv/shopnbuyer_2021_01_11_0/f1f667ae-53b7-11eb-9ca7-48df379ccacc_03.jpg?type=ffn300_300,toyo****,20.11.24.
30,5,"오늘 배송받았는데 너무 맘에 들어요
마감도 괜찮고 너무 고급스럽고 좋아요
서랍장 냄새도 많이없고 좋아요 
제방에 두려고 산 서랍장은 지금 일주일째 냄새느라 고생인데 여기는 바로 물건넣어도 될꺼같아요
배송도 친절히 잘해주시고 감사합니다",https://phinf.pstatic.net/checkout.phinf/20210303_251/1614745157783pfCAY_JPEG/review-attachment-88681ab3-ca32-4489-ad2d-95dc212587fa.jpeg?type=f300_300,iiia****,20.11.12.
31,4,"나무 재질이 생각했던 것과는 다르게 좀 무른편이라 찍힘 조심해야겠네요. 서랍 안쪽은 좀 거친 느낌이라 플라스틱 수납장 사서 정리했고 다 열었을때 모습은 사진과 같아요.
처음에는 좀 어두워보여서 만족이 안됐는데 적응되니 방 분위기에 잘 어울리네요. 침대를 높이가 높은 침대로 바꾸면서 기존 서랍장은 낮아서 티비 보기가 불편했었어요. 그래서 넓이 1800에 높이가 있는 서랍장 찾다가 조건이 딱 맞아서 선택했는데 티비 올리고도 좁지 않고 안정감 있게 여유있어서 보기가 좋습니다.
배송도 기사님 두 분이서 조심조심하면서 잘 배송해주셨네요.",https://phinf.pstatic.net/checkout.phinf/20210311_76/1615390281821YudiK_JPEG/review-attachment-b464f07f-2e49-4620-8ac3-a967ee217cf4.jpeg?type=f300_300,son0****,20.10.16.
32,5,마감처리도좋고 만족합니다 너무예뻐요 무난하니 잘어울립니다.,https://phinf.pstatic.net/image.nmv/shopnbuyer_2021_01_04_0/5e8e494f-4e77-11eb-a803-a0369ff94ec8_03.jpg?type=ffn300_300,good****,20.11.22.
33,5,정말 예쁘고 마음에 들어요~,https://phinf.pstatic.net/checkout.phinf/20210206_297/1612617030683Q87H5_JPEG/review-attachment-19ca8ceb-bf30-4587-917c-206c591be48a.jpeg?type=f300_300,wjdw****,20.12.05.
34,5,사이즈도 생각했던대로 딱 좋고 원목이지만 너무 무거워보이지 않고 고급진 색감과 마감처리라 굉장히 만족합니다 :) 나무가 오래오래 잘 버텨줬으면 좋겠습니다!!,https://phinf.pstatic.net/checkout.phinf/20210109_70/16101906551308Ew4b_JPEG/review-attachment-ae096340-30e9-476c-9c65-a06dae905b7b.jpeg?type=f300_300,best****,20.10.24.
35,4,튼튼해서 좋아요~~,https://phinf.pstatic.net/checkout.phinf/20210217_152/1613548771381kgxE0_JPEG/review-attachment-ec0bf13f-127c-4807-b7ff-215e61e38608.jpeg?type=f300_300,doka****,20.11.18.
36,5,탄탄해보이고 수납할수있는양도 많아보여요.,https://phinf.pstatic.net/checkout.phinf/20210201_256/1612158639663gWLlS_JPEG/review-attachment-6c3ab54c-ce94-48de-bc96-ddea7c5677c9.jpeg?type=f300_300,doka****,20.10.05.
37,4,"한달만에 가구받앗는데
하자잇어서 보내고다시받앗어요
오래기다리고 시간내서 가구받앗는데
하자잇어서 짜증많이낫엇는데
오늘오신배송기사님 엄청친절하시고
원하는데로다마춰주시고가셧네요
고생하셧어요
가구는이뻐요 쳐다볼때마다만족스럽네요",https://phinf.pstatic.net/checkout.phinf/20210309_10/16152439300846KTnU_JPEG/review-attachment-648bac49-8976-40ff-8778-004367ea27a9.jpeg?type=f300_300,kay9****,20.09.11.
38,5,튼튼하고 수납도 많이 됩니다,https://phinf.pstatic.net/checkout.phinf/20210323_223/1616458526071AaqWQ_JPEG/review-attachment-b01b5078-701c-445a-995a-a65075ce3b75.jpeg?type=f300_300,roya****,20.10.14.
39,5,"원목가구에 내츄럴 스타일로 해서 눈에 거슬리지 않고 냄새도 하루 정도 환기하니까 충분히 좋으네요.
전 서랍장을 삼나무 원목으로 해서 더 좋았어요.
공간만 있다면 수납으로 장식으로 참 좋으네요.",https://phinf.pstatic.net/checkout.phinf/20210302_101/1614654860303pmVPk_JPEG/review-attachment-e88d5520-b325-4620-b560-31182671b8a5.jpeg?type=f300_300,lynn****,20.09.15.
40,5,"배송일에 잘 받았습니다
색감이며 디자인은 예뻐요
그러나약간의 하자가있어 고민하다가
 배송기사님이
처리하여주셔서 그냥사용하기로 했습니다.
조금더 검수에 신경써주시면 좋을것같네요.
잘쓰겠습니다.",https://phinf.pstatic.net/checkout.phinf/20210309_10/16152439300846KTnU_JPEG/review-attachment-648bac49-8976-40ff-8778-004367ea27a9.jpeg?type=f300_300,ckj0****,20.06.06.
41,4,깔끔하고  튼튼해요,https://phinf.pstatic.net/checkout.phinf/20210323_223/1616458526071AaqWQ_JPEG/review-attachment-b01b5078-701c-445a-995a-a65075ce3b75.jpeg?type=f300_300,pjad****,20.07.28.
42,5,"가구 좋아요
다만 까진부분 찍힌부분이 넘 많아여ㅜ",https://phinf.pstatic.net/checkout.phinf/20210302_101/1614654860303pmVPk_JPEG/review-attachment-e88d5520-b325-4620-b560-31182671b8a5.jpeg?type=f300_300,jo_l****,20.06.10.
43,5,"가구는 예뻐요 정말
원하는대로 사이즈도 색상도 맞춰주세요
다만 찍힌 부분이 꽤 많아요ㅠ
박스포장하고 배송하실때 가구랑 박스 사이에 스티로폼을 더 많이 넣으셔야 할꺼 같아요ㅜ
멀리서 보면 티 안나니까 그냥 참아보려구요
배송받기까지 참 우여곡절이 많았지만 나름 괜찮습니다 ㅜㅠ",https://phinf.pstatic.net/checkout.phinf/20210320_238/161625127633752fXi_JPEG/review-attachment-8d547555-b09e-42f7-8133-62b96c0fd4e8.jpeg?type=f300_300,jo_l****,20.04.30.
44,4,튼튼하고 컬러도 가볍지않고 톤다운 느낌이라 고급스러워 보여요,https://phinf.pstatic.net/checkout.phinf/20210317_79/1615991623938LP6Tt_JPEG/review-attachment-4f0fb223-188a-4857-966b-cca642e40fa5.jpeg?type=f300_300,kkba****,20.06.01.
45,5,"부모님 댁 선물로 사드렸어요
부모님께서 매우 만족해하시네요
배송은 늦었지만 가구는 예쁘네요^^",https://phinf.pstatic.net/checkout.phinf/20210326_128/1616734837348fnCTR_JPEG/review-attachment-38d39966-f7f3-4a7f-8b9b-c6dd145fbdee.jpeg?type=f300_300,wow8****,20.05.01.
46,3,"배송아저씨
마스크좀 턱에말고 입에쓰라고 말좀해주세요",https://phinf.pstatic.net/checkout.phinf/20210326_90/1616725765589EluUh_JPEG/review-attachment-3ce5a608-3e5c-41f3-b53e-932b43874a21.jpeg?type=f300_300,qusc****,20.04.16.
47,5,"친정부모님집에 샀는데
다크 브라운 색이구요
튼튼하다고 엄마가 엄청 좋아하십니다
높이나 길이도 적당한듯요
많이 파세요",https://phinf.pstatic.net/checkout.phinf/20210311_181/16153908219153d6MN_JPEG/review-attachment-2a742365-113f-4473-96e2-33e6626a2576.jpeg?type=f300_300,gywl****,20.02.24.
48,4,"화면에서 보는것과같았어요
서랍장 폭이 생각했던것보다 많이 작았어요 깊이도 아쉬웠구요
수납장으로 쓰실경우에는 꼭 참고 하세요",https://phinf.pstatic.net/checkout.phinf/20210118_182/1610896999532lT0GN_JPEG/review-attachment-ebb210c9-c2f4-49b0-b059-64204ec41bd2.jpeg?type=f300_300,jmh7****,20.02.23.
49,4,"토요일 지정했는데 일요일에 배송왔어요
기사님들도 쉬셔야할텐데 일요일에도 배송을 해 주셨어요
생각했던 색보다 조금 탁한 느낌입니다.
서랍을 닫아놓으면 냄새가 덜한데 열면 냄새가 납니다. 낮에 문 활짝 열고 환기 시키고 있어요 높이랑 크기는 딱 좋아요",https://phinf.pstatic.net/image.nmv/shopnbuyer_2021_01_11_0/f1f667ae-53b7-11eb-9ca7-48df379ccacc_03.jpg?type=ffn300_300,dusr****,20.02.09.
50,5,"서랍장수납도많이되고  고급스러워요.
실물을못보고 구매하게돼서걱정을많이했는데 실물도사진과 똑같네요~",https://phinf.pstatic.net/checkout.phinf/20210303_251/1614745157783pfCAY_JPEG/review-attachment-88681ab3-ca32-4489-ad2d-95dc212587fa.jpeg?type=f300_300,dure****,20.02.19.
51,4,"서랍장색은 좀진한색이예요
옆에거울오크색이구요
처음에는 색이너무진해보였는데
계속보니까 이쁜것같네요
원목인데 저렴한가격에구입해서 잘사용하고있습니다~~^^",https://phinf.pstatic.net/checkout.phinf/20210311_76/1615390281821YudiK_JPEG/review-attachment-b464f07f-2e49-4620-8ac3-a967ee217cf4.jpeg?type=f300_300,sxxs****,19.12.13.
52,4,"배송이 늦어졌지만 
상품은 마음에 듭니다! 월넛 색상 찾기 너무 힘들었는데 칠비용 별도로 제작해주셔서 침실분위기랑 너무 잘어울려서 뿌듯하네요 
서랍도 아주 튼튼한거같구요 
다만 냄새가 좀 있어서 겨울에 환기시키느라 고생좀 했습니다 ~ 예뻐요",https://phinf.pstatic.net/image.nmv/shopnbuyer_2021_01_04_0/5e8e494f-4e77-11eb-a803-a0369ff94ec8_03.jpg?type=ffn300_300,senh****,19.11.20.
53,5,와 진짜 기대이상이네요ㅋ 서랍장도 크고 원목이 고급스럽네요. 패턴도그렇고 신경써서 잘만들어주셔서 감사합니다. 상담할때도 너무 친절하게 설명해주셔서 도움이되었어요. 다른제품 또 필요할때 이용할께요^.^,https://phinf.pstatic.net/checkout.phinf/20210206_297/1612617030683Q87H5_JPEG/review-attachment-19ca8ceb-bf30-4587-917c-206c591be48a.jpeg?type=f300_300,amou****,19.10.26.
54,3,고급스럽고 수납력좋고  색감예쁘고 집에 놀러온 사람들 모두 너무 잘샀다고 해줘서 볼수록  잘산거 같아요,https://phinf.pstatic.net/checkout.phinf/20210109_70/16101906551308Ew4b_JPEG/review-attachment-ae096340-30e9-476c-9c65-a06dae905b7b.jpeg?type=f300_300,ahji****,19.11.14.
55,4,"오늘 제품 받았어요~  배송 기사님도 친절 하시고, 너무 이뻐요~~",https://phinf.pstatic.net/checkout.phinf/20210217_152/1613548771381kgxE0_JPEG/review-attachment-ec0bf13f-127c-4807-b7ff-215e61e38608.jpeg?type=f300_300,hjin****,19.12.09.
56,5,튀지않구 좋와요~문여닫을때두 너무 좋구요^^,https://phinf.pstatic.net/checkout.phinf/20210201_256/1612158639663gWLlS_JPEG/review-attachment-6c3ab54c-ce94-48de-bc96-ddea7c5677c9.jpeg?type=f300_300,khh4****,19.12.09.
57,4,"자체배송인시던데 빨라서좋왔어요~~
실물이 더예쁘구 단단한 느낌이 너무좋습니다...
저희집방이라 너무잘어울려요~~~
만드신지얼마안된건지 냄새가많이나더라구요 3일정도 방에서 잠은못자구 서랍죄다 열어두고서  창문다열어놓구 양파잘라서 서랍마다 넣어두구 피톤치두수시로 뿌려두었더니 냄새가 안나네요~~~",https://phinf.pstatic.net/checkout.phinf/20210309_10/16152439300846KTnU_JPEG/review-attachment-648bac49-8976-40ff-8778-004367ea27a9.jpeg?type=f300_300,khh4****,19.10.14.
58,5,제품 외관은 맘에들어요 그런데 내부 서랍은 마감이 별로에요 사진처럼 서랍장 모두 나무가시가 일어나있어요 근데 억센가시가 아니라 닦으면서 어느정도 정리되는 정도에요 나무가루도 엄청 많아서 반드시 여러번 닦아야해요 그리고 여기저기 흠집이 있어요 옹이 같은건 아니고 그냥 흠집같아요  칼라도 좋고 외관은 괜찮아요,https://phinf.pstatic.net/checkout.phinf/20210323_223/1616458526071AaqWQ_JPEG/review-attachment-b01b5078-701c-445a-995a-a65075ce3b75.jpeg?type=f300_300,ahji****,19.09.19.
59,5,"배송받기까지 너무 오래 걸렸어요ㅠ
우여곡절도 많았구 솔직히 기대도 안했어요.
근데 실제로 받아보니 서랍장 넘 맘에 들어요.
그동안 짜증났던게 사르르 녹네요.
나쁜 냄새도 거의 안나고 서랍 내부에서 나무향만 솔솔 나는 수준이에요.
낮은데 수납도 꽤 잘되고 서랍 닫히는 느낌이나 견고함, 마감 등등 매우 만족합니다.
배송만 문제없다면 다른것도 사고싶어요^^",https://phinf.pstatic.net/checkout.phinf/20210302_101/1614654860303pmVPk_JPEG/review-attachment-e88d5520-b325-4620-b560-31182671b8a5.jpeg?type=f300_300,gr83****,19.09.24.
