﻿,star,review,reviewImage,customerId,reviewDate
0,4,마감처리는 좀 떨어지지만 알고 구매한거고 디자인이나 가성비 좋습니다~,https://phinf.pstatic.net/checkout.phinf/20210309_10/16152439300846KTnU_JPEG/review-attachment-648bac49-8976-40ff-8778-004367ea27a9.jpeg?type=f300_300,sili****,21.02.02.
1,4,배송도 정확하고 만족해요,https://phinf.pstatic.net/checkout.phinf/20210323_223/1616458526071AaqWQ_JPEG/review-attachment-b01b5078-701c-445a-995a-a65075ce3b75.jpeg?type=f300_300,yksy****,21.01.28.
2,5,"튼튼하니 너무 좋아요
색상도 고급스럽고 너무 맘에 들어요",https://phinf.pstatic.net/checkout.phinf/20210302_101/1614654860303pmVPk_JPEG/review-attachment-e88d5520-b325-4620-b560-31182671b8a5.jpeg?type=f300_300,yell****,20.12.27.
3,4,"전화주셔서 신청한 날보다 일찍 보내주셨어요 
기사님들도 친절하고 좋긴한데 단지
옷칠에 묻어나와서 첨에 깜짝 놀랐어요
그거 말고는 아주 맘에 듭니다",https://phinf.pstatic.net/checkout.phinf/20210320_238/161625127633752fXi_JPEG/review-attachment-8d547555-b09e-42f7-8133-62b96c0fd4e8.jpeg?type=f300_300,savr****,20.11.19.
4,4,생각보다  안  커서,https://phinf.pstatic.net/checkout.phinf/20210317_79/1615991623938LP6Tt_JPEG/review-attachment-4f0fb223-188a-4857-966b-cca642e40fa5.jpeg?type=f300_300,gusl****,20.12.23.
5,5,"아직 새상품이라 나무냄새가 심하지만 
디자인이 깔끔하고 예뻐여.",https://phinf.pstatic.net/checkout.phinf/20210326_128/1616734837348fnCTR_JPEG/review-attachment-38d39966-f7f3-4a7f-8b9b-c6dd145fbdee.jpeg?type=f300_300,phj1****,20.11.10.
6,4,가격 대비 훌륭합니다.,https://phinf.pstatic.net/checkout.phinf/20210326_90/1616725765589EluUh_JPEG/review-attachment-3ce5a608-3e5c-41f3-b53e-932b43874a21.jpeg?type=f300_300,cpah****,20.10.26.
7,5,"너무기대했는지 그냥그러네요
옷은 많이 안들어가요ㅠ
배송너무오래걸리고배송비도 너무비싸요",https://phinf.pstatic.net/checkout.phinf/20210311_181/16153908219153d6MN_JPEG/review-attachment-2a742365-113f-4473-96e2-33e6626a2576.jpeg?type=f300_300,weon****,20.10.08.
8,3,"이건 사세요. 망설이신다면 무조건!!
가격이 저렴해서 혹시했는데 실제 보고 너무 만족합니다. 묵직하고 고급스러워요. 70만원대 다른거랑 엄청 고민했는데 실제 매정가서 그 70만원대 서랍장 실제로 보고 이게 더 낫더군요 ㅎ",https://phinf.pstatic.net/checkout.phinf/20210118_182/1610896999532lT0GN_JPEG/review-attachment-ebb210c9-c2f4-49b0-b059-64204ec41bd2.jpeg?type=f300_300,ivan****,20.09.11.
9,4,너무 마음에들어요.,https://phinf.pstatic.net/image.nmv/shopnbuyer_2021_01_11_0/f1f667ae-53b7-11eb-9ca7-48df379ccacc_03.jpg?type=ffn300_300,kimm****,20.09.16.
10,5,"서랍도  매끄럽게 잘   열리고
냄새도  생각보다 없어서 좋아요.
싸게 잘산것 같아 맘에 듭니다",https://phinf.pstatic.net/checkout.phinf/20210303_251/1614745157783pfCAY_JPEG/review-attachment-88681ab3-ca32-4489-ad2d-95dc212587fa.jpeg?type=f300_300,meis****,20.05.06.
11,3,"너무 예쁩니다.
강추합니다",https://phinf.pstatic.net/checkout.phinf/20210311_76/1615390281821YudiK_JPEG/review-attachment-b464f07f-2e49-4620-8ac3-a967ee217cf4.jpeg?type=f300_300,weal****,20.05.19.
