﻿,star,review,reviewImage,customerId,reviewDate
0,5,허전하던 복도 벽이  산뜻해졌어요~😄,https://phinf.pstatic.net/checkout.phinf/20210309_10/16152439300846KTnU_JPEG/review-attachment-648bac49-8976-40ff-8778-004367ea27a9.jpeg?type=f300_300,ssuk****,21.01.28.
1,5,"서랍내부가 깊어 내용물이 많이들어가고
 볼수록 맘에 들어 추가구매
배송을 기다리는중",https://phinf.pstatic.net/checkout.phinf/20210323_223/1616458526071AaqWQ_JPEG/review-attachment-b01b5078-701c-445a-995a-a65075ce3b75.jpeg?type=f300_300,hoam****,20.11.29.
2,5,"침대 구입 후 세트로 두고 싶어서 구입했습니다
배송이 너무 느렸지만 상품은 만족해요",https://phinf.pstatic.net/checkout.phinf/20210302_101/1614654860303pmVPk_JPEG/review-attachment-e88d5520-b325-4620-b560-31182671b8a5.jpeg?type=f300_300,sony****,20.10.18.
3,4,"생각보다 높아요;; 그래서 수납이 깊고 넓고 나쁘지 않아요, 첨에 냄새나긴 했는데 금방 빠지네요 높이만 살짝 낮아도 100점인데 살짝 아쉬워요, 디자인 색감 만족합니다^^",https://phinf.pstatic.net/checkout.phinf/20210320_238/161625127633752fXi_JPEG/review-attachment-8d547555-b09e-42f7-8133-62b96c0fd4e8.jpeg?type=f300_300,cute****,20.07.05.
4,5,잘받았어요 잘쓰겠습니다,https://phinf.pstatic.net/checkout.phinf/20210317_79/1615991623938LP6Tt_JPEG/review-attachment-4f0fb223-188a-4857-966b-cca642e40fa5.jpeg?type=f300_300,juat****,20.07.14.
5,5,배송일 빠르고 물건 좋아요,https://phinf.pstatic.net/checkout.phinf/20210326_128/1616734837348fnCTR_JPEG/review-attachment-38d39966-f7f3-4a7f-8b9b-c6dd145fbdee.jpeg?type=f300_300,johy****,20.06.23.
