﻿,pd_title,pd_href,pd_img,pd_price,pd_c2,pd_c3,pd_mall
0,수납 선반 스탠드 세우는 튼튼한 옷걸이 미니 스탠딩 현관 스텐드 사무실 철제 옷 행거,https://cr.shopping.naver.com/adcr.nhn?x=1yDgWlIGdi0K55y%2FRfqeif%2F%2F%2Fw%3D%3Ds9bB74RabQaUzPznU05z66ldSfUwonTPUwteM6tUg7RUHLyDgzKTQLu%2F78%2Bzt%2Fo1K31ThELVhmanmzMPkfyhxcsv%2BjB2erv%2BZ%2Brrs5VHOiTT%2Fs8htyn7qbZ155SxFlMX499QmY4L04TCj4cG%2Fmv%2FumZ%2F4tTVfNQZTkA8pNIc6HT%2BeOPJxohZhjUy3CSkmiS7jR2%2B01NoQdRT7PuNJ%2FyDge42ZI8ThWolmqfw9ykCu3a2dxJfi41e1B05TEM4%2BhnEjKzX5yWYsSiaQv%2BYD8bE2%2FWDCGkb%2Fv9kEAMggnNLC2yJD4P%2Bj2CVvS6QkrpszyaIoCuwrUM2Vi5bq9fxYHuPhKTFtFncTzG%2BZq1JvKRl3vONYpe4ppz9a19hc38iIjzjy7xtGyFkhaMzkhWMJXvaZtITQp98Td75l%2B2LyW%2BqsJ3RAfqfNNFqel%2BlC44rWCDhEYqDbbuXb4fmKaVzkVW9S7Vr3WOBdTuMkZrNfQLv5TinUDZeOHUsGpDSmzrTbeuXM%2FbhdQS492VcMeZXPVlD2ka%2BmbjM4so9j3smYB0VkE1RILbCkdkKlkPatMTsxnxYtTSZ%2BQx9WCKibISGK%2FqJopPnBFMaV4BrM16VbjHx9A0gq5IbHRk5SNNMz%2B%2B0V4Ls6dRZWRn57njzvQn5Ib7muvD91i%2FbriIPgSxsgNIoCeZEnLeh6U7g8Q1jT2O5taX4MvCQKPYINEIgSjTJHPtbWMuR79U%2F6Az3gE9mQ%2Flgn57E%3D&nvMid=82812367427&catId=50001319,https://shop-phinf.pstatic.net/20210204_177/16124005675934o86H_JPEG/13536351064359192_1725566902.jpg?type=m510,"9,900원",수납가구,행거,올리빙
1,[ONLY] 마켓비 ARIMO 이동식행거 2단 9001930,https://cr.shopping.naver.com/adcr.nhn?x=6liNswTH%2BPPCmfqe9kmgZv%2F%2F%2Fw%3D%3DsyKGDFXUk%2Fl0I5dX0TYUyadrdmKcwhqM7VfhSbh99df5%2Fo%2BIHGTz3o0BEjxOHIOxdxb8aaxeOXQhVn%2BhLacIivFVd6Z%2BmZ5fvTALbBBPmfKLR71%2BG1mg7pxhejX%2BnHQgTtWO3Teeklrl4rBBvVOdk%2BKmxFDrnToP9GZgf6z6RCBHy2oW1Cvr%2F2e2YUAmjcgqBfdx90CtIdY7jMsoj9CXM4M2qpJUNTIl9hFyLyRI0%2Fw%2BS%2BfNM%2BrsMw5Y%2BClxVCNvm13ZYuHOtjburhqCt6oHre1b63pR1LaPyDKznswT74hTDpmNu2Rs3tEPrV0ZTODsbWqyaFa2xLbpwGCJChqMDqnmhZslRTKML6rzZEqhB3a4ER7MM2%2FU6HROj5cudOGmOrzEEp4pMe2EzhjL%2BIPFd0lNLr%2BkRKgMEu7rVDT8sUOAsejENl%2FfyvV%2FM0XLUXCvcZaejbOkvkEGyvwkxiq4GxtzcerjF7bkuXelg%2B58JC6t83CYnk22iBCz8Zsplq5EM0pvMUp4Hjtw%2BvYraTlgLGx6qR8XnyB8pYlGsR2Er6FeGVdEplcB6L2FTSEHvZvGcEOkTrwdMhmSI410xJ%2FMQKwfJPn5wUJTBggcFgnZq3CnHNJMbj3GchoslLVaO2D5zxyAhEKTy%2B0Zvtn8oYxIR0Q%3D%3D&nvMid=11546147304&catId=50001319,https://shop-phinf.pstatic.net/20180219_130/ikeab_1519033233043qfzDs_JPEG/42339533669541041_680247547.jpg?type=m510,"39,900원",수납가구,행거,마켓비
2,루치아 조립식 철제 멀티 시스템행거 드레스룸 옷걸이바,https://cr.shopping.naver.com/adcr.nhn?x=cT%2FEFgDti90grn5rKSHhmv%2F%2F%2Fw%3D%3DsRCZ8%2Bma1TPeqjEKfkoJmXeWvADamiIjNYm6dw4M6tXKIbOt3to9ecyaVdS67f%2FqiJHAm3gZodnD6yRgF6n74m8v%2BjB2erv%2BZ%2Brrs5VHOiTT%2Fs8htyn7qbZ155SxFlMX499QmY4L04TCj4cG%2Fmv%2FumZ%2F4tTVfNQZTkA8pNIc6HT%2BeOPJxohZhjUy3CSkmiS7jR2%2B01NoQdRT7PuNJ%2FyDge42ZI8ThWolmqfw9ykCu3a2AejQVccc8NC5PWepMCK3ScuOM9eyDJqKcrXFoml5qN2DCGkb%2Fv9kEAMggnNLC2yJD4P%2Bj2CVvS6QkrpszyaIoCuwrUM2Vi5bq9fxYHuPhKd%2FgRZXya09zozXKHptqb0xVXF%2Fd9HJcCi2DQ%2FRupriq7xtGyFkhaMzkhWMJXvaZtIglYx9t%2FTdu2NqUCt%2Fiv32HbwHJRQ2ICN078I1a7yFLOYa0J%2Bd8K2O6GzNfB5aP4%2Bls3fsJcTaTHI8uyoY%2FrSWOG89SAnRcAdHVMDaadJsi0SgBhj7er7axgFluAj19bvcqL03mt%2Byn3IwUZjB%2FUkYUI9dT9Ek2nQfvAfy%2BmmArLX6L9APadphpdIh5lmE%2Bjqukpf1eG%2BXdY9sm1jZfpJJJUW9Q%2BSyG4s%2BsKKIR35ChoLRzcd8BmAyfsSgAPVpUFVum%2B4LzG7PGHHZTzR7u3%2F2CqA6%2BrrPkSkQjk3bFq%2FUy&nvMid=82466586474&catId=50001319,https://shop-phinf.pstatic.net/20210323_73/1616507128048C3RLT_JPEG/17642962867860365_875602654.jpg?type=m510,"78,800원",수납가구,행거,루치아 스토어
3,[두닷] 페이크 거울 행거,https://cr.shopping.naver.com/adcr.nhn?x=bSI6qlshyV5yhyVumxZ1tP%2F%2F%2Fw%3D%3DsOxGuKGgJh3RXoYYqsOwIorhVBbbb3hFC5nivnbCXJm3VtWvXP5GGCWToCe5ihHMwliihFMk3ISU%2BJGzpgy71iFVd6Z%2BmZ5fvTALbBBPmfKLR71%2BG1mg7pxhejX%2BnHQgTtWO3Teeklrl4rBBvVOdk%2BKmxFDrnToP9GZgf6z6RCBHy2oW1Cvr%2F2e2YUAmjcgqBfdx90CtIdY7jMsoj9CXM4M2qpJUNTIl9hFyLyRI0%2Fw8217MbkhDGUUb9oLKYG0RFdAuqsxsEQDNvFIMTpLF8%2F1b63pR1LaPyDKznswT74hTDpmNu2Rs3tEPrV0ZTODsbWqyaFa2xLbpwGCJChqMDquHFPoTJi7SMe9Yc0SX17B38skvV8sEn%2FH%2FkKO3lm9TirzEEp4pMe2EzhjL%2BIPFd0mGqgGc5cXdvzTe4eH6i76E8FJAYqhAgvqhVeBZsz5SmXV31ygFL6ilmTRmDfsaYPTEKhQJMDiPhbm1nuR6g4sijm3eTb8ZndHe%2FylbKI3VkO2hnzLUNpqVIeh860h1SruMrt6SbbM%2FS1%2Blgc%2BdYyKR2WsoXB5ULV3XRqxtXeDhZJIkE39QtWbstIQ%2FegnU%2B2uscT6G6cMjjGqDL4U8AKq3LVWGr8fvvH1mWvUgXPK6j&nvMid=82226322698&catId=50001319,https://shop-phinf.pstatic.net/20190927_182/1569565886580226Md_JPEG/103808_1.jpg?type=m510,"110,000원",수납가구,행거,두닷 쇼룸
4,마켓비 DUBLIN 이동식행거 9001650,https://cr.shopping.naver.com/adcr.nhn?x=6quNS2agLZc1VkvCCFz9Jf%2F%2F%2Fw%3D%3DsYQbetFgZ6RyxuxJQCZikNbTT4cMmACcYYWBcO2rLPPmUtuXu4trAYWcXSCWPsPywGYh5v4V8hyiSqdd8WWExhcv%2BjB2erv%2BZ%2Brrs5VHOiTT%2Fs8htyn7qbZ155SxFlMX499QmY4L04TCj4cG%2Fmv%2FumZ%2F4tTVfNQZTkA8pNIc6HT%2BeOPJxohZhjUy3CSkmiS7jR2%2B01NoQdRT7PuNJ%2FyDge42ZI8ThWolmqfw9ykCu3a1FmYFkj8G%2FrKpe0%2Fj1DiqeEPo7L6TN9ea2vzhsFkpLTWDCGkb%2Fv9kEAMggnNLC2yJD4P%2Bj2CVvS6QkrpszyaIoCuwrUM2Vi5bq9fxYHuPhKR%2F9Mgf2PcEjdJJOQnLB%2FoV2NV26oYuxR9Mfk71HvK8f7xtGyFkhaMzkhWMJXvaZtAxeMI9DLPIYXPxB8UToK60%2FJVQUZ1leo2meQbPVi8TSQTHm5nQRJhlkyvygO09HdPiUlwPXJVkMDNKevoT8vwa%2BzbgaU2XuxYqIdMy9r3tivlgDPiitaFo5oIwEt%2FiHEG4qGDOublzUqId8eNMJild3OwLqImeo%2FoKFWBaldxPlP0Fnq5S%2FU4A0qEQxBBP2cGIMqOJcoa%2BDZz%2BFPpmKrkKBAI%2F9sQRO2Am9a%2BRTB%2Fq9QdAiJdwXirBRdnaxfvrBbw%3D%3D&nvMid=13460138280&catId=50001319,https://shop-phinf.pstatic.net/20181029_119/ikeab_1540790643329jIJtu_JPEG/23421822984701982_1140309482.jpg?type=m510,"33,900원",수납가구,행거,마켓비
5,뽑아쓰는 우드 마스크 케이스 디스펜서 보관함 현관 마스크걸이 차키 열쇠,https://cr.shopping.naver.com/adcr.nhn?x=gtJAhgZ%2FTZIL73O%2F5CjL6%2F%2F%2F%2Fw%3D%3DsI7AnuxC1jxgT2Y1lDhyxYcWxYTrSRT37Pa7v3d7TRGIsqVuSfjDFASSb%2FUCzbIW%2F1yfv%2BKJj%2BCFQs6qgDWxFD8v%2BjB2erv%2BZ%2Brrs5VHOiTT%2Fs8htyn7qbZ155SxFlMX499QmY4L04TCj4cG%2Fmv%2FumZ%2F4tTVfNQZTkA8pNIc6HT%2BeOPJxohZhjUy3CSkmiS7jR2%2B01NoQdRT7PuNJ%2FyDge42ZI8ThWolmqfw9ykCu3a2F054tW73D7FJ9aoMm7tOB6BV8oy7mNsLg%2BJE00KbXfmDCGkb%2Fv9kEAMggnNLC2yJD4P%2Bj2CVvS6QkrpszyaIoCuwrUM2Vi5bq9fxYHuPhKUddbggzqasZdipF9dSGXICMD9Ht1m7qMnstZ9cEDMc87xtGyFkhaMzkhWMJXvaZtOUf%2FODCpvcoRroFtjbWjWLIxSu8ypwaYHRSy5cOoOihE6e%2Fi3zkgyWNHMW5ayHTwJ2sBeI0cH%2FzrZA5BLIsWIwfd7qdPyWIOYcuAngueGB1Y2mPSzQim%2BMnmRO5uLW3W0MMNihGUZefkgc%2BaBOHoCEkkdO1kkMu%2B3zcXg3uV0DeT7GRsV6bDPFoJaSSXetkZcWNMdR5CVR6mFVTWgLmr%2BGn5rYN134YO70fqCqigdjz06Z9raciyCLMaHRRpaen3tvIlcfuEjdrzukuwflEF%2BLPL%2F5gYCbXTxwHFNWOiLok5Hv1T%2FoDPeAT2ZD%2BWCfnsQ%3D%3D&nvMid=82656686648&catId=50001319,https://shop-phinf.pstatic.net/20200912_249/1599895871548eVBu9_JPEG/1031651246100961_435253260.jpg?type=m510,"35,000원",수납가구,행거,목공가
6,[ONLY] 마켓비 PIGO 스탠드행거 119167,https://cr.shopping.naver.com/adcr.nhn?x=TeEq1JgVm8zQtZ8iLZmXLf%2F%2F%2Fw%3D%3DsgNJC7QvsvLShOckEY3p1o7%2F9vMSfBC6YDhk6riGsck7E%2BhkL31vytin6ckKS5URkqHTwJFu0q2e7ljZWXfwL8sv%2BjB2erv%2BZ%2Brrs5VHOiTT%2Fs8htyn7qbZ155SxFlMX499QmY4L04TCj4cG%2Fmv%2FumZ%2F4tTVfNQZTkA8pNIc6HT%2BeOPJxohZhjUy3CSkmiS7jR2%2B01NoQdRT7PuNJ%2FyDge42ZI8ThWolmqfw9ykCu3a1BVPSM6vxgCNYh%2F4Inini%2BWau47tCd%2BxSmcrineEvO%2BWDCGkb%2Fv9kEAMggnNLC2yJD4P%2Bj2CVvS6QkrpszyaIoCuwrUM2Vi5bq9fxYHuPhKbs3jZ3hDDi5oIE%2BaJjA43QmaPorF1XYHG9Cs6X%2F7SH07xtGyFkhaMzkhWMJXvaZtFJB3mR%2BRHptd0OqfVVtNzWZhq5lnOikZKL6w8KLpmejp76Dc4cgWMKSktQpMANzd1HtHMYDWbwPoG2FtT4MBVjuIBwxIw5tbijnoRGUh3sJBod1IVEULBKF12FjeQckd0yWfoyBRxIcU2DdcmzUpZvwHZEe75WW1s1fRMn8Vsl7pI6nNQjbg%2BtXC5Mj%2BNPdswhVg2SCAb26GhR6FVxCNjxMT8T5Gft5iGXCorwmTkPfhWw3%2BIByOa0jCVNQVnCDoA%3D%3D&nvMid=11546147134&catId=50001319,https://shop-phinf.pstatic.net/20180417_130/ikeab_1523958629597GwhQd_JPEG/6589809253410625_1400898081.jpg?type=m510,"38,900원",수납가구,행거,마켓비
7,인테리어 해치지 않는 행거 스탠드 옷걸이 옷 가방 걸이,https://cr.shopping.naver.com/adcr.nhn?x=XKC5gTW7b9mu9Zq8SvoZV%2F%2F%2F%2Fw%3D%3DsbLYzCaLogINGHpbMcM%2Fg5l3X2X69SwQTD5I%2BFuPpj%2BjgSo2djGLCdJ7X7zpI3W%2FgC2SWThbgjGu90njceFFsWt9%2BKy%2Fm0d%2BgYWHtEf61Jo4hrX7i8ROREiNblWok2%2BM4NY9O2WNfvXXG3lQS9%2F%2BmaHuB3tjsXj6dUmjyCyGwukYC%2FAym7c0DmjJrAY7st7bEjvdxTOdl%2BW8h3PetdP%2FDt7rkDLpImMNOj7Pjv27q9835FHjBKJdI1n%2F24rTMXwoYwEU3%2BHHnng5JeEKhxYmXY%2FwVPzHymsjaFVT2Zgho%2F1%2FIt9ELSj9ZgOwWGT6cXiS3NUJnit2TyE8yh3GxJ0fiPId7cysxGh9fzDQLkVkPMsc1E6cWA%2Bo3StM75lyAFxwu9yqEf4hJNEdGKW%2B%2B2yCtRojPwO2%2B88NJ6MSJNp5dqOm7Q0TnmWKzSoR7Bm1JGvk4y6z%2Fmfj1wJxS7SMvObk1UN5ANKAqQZUv3A5ucyoX2i5f3llYjbT4sf2hAVYNUkc3Q4LB9OFudcI69BqnUGsvWz9XyBi21YJual1Tu2KFA36WYyEjVOhTzjlDtchyfzrYSgeUbbhyTAnBU4sS9PkePbj8FbO0aG%2BwDZ45RSXXgLJGOsKiZl2QDug5i0NG878WZPf%2Bind%2BnS%2BQXkq5MgMuYuQy9Hgm0zqtErU0qmsNIPMOEsHC78VBLnFZh%2FnDobeN&nvMid=82865572237&catId=50001319,https://shop-phinf.pstatic.net/20210111_275/1610353833245lrkyx_JPEG/11489660774986050_1205758405.jpg?type=m510,"9,900원",수납가구,행거,올리빙
8,마켓비 SOPHIE 2단 선반행거,https://cr.shopping.naver.com/adcr.nhn?x=iYMxGt2Onws5Z43xtybQ4v%2F%2F%2Fw%3D%3DsGRBcsiWRpz0DDvJtfCaS%2Bl78e2jL5OeGvVOBGMmXv3ICzxxccSjSpljZITUKNYHOcshoHDCmiD%2FidPRq3sjMAsv%2BjB2erv%2BZ%2Brrs5VHOiTT%2Fs8htyn7qbZ155SxFlMX499QmY4L04TCj4cG%2Fmv%2FumZ%2F4tTVfNQZTkA8pNIc6HT%2BeOPJxohZhjUy3CSkmiS7jR2%2B01NoQdRT7PuNJ%2FyDge42ZI8ThWolmqfw9ykCu3a1oD71BVn1%2FLdb9fQwOZqRW4hega0oaugK3ohM99FtmPmDCGkb%2Fv9kEAMggnNLC2yJD4P%2Bj2CVvS6QkrpszyaIoCuwrUM2Vi5bq9fxYHuPhKVHC5DHEAXxrUOmY8TFX0u9cVpukzykTAUsL9wOlHn397xtGyFkhaMzkhWMJXvaZtJ2kasTjzld6XJGjK6TlYddNHNyWH0MXdk98HGE74xdHQTHm5nQRJhlkyvygO09HdMsCnElCZyutYLRDLl0%2B4LgYigbO9onULroa6FSw6jSHJghc6TrCfpWzl1UoJKWT6bs0078Ec6x0XFzFEhn29cc%2FdYv264iD4EsbIDSKAnmRSq4ktymczDKGvYNULUkBJcvB6frmxrc6krwZC5%2FYMP7ke%2FVP%2BgM94BPZkP5YJ%2Bex&nvMid=82198085277&catId=50001319,https://shop-phinf.pstatic.net/20200602_257/15910884300146KPw6_JPEG/28451818505189684_1360251373.jpg?type=m510,"39,900원",수납가구,행거,마켓비
9,[움브라]피라 옷걸이(블랙월넛),https://cr.shopping.naver.com/adcr.nhn?x=QcaqfFHLEviJ55%2FYiNf%2Fw%2F%2F%2F%2Fw%3D%3DsnBrS0Bpi7weXCGb17rOGyn%2BR7mzl7lNPftTL0SdhOOXUWgE5urVdWMRyMYutrieLYWXDudW62xNykd%2BAYLdPFMv%2BjB2erv%2BZ%2Brrs5VHOiTT%2Fs8htyn7qbZ155SxFlMX499QmY4L04TCj4cG%2Fmv%2FumZ%2F4tTVfNQZTkA8pNIc6HT%2BeOPJxohZhjUy3CSkmiS7jR2%2B01NoQdRT7PuNJ%2FyDge42ZI8ThWolmqfw9ykCu3a2AhlTDih8IODETJoWfiAc4Td9qswT0As82Fd6eP8zxmWDCGkb%2Fv9kEAMggnNLC2yJD4P%2Bj2CVvS6QkrpszyaIoCuwrUM2Vi5bq9fxYHuPhKbSCaRZQ29MI88%2FHHgWF5rUD08OtF%2Bl3NyKDs1m1M6nMC2E%2BxiT%2BOEZgqWtDsMFRcdHpxee6adzmbWk9yAL3Kg6EREKfprTD8qbFggTB7jJIDkbiNdLhTTK6M7uXRnmrs6%2BwsRQyR64Mv%2BOj4nC0gIzmKlevjI80nzEssBOCo%2FPdWfQlFIE0VvxAhDsdSs32ctb1jmH2tkVo5f9wAubpGh2O29R%2Bpjl4SDqO%2FxSEiGvZqknZATtAEgwlQljCilXOJGaOHXxoW8vzm5mu8J6kER9aZaZYseVLRbszeegmlh9mDhLBwu%2FFQS5xWYf5w6G3jQ%3D%3D&nvMid=82555453401&catId=50001319,https://shop-phinf.pstatic.net/20200711_218/1594461724017cxjXS_JPEG/31825112504338583_733479088.jpg?type=m510,"123,350원",수납가구,행거,홈웍스
10,국민튼튼 이지온행거 2단 드레스룸 원룸행거 블랙행거 집꾸미기 EOMB-202N,https://cr.shopping.naver.com/adcr.nhn?x=hXfQXDc6%2FH6dlsuGqFFry%2F%2F%2F%2Fw%3D%3DsfNTf6ecvOV6fit8yrlE7Rei26d8dzwuUGZIsXMmdsNTHgsp2P0R4Vv5TOlvlzF5QqahOCWmOAx5ezrlwW7u7wcv%2BjB2erv%2BZ%2Brrs5VHOiTT%2Fs8htyn7qbZ155SxFlMX499QmY4L04TCj4cG%2Fmv%2FumZ%2F4tTVfNQZTkA8pNIc6HT%2BeOPJxohZhjUy3CSkmiS7jR2%2B01NoQdRT7PuNJ%2FyDge42ZI8ThWolmqfw9ykCu3a2hc6EuZlLQEDmmSNYBDyGoZpsOlLI17xMcmfQoNHn2%2BGDCGkb%2Fv9kEAMggnNLC2yJD4P%2Bj2CVvS6QkrpszyaIoCuwrUM2Vi5bq9fxYHuPhKafU6RuB8blgvOtltgeabQJB6cFzjXG9aeW57OsAzK3o7xtGyFkhaMzkhWMJXvaZtJ6QsJhxFiHNn4CP00j8fgfmYbSPdsSH4ojD9m76FyGJbTHMBth83jAvrXyRaH1R927ovJz4dWEBwG8A%2BSf%2BOsj8v1snWhVyeloIpMSa9wmu5aa9dUc2C2Y89KDGnlcOIiA2Hk25WL8MJoXY51vOPj2w%2FWlbtuKGCgNn43ysp2udmNkfjrKeX115uC7DYPyQ%2BtHX1CM3muTt8vrMMU5FET60E39UPeENRScjsATtQDNfqv2%2B4IIOdAcvmhXsepE6C8gk32RFBS42ccKMS8XDPAVrwPDpabssEtA1cvFRShMCzY6of2Xpggjm6A4Z8HgJhg%3D%3D&nvMid=82492060127&catId=50001319,https://shop-phinf.pstatic.net/20200527_46/1590560233747hIQF8_JPEG/27921776374717245_1041654381.jpg?type=m510,"37,500원",수납가구,행거,이지온행거
11,철제 원목수납 이동식 멀바우행거,https://cr.shopping.naver.com/adcr.nhn?x=i4W%2B7FeDUMPnQY1wOBmKYv%2F%2F%2Fw%3D%3Ds45J9V%2FdbWmwXbBBwGSMPZm2Q3xjP0ztZhqPlFeoD4Z1nhrCnXWLTQlZ%2FaYwpduzdS%2FWsUD%2Bx349Ez8zJvBGGf99%2BKy%2Fm0d%2BgYWHtEf61Jo4hrX7i8ROREiNblWok2%2BM4NY9O2WNfvXXG3lQS9%2F%2BmaHuB3tjsXj6dUmjyCyGwukYC%2FAym7c0DmjJrAY7st7bEjvdxTOdl%2BW8h3PetdP%2FDt7rkDLpImMNOj7Pjv27q981LnVEaFYhUONRBvk5WSlCQse38FmaB%2BR2a%2F1RzHOisXvwVPzHymsjaFVT2Zgho%2F1%2FIt9ELSj9ZgOwWGT6cXiS3NUJnit2TyE8yh3GxJ0fiPId7cysxGh9fzDQLkVkPMsfda2Kh5DD7Z%2FETFfdhk8PAokeUMiyZc9WPFAgYwCiJGJduwAgvvG7ESO4lDcyhDoIWCJG44ES4jWsvLKdptIeeP6%2FzLleK8M8qioxiIUcihCG%2FidK7Qr1gYfAilgdFcQaWcN6Fr828omUzkE5frplcVY3WxlascXsJpvZVYdwSEl2WVxb6biHyetFPVpaE2R21d9onxgMG9M5m%2BfhlXVpTL2Jjg3HC1a76ZZktpA7bk341%2F4Re80RBc26EENlndZWUnWEIcyFbv4J4Yud0pURAV3OdHgSE8LoEjTx9zpNPbFaRsOtQUnaEEbxBoHxZXOc%3D&nvMid=11546160330&catId=50001319,https://shop-phinf.pstatic.net/20160420_200/showindowCommon_1461131199010dQo9C_JPEG/755641.jpg?type=m510,"103,000원",수납가구,행거,플레이홈
12,인테리어 디자인행거 이지온 A trend 200 모던심플 A형 블랙 화이트 2단선반행거,https://cr.shopping.naver.com/adcr.nhn?x=TUe36QgQUUFwWYENiViPSv%2F%2F%2Fw%3D%3DsLU5EDa8jCGjVclROSWOvddpgZVAfb5Hu2XXANtF0OPJIMrcsoiyaZ19w7U20RFdNUz5rqzn09ikhsFDJ3uuGi8v%2BjB2erv%2BZ%2Brrs5VHOiTT%2Fs8htyn7qbZ155SxFlMX499QmY4L04TCj4cG%2Fmv%2FumZ%2F4tTVfNQZTkA8pNIc6HT%2BeOPJxohZhjUy3CSkmiS7jR2%2B01NoQdRT7PuNJ%2FyDge42ZI8ThWolmqfw9ykCu3a3G9kNNitZclFEX%2Fgv2IIvx%2FrRh2X%2FZeqCo2ooX8ILIQGDCGkb%2Fv9kEAMggnNLC2yJD4P%2Bj2CVvS6QkrpszyaIoCuwrUM2Vi5bq9fxYHuPhKSMfSieJcsyU8uLToUKuwVt7UFbV3TzgZyCbB3z4fA1%2B7xtGyFkhaMzkhWMJXvaZtJ6QsJhxFiHNn4CP00j8fgeYJ%2Fl4dvNUnUI0e0%2BfcNUh3ExwGlp5NnZlREgIa07fLhLfnYX9PyVpLNv86fTNU02yXrXooZ%2FF0NycL4wVtRJgFJN%2BE6KlNL8LaWvadwMZ%2FXx%2Biak0dYwgjvs0%2BobEY4Bw9RyFaZF7pvRdqd2WlffN1ZUBEljJelx4tduF27uaKAPxJGZLmyjuHr%2FAje8Qr59kdfkqPL9i%2B%2BFZMR8vkh8%2BtI%2B4ZFDPn5CaCm5nGOdVPRrotcbksVa5i5cqKq%2BmnDup%2BRF5BcXZ0qIMMHcFvMGZb1NmOoRBMBsXNQGXzjfbC%2BFUQB%2FrDAzm2q1KHRsHkfE%3D&nvMid=82493913439&catId=50001319,https://shop-phinf.pstatic.net/20200529_89/1590731479381KFw9R_JPEG/28094867891971811_951855826.jpg?type=m510,"64,640원",수납가구,행거,이지온행거
13,인테리어 골드 드레스룸 스탠드 행거 옷걸이,https://cr.shopping.naver.com/adcr.nhn?x=f6WFY18IQPvb7nKZozbMjv%2F%2F%2Fw%3D%3DsI%2BW3eTcHUANqhpi%2FylVFDJ%2Bh7%2ByTNpucYQ8PnJrQJQ9AWEx%2FnC5HrRFRIK6ZMmRNCuGfYnljDrQ%2Blqu6t2NKXMv%2BjB2erv%2BZ%2Brrs5VHOiTT%2Fs8htyn7qbZ155SxFlMX499QmY4L04TCj4cG%2Fmv%2FumZ%2F4tTVfNQZTkA8pNIc6HT%2BeOPJxohZhjUy3CSkmiS7jR2%2B01NoQdRT7PuNJ%2FyDge42ZI8ThWolmqfw9ykCu3a10PSFxRfZUb%2FLGVTXjre6i377MRCwjd1O1a08ZjEgOPWDCGkb%2Fv9kEAMggnNLC2yJD4P%2Bj2CVvS6QkrpszyaIoCuwrUM2Vi5bq9fxYHuPhKRmq8VI36U8izdTl9MKfNYXMlKPj9BibNsQ%2Bs6vcxCsP7xtGyFkhaMzkhWMJXvaZtGbD7MpFYnV863zuyUt507L4dKmftkmqsLDQmBed%2BWll3ExwGlp5NnZlREgIa07fLm62DLno6%2B7wbDKLaIGEzhzOGAbIt8KUHQkW55BUlw17PKf0d0e2Sf6aBfKuUDZuNF7d1t4N6qgEFHuyLsaWhdEh%2BImf%2BbqUpXDpFZGbsx16FmviWoVVJXF6N1d0flTWf5tiuY8NJVe%2BGR6EpB5mnbTZP1TUQVIr%2Bc0VBRNSm6bfuq%2FctVaPXatyyXPvIccMeIVsN%2FiAcjmtIwlTUFZwg6A%3D&nvMid=12269267315&catId=50001319,https://shop-phinf.pstatic.net/20200212_66/15815176559540GHcd_JPEG/18879989512720729_1095548601.jpg?type=m510,"450,000원",수납가구,행거,매뉴팩트
14,코코 골드 행거 드레스룸 인테리어 옷걸이,https://cr.shopping.naver.com/adcr.nhn?x=VWhsbuUdLj49NPJWaigqZP%2F%2F%2Fw%3D%3DsJwo5wleawV8TTqtIOb9AvXykKkOM8Nx%2B2aNLSsa%2BTqVopue%2FamuhH68W18DdPjdXF729kRhP9Jc5Mbpmz2s3T1Vd6Z%2BmZ5fvTALbBBPmfKLR71%2BG1mg7pxhejX%2BnHQgTtWO3Teeklrl4rBBvVOdk%2BKmxFDrnToP9GZgf6z6RCBHy2oW1Cvr%2F2e2YUAmjcgqBfdx90CtIdY7jMsoj9CXM4M2qpJUNTIl9hFyLyRI0%2Fw9lldJZA%2FI2Oq4wX1vkIdCBn%2B8%2Bnvby0Yvb6RdQTgmn3lb63pR1LaPyDKznswT74hTDpmNu2Rs3tEPrV0ZTODsbWqyaFa2xLbpwGCJChqMDqt2buyj1WYRH3mq0HTLeCEmZ%2Biv4CZ0%2FM8SP7gJQgdROrzEEp4pMe2EzhjL%2BIPFd0lMML5c7AJwJsc%2F5maq0VnLRv9o5rchLB2kWw4zzLCwbQ5krO5R40aS6LVTUVDTeYIrRHsp5cSbYWlqNB1G790X5TkKUIWV6n%2FSLdrmqxxEHqAsO%2BsqXzLY8vOgL6n3pMbXurXW5huRFTw%2F%2B8QLvEzdp3pSBHIj5UbWUQ8zEBU6xtI%2B4ZFDPn5CaCm5nGOdVPcPB7sQErlH09buToxgH%2FnZFEKVhotserDGvJCmcRmWqY7RBJx2aPv1bgiR77Jh46w1QmAmnoJRdq4K9btjkCM0%3D&nvMid=81291608893&catId=50001319,https://shop-phinf.pstatic.net/20200804_279/15964719395786Lot8_JPEG/33833482229904561_221281347.jpg?type=m510,"228,000원",수납가구,행거,매뉴팩트
15,[희망일배송][까사] A형 행거수납장,https://cr.shopping.naver.com/adcr.nhn?x=avWO3yDP7H78ynGauPa3tP%2F%2F%2Fw%3D%3DsHb2fynVohVKN6vWp0LEtJrbSl3K7cGzdqUSUdk2QSzkJVVZrEhTaFEgrTZpXqSS5J%2F%2F0GuMybA4l3ouJ0fzk2N9%2BKy%2Fm0d%2BgYWHtEf61Jo4hrX7i8ROREiNblWok2%2BM4NY9O2WNfvXXG3lQS9%2F%2BmaHuB3tjsXj6dUmjyCyGwukYC%2FAym7c0DmjJrAY7st7bEjvdxTOdl%2BW8h3PetdP%2FDt7rkDLpImMNOj7Pjv27q980pVo6w1jVI6PhhL6h%2Bj4bkOLTzN4cbNuV4vj1H%2Bkb2c%2FwVPzHymsjaFVT2Zgho%2F1%2FIt9ELSj9ZgOwWGT6cXiS3NUJnit2TyE8yh3GxJ0fiPId7cysxGh9fzDQLkVkPMsdqKKqFc55o8h%2FFW4NFEC1pKzGHcMx58ZhJLlaDEbH8S4jPwO2%2B88NJ6MSJNp5dqOnb7YCycu2VrNsUCWXNNC29k2t02c2bG9XKGfcJ1fIFGASq9MUvGO2Xzc7qyjn4anW%2B4LH45C5wqfaTsvvb0jDUkA1%2BOzocWOlI9zMOC5xyBanqh4IMVNgRav4SsbQEaKbBt%2FDFwagVeNespy98YcDcP3WL9uuIg%2BBLGyA0igJ5kV2Y5%2BpRO9XY5xkjljD0RJWbGyjEBEjvlzyoEStqtG%2BxVoWd0jB03C5aYq3HUc1IKtSSLJQZncWk8e8Ttfjz6Fs%3D&nvMid=82020543010&catId=50001319,https://shop-phinf.pstatic.net/20190429_65/basicgagu_1556523337922HLUqp_JPEG/79829638337472461_1487230994.jpg?type=m510,"550,000원",수납가구,행거,베이직가구
16,"월넛 원목 사다리 행거, 인테리어 행거, 코트랙",https://cr.shopping.naver.com/adcr.nhn?x=wgi%2FWN%2BYsGmolBp26TvKUP%2F%2F%2Fw%3D%3DsmBgU7f7JvN3yoOoDKHW50FiuPzsXb1JPR1w6eyXCtVjIMWsjbmvbqW%2FAWTd94njPD3l%2FzkkRXnUiuV%2BgYletU99%2BKy%2Fm0d%2BgYWHtEf61Jo4hrX7i8ROREiNblWok2%2BM4NY9O2WNfvXXG3lQS9%2F%2BmaHuB3tjsXj6dUmjyCyGwukYC%2FAym7c0DmjJrAY7st7bEjvdxTOdl%2BW8h3PetdP%2FDt7rkDLpImMNOj7Pjv27q983TY424NE0VNJ%2BEA4HGVmiRKYDDwuAkOOapYWQ7jKRso%2FwVPzHymsjaFVT2Zgho%2F1%2FIt9ELSj9ZgOwWGT6cXiS3NUJnit2TyE8yh3GxJ0fiPId7cysxGh9fzDQLkVkPMsfGlBJlBV3LfIJ1Vo49ALQUhoLFufSX3eELWFdQoR679ojPwO2%2B88NJ6MSJNp5dqOkFGZzyLaLu5ymgonuGQ%2Bdb9WXA01ejZURJpUJTKWE7Bufz%2FopDfxejcrTp9AyjTEyKCViz5Js4jLzAcmfsx4ZHQjyYrHXSNJDRgrbe40%2Bf47nzsWt3EOoV5NnIzUbzUGIuE1ND81HjsxBXP7h0oDKWt6h2rKEiwq6aRkiRodUcLj91i%2FbriIPgSxsgNIoCeZHEcqV%2Bs9zGh3CcUdBp%2B42rutaRlz2bxaU8VCLyxafOC1dznR4EhPC6BI08fc6TT2xWkbDrUFJ2hBG8QaB8WVzn&nvMid=82343418581&catId=50001319,https://shop-phinf.pstatic.net/20200122_210/1579673641849khymF_JPEG/17033476386981196_1788916341.jpg?type=m510,"152,000원",수납가구,행거,친환경원목가구 유앤디우드
17,[ONLY] 마켓비 PATIFO 파티션 행거 티크,https://cr.shopping.naver.com/adcr.nhn?x=lRjU6DtVoa8xd8f5yli1rf%2F%2F%2Fw%3D%3DsXmHZmVjkXmx8H4zNbKEJZwhIhPGUMUD85P1KY63x4iZCncU1oP1wDVcc2MOtQucZgl0EFkgilvxBWXlZPgpm3VVd6Z%2BmZ5fvTALbBBPmfKLR71%2BG1mg7pxhejX%2BnHQgTtWO3Teeklrl4rBBvVOdk%2BKmxFDrnToP9GZgf6z6RCBHy2oW1Cvr%2F2e2YUAmjcgqBfdx90CtIdY7jMsoj9CXM4M2qpJUNTIl9hFyLyRI0%2Fw%2FX2qYg0SEygcyXSuteyAQs%2F0APmp701xTNJ9Raj8WZGFb63pR1LaPyDKznswT74hTDpmNu2Rs3tEPrV0ZTODsbWqyaFa2xLbpwGCJChqMDqiDvNvjS3INiMqyIXka780%2F3I3ZfMRno9cfeOHpRjWtcrzEEp4pMe2EzhjL%2BIPFd0sxwBOewnIw76r5kZ9A4Ub85i%2FTh82KjZVZG2Tcsjv1oZaejbOkvkEGyvwkxiq4GxopSt7Hm%2FW%2Bv%2FAlb2%2FBRtdfdbiuP58Mt73S2R%2B%2FUn16UYyvbOG3xZxYE65dBIu8ZOeFTY1cyFvpVk4LPYimeO9hZb0OEPE2ONjsZwwkIUneOEM0hx%2BlY4qJ0rzKijx0HMcS0nELMoYneRl7CCiZfl7B700B1Y28ifVV5MfWpMNMLaGimR4pR27mrh1IoDTOSgA%3D%3D&nvMid=82132414185&catId=50001319,https://shop-phinf.pstatic.net/20190625_189/ikeab_1561455975447IaMXf_JPEG/116677_1.jpg?type=m510,"169,000원",수납가구,행거,마켓비
18,해외천연 나뭇가지 스탠드옷걸이,https://cr.shopping.naver.com/adcr.nhn?x=uy5w6UPdGHDgUwoCTZ0ik%2F%2F%2F%2Fw%3D%3DsxUks%2BZN9MCPhMTbBuSo8fjk5EYbPtW24CCc1X6EOD9dtTI4uiP9do6kxVo9eOuBKp3QZG4sXEMz5%2BoxDDT0JD7ngnxQ7ssMZd09T0OjyjIyc8aXVMDAQlaNV07bsUe8rkIoiMR7Jm7DNJOcpgyt8gEw4XA5geWn4CjlXBNyr0Kkm1DbWpnYKbxqkZ%2FifrV21FaPpT3GE0ITWH6bxL4Btv5mYy%2FcB5zGdeGN0wGdE3MXqatLVOKUdGwxCb6YOTutFc%2F2niE8JdGjEfoRcdpoHPwI0LahHngsw6C%2FGBPOvUIWAbCY81f975eS5nfR25FBiP83WAv8GAIoQ0MwLPWeb%2FbzRaXbP7vsET6SrbwzUMpPqFCRFYpX6USySla1UPrM%2BLLAVw0SUGw8G5fj%2FdSOzxA%2FFqEZ4ZAoqeBnT4O6iSet6K503jBTFiO%2BslOwbxo4OhmZa0TsSfShkfHZIIFHFG5vIQ9dwffI%2BhoAIDcJPWvRwBaeAg8T%2FDWYKBHcH8Bv5qhDmJHYNPf4mEvIDBQAWXs%2Bm%2BzsrnMt9Ce0nkmpNQemSOgJ74bsFBr%2B70UXzvgIYVcPsZ%2BP%2BbjBW0e95i3y7PInsr5LhERCrEgKAbkjtyajHICEQpPL7Rm%2B2fyhjEhHR&nvMid=82754867017&catId=50001319,https://shop-phinf.pstatic.net/20201110_215/1604987815897S2pbK_JPEG/6123661607117964_639628870.jpg?type=m510,"75,000원",수납가구,행거,할인집
19,[ONLY]마켓비 JALGORO 선반행거 블랙,https://cr.shopping.naver.com/adcr.nhn?x=WPpSdIgrrHNeimWLsK%2FdFv%2F%2F%2Fw%3D%3Ds0lgSiK%2FycrxGqql0uA9v3PxQiugIo%2BEoeJBbZoictPgI37OWFZEN%2F5AF7grDvIyQv8VrS4k9V1QZr%2FQXBcIdA8v%2BjB2erv%2BZ%2Brrs5VHOiTT%2Fs8htyn7qbZ155SxFlMX499QmY4L04TCj4cG%2Fmv%2FumZ%2F4tTVfNQZTkA8pNIc6HT%2BeOPJxohZhjUy3CSkmiS7jR2%2B01NoQdRT7PuNJ%2FyDge42ZI8ThWolmqfw9ykCu3a04vIXPCI0vp7kgvfbWxroHMsBnLA0abbT4CN3BTADG8WDCGkb%2Fv9kEAMggnNLC2yJD4P%2Bj2CVvS6QkrpszyaIoCuwrUM2Vi5bq9fxYHuPhKYpqmJnZqdX1rNK8jqapy%2Ff%2FNX9Pc9UYEkE2IEymixAM7xtGyFkhaMzkhWMJXvaZtBqGxJLye07v2Uby7a%2Fu7rxE4lRLMiR2f63xOJI3ymJyddpyM9LPDJ0TSjuacIpCKtpUmDaHlE%2B8xi4JmrMR7GcLYUFAKVKQR7ztcKiJ20ilbzF8LLXBsb2CLi5ZB1Z0WdEpMsDG3ewaxySP9AypQXc0ontM1%2FcUerwbdlyIF%2BdWpI6nNQjbg%2BtXC5Mj%2BNPds0xL4oA%2FqnxWxhgW7h2PQ8nCih3AvKE2Yo3ApB8K8R5xy1Vhq%2FH77x9Zlr1IFzyuow%3D%3D&nvMid=82155125590&catId=50001319,https://shop-phinf.pstatic.net/20190122_76/ikeab_1548144966392TAEya_JPEG/71451267017837138_1824810491.jpg?type=m510,"239,000원",수납가구,행거,마켓비
20,해외북유럽 대리석 골드 스탠드 옷걸이 마블 행거 고급 바지걸이,https://cr.shopping.naver.com/adcr.nhn?x=rYAsSuwq%2BIYjCsFsCKxLGP%2F%2F%2Fw%3D%3DshvmKP%2FVDxBlbrvwuf4iY2BWCv5ISa2Ndhz9GXEgFSn1ZP4ie%2B7Utyc003sgGaj2%2BNmbQISc7PibGgiQqVZv4hcv%2BjB2erv%2BZ%2Brrs5VHOiTT%2Fs8htyn7qbZ155SxFlMX499QmY4L04TCj4cG%2Fmv%2FumZ%2F4tTVfNQZTkA8pNIc6HT%2BeOPJxohZhjUy3CSkmiS7jR2%2B01NoQdRT7PuNJ%2FyDge42ZI8ThWolmqfw9ykCu3a28OXsahNXgTcnkZuz9l9weG%2BxYSkhyuKv4HPo%2FlFG9i2DCGkb%2Fv9kEAMggnNLC2yJD4P%2Bj2CVvS6QkrpszyaIoCuwrUM2Vi5bq9fxYHuPhKVPoqUabCQvPpgARGrav1Pgki4YRd9i9DM06cDI2sKjm7xtGyFkhaMzkhWMJXvaZtFUvlkQeyWggaPT%2FRcK5A5PTWuLgyCBBM%2BcHJC96tzI7PZcq8HJjLxaux6%2F6tTEnrRT6F5Nl9s8XjDQlPFYNnHp1pjXn04%2BK%2FKLdEgGHacAoQPCHuMCV%2FEiPZAYIhtmX3nkZrSngdlxt69irD6dFS5gjqrQwvSCjGWVKWS2dTcLNmpFYI0zeTP0fSfhCZKXnlndqJbTsCBDhsI0T3RLAN5T6%2B7OTSglxRLE3%2FKClYIc8%2BulHG2wTbtn1vjcIjr6nslUQ7tGnb514LEmBSKdG6tzHICEQpPL7Rm%2B2fyhjEhHR&nvMid=82581779526&catId=50001319,https://shop-phinf.pstatic.net/20200729_230/1596010772961IG6xI_JPEG/33373106546444581_738238531.jpg?type=m510,"30,000원",수납가구,행거,가성비 초이스
21,그녀의가구놀이 연필 자석 스탠드 옷걸이 행거,https://cr.shopping.naver.com/adcr.nhn?x=eD%2FKm6G2Oc1OFYL1Go%2F7Hv%2F%2F%2Fw%3D%3Dseb8aXFlZ3Cayf5BOFX%2FJF2bFm5iNPD90I7dcsJZTNo0X7BDE8IYhzcamhinAGNQGHW9OposJGZjqSnQnGJ53Xcv%2BjB2erv%2BZ%2Brrs5VHOiTT%2Fs8htyn7qbZ155SxFlMX499QmY4L04TCj4cG%2Fmv%2FumZ%2F4tTVfNQZTkA8pNIc6HT%2BeOPJxohZhjUy3CSkmiS7jR2%2B01NoQdRT7PuNJ%2FyDge42ZI8ThWolmqfw9ykCu3a22UGprnuOfeJwKSlSnqpozwKLGQebUQ6KKguenARuTMWDCGkb%2Fv9kEAMggnNLC2yJD4P%2Bj2CVvS6QkrpszyaIoCuwrUM2Vi5bq9fxYHuPhKZyu5Dl5nZQpIm95MVoE6fN%2ByyNiyfjovAKy9TnlVWhJ7xtGyFkhaMzkhWMJXvaZtBKhP%2BARrrDdrPaFSEP3WOG0Twr%2FKj5jeTJB5ur4Q4yZT%2FE7E1vHXzlgQV0I0mH40x%2F%2FYICW4VtrZ%2FHuULUGu1u8ukiGSWJxYfvuIf9AwdIZZR%2B1w88FQ5lde8U3S07Nv6qd%2Bx4XwNNzv03NFyBtWtQLg0w%2Bw%2BRGR%2FPAqQUXOc1nIf2N7R%2FFNnprwmiRl0WdrEOtv2hKl8HeC7Wlxp2hrTPyQQbtEDhlfZNA00kZu0tB%2Bf9zY%2Fqp3NEbf8jbfoOdSc2OqH9l6YII5ugOGfB4CYY%3D&nvMid=82733013375&catId=50001319,https://shop-phinf.pstatic.net/20201029_105/1603938111217tr4dC_JPEG/5073956915586094_1881365728.jpg?type=m510,"120,000원",수납가구,행거,그녀의가구놀이
22,1단 원목 서랍 수납 행거,https://cr.shopping.naver.com/adcr.nhn?x=Vmp6xfTHIizXPApuhrQkYv%2F%2F%2Fw%3D%3DsCWqTD4F9gfyKYgFJaSY7vGXB2a%2FaKcr2He3%2FqpeKOHa6kLFDfpHc5KsjTHmYwZ80%2BCG9BA936oi8iW7XizhPVsv%2BjB2erv%2BZ%2Brrs5VHOiTT%2Fs8htyn7qbZ155SxFlMX499QmY4L04TCj4cG%2Fmv%2FumZ%2F4tTVfNQZTkA8pNIc6HT%2BeOPJxohZhjUy3CSkmiS7jR2%2B01NoQdRT7PuNJ%2FyDge42ZI8ThWolmqfw9ykCu3a36mJ3OAZhDsL3O9RzU8aP9F6hWe85cyBIipjw%2B8ZQD32DCGkb%2Fv9kEAMggnNLC2yJD4P%2Bj2CVvS6QkrpszyaIoCuwrUM2Vi5bq9fxYHuPhKfztWwBBhpgfnqpwQ3pp9b42cyGFC5Nb6oy1Ri4qAt2f7xtGyFkhaMzkhWMJXvaZtOVRmO9Gxqr0nsEFo9iN2%2BeKoZMh9hFL6ULN08DvoWfIcmKW2qQKQuZ0DXrc4joqkKi1VhfJkRf7xUCiCUrwTg6nMIemcZEuRzavEpAzfTxi%2BgYDlmhnwg9ycO8YBXKCCkq%2FouNKkQsynxE7YS7zYsQvYmODccLVrvplmS2kDtuTQz2UHn0ThmV6dMPMJA8qRgRrBVGNzAXrkyB3%2BpQXUW%2Fke%2FVP%2BgM94BPZkP5YJ%2Bex&nvMid=81343098195&catId=50001319,https://shop-phinf.pstatic.net/20181113_77/qudrnr0319_1542077602866G37Pt_JPEG/24708782521759925_1041622777.jpg?type=m510,"163,000원",수납가구,행거,데코지엔
23,[ONLY] 마켓비 JETOS 선반행거,https://cr.shopping.naver.com/adcr.nhn?x=p9j9o0Juy4VsGw1L2AWa%2Ff%2F%2F%2Fw%3D%3DszrD%2FdNR%2BZIf8KIU7NCDpbwSApJ8QmpR7UreIY3AOK%2BIHa8ZLvWlBTypmoKEd4v9mmHKh5hC04uwMHvldxjWZ0Mv%2BjB2erv%2BZ%2Brrs5VHOiTT%2Fs8htyn7qbZ155SxFlMX499QmY4L04TCj4cG%2Fmv%2FumZ%2F4tTVfNQZTkA8pNIc6HT%2BeOPJxohZhjUy3CSkmiS7jR2%2B01NoQdRT7PuNJ%2FyDge42ZI8ThWolmqfw9ykCu3a2sr62lVM01N9VXAT1lxx%2FfvQNO%2BlH0tm6b1mBBOXmLzWDCGkb%2Fv9kEAMggnNLC2yJD4P%2Bj2CVvS6QkrpszyaIoCuwrUM2Vi5bq9fxYHuPhKWoTjx0D%2B9XAGe67bhOXpjUlsL05ZTa1FHFY5CfLCUbL7xtGyFkhaMzkhWMJXvaZtLQ1TXkX4L0L7Mwlo7zIEUh2QyTGVDBHp0mQqXpu2krqp76Dc4cgWMKSktQpMANzd2R9Aw9nr3SYK31gQxU5VnGZsxF5WsTSv6RLvDiAawrB7N2UURIa%2B3AgrOFO%2Bhqr6xWj%2B3%2FSq3add%2BMoDhdqd6TobccoYD%2FZoOjBR0GBx2YYt79W4C4gXi44IK8nAsUe%2Fgix%2BDUjoL9jg85k74kDME9vU2Y6hEEwGxc1AZfON9sL4VRAH%2BsMDObarUodGweR8Q%3D%3D&nvMid=82142614686&catId=50001319,https://shop-phinf.pstatic.net/20190123_28/ikeab_1548228335105fviNO_JPEG/30947193953076068_1740681981.jpg?type=m510,"119,000원",수납가구,행거,마켓비
24,[희망일배송][아델] A형 행거수납장,https://cr.shopping.naver.com/adcr.nhn?x=2vx%2BCMbq6Ag2uVaExWL4qP%2F%2F%2Fw%3D%3DstuV179%2FWVi8XTj2THzE6gCuQ4V9IoCbSMuntnLhhs2wP9jjVKjb4iyIEpKuCzl4uZJvlFlYDMmQ8rfCYjAVdE8v%2BjB2erv%2BZ%2Brrs5VHOiTT%2Fs8htyn7qbZ155SxFlMX499QmY4L04TCj4cG%2Fmv%2FumZ%2F4tTVfNQZTkA8pNIc6HT%2BeOPJxohZhjUy3CSkmiS7jR2%2B01NoQdRT7PuNJ%2FyDge42ZI8ThWolmqfw9ykCu3a0qT4L36PKyAWsM1BT3THomZcutjoQagn%2F%2BABLm0G1yEmDCGkb%2Fv9kEAMggnNLC2yJD4P%2Bj2CVvS6QkrpszyaIoCuwrUM2Vi5bq9fxYHuPhKW0QrCnwTO4fivwEnJcFXki4WrXkOZ0EucQadPeXm%2BHq7xtGyFkhaMzkhWMJXvaZtGWnWrKNKKuIsovkdAnvhreEgCfPy38UWjYivB3bPzLrfmhYWMcAKPrX6ph9OCHQhYivdRyVDLh%2BxQDvLILa54uktJnG887EJ2siF4x28ln%2FmG2aQfRFivdvlmj0mrqHBCTz5ANnczbIwgM5YuLKMGVfRhoFm5gjvy1Uz3FqudnAgX9qhMztg2YX3DPL%2BgQnXq9tfJZPKqljxRxp03y9g%2F6VVnkpxroUR4k0mCFOCc55xyAhEKTy%2B0Zvtn8oYxIR0Q%3D%3D&nvMid=81470374408&catId=50001319,https://shop-phinf.pstatic.net/20181214_207/basicgagu_15447686213622efsn_JPEG/27399801014981843_79154535.jpg?type=m510,"700,000원",수납가구,행거,베이직가구
25,[희망일배송][블랙러버] B형 행거수납장,https://cr.shopping.naver.com/adcr.nhn?x=oq669MVIVkQnJQOUkr4e0%2F%2F%2F%2Fw%3D%3DsGp4Ou8DuCtlDKdieUladca%2F%2Fvh3BbGEQF9nYYkSpi%2BLCSxcb8EwVtBEP9KkBA6Kmn5Vao8McqUGdjPK34dIyTcv%2BjB2erv%2BZ%2Brrs5VHOiTT%2Fs8htyn7qbZ155SxFlMX499QmY4L04TCj4cG%2Fmv%2FumZ%2F4tTVfNQZTkA8pNIc6HT%2BeOPJxohZhjUy3CSkmiS7jR2%2B01NoQdRT7PuNJ%2FyDge42ZI8ThWolmqfw9ykCu3a1%2FwaWY1qz8zXZxau44d1AL9X0DkSgAnYl3e%2FC6SKP9%2BWDCGkb%2Fv9kEAMggnNLC2yJD4P%2Bj2CVvS6QkrpszyaIoCuwrUM2Vi5bq9fxYHuPhKcJhpVkYqlhzRFYFIHHvijnMGq%2FXCL2jXTrJuuFAbkvG7xtGyFkhaMzkhWMJXvaZtOzu1z3mRhi779YvWeITd977Dpy72%2Fium%2F8WmgRljcIPfmhYWMcAKPrX6ph9OCHQhR0GaykkZGsM%2Fniz%2BQhSQHYDKkmaT29E7ZH3jd9CAHVzGvGf8Y60Qj7lBnrDT1or8GSaXarS82%2BqWd%2BoucjMQUzWFdyPsyNlZEZ9OVSyaChXSVv%2BRTOqxTTcHCNkQU1E10qmD3%2FcXEXChIHRILDt2Hw8Ga%2BRKkgEEgEBhZtHnlHEY7RBJx2aPv1bgiR77Jh46w1QmAmnoJRdq4K9btjkCM0%3D&nvMid=12302984770&catId=50001319,https://shop-phinf.pstatic.net/20181029_203/basicgagu_1540798381443XWJN2_JPEG/23517240290799730_1220795951.jpg?type=m510,"550,000원",수납가구,행거,베이직가구
26,[희망일배송][어썸멜로] A형 행거수납장,https://cr.shopping.naver.com/adcr.nhn?x=Jo6mWu3jYdJ8O0gYbQPVwf%2F%2F%2Fw%3D%3DsRcQLlipmDnQMNUMXqlbM%2F%2Bc2jrpZfHDxbGGydt7ugyocEXKfbu0LGuzJWHqcgpBGkfHHb6u42nTji%2FlTZ7q4fVVd6Z%2BmZ5fvTALbBBPmfKLR71%2BG1mg7pxhejX%2BnHQgTtWO3Teeklrl4rBBvVOdk%2BKmxFDrnToP9GZgf6z6RCBHy2oW1Cvr%2F2e2YUAmjcgqBfdx90CtIdY7jMsoj9CXM4M2qpJUNTIl9hFyLyRI0%2Fw%2BA5ixtyAoYeV96JPw0ISpSHhivo6hrj9Zqv2RrxKicX1b63pR1LaPyDKznswT74hTDpmNu2Rs3tEPrV0ZTODsbWqyaFa2xLbpwGCJChqMDqk4ilSZwE5B3lBd1QRTwEycRhKDvghvDPP1KU9sVwbQzrzEEp4pMe2EzhjL%2BIPFd0kBLonXCgBJNJ7qh2K9N23FbYDhqPFZBKRyS%2FqETDGpuviD2I6sKSAn1hMaz3BT%2BLp9g3JwUr2Q26OscgshOAMfxKGIH20vRDD9BtNLNHzDPkA1%2BOzocWOlI9zMOC5xyBZ7GqC92MByor0jE9XJjvU3oxQrDn%2B%2FUw2nDYKyzISoUP3WL9uuIg%2BBLGyA0igJ5kRCgBmLM7ePMepzZQySJkOHnxf5mxgdJ%2F3pHFEgg1bSH5Hv1T%2FoDPeAT2ZD%2BWCfnsQ%3D%3D&nvMid=13099483687&catId=50001319,https://shop-phinf.pstatic.net/20181030_68/basicgagu_1540885485605vdLM8_JPEG/23516665257651967_2056333852.jpg?type=m510,"750,000원",수납가구,행거,베이직가구
27,쿤 Mr.HANG 멀티행거(화장대형),https://cr.shopping.naver.com/adcr.nhn?x=OrZev%2BlYIR335xNe7noWjf%2F%2F%2Fw%3D%3Ds9PF2N9a1H4K7UU4kGn%2FNw5Xc4IW%2FuHB229KVw5Jtyy9ED3hl5p1%2Ft6T4obpq0m002XjCQ2lQIHaoygeIkrw1tVVd6Z%2BmZ5fvTALbBBPmfKLR71%2BG1mg7pxhejX%2BnHQgTtWO3Teeklrl4rBBvVOdk%2BKmxFDrnToP9GZgf6z6RCBHy2oW1Cvr%2F2e2YUAmjcgqBfdx90CtIdY7jMsoj9CXM4M2qpJUNTIl9hFyLyRI0%2Fw%2Bo8QzDzHT%2B09Ean8YuvyP5gay9inDdYAzcsU7rJmXTk1b63pR1LaPyDKznswT74hTDpmNu2Rs3tEPrV0ZTODsbWqyaFa2xLbpwGCJChqMDqjwq74Cs7dI%2BQhUDRp6Z5vWzNWQ1ufRSYIFdcMJkmfjPrzEEp4pMe2EzhjL%2BIPFd0nQ9wI2%2B5iJzB0ddSuw5Im%2FxszPPYHbNcMNV0Cej5Q47EDEe%2FnuU51XNRWnSkTx9XyhUzxs2mDxsU76CqBxuyqikPicaZbfb9bMIgIZzP69GfqY7%2BP6nU%2FRKHi09v%2F4Lb2oGJq1tFfqh%2ByBINkFo1AbobccoYD%2FZoOjBR0GBx2YYHF6kRb1GKLEcPApKM09WJ%2B%2FnwOc8rzYpH%2FXClsC9Z9BXc50eBITwugSNPH3Ok09sVpGw61BSdoQRvEGgfFlc5w%3D%3D&nvMid=80538002541&catId=50001319,https://shop-phinf.pstatic.net/20180614_21/kooniii_1528963763033Ie8IV_JPEG/52270942666924091_426344304.jpg?type=m510,"698,000원",수납가구,행거,쿤디자인
28,월넛 수납형 이동식 행거,https://cr.shopping.naver.com/adcr.nhn?x=ya7v2vHtobyN%2BSJp89lrlv%2F%2F%2Fw%3D%3DsCsdnCmX1blVhQUN6UBI9KnaqDgMn%2BR7tRtAKrRN%2BWW8S5s3df%2FD%2FzbB8uAzq%2BsqPNFb6zpvrDStuKNt6EqFS%2BrngnxQ7ssMZd09T0OjyjIyc8aXVMDAQlaNV07bsUe8rkIoiMR7Jm7DNJOcpgyt8gEw4XA5geWn4CjlXBNyr0Kkm1DbWpnYKbxqkZ%2FifrV21FaPpT3GE0ITWH6bxL4Btv5mYy%2FcB5zGdeGN0wGdE3MX48hsrEWdkWbTbhLdTZbkhgpao37AG0LMueXptCUfvewI0LahHngsw6C%2FGBPOvUIWAbCY81f975eS5nfR25FBiP83WAv8GAIoQ0MwLPWeb%2FV%2BX477Y0drKTXxJXX70TI97oOl1BLxZQ0jIGesXabw%2BLLAVw0SUGw8G5fj%2FdSOzxN16cFOhQlPil1Ko6H1IUP7cEUMk%2BYg0ZV3bZSl4pTyyvoCXUmELmi900WxzK%2B%2F%2BBJQFQ7ItVRzbEDOAouZoJrcOqP4sn5pV6L63OJTiSeZDBttGPhH4QeEbHeLlm76qK2IGLYCNxygntc5a6LohxQu0j7hkUM%2BfkJoKbmcY51U9SFZDwIgOmfHIzWi3YBqebrUNLvT8tesy%2BnnpF%2BegfWZjtEEnHZo%2B%2FVuCJHvsmHjrDVCYCaeglF2rgr1u2OQIzQ%3D%3D&nvMid=83017189530&catId=50001319,https://shop-phinf.pstatic.net/20210322_264/1616425036131Q0weK_JPEG/17560934836448295_1651634494.jpg?type=m510,"400,000원",수납가구,행거,우드브로(woodbro)원목가구
29,튼튼한 이동식 미니 옷가게 선반 골드 행거,https://cr.shopping.naver.com/adcr.nhn?x=Dbi2ztwZ2oX21TBNUhx0Bf%2F%2F%2Fw%3D%3Dsd7GMdaEIV7QCefCG74Ub%2FYJH%2F%2FuJkIc%2BUtekBLSxm6DBkG6QKykTJvj%2BNmL6ta1RqmLjWoZgim6IximJA%2FUigcv%2BjB2erv%2BZ%2Brrs5VHOiTT%2Fs8htyn7qbZ155SxFlMX499QmY4L04TCj4cG%2Fmv%2FumZ%2F4tTVfNQZTkA8pNIc6HT%2BeOPJxohZhjUy3CSkmiS7jR2%2B01NoQdRT7PuNJ%2FyDge42ZI8ThWolmqfw9ykCu3a1A8bKHIKrai7I69seLOhhCXEBYb4dgZRSzGRz2zyGlZmDCGkb%2Fv9kEAMggnNLC2yJD4P%2Bj2CVvS6QkrpszyaIoCuwrUM2Vi5bq9fxYHuPhKT601GNHyokXRqLhzdQ%2FzxgbTQ8enNqQGzYB5xQjQtz77xtGyFkhaMzkhWMJXvaZtNBMOEs1N3C%2BUn68KaKIkHsB0OSccONbazEADu25TS57LZkD2LZq4%2FCOK5SVyPIuYGIGgKUJUuhY3S8GNzc%2B4a%2Bu4mFGhNEKVhuNu257rLYpavO8W%2BPk1BxRk5ygLiEMrHINN6MKiv2NzkESY5F4acNWYZCv10HwLbDj6HiX5SiwNgeFCgvjWGcv0tjSmD79L%2BhtxyhgP9mg6MFHQYHHZhgrmKbvSe7aYxuox82HuTZ6lGF4NmjmVkLQ2WOky1bmVwN%2BQsjK6V0FLd%2Fybx7qcubNSE3OzZUT76KyqzckASmm&nvMid=82988206282&catId=50001319,https://shop-phinf.pstatic.net/20200619_285/1592526761104K7x1t_JPEG/29887499729399193_124422123.jpg?type=m510,"129,000원",수납가구,행거,네버랜드
30,드레스룸 스탠드 옷걸이 벽 이동식 사다리 행거,https://cr.shopping.naver.com/adcr.nhn?x=iYHAVl5b9KGjeSB%2BjXg6pP%2F%2F%2Fw%3D%3Dsf5yo3IDpUHVDQyMZ5mP27JNxojvuKFvX8kXRxHhbLVL0Jm2edvc1EwGL%2F%2F0H9SR4a1Ie7BI1Nqd2yifty9%2BPG8v%2BjB2erv%2BZ%2Brrs5VHOiTT%2Fs8htyn7qbZ155SxFlMX499QmY4L04TCj4cG%2Fmv%2FumZ%2F4tTVfNQZTkA8pNIc6HT%2BeOPJxohZhjUy3CSkmiS7jR2%2B01NoQdRT7PuNJ%2FyDge42ZI8ThWolmqfw9ykCu3a1A8bKHIKrai7I69seLOhhCCkCRrY7opDXdFGcZ0EaNPWDCGkb%2Fv9kEAMggnNLC2yJD4P%2Bj2CVvS6QkrpszyaIoCuwrUM2Vi5bq9fxYHuPhKT9XJ6VlRXHkZtNsUzKkRW0juDefly3u4jPuDEM3uLkn7xtGyFkhaMzkhWMJXvaZtNBMOEs1N3C%2BUn68KaKIkHurKmpZ1jK1vD%2FzL5j8zY27E2KbsESoZdrrama7RZIrKx5ODh7mWx68ZuhHjvZSHVsFm%2FOtWOXe8kA0Zmh51SX48SDs%2FpPELyPG1X6Y0xoLoxq5kafUDjTIx2r81o%2FP4L1AIetSyh3K04XorBsrm6Rb3l5yziUPmPXXNbVw0gnkqV6NtalsQi%2F5b70nRR8gPOVXYlmXRRRv%2F27FNkEvlawVkCsvkAUbGxqEnkGgar95ZyuWghCM09Q%2BU8AkMvsUetodHI8FZtQVGFZJxOyBDKc%2B&nvMid=82988173532&catId=50001319,https://shop-phinf.pstatic.net/20200924_139/1600911630867G9GJs_JPEG/38273964485732663_2146025332.jpg?type=m510,"115,000원",수납가구,행거,네버랜드
31,"수납 끝판왕, 옷장안 선반행거 6종(오리지널)",https://cr.shopping.naver.com/adcr.nhn?x=TovLtqM4h8RQODearJpQCf%2F%2F%2Fw%3D%3DsFit9UBXf2vbJaWtUtmZULaLkfpKXhqrIlxvZT33mATha51HmfzOXXN7ytXWJUNsgOoywjkpxGgt4ZbiNGpgG01Vd6Z%2BmZ5fvTALbBBPmfKLR71%2BG1mg7pxhejX%2BnHQgTtWO3Teeklrl4rBBvVOdk%2BKmxFDrnToP9GZgf6z6RCBHy2oW1Cvr%2F2e2YUAmjcgqBfdx90CtIdY7jMsoj9CXM4M2qpJUNTIl9hFyLyRI0%2Fw%2BKTCPmczdsWmDEyW2NCPfJPWl5IU8Ux9DveJddBq7dElb63pR1LaPyDKznswT74hTDpmNu2Rs3tEPrV0ZTODsbWqyaFa2xLbpwGCJChqMDqglrVvr2z784tTRDavSywyepP87Hyl%2FijKDQJvlJFJMZrzEEp4pMe2EzhjL%2BIPFd0n%2FHkE8gKsXzso%2BhGFtntx0WlNc7JaDRbCMFkdu8Hywp0trWZMqKV5TVeQWbD0%2BPHs9u2EMltQ%2BEdh9znKSUMV0hNnk5d8q49T%2FgDibZIqJ6YWEO%2F%2BG8nE36Ne91VMQFHZ3Eqar10ue6WrT8Ajg8t3IUQbbx%2FxTroxNuyPwYvvgteHKYAEi1vbZBX4F%2Fo6nv9D91i%2FbriIPgSxsgNIoCeZEGlkw3VkT1a3iEZuom%2F8EIMDz9FsX3%2BxJFxE7m9ab3v1dznR4EhPC6BI08fc6TT2xWkbDrUFJ2hBG8QaB8WVzn&nvMid=82946811347&catId=50001319,https://shop-phinf.pstatic.net/20190403_56/gilmarket_1554254906013sFso4_JPEG/36973764860438178_1276751068.jpg?type=m510,"12,900원",수납가구,행거,홈앤하우스
32,리얼 수작업 티타늄골드 옷가게 골드행거,https://cr.shopping.naver.com/adcr.nhn?x=pWSXoi3LmVat1OcwRMGjhv%2F%2F%2Fw%3D%3DsirbuvCQBz33USKdopGHaXi9OSHk7QvGwbMuBxvgGzDyrJ5o0gLcRhBoAT75D1PQqAXFRIJBqJIEUHloaEFF4jsv%2BjB2erv%2BZ%2Brrs5VHOiTT%2Fs8htyn7qbZ155SxFlMX499QmY4L04TCj4cG%2Fmv%2FumZ%2F4tTVfNQZTkA8pNIc6HT%2BeOPJxohZhjUy3CSkmiS7jR2%2B01NoQdRT7PuNJ%2FyDge42ZI8ThWolmqfw9ykCu3a2ii%2FOLFw1X29S5r2j2BpfArgDHtRGVpF5pKc34Ue2%2F3mDCGkb%2Fv9kEAMggnNLC2yJD4P%2Bj2CVvS6QkrpszyaIoCuwrUM2Vi5bq9fxYHuPhKV6W6sP7sMklYeuijOG%2F61dO%2F20rANEoZkckhBu46N%2Bq7xtGyFkhaMzkhWMJXvaZtDhDyWs4PKgat7c9%2B%2FlFoA%2BAcuhLedHLc3k4RhcnnmHQotHb0p1kVPKss8hukEgmLKBAYzZ394P1lXNpSVXzyKx%2BSSQQzyNS%2BVDO6GTvztrz%2BlDgrpf979IuzyBZ%2FfVtFhDjpli1fJCkZZzxEx8PFlAtY%2ByxuXL1Ogjn%2B3S0bycxkF5jbVgLJH6XZeo%2Baaz1jD91i%2FbriIPgSxsgNIoCeZFBk528%2FYAU2KJhmNQS7gtGhCv9Nh4uYZsek1GYSVP7YFdznR4EhPC6BI08fc6TT2xWkbDrUFJ2hBG8QaB8WVzn&nvMid=82523166221&catId=50001319,https://shop-phinf.pstatic.net/20200622_134/1592786848740gcjmN_JPEG/30150237251317543_1682772262.jpg?type=m510,"125,000원",수납가구,행거,네버랜드
33,폴 원목 사다리 행거,https://cr.shopping.naver.com/adcr.nhn?x=Jv5U5%2BiYs7f2fFNwQJYPOf%2F%2F%2Fw%3D%3Dsxh44e5aYf8ucRLbQhFDyrR5kk3KRPPJHYQ8FwS%2F4sHlV2DJSR%2BLGx9JsP2i1xaeowOI%2BAJJhSI%2FsFIgb8tj5b8v%2BjB2erv%2BZ%2Brrs5VHOiTT%2Fs8htyn7qbZ155SxFlMX499QmY4L04TCj4cG%2Fmv%2FumZ%2F4tTVfNQZTkA8pNIc6HT%2BeOPJxohZhjUy3CSkmiS7jR2%2B01NoQdRT7PuNJ%2FyDge42ZI8ThWolmqfw9ykCu3a1rSXTM0pjIj%2F0FftkRMePBQAGBwWdxaKGhj6sC4VzCZGDCGkb%2Fv9kEAMggnNLC2yJD4P%2Bj2CVvS6QkrpszyaIoCuwrUM2Vi5bq9fxYHuPhKWAwFmviTAcUTG7yGbbgc9YoAWQEX502FvBcPGb85GVI7xtGyFkhaMzkhWMJXvaZtDjGVBqYdddazroBt82zAtTZApefBxv3PcG2QbD8m96pU0GDRUlRGul1CsIzB%2B%2FUF9TvgrsPXrLhNfuOg90iLS%2Br7RxhoKr5qpeeslPmVIOsEzuhDINJ15zStrsvjyvv3ew1cKkKCa1SnIW3n0Mul5hJW%2F5FM6rFNNwcI2RBTUTX%2FEqbwlNVwRP51Camy4jv7QDpov7L2%2FaIHPFY1VLnU6JvU2Y6hEEwGxc1AZfON9sL4VRAH%2BsMDObarUodGweR8Q%3D%3D&nvMid=81734665870&catId=50001319,https://shop-phinf.pstatic.net/20200206_248/158099701756336yj0_JPEG/18358560169910201_1145532551.jpg?type=m510,"93,500원",수납가구,행거,블랑드엔젤
34,"[ 꼬끄시그루 ]타월행거 바가텔 (셀루스),프렌치엔틱 라탄 스탠드 행잉 스탠딩 옷걸이",https://cr.shopping.naver.com/adcr.nhn?x=9xCOXw1u0Sk%2FojZ%2Bfd4vmf%2F%2F%2Fw%3D%3DsWxI6SfQnEkbfBTmYAWTEuOBl0zsLNkry3vYL2Yh09FncEGqmF96r6ZK6s1lPA1mhBjq%2B%2FozOiV3EmA77%2FZUfnd9%2BKy%2Fm0d%2BgYWHtEf61Jo4hrX7i8ROREiNblWok2%2BM4NY9O2WNfvXXG3lQS9%2F%2BmaHuB3tjsXj6dUmjyCyGwukYC%2FAym7c0DmjJrAY7st7bEjvdxTOdl%2BW8h3PetdP%2FDt7rkDLpImMNOj7Pjv27q983iT%2F3443l0oXGhngxSBTwH1o8mqX8eYBuuJydxznZoXfwVPzHymsjaFVT2Zgho%2F1%2FIt9ELSj9ZgOwWGT6cXiS3NUJnit2TyE8yh3GxJ0fiPId7cysxGh9fzDQLkVkPMsfptFMdjWMZCqlIFeRODwj2pGIeSrGlSJiZOAcTZmpkNIjPwO2%2B88NJ6MSJNp5dqOk%2BBPILrJtPGL8pt85%2Fu44Fya14gHHYs3uOaMCZ8bFMltQ6mFw%2F0RLJjejxsHRHjuiC1syx4LACdqNrAtuaGfYBdCtG74wkvV7u6DGE3C8C0aY5%2BbaHD%2F5IrLubhqJL68UmRiC6jsR0U6O9VKDNPngTI%2FAzmol2O8nQA3mxUkP1b0do9U3hvANJ%2FMm5fQny7pUWGwFk%2B5vB8G8ZlpSYsEVNTEcPdraXrd%2FyeNxpQm0axcjKljruGazsFTzAsZVQx%2BG06hN4Hbr5X4lQ5%2FJe%2BrIEJ10vZ9SNXb1qS9BV3RauOrN7b%2BqlXHG0SCgowtdWi4TNjqh%2FZemCCOboDhnweAmG&nvMid=82959320304&catId=50001319,https://shop-phinf.pstatic.net/20210224_190/16141464731922vMjw_JPEG/15282318891015159_1644105733.jpg?type=m510,"840,000원",수납가구,행거,메종드파리
35,"[ 꼬끄시그루 ]타월행거 트와네트 (셀루스), 프렌치엔틱 라탄 스탠드 행잉 스탠딩 옷걸이",https://cr.shopping.naver.com/adcr.nhn?x=wNSwmtaI%2FroSRa5NgUWinv%2F%2F%2Fw%3D%3Ds2gJx5GNS84qX4bpSvIERmsI%2FAStyk%2FzIqPPI10v637jTqk%2F8ZYQ8aCKAmz8GkaDfNjPyObMFzbbNlcZPcHgXWsv%2BjB2erv%2BZ%2Brrs5VHOiTT%2Fs8htyn7qbZ155SxFlMX499QmY4L04TCj4cG%2Fmv%2FumZ%2F4tTVfNQZTkA8pNIc6HT%2BeOPJxohZhjUy3CSkmiS7jR2%2B01NoQdRT7PuNJ%2FyDge42ZI8ThWolmqfw9ykCu3a0qm9APjZPDj6cgliYitIY59pS%2Bxqy6WyDNRxQn%2F%2FjUDWDCGkb%2Fv9kEAMggnNLC2yJD4P%2Bj2CVvS6QkrpszyaIoCuwrUM2Vi5bq9fxYHuPhKd6BotcH0Wh1cvQMsf0uzWXPhkXn1o%2BFnEAF%2FB3BVRVo7xtGyFkhaMzkhWMJXvaZtM9X0XEUnM0xZMRL5dRU%2ByUFAeywCx6hJJb%2BKiUT0bkGs%2FJyxG5vlW0JOdeyx7oII44w53ysjJI3BPzbfpum0NxK%2BFnnSFlAPFgbgMAZNJvAIn0n9kJPA0M8dvySvj9x75oVYO8b1QlajTANt%2FibVdFMhwMICTwgIAOaCsSWd7MlNr%2FDCuPRDBiXTPfLboqUAAV%2BhrQhPD3tPe2eK3n0qF3ZgHzDl1ff%2FulamFHw2ke0fRYGPF504i%2Fk4GpY94a9AAzSqXF9a9SDs02P1jOLmF4Q6ROvB0yGZIjjXTEn8xArgYaASKYnzOz8bDGC8crJQh%2Bo4yztKt7L%2BX3oxx3j1Frke%2FVP%2BgM94BPZkP5YJ%2Bex&nvMid=82959404440&catId=50001319,https://shop-phinf.pstatic.net/20210224_245/1614148235314smK0M_JPEG/15284131049059749_409896912.jpg?type=m510,"693,000원",수납가구,행거,메종드파리
36,가팡 이동식 옷걸이 행거,https://cr.shopping.naver.com/adcr.nhn?x=4WXPgcDcwgzJv6b3g815Jf%2F%2F%2Fw%3D%3DsAewOjgUz%2FzrmGteTHzp8I7lOad2iVixnKZbMrlREne9RKni%2FRdzLEwRYDPFogIVzTyQzqkq0QhOmj0N1cP1a4Mv%2BjB2erv%2BZ%2Brrs5VHOiTT%2Fs8htyn7qbZ155SxFlMX499QmY4L04TCj4cG%2Fmv%2FumZ%2F4tTVfNQZTkA8pNIc6HT%2BeOPJxohZhjUy3CSkmiS7jR2%2B01NoQdRT7PuNJ%2FyDge42ZI8ThWolmqfw9ykCu3a2ZH7ToVmsGeRgUwwGmViPlZlseyFqtjjbO%2F2V0VhaPb2DCGkb%2Fv9kEAMggnNLC2yJD4P%2Bj2CVvS6QkrpszyaIoCuwrUM2Vi5bq9fxYHuPhKYx5U%2BEZUXFvP%2FINqU0g8UzlZG%2B24uFLV44UHjj17zYL7xtGyFkhaMzkhWMJXvaZtLQ1TXkX4L0L7Mwlo7zIEUhEukF5qE%2FEC2yUIWQNZsXR12huV6qETduJIHnVTaft1mM4tLG23N%2FVAdI07V6fJythjIqTdeYQc0xP82M4Dsmdu7gmgdMzjOFqM2P%2FKijIXGTblxPmPgD%2FUYbWbqpHHkxI8f58dNEfmAqd1hsPYDseOYmyoZarxH8Yyljk3nkv3GMQx1lRmhmg4zxNbgILEwaTTtrxvLgKDz0AhVjKl6fADhLBwu%2FFQS5xWYf5w6G3jQ%3D%3D&nvMid=82146385655&catId=50001319,https://shop-phinf.pstatic.net/20190718_108/wlstjd3262_1563459897072pfCoz_JPEG/823285640635007_1307210606.jpg?type=m510,"21,500원",수납가구,행거,가팡
37,"[ 꼬끄시그루 ]타월행거 트와네트 (블랑비엘),프렌치엔틱 라탄 스탠드 행잉 스탠딩 옷걸이",https://cr.shopping.naver.com/adcr.nhn?x=DTMwJFuEe452%2Fs01b7NSD%2F%2F%2F%2Fw%3D%3DsS1WEYQiGIHl218w4TJeXwswvtVTUyN08U%2FRflspXjIVM8tique7QlVLUaky8d19mzWigIhgKq%2Bo8GiAfbz7Me1Vd6Z%2BmZ5fvTALbBBPmfKLR71%2BG1mg7pxhejX%2BnHQgTtWO3Teeklrl4rBBvVOdk%2BKmxFDrnToP9GZgf6z6RCBHy2oW1Cvr%2F2e2YUAmjcgqBfdx90CtIdY7jMsoj9CXM4M2qpJUNTIl9hFyLyRI0%2Fw9tW1qnuCtX7uPbrFdwsKUDVu1%2BnnCycAgXSfJ3KGQavVb63pR1LaPyDKznswT74hTDpmNu2Rs3tEPrV0ZTODsbWqyaFa2xLbpwGCJChqMDqgqRZMdplZkxWQthKqIW6SeJWFTj8vor2TXkJ8N3K1s5rzEEp4pMe2EzhjL%2BIPFd0q%2Bkukp6XUj%2B6uAE%2BuHVUMPOuxTJS2zZ4paJSNOOOtl%2Fk4Tljl3xrlFdYnJThjBlxt%2BAqRo7E00Spfa4BxVs%2BYpCz8INn8rqzHp5lx4ihGP0O%2FJErzymilIQ8G612exB%2FaY5%2BbaHD%2F5IrLubhqJL68UmRiC6jsR0U6O9VKDNPngTI%2FAzmol2O8nQA3mxUkP1b0do9U3hvANJ%2FMm5fQny7pU9VZ0MldXtwuA90md8V8UZno5VUejjcyeFd3Cx54r856sdHk%2BY0cZMZi4hI8hjKDm06hN4Hbr5X4lQ5%2FJe%2BrIE6pkK1190Su52nZBARxYLM%2BEyuq0mgPIvQReYM4mTdsXHICEQpPL7Rm%2B2fyhjEhHR&nvMid=82959387060&catId=50001319,https://shop-phinf.pstatic.net/20210224_146/1614147888635j6OCf_JPEG/15283721852062706_470974684.jpg?type=m510,"693,000원",수납가구,행거,메종드파리
38,[모던하우스]크로나 드레스룸 3단 서랍 / BD18SET024,https://cr.shopping.naver.com/adcr.nhn?x=0FUQwOh5EFKrSyO%2BCtYeGv%2F%2F%2Fw%3D%3DsWLKjA24JOPbKqo1nD%2Fkz54ldoFQ5PeYNW8psD%2BjMlfbaUqrvnTU4z55ZoWg0t56Lk9zqsCnbOexmwAidhX3u%2F8v%2BjB2erv%2BZ%2Brrs5VHOiTT%2Fs8htyn7qbZ155SxFlMX499QmY4L04TCj4cG%2Fmv%2FumZ%2F4tTVfNQZTkA8pNIc6HT%2BeOPJxohZhjUy3CSkmiS7jR2%2B01NoQdRT7PuNJ%2FyDge42ZI8ThWolmqfw9ykCu3a1z%2B2wQRNI7a%2Bv2yHw%2FmV7glNkW1MVjliGp2HZWTgFWVGDCGkb%2Fv9kEAMggnNLC2yJD4P%2Bj2CVvS6QkrpszyaIoCuwrUM2Vi5bq9fxYHuPhKcobecWgG4fMQCv5LDZAuWYQ6upPDetRqwwTuj%2FUNDCd7xtGyFkhaMzkhWMJXvaZtEoNDvoRPt76v7uHV18b8ixF%2FYSazzpTLE8Lwm8ySwNtBQQGzTQY0Dw%2FKzBX3Rz5xCGnvuwtQTbFEe%2FO4jajN7MtEiCs0VNvS4nCsFyfd%2BhuzmK7Xs%2FbFc4LekwUAo8%2BNbaND45z1ma6ypsHNEGz2WmexNg7bAFMPCCby5fzuMo%2BoE4wE87xYiLPhPdZJ872PryCb2ORV3fVEQ2RLLaRptlMpXnCaf3eFfJ6Q%2FEHTjovNjzJdL4zWaEGb5N0RmsOwZsYyUN4tN2ttCmpQ7e0x%2B8OEsHC78VBLnFZh%2FnDobeN&nvMid=82420128821&catId=50001319,https://shop-phinf.pstatic.net/20200402_164/15858095093216f3sd_JPEG/23170247951219246_432808375.jpg?type=m510,"169,150원",수납가구,행거,모던하우스
39,모노플랫 인테리어 슬림 L자 행거 옷걸이 스탠드행거,https://cr.shopping.naver.com/adcr.nhn?x=SzHa%2BufMZeGpSDIw%2BFRjrv%2F%2F%2Fw%3D%3DsiZT6bfDm6BX36pwfT5xyn5IqyQ2GRiCJQ9cJPrBc%2B4%2Be6TXROccaEeLVoNNXyj4%2FH8uholUM68R9O18SIYIBclVd6Z%2BmZ5fvTALbBBPmfKLR71%2BG1mg7pxhejX%2BnHQgTtWO3Teeklrl4rBBvVOdk%2BKmxFDrnToP9GZgf6z6RCBHy2oW1Cvr%2F2e2YUAmjcgqBfdx90CtIdY7jMsoj9CXM4M2qpJUNTIl9hFyLyRI0%2Fw%2BPWGwdqTjLeD63IEGH0m53sGNDCeWjgiD44PooxcEyKVb63pR1LaPyDKznswT74hTDpmNu2Rs3tEPrV0ZTODsbWqyaFa2xLbpwGCJChqMDqn6LrtFx0nS8bk8IuKMSz60VLV2lpI6X6NtQHpU3oJu3gACFwh75UyxrZSZL%2FreetwOwrLParRO61cobq3C%2B2FtxjdeZ%2BjCjVJpdSb4LU7NgoLrf1hR%2BIpLkORKRSf7Qk8iVkC3K0DbpRcEDbNkEHuoT2rBDpo4YhIxRaoiB9iyxisW6m0bF7lVt%2FrHmuUJ581CkfvPmRc%2Ft8AGbkHtESYVaXGKqWpE3IUiMA4jKh2j4hpcz2Wb%2FC7EhY7EUAyl%2BjQotmxhMKNbsMKSxE%2B5rrgy41QI8NFgD8kFfVq72X6zvM%2FSTKLE%2FDV9L6aXhvEUzpGiKiEn4fW8MDw1kr2kd8mJoaKZHilHbuauHUigNM5KA&nvMid=82856255962&catId=50001319,https://shop-phinf.pstatic.net/20210104_48/1609735599561P2iBl_JPEG/10871445090485185_678650713.jpg?type=m510,"27,900원",수납가구,행거,모노플랫
