﻿,pd_title,pd_href,pd_img,pd_price,pd_c2,pd_c3,pd_mall
0,"나비장식 콘솔, 김군선",https://cr.shopping.naver.com/adcr.nhn?x=%2BdP3WamPtENgf%2F4m3Mvb%2BP%2F%2F%2Fw%3D%3DsPbKMY7B7nKUmFbIn3KiyNzwYjAmeYP2wExkKcvME28L861%2FdwQWbR%2B1GFRqOJ7zknBa6pnDe27S7EK5WVCXh3cOmY27ZGze0Q%2BtXRlM4OxsNk8bEakzH4UvMg%2FPSn6r7JAE9IIvUZ30tt%2FOIcl9jJMNC6gHVnKSRc9svfdqKSygsKeAoIR8SdiszsUT06eyH8KvNW07Er4M0V%2BFenvQ768brpbf1thVHsnzKCmbb8q0s05sW7uC9ll1acbfZHqzVyAW6Zr7MGMfia8IeMtRoVdEmsvYRMkCdVQntl00nLlLL%2Fowdnq7%2Fmfq67OVRzok0S5SJNLgIdS1XFCtZ5GETGAmwtF19xjAscS%2BXopCUaa9kSaTO%2FxyOcctXMTzjxeATlFYfrXhi4GXEIdnVQJs0PW%2FJ8LHcMeN%2F8PAuuyGsIKKKQ1vsAOgHseD4BnNUkUVzhv98mCdY7V2vS6xv3jbi%2BhWALF9m%2FXnKGB46D6nl56mJ3Ol74TxgR%2BPbs8imUYKtiCdZiyE2XM%2BR73Bzao9vWeu2EPAhNyIszSXl8ouoHGgbUojfpTsVsZ3MJro6A15Caf03%2BMea3fWf8NvQ2MO9dQ6Oafs%2FwQKlbiZa9kS%2Feg9oaKZHilHbuauHUigNM5KA&nvMid=11647957875&catId=50001323,https://shop-phinf.pstatic.net/20170216_82/sellerz_1487236494786cEnil_JPEG/11580732559152246_-1266675881.jpeg?type=m510,"690,000원",수납가구,고가구,갤러리세인
1,[오리엔탈] 바네스데코 엔틱 고가구 원목 홍분장 수납장 중,https://cr.shopping.naver.com/adcr.nhn?x=YG7BSWiBY8S3TgV0p%2BFEEf%2F%2F%2Fw%3D%3Dszcc4UpjSw8NMkhAHeFf2N%2BoQUm0ocsWz7jh0o6QD%2BPpNQceXLNWUNXAYk0ZC68awJXksZSNvmyPMN5bnNwMJGcOmY27ZGze0Q%2BtXRlM4OxsNk8bEakzH4UvMg%2FPSn6r7JAE9IIvUZ30tt%2FOIcl9jJMNC6gHVnKSRc9svfdqKSygsKeAoIR8SdiszsUT06eyH8KvNW07Er4M0V%2BFenvQ768brpbf1thVHsnzKCmbb8q0BLUAToMrH1%2FwJz3U7Vfbuu%2BWyjkgSE2HCAQkKHccSkNEmsvYRMkCdVQntl00nLlLL%2Fowdnq7%2Fmfq67OVRzok0S5SJNLgIdS1XFCtZ5GETGIjuinuR%2BNqxJf2gxQviHo7YRoq0spPS8fptSFCS1GSmlFYfrXhi4GXEIdnVQJs0PXOu7IodSXRyK6LgyF3BQ5PZptdw3yxTC0ttJCI4ynZZwblL6T5JEhn4rBqhqy7sSIl%2BlM6lrQoWvYuWbOPz58acEHoh%2Fr8kCQ9v%2BiHyCIE9ppVHplbRvCugiLZpzHdDixXTbV6ID1lUlcdDU%2FB0wRc2zuMoDPa5S4YqRvMRDi%2FrDaUV8vKpPzU4%2BHJ1h6wjC9EDFc6fn4sd4Qf711mRpn93OwLqImeo%2FoKFWBaldxPlqv%2FBbICWtRKNfD9nXYx6emX6NI7zivMS3%2FgTsDBB%2BjrympQE2a13mObubYhS2xTZQdAiJdwXirBRdnaxfvrBbw%3D%3D&nvMid=11546164351&catId=50001323,https://shop-phinf.pstatic.net/20191107_90/1573116227260CX1pp_JPEG/10477769703202820_1356477630.JPG?type=m510,"339,000원",수납가구,고가구,바네스데코
2,소년과나무 베니스 원목 미닫이 선반,https://cr.shopping.naver.com/adcr.nhn?x=Ww6J4lwtRVQ7%2FuvuZ4fF6P%2F%2F%2Fw%3D%3DsEjqNCY3wA3AtZDXLa553ifu5I77bo2QKGgf29SW3uugGgWfr8nT5UVttQskLhCXy9J%2B4oz%2FOag1dTX0Hq5zgH8OmY27ZGze0Q%2BtXRlM4OxsNk8bEakzH4UvMg%2FPSn6r7JAE9IIvUZ30tt%2FOIcl9jJMNC6gHVnKSRc9svfdqKSygsKeAoIR8SdiszsUT06eyH8KvNW07Er4M0V%2BFenvQ768brpbf1thVHsnzKCmbb8q3U5ekTbmS%2FsUSQCTxO8CO7sI7Ra9AdGzATfWo6Ud9iQdEmsvYRMkCdVQntl00nLlLL%2Fowdnq7%2Fmfq67OVRzok0S5SJNLgIdS1XFCtZ5GETGPrjipJkv19VUPxu6%2BnPiW80ZjmQuoH6KKUjhGChYv6nlFYfrXhi4GXEIdnVQJs0PTb2CuXy64GYjrGwkd4YOchAiLwqxbwcm%2B3Kep5maHKcTnH1K089nR7%2BtCPQ3sHwtDtbUEBa%2Bax1RXPHVtAwE6ytoNaMnQBGo%2BQcIC9fd%2FJZoZiORGP%2FgyuK3BoiL7seuowJwwAqvjzieWHfeGdv3j6DKtoLk3YokFAzjybUE2wosrl4JBEIlro66A0cMmFtwKem3Wz%2B5awndq4zi1lOOeX0stl1VNRaTDquWkXUmAmxw4fqKHViNQr0TJI3jS%2FTFIKoDr6us%2BRKRCOTdsWr9TI%3D&nvMid=81677005971&catId=50001323,https://shop-phinf.pstatic.net/20180530_290/martinkys_1527682220979xrqnL_JPEG/50989380591095934_795547615.JPG?type=m510,"149,400원",수납가구,고가구,소년과나무
3,[고목향]공장직영 / 가죽나무 유리 찬장 1220사이즈 / 그릇장 수납거실장 국내제작,https://cr.shopping.naver.com/adcr.nhn?x=pE5SOVEsPjnE3NvaJ529OP%2F%2F%2Fw%3D%3DsAUUH4mMKYH0dFqniv0sbGnhzFcGUWDfs78MKDXCRePcWdW5NCLT3VOCRTt1WELinD15Ex%2FcGYbuJRo%2F5Oz%2FRTkPg%2F6PYJW9LpCSumzPJoijqwaShusc4uN1D0982lqsAiPZxvQGc9xvFCzg5tMaNhJbMU3EmNsMy13%2FK%2B84uaXAW%2FP%2Fol1N5k7CiLyIfcmJ3%2Fk%2BQWg8QPLb6vcsD0V4ZWlLgC0iJoeIZnJcFnczgGwvGYSN%2BwTiM8RXBdT6mSDYl5QcwVlDMXXOMFfQz33dSVaunUi2DOIU%2Bfz4e9fvXVa3ffisv5tHfoGFh7RH%2BtSaOAFJNLWxG%2Fj2gEfGb7GroeHp4rk0Mk9k%2B3oZk9XoXHHXHAxfYHtQlb6uXjOkKmXfxfcHkmkDtNoBnj5Fb8ZDLvS2BXje2Jo65Gax5eWqiMTelo6DtxXwS1K2ALcFeBDh4pujTFHRjR713gXMRKuwMqyZmcWOyUoUmE8T%2FXz1W120y3sDvhYxZTFwkwt0Y8lSXS24cM38GHP48O4j6PQFpC2r7zOE3oAF3MwIhny8Y65p5MePVK%2BwxXxEoR4oXzt%2FyHBDEolW44YPPX5Asq4A7fBhHV1q%2FOafxWn%2F7LhDeywF%2F30qfWR%2Bo%2Bj5YFkG3i1wSJa5W%2FdWq8M3VtokmHQY2q0yvc4xLD74NK3Idtt6dZ9DOLfY5Z8OOWQH7QS5La7AIo3cYEtYHFxim6pITYM29WCOF1%2FUZBw%2BzygAR26qDeS4dHI8FZtQVGFZJxOyBDKc%2B&nvMid=12267302201&catId=50001323,https://shop-phinf.pstatic.net/20171208_235/icanmc07_1512709388340eT5DH_JPEG/36016581982129041_129925165.jpg?type=m510,"1,350,000원",수납가구,고가구,고목향
4,아르케 파이프 테이블,https://cr.shopping.naver.com/adcr.nhn?x=71iLqNiFVt9Aqt5AjfCQ2v%2F%2F%2Fw%3D%3Ds%2BshJ0Q5rtFPLZupgV1%2BTd%2BxatSsYGXeVCbgUlr%2F2Z3w3tBWokK12jDzFDcifNzL5EWmyqYy5wjVndi9ey4ZZ7MOmY27ZGze0Q%2BtXRlM4OxsNk8bEakzH4UvMg%2FPSn6r7JAE9IIvUZ30tt%2FOIcl9jJMNC6gHVnKSRc9svfdqKSygsKeAoIR8SdiszsUT06eyH8KvNW07Er4M0V%2BFenvQ768brpbf1thVHsnzKCmbb8q1HL%2FHTkBNg78RmzX%2FcasTYHO1FWpDC2hjwvztwS5oBP9EmsvYRMkCdVQntl00nLlLL%2Fowdnq7%2Fmfq67OVRzok0S5SJNLgIdS1XFCtZ5GETGLMojh8akugiHL2BI%2BYEd1nHds3KOzdpvK4%2FZXBHvUZPlFYfrXhi4GXEIdnVQJs0PS2snzdyqwxkVz8Pa9AafsXnXgPWZhMhwLDA03nVm%2BBIlqA7r7tcD%2BZUIDslyz5GmW%2FlZNA%2FXMXov6Gu90zvVfTP7L8ZpEUJfzEGwGxQdqK5O0DcMvKJ1kNd8gbu7AiU%2F9MfoWov7AgqqBx9v9ehdoBEkJ30mJuUuC4wca1coT4sYutsDK0jY7ErF9JzSZ7g%2FzkfCpbkfsfutxAJM%2BQLdl5jtEEnHZo%2B%2FVuCJHvsmHjrDVCYCaeglF2rgr1u2OQIzQ%3D%3D&nvMid=80307093722&catId=50001323,https://shop-phinf.pstatic.net/20180427_256/who2618_1524796067028wt19B_JPEG/7514925871265781_1271714963.jpg?type=m510,"500,000원",수납가구,고가구,건축을 품은 아르케 퍼니처
5,[디보디] 페룸 60 좌대 / 80좌대(티크목),https://cr.shopping.naver.com/adcr.nhn?x=v34QLSCZkIWG8mbhxF8%2Fpf%2F%2F%2Fw%3D%3DsH7nWxq2hm6wZFR%2FihJHYoThX3mm2S7fv5Ia6%2FPz5lGYroNq%2ByctsjBkX8Rsqf%2FH9Cfddrue%2BlQesa9sRJdxwD0Pg%2F6PYJW9LpCSumzPJoijqwaShusc4uN1D0982lqsAiPZxvQGc9xvFCzg5tMaNhJbMU3EmNsMy13%2FK%2B84uaXAW%2FP%2Fol1N5k7CiLyIfcmJ3%2Fk%2BQWg8QPLb6vcsD0V4ZWlLgC0iJoeIZnJcFnczgGwukcg5ur%2FJNqQ56n9QiQn%2BZ%2FKzOXa%2BDmEJDDGj6KKcmxaunUi2DOIU%2Bfz4e9fvXVa3ffisv5tHfoGFh7RH%2BtSaOAFJNLWxG%2Fj2gEfGb7GroeHp4rk0Mk9k%2B3oZk9XoXHHU12CjvdqMJaySrpV2wYb4YdT%2BTxTmCznIY%2BzTP3UD86Ul%2FV%2BmcdVLMHc9L2X47cmNtHv3GKQfIdKzl6PpJnmMhtjLz3uLOvm%2BG8K3iux1CMA3RqsHpMdOo8I%2BiYGRAoEad3rwqTT%2B%2Bop%2B%2BzaNhN%2Bz4QdA7nHsu83NLA1UEWVKrWE7zsd0WA4XnI56PcIJJCECL1hDrjxbBleeTWxtGQy3oEhatq3aOPdJvbgV%2BctCeqbgaZrCcCa8DTGL6N0LK15rzVSGwUF5XCZb1IgCIy5gXbfhxgStfXqJM0ZXgol%2Bg0M2OqH9l6YII5ugOGfB4CYY%3D&nvMid=11546214946&catId=50001323,https://shop-phinf.pstatic.net/20170405_2/showindowCommon_1491381603957jDvUI_JPEG/55231618424147604_-400137316.jpg?type=m510,"390,000원",수납가구,고가구,W101
