﻿,pd_title,pd_href,pd_img,pd_price,pd_c2,pd_c3,pd_mall
0,마켓비 미니수납장 1/2/4/6문 화장품수납 서랍장 슬라이딩 수납함,https://cr.shopping.naver.com/adcr.nhn?x=1jR%2BMSquirO9Bbujnw4uaf%2F%2F%2Fw%3D%3DsoLRnuE2OuXQTAGqd3yya8LPF6Q9Mb6k9ZQ9TuiQWW4RdrVNr1tqHmi3rl4Dvu%2BvuoxvaitemiVo1YtQ7O%2FbVGcv%2BjB2erv%2BZ%2Brrs5VHOiTT%2Fs8htyn7qbZ155SxFlMX4%2B3vi9DyUIlTdaArIxCrPSBK0lHNv%2FKqr0CbW4%2FZdVgyZB%2B94sJBwoFKBiDvG5OLNR2%2B01NoQdRT7PuNJ%2FyDge42ZI8ThWolmqfw9ykCu3a0UgG15BOGu20aUF%2BFxBaVycd1TZeZAc9Rfhe%2BwgSgmUWDCGkb%2Fv9kEAMggnNLC2yJD4P%2Bj2CVvS6QkrpszyaIoCuwrUM2Vi5bq9fxYHuPhKQLzhXhIQCiUGpeELcIZrreI4mrhhWPggP5S43TLezhy7xtGyFkhaMzkhWMJXvaZtJzEGocHY%2F4Pj8peoO0K3mXCiPHsoCaOL%2Ba2AOGOxq1%2FQTHm5nQRJhlkyvygO09HdGKh9zN%2B0RgG48BqgZTMTNFloMb34f1%2ByInDMfWKgAxWx2jpE%2F0i8HIfbTVtx0ptuWjiMNFrtxMX2XBKQKsiK2ywzJ7OJxcSZHoFivPDMe58rj%2BmEZyB5KKejv%2FFUEm%2FqHXlJERufhQXpsQn5EERrHJJW%2F5FM6rFNNwcI2RBTUTXZ2BD6En4RoyPfWVRrECXBRFrMFi%2Bah3sO5ECOHjWvmlvU2Y6hEEwGxc1AZfON9sL4VRAH%2BsMDObarUodGweR8Q%3D%3D&nvMid=82282454293&catId=50001320,https://shop-phinf.pstatic.net/20210114_111/1610592011754xD5r6_JPEG/11727857450450970_1274369432.jpg?type=m510,"26,900원",수납가구,수납장,마켓비
1,몰리 400 7단 서랍 틈새장,https://cr.shopping.naver.com/adcr.nhn?x=nvdMHakBsi38Wq1O6Uf9s%2F%2F%2F%2Fw%3D%3DsslLFRjRAWAAX1iQgF3E1RT%2Bopb4wTg%2BrVmSUNh9Wf9aR2FXOwIe1x1jnM1cH1yU%2BfRA18%2FwclJCODfenu8XLBd9%2BKy%2Fm0d%2BgYWHtEf61Jo4hrX7i8ROREiNblWok2%2BM4vSIp2cWTpRwA0n4zBmpTqhQF6b2L6m09%2BBwzsbCpA7uW69f2up3QwvD9BK75%2Bb4%2FjvdxTOdl%2BW8h3PetdP%2FDt7rkDLpImMNOj7Pjv27q981JXLMRhkFwN7%2Fqnsz2LcU2xd0dMR%2F%2FX5B0y7WyCcnYTvwVPzHymsjaFVT2Zgho%2F1%2FIt9ELSj9ZgOwWGT6cXiS3NUJnit2TyE8yh3GxJ0fiPId7cysxGh9fzDQLkVkPMset6PAa3SIMzTtKBZchPuZNkIoPJkK0yvF5qiYCgZNZC21zsD5fyZjXwmA%2FJSfFioB%2BLjvhg78703ZgRdq1HlA4PXwwSc4cbGOUCDyjIP8NwYqUcgNovpdrEMc0dnztJpELCHZEtab%2BfxJI5QSWHRqe0ehmsqzEzs0YrB9NW47OxuHNHjIPxHC5Pmk38NHY5RrTpn2tpyLIIsxodFGlp6fecCJxNFNXZsGb6kGdMxmPLaViKUD%2FzZq2DfZInU51j9RXc50eBITwugSNPH3Ok09sVpGw61BSdoQRvEGgfFlc5w%3D%3D&nvMid=82372083974&catId=50001320,https://shop-phinf.pstatic.net/20200220_44/1582178644057HjtMi_JPEG/19540186677991581_425855554.jpg?type=m510,"89,900원",수납가구,수납장,잉글랜더
2,[프로빈] 바네스데코 프로방스 그린 포인트 원목 수납장 2종,https://cr.shopping.naver.com/adcr.nhn?x=SiOhOP3S5SoMVcqYKT6ruv%2F%2F%2Fw%3D%3DsI7gnj%2FyYkkOMzpOLntM9vZuMAuGAilO7wQx1I%2BDjw1nN5A8EKUtZxXnoVCuA7nLCIQYbgL%2FlQQKfEj68Y8WPEcv%2BjB2erv%2BZ%2Brrs5VHOiTT%2Fs8htyn7qbZ155SxFlMX4%2B3vi9DyUIlTdaArIxCrPSBK0lHNv%2FKqr0CbW4%2FZdVgyZB%2B94sJBwoFKBiDvG5OLNR2%2B01NoQdRT7PuNJ%2FyDge42ZI8ThWolmqfw9ykCu3a2iJTs%2BvriXhhkb%2FkTfUPZgXKqsINOleC0e3cQrUNncNmDCGkb%2Fv9kEAMggnNLC2yJD4P%2Bj2CVvS6QkrpszyaIoCuwrUM2Vi5bq9fxYHuPhKVjt0dGExYAmiKYaKz7DMz231eLRxs%2FcgtmUTTvR2goT7xtGyFkhaMzkhWMJXvaZtPfaoE4Zri%2BqLer2wMCupuM%2FjrT0Sk4%2Bvqf1LFxD5%2Ft8OIcHGscCCRbNa9NgTPpgH7klI1RlryWwmyrMeIcKeNu0CZHZErBVbsg4bZP0HBZEp2pOqT7CNYVhgddkHdUevB%2BbYffSpwlS1uzltL7KkMpKUuYHiNe7qcy0VWjIHmcGrZcvFIK9RmKuNnwKoxu3wuEYsF6xqGtBugkObhrgoiYQ6ROvB0yGZIjjXTEn8xArZgLphOFLrudzMz8J6dmjgkl%2Ftl%2FFNbuvfXdkCJBk4HbHICEQpPL7Rm%2B2fyhjEhHR&nvMid=82394658865&catId=50001320,https://shop-phinf.pstatic.net/20200311_284/1583886604187yMcsq_JPEG/21248146804549323_1357466829.JPG?type=m510,"372,000원",수납가구,수납장,바네스데코
3,내맘가구 미닫이 수납장 & 협탁,https://cr.shopping.naver.com/adcr.nhn?x=Uc7kBlRscSW%2BLdo%2BYCB7kf%2F%2F%2Fw%3D%3Ds%2FkyqtKKlb5R%2FneQQI1HV5Imf9z35UQS9KRaPjJxfiEwRjvCKyeXOXyOgIsDHGH3%2BjgyxqjndW6bdWpR%2B%2BOnwiMv%2BjB2erv%2BZ%2Brrs5VHOiTT%2Fs8htyn7qbZ155SxFlMX4%2B3vi9DyUIlTdaArIxCrPSBK0lHNv%2FKqr0CbW4%2FZdVgyZB%2B94sJBwoFKBiDvG5OLNR2%2B01NoQdRT7PuNJ%2FyDge42ZI8ThWolmqfw9ykCu3a03ciYsxJK2dKTW2r7EJG6qI%2F5SjVPh7D0GWiKx2Jm94mDCGkb%2Fv9kEAMggnNLC2yJD4P%2Bj2CVvS6QkrpszyaIoCuwrUM2Vi5bq9fxYHuPhKWEeqCB1OUZzOvNRrOEMUgjtAP%2BzGdAJV6eOcur1t1kl7xtGyFkhaMzkhWMJXvaZtJaQkp3PlZJFXcYQ2kjGURedxYHrY0%2BRGG3TFlFBG43m3%2B9zGimwkysJHpbDCz6DYMxhVNcM9M0smGhVONKsJ0OJU%2FnLWTXqh9%2B5GCFHvrpGI3CmaWVer4fFSEsqP%2Fcwk8yHGoiYgtVpBQ66Kq%2Bgyx7W1FpigsLvoNkjJNtXmzEVDKFL3gdrvMuXhg2O5bNKU0QbsiopG%2Bfo6iBoRAQXpAolsRMAHquUwKw6zyksYE7aHRyPBWbUFRhWScTsgQynPg%3D%3D&nvMid=82931964001&catId=50001320,https://shop-phinf.pstatic.net/20210208_217/1612760431213X6ogr_JPEG/13896258830925868_301894714.jpg?type=m510,"220,000원",수납가구,수납장,내맘가구
4,[ONLY] 마켓비 POLABO 콘솔수납장 CAM16090,https://cr.shopping.naver.com/adcr.nhn?x=owiVLiVK7hdHK1d%2By6bb2v%2F%2F%2Fw%3D%3DssVrfK2HhgXzBwP65%2BLR%2BRENdKEWWOIODsKBuNLWgZe3QjfLyL5pkNByTLpZKGSbUS%2FKnvY3F0GOjUuCOfJTfP8v%2BjB2erv%2BZ%2Brrs5VHOiTT%2Fs8htyn7qbZ155SxFlMX4%2B3vi9DyUIlTdaArIxCrPSBK0lHNv%2FKqr0CbW4%2FZdVgyZB%2B94sJBwoFKBiDvG5OLNR2%2B01NoQdRT7PuNJ%2FyDge42ZI8ThWolmqfw9ykCu3a0hw04Fou0RxEMg9tbCnWkYDDmclUMvWf%2FFT0%2B%2BD8v67WDCGkb%2Fv9kEAMggnNLC2yJD4P%2Bj2CVvS6QkrpszyaIoCuwrUM2Vi5bq9fxYHuPhKcj0uUPBOZXMB79r5XthW4slPy%2BhO6a4PT0XhQiEuGmn7xtGyFkhaMzkhWMJXvaZtL7ncv67%2FmybJnzXkp0NXwqXMy87yZHlSVfrGC7alrqgp76Dc4cgWMKSktQpMANzdyIkY0Ou3wrWMcLMzSTFBbDQq5nhjBOOQPG%2BOZEz%2BZ1X7v78qXohh6oHdEE5LP7iMs9mcVQ9YqZuObXSdktUE7gQ2jTuZK6xx83Ok33rsQ5PL2Jjg3HC1a76ZZktpA7bk53SBBwggOLdP6eFhKKaV%2BDY0XwFMdrl6gkBDI0iEAVR5Hv1T%2FoDPeAT2ZD%2BWCfnsQ%3D%3D&nvMid=82091272232&catId=50001320,https://shop-phinf.pstatic.net/20190306_282/ikeab_15518600348409dycd_JPEG/34578893688562408_1248529189.jpg?type=m510,"199,000원",수납가구,수납장,마켓비
5,모던하우스 화이트 슬라이딩 도어 거울수납장 600 NC0221001,https://cr.shopping.naver.com/adcr.nhn?x=gAE6MI8%2BGYjGVMopJtWWsP%2F%2F%2Fw%3D%3Dsj%2BvR2ewvSy4Bkq58Sj%2FKQxEeuPjKZc8Sw8qID6G37d65mIGOrhoorUJ55JOqGj%2Fb268x5CSKnRiCeiGMmBrE0cv%2BjB2erv%2BZ%2Brrs5VHOiTT%2Fs8htyn7qbZ155SxFlMX4%2B3vi9DyUIlTdaArIxCrPSBK0lHNv%2FKqr0CbW4%2FZdVgyZB%2B94sJBwoFKBiDvG5OLNR2%2B01NoQdRT7PuNJ%2FyDge42ZI8ThWolmqfw9ykCu3a009Wu9l6LTWgzeg8VXO5aZx6DSzQfdOKW62%2F6NOxYsYGDCGkb%2Fv9kEAMggnNLC2yJD4P%2Bj2CVvS6QkrpszyaIoCuwrUM2Vi5bq9fxYHuPhKSqBQkrRYoibOy9TokAQuTODpmQpXY%2FFUJBtXdIqXqc17xtGyFkhaMzkhWMJXvaZtOEaethnVSrGKNrQK789Xz7cwMa8o%2FeIY%2BKaaVI3pK7XBevpJFPSM0uL0TKRqSk%2BvanEkvR5yf4CUZC4e%2B75jx606ZiV6rSdur5hkcfGZgV5q%2FBsk%2FNMBhuJc9LaNwlYpaM9qgH5OjjaZOprrYPlkpOgrTq1lR4Kpc4lmGWRQg8hpwvPPO%2F9ei7qikbPs4JdAPFIvomlx9PiH1qpcVA54S0vNFxmB%2FABo59qE4p%2Bm4MUWnUB13jgffq3mMxwCn5g1oTFd2s9l36X%2BN%2BtV2mkXWqCqA6%2BrrPkSkQjk3bFq%2FUy&nvMid=83024050845&catId=50001320,https://shop-phinf.pstatic.net/20210325_275/16166572702125jS0h_JPEG/17793097996727111_337576917.jpg?type=m510,"79,900원",수납가구,수납장,모던하우스
6,모던하우스 화이트 슬라이딩 도어 거울수납장 1200 NC0221002,https://cr.shopping.naver.com/adcr.nhn?x=yA7%2FtVCmNNVQbco1AEsTpv%2F%2F%2Fw%3D%3Ds%2FWWY8Cp6gIvRgPV2juQxyetPOgCbxS8D11xeo%2Fo1XUWr0rzKk76VE%2FNQ9AhDbxBjO%2BPDG6SMbqlfDVcSlxF%2FU8v%2BjB2erv%2BZ%2Brrs5VHOiTT%2Fs8htyn7qbZ155SxFlMX4%2B3vi9DyUIlTdaArIxCrPSBK0lHNv%2FKqr0CbW4%2FZdVgyZB%2B94sJBwoFKBiDvG5OLNR2%2B01NoQdRT7PuNJ%2FyDge42ZI8ThWolmqfw9ykCu3a009Wu9l6LTWgzeg8VXO5aZWjmdkOH4csIxlh5Hf5u9YGDCGkb%2Fv9kEAMggnNLC2yJD4P%2Bj2CVvS6QkrpszyaIoCuwrUM2Vi5bq9fxYHuPhKd6BotcH0Wh1cvQMsf0uzWX8C8Xi6ZQHeOOy02S0j8DL7xtGyFkhaMzkhWMJXvaZtOEaethnVSrGKNrQK789Xz6aFyFy9m9sAXsIc%2FPinlEJBevpJFPSM0uL0TKRqSk%2BvanEkvR5yf4CUZC4e%2B75jx606ZiV6rSdur5hkcfGZgV5q%2FBsk%2FNMBhuJc9LaNwlYpcvOXAPVr5AsAT26gwhsC%2F8pF%2FcyOFHkKm6wubw37CHRxXQij81PL0eAolU%2F%2FEngtblp%2BLqif4%2BxVzctTaNVUEIlk35DR3%2F5hKBLGwVhHisfod4irCN1Bfgh05%2Bc4qu0qTJAMJZOykl8jZHUH36tI3QOEsHC78VBLnFZh%2FnDobeN&nvMid=83024090747&catId=50001320,https://shop-phinf.pstatic.net/20210325_219/1616658678604qvAHc_JPEG/17794513439098968_1660856521.jpg?type=m510,"99,000원",수납가구,수납장,모던하우스
7,[희망일배송] 미라지가구 미국 C2C 앤틱 빈티지 콘솔수납장 -91784,https://cr.shopping.naver.com/adcr.nhn?x=SyzX1SAH7Vs3nsLD5%2BeaMv%2F%2F%2Fw%3D%3DsjvI1PlnTY9818jb%2BhGpvLORiWhfE5kOy60yTGplViHCQdD%2FLGGKvKaj3d0byQ49VeayqrCUwTZp5I0eRTpzPOsv%2BjB2erv%2BZ%2Brrs5VHOiTT%2Fs8htyn7qbZ155SxFlMX4%2B3vi9DyUIlTdaArIxCrPSBK0lHNv%2FKqr0CbW4%2FZdVgyZB%2B94sJBwoFKBiDvG5OLNR2%2B01NoQdRT7PuNJ%2FyDge42ZI8ThWolmqfw9ykCu3a17EYJa0GkAKMDK7vsvvpPCoAmjlau79%2BCWQWovdtcJNGDCGkb%2Fv9kEAMggnNLC2yJD4P%2Bj2CVvS6QkrpszyaIoCuwrUM2Vi5bq9fxYHuPhKUTC%2FUItQNbmx5CjV%2B4fUWbc98URJ%2FXAb6rjgyeyvGSN7xtGyFkhaMzkhWMJXvaZtCznQe%2BUlHj1v2oxaX01SesC36m74BxxVKTLHOPVVI2jfmhYWMcAKPrX6ph9OCHQhVbE%2BsOtNpxkRIGNewQJ5kjxoTMrO4lN45w3D6smMH32PGKB7fEZ5iUPis1BYAHiFrqdT8Mv8SPtfRcER%2BYW%2B29MY%2Fx9zSPK7XvyAE6%2B%2F%2BzVZmym8YpwmY86qZwHWzI5ZF3D%2FXAVNkQvr3Tk4NCrhIxJW%2F5FM6rFNNwcI2RBTUTXdIzphcK1tpnV6I0Ja7nKu3mH3hTu3ashyIKcg%2FBuH74DfkLIyuldBS3f8m8e6nLmzUhNzs2VE%2B%2Bisqs3JAEppg%3D%3D&nvMid=83018818415&catId=50001320,https://shop-phinf.pstatic.net/20210324_163/1616567218903RMWAQ_JPEG/17703052656058833_1187729609.jpg?type=m510,"390,000원",수납가구,수납장,미라지퍼니쳐
8,[희망일배송] 루크 멀바우 원목 선반 서랍 틈새 1단 2단 3단 협탁 수납장 CL334,https://cr.shopping.naver.com/adcr.nhn?x=MWfKdEl8MKv1T5s%2FVGkrpP%2F%2F%2Fw%3D%3DsUTDatzfXYksaxNlu4q%2FHCiAK6QOer9sFAJQBZyZFUy2PGQvYx6Hv7SmLeMBwElOUWo0dscs2mrHRETdx4hcak8v%2BjB2erv%2BZ%2Brrs5VHOiTT%2Fs8htyn7qbZ155SxFlMX4%2B3vi9DyUIlTdaArIxCrPSBK0lHNv%2FKqr0CbW4%2FZdVgyZB%2B94sJBwoFKBiDvG5OLNR2%2B01NoQdRT7PuNJ%2FyDge42ZI8ThWolmqfw9ykCu3a1Bewr8sJKh0qp45faDhfYmrBzHBebMY39zYgliVw7almDCGkb%2Fv9kEAMggnNLC2yJD4P%2Bj2CVvS6QkrpszyaIoCuwrUM2Vi5bq9fxYHuPhKcndw9SYM3l7Jc8ZTy8uxWg3QcQkCUlf9NutnvztMSCv7xtGyFkhaMzkhWMJXvaZtKaJVSF2znrEEw8W5lebwaPIDF7S5ROc31PDV1Mc%2BQI3fmhYWMcAKPrX6ph9OCHQheJOoI1mbBfP2bwmzx7%2FHs4Of1ornbEU%2Bh5743Fc9UEkYTZOUhMguyWlgworc33mYTSzDR5ykZRaMSeCuqPbcbuYFJa5gW5Nz3b7NnKHYye2RY2PlccmXutRYgRvKgtMZWZspvGKcJmPOqmcB1syOWQEs1lxLdE0zT90eoUHI9SESVv%2BRTOqxTTcHCNkQU1E11vLQndP40Ik5liI1RzuCZiERtVVEIlAv0uihbCWFqIvA35CyMrpXQUt3%2FJvHupy5s1ITc7NlRPvorKrNyQBKaY%3D&nvMid=82964436074&catId=50001320,https://shop-phinf.pstatic.net/20200115_251/1579062465436EHeEc_JPEG/16425853955213993_2113273716.jpg?type=m510,"209,000원",수납가구,수납장,끌레오 핸드메이드 가구
9,라테 원목 4단 슬라이딩수납장 거실수납장,https://cr.shopping.naver.com/adcr.nhn?x=y0idegABU2TVf0liJMi9hv%2F%2F%2Fw%3D%3DsLuYHBmYKm3pFLoeWx8%2Fsw2qI2jCBhUwBombVWE7F7l078DrpdT7U5DbLwbdnCMIWzjQs%2FUb8NplZGSBgoRwYYVVd6Z%2BmZ5fvTALbBBPmfKLR71%2BG1mg7pxhejX%2BnHQgTYbirb70T0Yzeze05z%2BknuAxYwi4JAv0NwPJUnH63hOGbuvcwFz30%2Bkh0mxOEIkS8fdx90CtIdY7jMsoj9CXM4M2qpJUNTIl9hFyLyRI0%2Fw%2FK%2Ft%2F4fVkqvxUFf5KPq1l4vhKceF6J%2BxHEBgIRDAWOC1b63pR1LaPyDKznswT74hTDpmNu2Rs3tEPrV0ZTODsbWqyaFa2xLbpwGCJChqMDqvP2QwLK7SPskq%2BYK9OCLMZQf3m8OWQcq2D1jIcXGdVkrzEEp4pMe2EzhjL%2BIPFd0jbJHDccJLqJKK0gWegitnbZnYrdZ9OmOOBIe%2FgBHzKOl3XZ%2Bp70mA7goUwbuWQQjbFxSIBqIfoagjbEVjIMZwhp7gipU%2FQnK21z3mGahC6MFaFIdVmEYtSwxJIlcCiKMcvJVcGp5rskCkXnMs9VA9yHsYwwcWVfHMgJfXJdKfNkRJCd9JiblLguMHGtXKE%2BLPQ3mlz%2Fp7ucxeMnTc0jP790QAMPsf1cxhWMjeK%2BtqcC9FGzZOXYtVfI1DG5rR4ovwau4fTwOUqyF63FjwpQRls%3D&nvMid=82990314592&catId=50001320,https://shop-phinf.pstatic.net/20210310_40/1615354471389OrlO7_JPEG/16490305177809784_719592244.jpg?type=m510,"1,870,000원",수납가구,수납장,챗홈 스튜디오
10,(2종 선택) 철제 우드 빈티지 넘버링 3단 수납장 / 사슴 선반 서랍장 선택 구매,https://cr.shopping.naver.com/adcr.nhn?x=26lnORbHh%2B6o2lg3plFqk%2F%2F%2F%2Fw%3D%3Dsu8EUrlF4EAEu7%2FmSAKDZ%2FjQ5tkorUfY%2B9gfjTIn%2BMLgDKmPhc6ucdLwpNnlbyYGqlwlrd9zg5wNaFLbrFPr0j8v%2BjB2erv%2BZ%2Brrs5VHOiTT%2Fs8htyn7qbZ155SxFlMX4%2B3vi9DyUIlTdaArIxCrPSBK0lHNv%2FKqr0CbW4%2FZdVgyZB%2B94sJBwoFKBiDvG5OLNR2%2B01NoQdRT7PuNJ%2FyDge42ZI8ThWolmqfw9ykCu3a1abLcITeJ3F9wfOY27jVYrB7OEcHye1E1ky1QN%2FyVOUmDCGkb%2Fv9kEAMggnNLC2yJD4P%2Bj2CVvS6QkrpszyaIoCuwrUM2Vi5bq9fxYHuPhKXP027tYeNsGjqoTV8eFPc7S6uJPS8eAZtGkVZhRtp%2BX7xtGyFkhaMzkhWMJXvaZtBjuOrj%2FmsquOtl0JmwXczVb30GCmatZw6AOFJvS8K5QGH5w%2BuYlRvNs5Th3BkQLlH2l4VCB9Rd3dB64DsCUTx8TPND4%2Fklw5C%2B5etOCyrIONUVyftEJC9QEBbBX7BVfX1Ugn6%2FvMj3xiNX9scIFd0zzXfQYbr3S109h5pvOMW2Hq0BiQVGr8hqD7irMUwgefiaWyob4rtGfxK3XanqsMrL03ejuguvSVy558PFtgfkBRJCd9JiblLguMHGtXKE%2BLGRDjRg4vNDGNCYNoc3YCVuo1pMuov%2Fm%2Fmlp%2BVI4ygTx9FGzZOXYtVfI1DG5rR4ovwau4fTwOUqyF63FjwpQRls%3D&nvMid=82992083300&catId=50001320,https://shop-phinf.pstatic.net/20200320_128/1584681833085kF7gm_JPEG/22043375702528193_1251089132.jpg?type=m510,"400,000원",수납가구,수납장,모빈스
11,블랑디보아 아나이스 3서랍 드로어 (화이트 디스트레스),https://cr.shopping.naver.com/adcr.nhn?x=DfExy0Wp1fILAEYwV0dxjv%2F%2F%2Fw%3D%3Dsbr94e7LENcQ16BPAdKnfb0m6EuL1uyrtyA%2BrImbJFlUi8vA9mjX5YTGi9Enj8erHzW6NRRG2CtXAZZUA3B2I9VVd6Z%2BmZ5fvTALbBBPmfKLR71%2BG1mg7pxhejX%2BnHQgTYbirb70T0Yzeze05z%2BknuAxYwi4JAv0NwPJUnH63hOGbuvcwFz30%2Bkh0mxOEIkS8fdx90CtIdY7jMsoj9CXM4M2qpJUNTIl9hFyLyRI0%2Fw%2BKOgUATnsD1ot56p7EYqyYilkhqyHoUCuR0f60n4F9OVb63pR1LaPyDKznswT74hTDpmNu2Rs3tEPrV0ZTODsbWqyaFa2xLbpwGCJChqMDqr1I%2BDJQ4tT7IhCKh3cMiQoghV%2F0GEKE%2B7%2BXi6S1TDdDrzEEp4pMe2EzhjL%2BIPFd0nTnJo6NdedeIlhtBcKpwvNtQKTAilI%2Btrc989ZDt283EELSrdcewnsI31gaM1ngU5LkcEJEnoDGdvDpYgNt2g6Yy3MKtpuPC0%2FiOETQ5D2124tWz9r6V533b27fjz2dSA%2BxATuyfn4WopuocueCPrWRaeafOBnJ00R%2FJmp6BVFpaSFM1OJpm9KT0TlekhVk2Uyvc4xLD74NK3Idtt6dZ9D7oXWA2eHSY%2F4iT5%2FulDdiUTsguPRitplxDGvZz5eE%2FEv4%2FOQfholzmHNO0MOYFDOCqA6%2BrrPkSkQjk3bFq%2FUy&nvMid=82992657260&catId=50001320,https://shop-phinf.pstatic.net/20200909_203/1599640912544RMB4K_JPEG/776692269925024_66758767.jpg?type=m510,"1,275,000원",수납가구,수납장,메종
12,[희망일배송][헤리티지월넛] N형 수납장,https://cr.shopping.naver.com/adcr.nhn?x=8va2bScgwyGbSjndjPhn%2B%2F%2F%2F%2Fw%3D%3Ds8yHFS0anVs5Wfyo4pjCqGQjAy6E9wgpyoUTvHxDgp2mwLr1M86lhiD7%2FMN2xmTmRwUWN4PmKAl0m57tAqd5HSMv%2BjB2erv%2BZ%2Brrs5VHOiTT%2Fs8htyn7qbZ155SxFlMX4%2B3vi9DyUIlTdaArIxCrPSBK0lHNv%2FKqr0CbW4%2FZdVgyZB%2B94sJBwoFKBiDvG5OLNR2%2B01NoQdRT7PuNJ%2FyDge42ZI8ThWolmqfw9ykCu3a2oNbiloZfMfah4J3x5P%2FXd7B2eskb8jsSxEdcwPCh5nGDCGkb%2Fv9kEAMggnNLC2yJD4P%2Bj2CVvS6QkrpszyaIoCuwrUM2Vi5bq9fxYHuPhKRcaij8KRBZ0PLtUrvaeLfzefZBPJcRGepdtzPfsMg7c7xtGyFkhaMzkhWMJXvaZtMlsAz%2Byfaph3qYIDvsSJJKT%2F3SJ6PN5D9zaxjvIteRgfmhYWMcAKPrX6ph9OCHQhR5haCbi3ZZ4Apq8zLTxYHir9pbWN2uv5Hbi5i6IO3YkmRbmwZ5zeQKi7LL0xbc9YmZspvGKcJmPOqmcB1syOWTi%2FQw2au%2FalVkzyZWB9dITtI%2B4ZFDPn5CaCm5nGOdVPY2b%2FM2pgEWyrt1DFu6tuqUwr2rL5LP5wrG20sTXXKK79FGzZOXYtVfI1DG5rR4ovwau4fTwOUqyF63FjwpQRls%3D&nvMid=82973726831&catId=50001320,https://shop-phinf.pstatic.net/20210303_294/16147323010405IVJK_JPEG/15868146532347759_749604889.jpg?type=m510,"2,480,000원",수납가구,수납장,베이직가구
13,라탄수납장 3단 원목 폭좁은 수납장 틈새 미니 캐비넷 3칸 도어형 콘솔 신혼 가구,https://cr.shopping.naver.com/adcr.nhn?x=8L47tsDVL%2BpifSySqcJq2%2F%2F%2F%2Fw%3D%3Dsxcf48H2nykKrzLmgqbxJ2hMCx1NmUwLF8qR6BCUnxELQiJpE7tokEIa73uaBCO6pUfofgD341yAycTb%2Fxr8%2Fet9%2BKy%2Fm0d%2BgYWHtEf61Jo4hrX7i8ROREiNblWok2%2BM4vSIp2cWTpRwA0n4zBmpTqhQF6b2L6m09%2BBwzsbCpA7uW69f2up3QwvD9BK75%2Bb4%2FjvdxTOdl%2BW8h3PetdP%2FDt7rkDLpImMNOj7Pjv27q983iT%2F3443l0oXGhngxSBTwHrNVwS3S%2BZJM%2B8Xh9l15CofwVPzHymsjaFVT2Zgho%2F1%2FIt9ELSj9ZgOwWGT6cXiS3NUJnit2TyE8yh3GxJ0fiPId7cysxGh9fzDQLkVkPMscdOxpord97yf60j4lt5qOEh7KUYfNtRTefydqo4vgKgG1zsD5fyZjXwmA%2FJSfFioA9aJtS%2BhxTEB6OWaW6Wsd6ewgZ%2BAL09W3ZD1h%2B3FS1894ImqH2rMW1QLUoT7hOocXTYEZOi2ETL52J1mu4axYGI39VAU24WAMG7YgHkqdTKECjpK%2BPM5qZeAFhylH7WLAgwbA0hu1DVZpImb2T2ofxFIpCXQc5SfX3iyJUC%2Bu%2B2CIFGo%2FntlpRqkOnKwVkOAysxVgtNM9vAGSmGDIv6VwTEcfgvQgczTW560VAHxEhSTq74aKqyVk1UpBU%2Bdr%2FUzB53Y%2BugFj2cgaqzcNcAjqDmwMp%2BIFlBvmPornpKnE1782OqH9l6YII5ugOGfB4CYY%3D&nvMid=82953271773&catId=50001320,https://shop-phinf.pstatic.net/20210221_55/1613902432542rFChP_JPEG/15038330918224342_1041406880.JPG?type=m510,"529,000원",수납가구,수납장,생활의 향기
14,마켓비 PECRE 빈티지수납장 PC0102DR (4월 중순 입고예정) 6319.0243,https://cr.shopping.naver.com/adcr.nhn?x=BoaTInDkGPFLOWSDLY3NGv%2F%2F%2Fw%3D%3Ds7ZsMQ49j%2F89cryJjXZzSRcvg9iw6rLUsxF8dxcqiJMbTsp1mBqOGwq0jho96sI00dmMmuUOCyCke7e6rvHL8OlVd6Z%2BmZ5fvTALbBBPmfKLR71%2BG1mg7pxhejX%2BnHQgTYbirb70T0Yzeze05z%2BknuAxYwi4JAv0NwPJUnH63hOGbuvcwFz30%2Bkh0mxOEIkS8fdx90CtIdY7jMsoj9CXM4M2qpJUNTIl9hFyLyRI0%2Fw9%2FNgek%2Ffi7wOq60Gn975M83w8jN9LTw3rdlF2amKByv1b63pR1LaPyDKznswT74hTDpmNu2Rs3tEPrV0ZTODsbWqyaFa2xLbpwGCJChqMDqtCNw3kDCykfJLzUGIZuFGTbspjHdtsASfobhw%2B21yeTrzEEp4pMe2EzhjL%2BIPFd0sMs5aDAE4sPny7D9NPeld8xwphhy%2BA0cHLzLigwUNvO%2BbFe0yQbY%2Bp5qFqoqLRKnb%2BvbtWd5X1SPM2LhT9vF%2BHp8CnBSREaUeXrNjxNZjOtG%2Foo9xqUSi3nhZxZcYL3bqVUdmZVYfzQjDjvUa1R2kXFMIwPI%2BjwNOkTNo2DAIArcKlLqddtzq3HKkDNcRclJG6e7g9OnFlgEevdyeRdKioD4ClAF3T8CHgretuCmQ1KUf2BG%2FIuDTpSGGVDXN22DrYxhSGog2yLUwElW4UEYqnNjqh%2FZemCCOboDhnweAmG&nvMid=80513191779&catId=50001320,https://shop-phinf.pstatic.net/20180608_192/ikeab_152845466985458Scc_JPEG/51760970479295196_618379058.jpg?type=m510,"299,000원",수납가구,수납장,마켓비
15,마켓비 SHOLID 콘솔수납장 CHM10789F,https://cr.shopping.naver.com/adcr.nhn?x=DTktnc0rYejNlBzX5K%2BEPP%2F%2F%2Fw%3D%3DscKSidcW5AFy4jHT4USAzqfASVLB1YzPT5mrwyGGEAiBEeZ9nl7j64NYLNEOIJDBhElCJU%2BYJrUB4GX8BodBdAMv%2BjB2erv%2BZ%2Brrs5VHOiTT%2Fs8htyn7qbZ155SxFlMX4%2B3vi9DyUIlTdaArIxCrPSBK0lHNv%2FKqr0CbW4%2FZdVgyZB%2B94sJBwoFKBiDvG5OLNR2%2B01NoQdRT7PuNJ%2FyDge42ZI8ThWolmqfw9ykCu3a3XeXK2Avd%2BVksyfqP9P%2F6xJYiZdxL1nd3qMESF2nsjlGDCGkb%2Fv9kEAMggnNLC2yJD4P%2Bj2CVvS6QkrpszyaIoCuwrUM2Vi5bq9fxYHuPhKUm9ndTbF%2BxrQzYmFviUsqTwshhh9%2BlGF3TJXbIos3sw7xtGyFkhaMzkhWMJXvaZtOIFZhOPPEZTORIIM44L16Ylz8aEfa%2Bax7Gn%2B1dQZsCVQTHm5nQRJhlkyvygO09HdGVoUuOhjdpyEIPgZlac52KqkCgnxSbC%2FhfBfEzw0IcpXVnXXeKuNNiVbqvBSZNhH32de99gZEDVzWkfOHfxN5lV5WsWdkyhmj61uV6M0MLkJgBgLilX%2Fz%2FZX%2BVvLp5GaezcZ5pxSZLTelRwTbPM3K53qkbyynMtM4ZmZSshotCehWw3%2BIByOa0jCVNQVnCDoA%3D%3D&nvMid=82948979022&catId=50001320,https://shop-phinf.pstatic.net/20210218_127/1613615855752sbpKg_JPEG/118015_1.jpg?type=m510,"199,000원",수납가구,수납장,마켓비
16,[희망일배송][헤리티지월넛] O형 수납장,https://cr.shopping.naver.com/adcr.nhn?x=sc3Ind5sazZKSs7VdCyBw%2F%2F%2F%2Fw%3D%3DsOpVscXNucKBedMIsiQ8mI%2BxySv97kw22vf4%2FXm%2FSn5XUUR5Y6z2qmxB0VtMGS86is%2F1PVTj2YA0n%2BkE4GnZyH99%2BKy%2Fm0d%2BgYWHtEf61Jo4hrX7i8ROREiNblWok2%2BM4vSIp2cWTpRwA0n4zBmpTqhQF6b2L6m09%2BBwzsbCpA7uW69f2up3QwvD9BK75%2Bb4%2FjvdxTOdl%2BW8h3PetdP%2FDt7rkDLpImMNOj7Pjv27q983iT%2F3443l0oXGhngxSBTwHBxcI2eBKR2BwG6OGjELcYfwVPzHymsjaFVT2Zgho%2F1%2FIt9ELSj9ZgOwWGT6cXiS3NUJnit2TyE8yh3GxJ0fiPId7cysxGh9fzDQLkVkPMsckVhtF304cbqku%2BsvHJ1G6KzGHcMx58ZhJLlaDEbH8S21zsD5fyZjXwmA%2FJSfFioD7eFNi0Rwx0MTe0%2FHlwm4Bk2t02c2bG9XKGfcJ1fIFGJ4XXLhzcIsTcXG5ng8GmX%2B6LD31sh9bBQ4chbOkZZAwKG7ncR1SDtC0ofVkv32zjpFp5p84GcnTRH8manoFUWmbpb%2FzTFdBO5Z81F80CL3hTK9zjEsPvg0rch223p1n0BzmA6syXAC1yu%2Bo07GtK9%2B%2F1cyzK9os548ksHOmAtMwxS%2BkHUpaBcDPg6PAPP9hDIKoDr6us%2BRKRCOTdsWr9TI%3D&nvMid=82955666091&catId=50001320,https://shop-phinf.pstatic.net/20210223_100/1614038895226wpsij_JPEG/15174783895902809_166015041.jpg?type=m510,"2,200,000원",수납가구,수납장,베이직가구
17,[숙위홈]7007 원목 클래식 6단 서랍장,https://cr.shopping.naver.com/adcr.nhn?x=zVZBZUi9sXbKwt7NFs2Uyv%2F%2F%2Fw%3D%3DsXSah3TDoveoDQgW185ssLmBCCPRqeRdjhaDsF72XgC5u%2BXyUzcTpCRCkJszt%2FXQZph5xiepizvCgWrF1Fuac%2Bsv%2BjB2erv%2BZ%2Brrs5VHOiTT%2Fs8htyn7qbZ155SxFlMX4%2B3vi9DyUIlTdaArIxCrPSBK0lHNv%2FKqr0CbW4%2FZdVgyZB%2B94sJBwoFKBiDvG5OLNR2%2B01NoQdRT7PuNJ%2FyDge42ZI8ThWolmqfw9ykCu3a0wif82r%2FXtdb4EHQEYm8YbunfcsbLuhxNkUpAyRdlO4GDCGkb%2Fv9kEAMggnNLC2yJD4P%2Bj2CVvS6QkrpszyaIoCuwrUM2Vi5bq9fxYHuPhKWAwFmviTAcUTG7yGbbgc9YIqvits7lZnBnOiZ83yaX17xtGyFkhaMzkhWMJXvaZtLmycmXKTIK46GyzX2dPokhSxE05EtkvbersBAB8RyfzRA1C%2FTKDQW2z%2FsaRu771ttX31vefTdpzx8GfXulY4RBl%2FPjNtEni%2Brnu7km%2F6xas7pzbZab4%2FC6jZm%2BR%2BZobD1eQ3B%2FR%2FJkEM3l1ZL%2FWiq4ax%2Ba7iOac8k1zwcgKFW6VEOkTrwdMhmSI410xJ%2FMQK4xbFKWlY6BjdGEaBGgb8vKeSEQFbpgeGLxLL1MexWMw5Hv1T%2FoDPeAT2ZD%2BWCfnsQ%3D%3D&nvMid=82929530473&catId=50001320,https://shop-phinf.pstatic.net/20190201_185/sookwee160_1549009056009EeLVT_JPEG/72316215625909669_1329229578.jpg?type=m510,"847,000원",수납가구,수납장,숙위홈
18,원목 미닫이 수납장,https://cr.shopping.naver.com/adcr.nhn?x=EP%2FpbnSGvqe27R1g85xm4v%2F%2F%2Fw%3D%3DsToZ1WTtnOsrEQMo3uAz3wL4zfV9WZgPVFNomnxxwv2j6eeuUCfGu4X5bnHoN%2BFOWA75Gu3oQfuPOeokCycpcvN9%2BKy%2Fm0d%2BgYWHtEf61Jo4hrX7i8ROREiNblWok2%2BM4vSIp2cWTpRwA0n4zBmpTqhQF6b2L6m09%2BBwzsbCpA7uW69f2up3QwvD9BK75%2Bb4%2FjvdxTOdl%2BW8h3PetdP%2FDt7rkDLpImMNOj7Pjv27q981VRity3hN8fHMvw9NOVNgIBWvG9uqk5F96Df0cG7YaHfwVPzHymsjaFVT2Zgho%2F1%2FIt9ELSj9ZgOwWGT6cXiS3NUJnit2TyE8yh3GxJ0fiPId7cysxGh9fzDQLkVkPMsfa8oMHbg4S9sVN4hH%2BCFuQCGzJ8sk8eG%2FscjHk8Xy4vm1zsD5fyZjXwmA%2FJSfFioDI15ftcTjaOQCb9%2F%2Bmusg1fvb44VEXMLWfuzzBfEc5cpnun0oMUupuF1%2FrNjaK0MYF%2FEX0m5jjbugDgW38cGhqXVde7Czp2VurYTM6osstrldNo2Q%2FMRx5oV82CBiAdcDsBFsCeOCUe4IHeJlccElmVwildQi1XJ%2B0DfgCvluS4lJFQ%2FDehlNy4uV6opZJP%2FxoaKZHilHbuauHUigNM5KA&nvMid=81035751243&catId=50001320,https://shop-phinf.pstatic.net/20180702_70/cjwony1_15304987113844511H_JPEG/53805890987962067_812512662.jpg?type=m510,"290,000원",수납가구,수납장,우드베리
19,쉐비화이트 프렌치 엔젤 시크릿 디스플레이캐비넷,https://cr.shopping.naver.com/adcr.nhn?x=stz7NdnU6VDcZzzoGPE0JP%2F%2F%2Fw%3D%3DsVBRPigQ7xnBLnSx1lmkiROAGEMxR94NskdzUinvK%2B7LF98FKtDNj%2FCBHC6C6olUy0QvMDzf0ITYE%2BRg3di1ImVVd6Z%2BmZ5fvTALbBBPmfKLR71%2BG1mg7pxhejX%2BnHQgTYbirb70T0Yzeze05z%2BknuAxYwi4JAv0NwPJUnH63hOGbuvcwFz30%2Bkh0mxOEIkS8fdx90CtIdY7jMsoj9CXM4M2qpJUNTIl9hFyLyRI0%2Fw%2F5SIbXTe1JejJOoAOQiHaCHTy9Lqi5XIKdnk2MtuuDtVb63pR1LaPyDKznswT74hTDpmNu2Rs3tEPrV0ZTODsbWqyaFa2xLbpwGCJChqMDqtbgkEm7MzQseB4UWQT2EmXTry9d4LEf7V2WS2FsrRvmrzEEp4pMe2EzhjL%2BIPFd0plfqdxYjol7tS5DdxH%2FHAiVkbNNvDd4JnU2dRoTjL9oQ3QZH0myNHNuFj3ko%2BkKGSuyknNNRLWmTkny4t%2BjJFJL944lPwirkKSorcdJBF7W%2Bw2eIHI6CFWDYVqf1BQJzFNj9Sg68zoygLDc1nh5Iuu2m9ddPy5mTaCyXeErGDMo6Hm7THW6Bzxyywn5kXq0tj91i%2FbriIPgSxsgNIoCeZFRMj9DluhZj5yCYnM4S2NC6URJPRW%2FoV0eXJ0Hkzpz7laFndIwdNwuWmKtx1HNSCrUkiyUGZ3FpPHvE7X48%2Bhb&nvMid=82027498138&catId=50001320,https://shop-phinf.pstatic.net/20190501_38/shabby77_1556707554058kwlGA_JPEG/80014713644146612_63618001.JPG?type=m510,"2,275,000원",수납가구,수납장,앤틱쉐비샵
20,이벤트 (머니가 들어오는 마법의 카운터) 빈티지 유니크 청동 웰컴,https://cr.shopping.naver.com/adcr.nhn?x=r57jhgfMWIaVlIbGIc3F3v%2F%2F%2Fw%3D%3DsFoxqyrl2BNMwIJvUUPa1viGOVoRDw0VzE3P5b9ln263%2B8KZA5PkzOjadLMDjUbvaverMvgieAJXn052x9ntqEN9%2BKy%2Fm0d%2BgYWHtEf61Jo4hrX7i8ROREiNblWok2%2BM4vSIp2cWTpRwA0n4zBmpTqhQF6b2L6m09%2BBwzsbCpA7uW69f2up3QwvD9BK75%2Bb4%2FjvdxTOdl%2BW8h3PetdP%2FDt7rkDLpImMNOj7Pjv27q983iT%2F3443l0oXGhngxSBTwH2jXSTokbeJlZTrvF35bOXfwVPzHymsjaFVT2Zgho%2F1%2FIt9ELSj9ZgOwWGT6cXiS3NUJnit2TyE8yh3GxJ0fiPId7cysxGh9fzDQLkVkPMse13qasgMgU7kkdgLYkrNAmrvZal%2BfBLR6%2FjBbj0gj2KW1zsD5fyZjXwmA%2FJSfFioCZ7%2Fq9vWYiWT5axzkxAPTRWbZ71Ff5iBv5vi8%2FkN%2FFAXjNqZ5nREiTqEG8I5XzXVD2uXRFtt2NiHYXsnfWfN%2FOecOu7jkUWckfwZ%2BaN%2BgpyhpNv8kweJcfBL%2BJgFg0LbLoDRV3yHgR57p3%2Fb1cMuVFEAwyyVDFJ2n0JRLA7mfGBd1A37KK6m%2BH%2FulLlr8NaMOQEnZ36C9JAJt59kmvmsqFmwhcON%2B0MK8L81mOHpQh%2FnTBGAzmwa%2BOQLCnQQeo8hoewPnY5jPSOyrkkgpSIsVJhWw3%2BIByOa0jCVNQVnCDoA%3D%3D&nvMid=82944754995&catId=50001320,https://shop-phinf.pstatic.net/20190401_263/ykc1204@daum.net_1554086985454S1Oa6_JPEG/36805844297395005_315391978.jpg?type=m510,"870,000원",수납가구,수납장,모빈스
21,[ONLY] 마켓비 MKB 캐비넷 모던세로 2문 수납장 6001015,https://cr.shopping.naver.com/adcr.nhn?x=LiNN3mhjiraa%2BoFDTy88gv%2F%2F%2Fw%3D%3DsYj5WmJRRBFY8NMEX6fB%2BLbUj5GJCWRZEbjMM%2BJibUZdTT%2Fa12Y97bqf%2F7sdbYu1gz2tR8bPR9NaYs9UPfntCeMv%2BjB2erv%2BZ%2Brrs5VHOiTT%2Fs8htyn7qbZ155SxFlMX4%2B3vi9DyUIlTdaArIxCrPSBK0lHNv%2FKqr0CbW4%2FZdVgyZB%2B94sJBwoFKBiDvG5OLNR2%2B01NoQdRT7PuNJ%2FyDge42ZI8ThWolmqfw9ykCu3a3W2XlUE1OvtuhsSySngqlfQ5UNw9X%2BrZwuNbGY4IgO9mDCGkb%2Fv9kEAMggnNLC2yJD4P%2Bj2CVvS6QkrpszyaIoCuwrUM2Vi5bq9fxYHuPhKcQXmzjplRSn7K7v%2FYgxP9ktytjIPy8NrbsZZT4FJ6397xtGyFkhaMzkhWMJXvaZtEaJ86nye2Iy3a3jRcYIarLe4K7FZ2qdwQaDMujmRVhBp76Dc4cgWMKSktQpMANzd1%2B0G7n1wcYQ1JJpBC5FYfvoRLZKkhVei31lxceNPpBzz36xPoHWSQjMg%2FzuTVr9k2xzBJTgC693AO8Xi3qPuGDJFD2%2B6U4SqiAydlJryHx0PQ12Qq7kN4YEjeW9Wpqa%2FD91i%2FbriIPgSxsgNIoCeZFEcbgYqR622VGGBh5RLrOAjX1RP9amNWcmnL93%2BHomhFaFndIwdNwuWmKtx1HNSCrUkiyUGZ3FpPHvE7X48%2Bhb&nvMid=11546147086&catId=50001320,https://shop-phinf.pstatic.net/20190531_231/ikeab_1559297939540uFozr_JPEG/42016798390648339_505835021.jpg?type=m510,"89,900원",수납가구,수납장,마켓비
22,소상공인이벤트 (머니가 들어오는 마법의 카운터) 빈티지 유니크 청동 웰컴,https://cr.shopping.naver.com/adcr.nhn?x=xdeYGtJYgA8P2%2Fq6%2BCU0zv%2F%2F%2Fw%3D%3DszmcEM3yBfmyD48GZihRjaAlLbqN6UvB4Ca8B4b1LQzwp7tVqohPDo%2FDeWzzkNGU7ZzHZLfprKtyeTucBzSCn8N9%2BKy%2Fm0d%2BgYWHtEf61Jo4hrX7i8ROREiNblWok2%2BM4vSIp2cWTpRwA0n4zBmpTqhQF6b2L6m09%2BBwzsbCpA7uW69f2up3QwvD9BK75%2Bb4%2FjvdxTOdl%2BW8h3PetdP%2FDt7rkDLpImMNOj7Pjv27q983iT%2F3443l0oXGhngxSBTwHSEzjdyG%2BB1S3vzHUc3RaafwVPzHymsjaFVT2Zgho%2F1%2FIt9ELSj9ZgOwWGT6cXiS3NUJnit2TyE8yh3GxJ0fiPId7cysxGh9fzDQLkVkPMscSgxmQ12GR%2F5vZ4I67zzvarvZal%2BfBLR6%2FjBbj0gj2KW1zsD5fyZjXwmA%2FJSfFioAEWPg%2BZ63T6fT0zcsVAChmDLkVUY4LI8DjKxJPeqa1BL40jZ3RfnYGax6MC0YD9dpewindkcJxWZ7eLPpNiO%2FNu%2FRAMJfEkAp1Ea0EL1rkkylswUQq0ds%2BE1d0H7Ho6dAd7FypQHrf6VBAj1URFPiWO3p%2BIZmQI2mBBjicQLOaVpFp5p84GcnTRH8manoFUWldGgipUuQQYCZKA5VJQZOhdzsC6iJnqP6ChVgWpXcT5XnyjbbJr87co4PQT2uBzxK2WJtAHG875AscZZzLj5nW2uW0mNE9bNJTFEUjpVnQx0HQIiXcF4qwUXZ2sX76wW8%3D&nvMid=82949043401&catId=50001320,https://shop-phinf.pstatic.net/20210219_242/1613739257762hHgrM_JPEG/14875085584004936_1121308858.jpg?type=m510,"850,000원",수납가구,수납장,모빈스
23,[희망일배송][블랙러버] I형 수납장,https://cr.shopping.naver.com/adcr.nhn?x=f8ONHVaujKYMiJ2JrZ4yDP%2F%2F%2Fw%3D%3DsbeW3lsptMwlC6jum6hLFc8uuuZ20zd8joPgyhtPpi4p1gJpLwhlcbkhupFdx%2FI%2BHearJb26LmK6WEtcTCVjIVd9%2BKy%2Fm0d%2BgYWHtEf61Jo4hrX7i8ROREiNblWok2%2BM4vSIp2cWTpRwA0n4zBmpTqhQF6b2L6m09%2BBwzsbCpA7uW69f2up3QwvD9BK75%2Bb4%2FjvdxTOdl%2BW8h3PetdP%2FDt7rkDLpImMNOj7Pjv27q9835FHjBKJdI1n%2F24rTMXwoYk807XixAj03C52BeAEqnMPwVPzHymsjaFVT2Zgho%2F1%2FIt9ELSj9ZgOwWGT6cXiS3NUJnit2TyE8yh3GxJ0fiPId7cysxGh9fzDQLkVkPMscAI24LWBrR4TqwV0jnPZOHKzGHcMx58ZhJLlaDEbH8S21zsD5fyZjXwmA%2FJSfFioC1vYN5%2BLs36H%2BH15nJjegCk2t02c2bG9XKGfcJ1fIFGCh2mVM3MDEknLd3WplCZFC9RdvMpOhfw2YMYBgmvHBEkA1%2BOzocWOlI9zMOC5xyBThNjCd8YuPf5FlaMQsj7Sv6Dxa5Ell%2BoXlcKrFE2FqBP3WL9uuIg%2BBLGyA0igJ5kcHaI4TI8Bn%2BVjfu2lW%2BCilGmo2hlEYYFUZV2wECanFBVoWd0jB03C5aYq3HUc1IKtSSLJQZncWk8e8Ttfjz6Fs%3D&nvMid=82935323913&catId=50001320,https://shop-phinf.pstatic.net/20210210_211/1612921738723nI3lf_JPEG/14057581425118700_689221012.jpg?type=m510,"690,000원",수납가구,수납장,베이직가구
24,마켓비 MKB 캐비넷 4문 수납장 9131110,https://cr.shopping.naver.com/adcr.nhn?x=M98CLXDQRBQBZfjJqabt4f%2F%2F%2Fw%3D%3Dsu7F2OAMaZ%2F7pqE7hkx8uEHr50foZ3V5upBpUdWeTVagbJSRl%2FUmAv%2BFL6klMV4Xyd%2F7kzTD9Aw5Hp1PX%2FhRZ8cv%2BjB2erv%2BZ%2Brrs5VHOiTT%2Fs8htyn7qbZ155SxFlMX4%2B3vi9DyUIlTdaArIxCrPSBK0lHNv%2FKqr0CbW4%2FZdVgyZB%2B94sJBwoFKBiDvG5OLNR2%2B01NoQdRT7PuNJ%2FyDge42ZI8ThWolmqfw9ykCu3a3W2XlUE1OvtuhsSySngqlf5n8%2BbjsyPJLvMsz0IkLXv2DCGkb%2Fv9kEAMggnNLC2yJD4P%2Bj2CVvS6QkrpszyaIoCuwrUM2Vi5bq9fxYHuPhKc%2BDg2YCBROGX%2F%2BQ7OcCxTcuH7Xs3%2BIphYkgPtw%2BIJAf7xtGyFkhaMzkhWMJXvaZtEaJ86nye2Iy3a3jRcYIarL%2BQuh9%2BVTsJKw9UCoktVMFQTHm5nQRJhlkyvygO09HdG48I8MJAiE%2BanlrNs4w8T5X%2FoSHQ4YTKlg0Kv%2B%2Boa5xyR7IwfPkKlVBSCunVWDJqNZbwytnCXxiFPMF%2BINANzahEsibkW88cYbRHdWsYOU3gX9qhMztg2YX3DPL%2BgQnXhvPxhsEwZogX6KyiMJ2o1UMhP37Sw5v2TYWWqYZQunaxyAhEKTy%2B0Zvtn8oYxIR0Q%3D%3D&nvMid=11546147111&catId=50001320,https://shop-phinf.pstatic.net/20170929_38/ikeab_1506644927071PDDxn_JPEG/29952106713408135_-817554976.jpg?type=m510,"169,000원",수납가구,수납장,마켓비
25,[ONLY] 마켓비 MKB 캐비넷 8문 수납장 9132030,https://cr.shopping.naver.com/adcr.nhn?x=bkFlxTNrTL2%2Bqo%2BQb%2F7ILP%2F%2F%2Fw%3D%3Ds%2F44%2Fn%2BOOpx1yum%2BICjfbvckaW9GHtVrWM%2BnSUdelxFdK%2BuNj3K9sn328ApZeisFOVdQh%2FBS3GG3xq%2FOj8iBYx99%2BKy%2Fm0d%2BgYWHtEf61Jo4hrX7i8ROREiNblWok2%2BM4vSIp2cWTpRwA0n4zBmpTqhQF6b2L6m09%2BBwzsbCpA7uW69f2up3QwvD9BK75%2Bb4%2FjvdxTOdl%2BW8h3PetdP%2FDt7rkDLpImMNOj7Pjv27q983i5FzvrOnW2QxDgznsV%2BVx%2FO%2BNbTfl0f4npq8UypB%2FvPwVPzHymsjaFVT2Zgho%2F1%2FIt9ELSj9ZgOwWGT6cXiS3NUJnit2TyE8yh3GxJ0fiPId7cysxGh9fzDQLkVkPMsfOKoisJYOMr4kj8QTbvQK%2BOVjM9u7yNMIrMAQhtmZ1i21zsD5fyZjXwmA%2FJSfFioBLVrbDiw7zxHirRSAcaxHE9VXTF9VF2%2F9YCKKC5KXrn%2B%2B9AqzSgUzkgnnimakXxj4W5sbUhtj7J%2BByjEG43C6POS9iq%2BR5EZ6CNe49cVOJH5pquAxwyQ4hEWKu9JORBM9IOxsuqsRJL9hmCv1D4ugbTK9zjEsPvg0rch223p1n0Lx6VmekRk0ar9u8qReeSlKntPuuT78yffFYI%2Bvh7L%2Bco9xnZHj5LmRop2ajL6nerR0cjwVm1BUYVknE7IEMpz4%3D&nvMid=82194745239&catId=50001320,https://shop-phinf.pstatic.net/20190827_146/ikeab_1566863519895rvxK7_JPEG/4225853459234984_1016988265.jpg?type=m510,"269,000원",수납가구,수납장,마켓비
26,베네디르 해리 와이드 참죽원목 수납이 좋고 내구성이 좋은 서랍장,https://cr.shopping.naver.com/adcr.nhn?x=zyCGFyV8sfgy19%2FrXxPNo%2F%2F%2F%2Fw%3D%3DsTNc%2FJFi57FDF8vlz2QlfEJ7iFq1fLzcC5yTUJrrdJbl1XXP3eAWwyT4x7T0VL7iXR9TgKPRXGxbJAuxpsBine8v%2BjB2erv%2BZ%2Brrs5VHOiTT%2Fs8htyn7qbZ155SxFlMX4%2B3vi9DyUIlTdaArIxCrPSBK0lHNv%2FKqr0CbW4%2FZdVgyZB%2B94sJBwoFKBiDvG5OLNR2%2B01NoQdRT7PuNJ%2FyDge42ZI8ThWolmqfw9ykCu3a3O8wUiWuOVPW3%2F49zxOhoOdpKtDKfLpB41HW7oVBdaYWDCGkb%2Fv9kEAMggnNLC2yJD4P%2Bj2CVvS6QkrpszyaIoCuwrUM2Vi5bq9fxYHuPhKcmPYVyhpqbv66UaJ3r1XLCW7CSki8i8Uycc%2Ba%2F7ahyV7xtGyFkhaMzkhWMJXvaZtDNpjAw3N15eSIY19FETBT%2B%2B6sFTdhBBYgKfrH2fmxzwZawab9XoXnCMDe8acGEP66tMgimmkvfVcm6mf9LzQcBrlfNAsyDom8PccBDN7flT6vqj1aQny6rwYN5BxBgwEAVW81EyXnD%2FfqEmo6SQe%2FrsDoUAFCOM9OJj7h4TJUnhx01r%2Bo8%2FETHowmlY00s8Y5OUT3YKGEupXiP7d5%2BJT2pZ4nIiRD0xJ1meV4S5zn312JGcM13VZ%2Bpgc47F4Nvk0jWRBeO5LhjcWBSxQ5cw08anYRXtrFv7BiOiOfiCWlIEgqgOvq6z5EpEI5N2xav1Mg%3D%3D&nvMid=82834972215&catId=50001320,https://shop-phinf.pstatic.net/20210201_41/1612188281096euzTo_JPEG/13324169799580238_416460259.jpg?type=m510,"486,200원",수납가구,수납장,베네디르 가구타워
27,이카루 타원형 화이트 원목 3단수납장 거실수납장,https://cr.shopping.naver.com/adcr.nhn?x=2JiFwLPM6N4w1lsKacoYx%2F%2F%2F%2Fw%3D%3Dsz7B3iOKh6T0udfm2VDBh%2F5unLhj4sh0fu2yZ7uEOAUvQxoeHNnPKgAlX32RT3Au6A1iHrPLwlf6r4f7UibaXWlVd6Z%2BmZ5fvTALbBBPmfKLR71%2BG1mg7pxhejX%2BnHQgTYbirb70T0Yzeze05z%2BknuAxYwi4JAv0NwPJUnH63hOGbuvcwFz30%2Bkh0mxOEIkS8fdx90CtIdY7jMsoj9CXM4M2qpJUNTIl9hFyLyRI0%2Fw%2FeRPeeKJRF4qLnwCjvNbfq4tWNsct3uIIgeNKphJTBz1b63pR1LaPyDKznswT74hTDpmNu2Rs3tEPrV0ZTODsbWqyaFa2xLbpwGCJChqMDqneg4OKRzZC0zWd%2BiASQ9LUk8K4KodtndDTs8eNb3zJvrzEEp4pMe2EzhjL%2BIPFd0pcdcj0DcHLeUc7oUhMVSyNuBQSrmMeo3FoMoCtLAOcuEW1P4nV1Da6HyCRsoBxAhOYyxROGKoxa9UmD%2FAkV2b8S5Wq6cffUHOO007IXV4rLunaCx4qtOundsxcRW%2BtngSZei92KuqY5CHzqQVf1wq3J3kVDuB3hSQpRw%2FH9tcruRIsYX6QeRstek05dOcbK8BI19tsd99tG6Vm%2BM21W33MtRcMZYcRK8CiFp5s4UJKqllHsrnSsdYCueM7auVlIXOR79U%2F6Az3gE9mQ%2Flgn57E%3D&nvMid=82925435979&catId=50001320,https://shop-phinf.pstatic.net/20210204_210/1612426844038OyTza_JPEG/13562732707807888_651796315.jpg?type=m510,"1,690,000원",수납가구,수납장,챗홈 스튜디오
28,"롤리타 콘솔 수납장 캐비넷 3칸 서랍장 북유럽 빈티지 디자인 가구(느릅나무 원목,라탄)",https://cr.shopping.naver.com/adcr.nhn?x=diiHYp0zvmV7t5oQ%2BABCef%2F%2F%2Fw%3D%3Dstz2jqBcuoc50qVOOnOVyFm4DVouqvL4yHu1lNLdoYq94wZ5I6NXbgNW96WyqGa5uUoiXCkEmjHjr9xA8xvw3Wsv%2BjB2erv%2BZ%2Brrs5VHOiTT%2Fs8htyn7qbZ155SxFlMX4%2B3vi9DyUIlTdaArIxCrPSBK0lHNv%2FKqr0CbW4%2FZdVgyZB%2B94sJBwoFKBiDvG5OLNR2%2B01NoQdRT7PuNJ%2FyDge42ZI8ThWolmqfw9ykCu3a16H0Yrsbh3vP3eRgMIL2ewbSgDfQw5Yj%2BOE5wIzfbHqWDCGkb%2Fv9kEAMggnNLC2yJD4P%2Bj2CVvS6QkrpszyaIoCuwrUM2Vi5bq9fxYHuPhKZyu5Dl5nZQpIm95MVoE6fPzFEVizdoYNkkNtNph4tfs7xtGyFkhaMzkhWMJXvaZtHgBQj3P1XISKVVDEGL5Zz%2Fuz%2BheKH9jr3jBYNMaiT22lmg2mT4up%2BEuRU3BdWHqE95sdTJ58L8X1UQZfV2pxnmt6cYc4a9%2FnYGFzAUM%2BYBLnLpGo0XZ1EuewQX11wQC56vDqB8ji128%2BGd7F%2FUJWtYg5gQD3deB1Q0ADIyX9YXmwuu1DosWI30JacNyKR4CebvbD2oHfe2yd7UTNnacwAQIHHhkXQXHvVq8ly3XZb8FClLGSyR5F6VQZxxrXHH5v0lb%2FkUzqsU03BwjZEFNRNdauPZotEsqcWfwFS2P4sHGlTkGdqi7Cvm93S00DcX4vm9TZjqEQTAbFzUBl8432wvhVEAf6wwM5tqtSh0bB5Hx&nvMid=82656148031&catId=50001320,https://shop-phinf.pstatic.net/20200912_154/1599874551308j5Mp7_JPEG/1010450000992541_582066967.jpg?type=m510,"759,000원",수납가구,수납장,생활의 향기
29,KN-540 소나무 사선교구장,https://cr.shopping.naver.com/adcr.nhn?x=bk9h773sHvTZhWKi%2BLB%2Bzv%2F%2F%2Fw%3D%3DssXL2wfG5HiLcD%2B76r9guN91nS0QFceXql6pgNmf8JO6f3AqggMs6jMtjp%2FpflUXSa02%2FaaVIlruQq2MxV4dujbngnxQ7ssMZd09T0OjyjIyc8aXVMDAQlaNV07bsUe8rq%2BQOb%2FNx3UoCLqCZHMs1ZbYBfE4%2B%2BOv%2FNBvIUJEhz%2BdTYc%2B03%2Bp4Ljd5qggyDdpVFaPpT3GE0ITWH6bxL4Btv5mYy%2FcB5zGdeGN0wGdE3MVyXWbofE1ZqrbatTO1KmkWkOoZBTX%2F8dJxUSxFmKrZOwI0LahHngsw6C%2FGBPOvUIWAbCY81f975eS5nfR25FBiP83WAv8GAIoQ0MwLPWeb%2FfXoDllkUy3AHllnXLSt%2BjxSf4bhqxxDp%2FSl2oGBg4XDmEGYN%2BQVmhCLblCVZkxeTIk%2FMn2fF9%2BCOthgQBDulqHdcKGS8K3v9HOi3wvF0Lzm1S8HLfhMePZAyxCg%2BeVCgyxV%2F0bjqr0w0W5xuAJycFBBLjiacDJTUsog%2BObrrKlIe3%2BCYa7mcDaLYocdH3Vkp210m1GPItRZ0pBdZnGo9VzJQGsFuJgAFwF4ZUuEoP%2BoKfN3sDuMBwwLL%2FoYT81ZZFEyGUekvBmclFDW7OPx6p4OEsHC78VBLnFZh%2FnDobeN&nvMid=82194072248&catId=50001320,https://shop-phinf.pstatic.net/20190826_173/namumoa1990_1566799413812lfyCq_JPEG/4160152438735357_1404672149.JPG?type=m510,"315,000원",수납가구,수납장,나무모아
30,KN-543 습식수채화장,https://cr.shopping.naver.com/adcr.nhn?x=o%2BLmiRvlrWyEHRntJupxR%2F%2F%2F%2Fw%3D%3Ds0RO3a3ijJ%2BG%2FF0jS5q93N%2BFfKxBPBl5BnsTZbGE6TAJ8V%2BODJFxPJFW5vfBGbzbZl7f%2BSgwrCSCpzDy%2BepU0AMv%2BjB2erv%2BZ%2Brrs5VHOiTT%2Fs8htyn7qbZ155SxFlMX4%2B3vi9DyUIlTdaArIxCrPSBK0lHNv%2FKqr0CbW4%2FZdVgyZB%2B94sJBwoFKBiDvG5OLNR2%2B01NoQdRT7PuNJ%2FyDge42ZI8ThWolmqfw9ykCu3a0K0w8Jra6rx%2FVy1cz9KC64zU9FHYnDomrokE4DD8YRhWDCGkb%2Fv9kEAMggnNLC2yJD4P%2Bj2CVvS6QkrpszyaIoCuwrUM2Vi5bq9fxYHuPhKZBRMieYZratyQpQVZ7URrOtUdxf3SgjchViLdLzX4aT7xtGyFkhaMzkhWMJXvaZtFto8z2gmPTkp3rxx2P0QgrEiDLR%2FdXsRn3dUoBTeHUsUqbHuXvPfe%2BLgIomSDcl0%2FvnQhc%2BjqQxodF4Vf3Fr83HTWv6jz8RMejCaVjTSzxjjQrdFOg1tjEk29ieUbWa0NbUWmKCwu%2Bg2SMk21ebMRUc5cMP2MjuMGNp35DzjELk9tNSydz8df9HgNfskDHZaAI04ZANGmofJjqFIC2ws32CqA6%2BrrPkSkQjk3bFq%2FUy&nvMid=82225219983&catId=50001320,https://shop-phinf.pstatic.net/20190926_199/15694845018683byK9_JPEG/6846835412177521_1514216967.JPG?type=m510,"420,000원",수납가구,수납장,나무모아
31,[ONLY] 마켓비 STALON 캐비넷 2문 락커 9101830,https://cr.shopping.naver.com/adcr.nhn?x=wfOujkYy9Y4QPlLhhxx8nv%2F%2F%2Fw%3D%3Dsd8CRCfpJpYlx22QRDd7y54x7XrCAvnGnGpaLrI6QbjE1Yj1GtCxECiJRKUzX%2FjzU6THBBJ72ggQcJOr1oq2jcMv%2BjB2erv%2BZ%2Brrs5VHOiTT%2Fs8htyn7qbZ155SxFlMX4%2B3vi9DyUIlTdaArIxCrPSBK0lHNv%2FKqr0CbW4%2FZdVgyZB%2B94sJBwoFKBiDvG5OLNR2%2B01NoQdRT7PuNJ%2FyDge42ZI8ThWolmqfw9ykCu3a3W2XlUE1OvtuhsSySngqlfMMoKtRWR673PFDfmAmbXlWDCGkb%2Fv9kEAMggnNLC2yJD4P%2Bj2CVvS6QkrpszyaIoCuwrUM2Vi5bq9fxYHuPhKUoR%2FepzNXkQf3ly0qIC8jt1zAKF1UmZL4NOxLvz77kg7xtGyFkhaMzkhWMJXvaZtEaJ86nye2Iy3a3jRcYIarI9RPHylScxbzAwZ2pwBnWIp76Dc4cgWMKSktQpMANzdw3yCeb%2Fl3ug9qlmOeW5D47vBr7GKbb0J%2F%2FGbw0hxhu3XXi9%2F5zn2RMSdnkkUhJRERbM6nN%2FiJQfr5OUBsSg%2BpcTasAMJzT4CSzU78WCmRv7tI%2B4ZFDPn5CaCm5nGOdVPYnygIiGgah6oPNYw8%2Bob8vRPuoFvpdLNAe7sXKVC8Fd9FGzZOXYtVfI1DG5rR4ovwau4fTwOUqyF63FjwpQRls%3D&nvMid=11546147112&catId=50001320,https://shop-phinf.pstatic.net/20170612_37/ikeab_14972571118581F4BB_JPEG/20563412484688208_-2029085313.jpg?type=m510,"209,000원",수납가구,수납장,마켓비
32,해외북유럽 심플 360도 회전 멀티 사이드 수납장,https://cr.shopping.naver.com/adcr.nhn?x=tvwM169ytSbmxVJFyqd3F%2F%2F%2F%2Fw%3D%3DsLY1rbBy6Pb9eClYsoktN0oF4ssMvLPEUW59DNk9Ci1js1kUTdLoRGWGCfNPeunk9H%2F%2FX2KCS70GjXdKo7pEszFVd6Z%2BmZ5fvTALbBBPmfKLR71%2BG1mg7pxhejX%2BnHQgTYbirb70T0Yzeze05z%2BknuAxYwi4JAv0NwPJUnH63hOGbuvcwFz30%2Bkh0mxOEIkS8fdx90CtIdY7jMsoj9CXM4M2qpJUNTIl9hFyLyRI0%2Fw%2Fjgw7iPYCu0YBiWIl2k6%2FgMMdP9SA4p8DTWFCKdPuCmlb63pR1LaPyDKznswT74hTDpmNu2Rs3tEPrV0ZTODsbWqyaFa2xLbpwGCJChqMDqlSLuBYSYVn%2F4tR5Sri%2BgfmFpl7pV3LQIrX3NE%2F5w4x8rzEEp4pMe2EzhjL%2BIPFd0uX5Lfecx26Jf8tQdiaZACw64ql1a8pv3RpansIZL9rrTWEuNusMpDmegDgwzut6Dcyrdw3bhNSUacUbDqxe4w1CvO0bNlAJ8WB%2Bp%2BEE%2B%2BJhdiTSZ59Rv1xRMjcSkiJWzCaWyob4rtGfxK3XanqsMrKXWvKMovqTaXlVijzNwt1TRJCd9JiblLguMHGtXKE%2BLAK9NCND5gl2ynwOtfp8DfZePrJObkEyAyeDFIljH2uu9FGzZOXYtVfI1DG5rR4ovwau4fTwOUqyF63FjwpQRls%3D&nvMid=82796518094&catId=50001320,https://shop-phinf.pstatic.net/20201202_102/1606889589869Mn4SF_PNG/8025369378643978_235114044.png?type=m510,"110,000원",수납가구,수납장,마이동동
33,[ONLY] 마켓비 PASAR 2문 수납장 9001650 라탄 CR0007,https://cr.shopping.naver.com/adcr.nhn?x=91NQNjVWNLq%2Bk5qq%2FoGZU%2F%2F%2F%2Fw%3D%3DsvLYQFw6U%2BJ32acW4aeUxGV%2BmWMGzGngwAlEhLR%2BPh9IzHqWX3H9pPDqKLuVWZIeiwgRzfyfEFV%2F2jw%2BrFPimJ8v%2BjB2erv%2BZ%2Brrs5VHOiTT%2Fs8htyn7qbZ155SxFlMX4%2B3vi9DyUIlTdaArIxCrPSBK0lHNv%2FKqr0CbW4%2FZdVgyZB%2B94sJBwoFKBiDvG5OLNR2%2B01NoQdRT7PuNJ%2FyDge42ZI8ThWolmqfw9ykCu3a0LBjO%2B4wI%2BqQ57hgAg5TPJwAROUEv1VrfjW%2FdiJNu1qmDCGkb%2Fv9kEAMggnNLC2yJD4P%2Bj2CVvS6QkrpszyaIoCuwrUM2Vi5bq9fxYHuPhKRquYk55lH0Tyh01Vwt%2BeQrJ31EkMyHDGp15PkzvzUin7xtGyFkhaMzkhWMJXvaZtMeLvp%2FeU%2BOcKLJjwp8bgiYV06D%2Fmbkw9FFx7WBNCKCZp76Dc4cgWMKSktQpMANzd3Mjim8zaNOLuFkokpPZMXXWg9sRNzHRyfpxrOaHF6x7CrTzIkUmkHF7xs4pAPbv4RxRAYiTuZzBZItyHGV9dcp8WqgEaqPbLSZnth5zr%2FIc4pUHx20y5iDcaMwAiL%2BWkKSOpzUI24PrVwuTI%2FjT3bOxwaadUeEq5GpRzWwADIY9%2FRIQ21QKksW9SjXjPSM5sstVYavx%2B%2B8fWZa9SBc8rqM%3D&nvMid=82171526640&catId=50001320,https://shop-phinf.pstatic.net/20181030_263/ikeab_1540884966964IzqSh_JPEG/23516146618081761_387199733.jpg?type=m510,"639,000원",수납가구,수납장,마켓비
34,빈티지 원목수납장 러스틱화이트 38,https://cr.shopping.naver.com/adcr.nhn?x=vBcA7VfXYKDWHli%2FGbph8%2F%2F%2F%2Fw%3D%3DsUxJyqlmTt3pPJFroWz7X5Ol40HZZ1gkzu8TJNtMcOVJ2DDTdbCtWr016%2BMAdmRNnxpUZ%2FeOgFwqZj9ZHATbAlsv%2BjB2erv%2BZ%2Brrs5VHOiTT%2Fs8htyn7qbZ155SxFlMX4%2B3vi9DyUIlTdaArIxCrPSBK0lHNv%2FKqr0CbW4%2FZdVgyZB%2B94sJBwoFKBiDvG5OLNR2%2B01NoQdRT7PuNJ%2FyDge42ZI8ThWolmqfw9ykCu3a1i2ciRB3Nydu8P%2FG5cCf2Yn0A2KA%2FHK83umYzv%2BMgTnWDCGkb%2Fv9kEAMggnNLC2yJD4P%2Bj2CVvS6QkrpszyaIoCuwrUM2Vi5bq9fxYHuPhKXQiP%2B%2BhJB%2Bl2IwE2EfUEn%2Bs9D%2FOBFkL5UkC%2BwJT9a9D7xtGyFkhaMzkhWMJXvaZtPq5MUZY6KZZvPP7rK%2B5kCBQBjkkIFJT0SuGjnO%2BdeYj6UgnAWcRT1%2FfgoxKQunbFq7yYsO89dQBtRfoiUknJanGdVwLv8lP8sLiPVmNUb0%2Fa8e7ICP2shrqOdo18%2Fc9n6pgP%2Btg9YY8huFXmO15%2BQ3xBOm0k0sFJKwJylzB0LTGVtfumBR%2BvDbyeO%2BkmYBTExQPDLGGd%2BMYcX3mwpqXfiCws1z0dDgo82fGKgEJ0aD8xyAhEKTy%2B0Zvtn8oYxIR0Q%3D%3D&nvMid=80413296766&catId=50001320,https://shop-phinf.pstatic.net/20180517_189/tys1028_1526565945019zAHwj_JPEG/49873124656607331_715572102.JPG?type=m510,"284,000원",수납가구,수납장,행복한나무이야기
35,[ONLY] 마켓비 MKB 캐비넷 2단 옷장 7602000,https://cr.shopping.naver.com/adcr.nhn?x=HZOmBngdvd410PKi98UiBf%2F%2F%2Fw%3D%3Ds8oPX82Jgrb7qaDbvTS6hIZdQiOdXoldQQKRmuqT4TNtZyfGtFqNwzoniPGSGX9Fl%2B8RnvUXBiz0H9Ne9%2F59i11Vd6Z%2BmZ5fvTALbBBPmfKLR71%2BG1mg7pxhejX%2BnHQgTYbirb70T0Yzeze05z%2BknuAxYwi4JAv0NwPJUnH63hOGbuvcwFz30%2Bkh0mxOEIkS8fdx90CtIdY7jMsoj9CXM4M2qpJUNTIl9hFyLyRI0%2Fw%2F%2BEVNY7pVDKPWOFzSGHHul3lt5GHBfndXSAf%2FunMuZflb63pR1LaPyDKznswT74hTDpmNu2Rs3tEPrV0ZTODsbWqyaFa2xLbpwGCJChqMDqkarsry5cjyYTGjFDTbosox0a0%2Fu0FMMmSNhmaffIJyrrzEEp4pMe2EzhjL%2BIPFd0l6pD8SPfs68TD3c4ApNwodFGnCy1H%2BGMKRd2iAMoDppZaejbOkvkEGyvwkxiq4GxoznZlHn8MF3wqxcoy081EJBx7xCoHnDmlXI7eX%2BEXHy52dk6tjBDsTHqiRKZcRDM3p3CguvU079UKNisWPDwgnHoZ%2BllwzM6is2PeBfsXjbEOkTrwdMhmSI410xJ%2FMQK1nG2coO8JdsQPWby1mYheUpOaDapMmEYCMPgaVB0Z%2BQ5Hv1T%2FoDPeAT2ZD%2BWCfnsQ%3D%3D&nvMid=82184954953&catId=50001320,https://shop-phinf.pstatic.net/20190819_42/ikeab_15661895535723L4ee_JPEG/3550292206772938_1574996348.jpg?type=m510,"199,000원",수납가구,수납장,마켓비
36,원목 베이커리 쇼케이스 / 제과 쇼케이스 / 브레드케이스 / 빵보관함 빵진열,https://cr.shopping.naver.com/adcr.nhn?x=zDkRG5WuAr1%2FMc8qbhTouv%2F%2F%2Fw%3D%3Ds5zc4FbFjTjHDKd8v4p3Ngkrshapz0viUMGj9IvvNtj7sJs%2BPrwSXddVKqxfizVytrb1UcuJ8S52owxaKmPKm2t9%2BKy%2Fm0d%2BgYWHtEf61Jo4hrX7i8ROREiNblWok2%2BM4vSIp2cWTpRwA0n4zBmpTqhQF6b2L6m09%2BBwzsbCpA7uW69f2up3QwvD9BK75%2Bb4%2FjvdxTOdl%2BW8h3PetdP%2FDt7rkDLpImMNOj7Pjv27q983TY424NE0VNJ%2BEA4HGVmiRzQ5mihlYpbHDqvwwnmP03%2FwVPzHymsjaFVT2Zgho%2F1%2FIt9ELSj9ZgOwWGT6cXiS3NUJnit2TyE8yh3GxJ0fiPId7cysxGh9fzDQLkVkPMscLclPaqY%2FpClN5EdOojXxJbsmPE13cVReLXPpZwnHFQW1zsD5fyZjXwmA%2FJSfFioBwB18vN4QXCS9ne%2FuYzqAcfvb44VEXMLWfuzzBfEc5cr%2FeQQbvGq%2FFAvlp19DyXaDAUS%2BkWgPeHkk7htzoEjrDblvKnxYOieMpnC0VPJXMKzXpjLRREcidIB7g7zcFjuhAculuIBUheHgFI%2F3McZuc0nC85dITSzUXv2I3AuH7rpFp5p84GcnTRH8manoFUWlSp%2BAxOct6FfLx%2Fd2iqcMgTK9zjEsPvg0rch223p1n0GGCVk8JX02I8%2BHupAaa6Fl%2B7Er5MRBWqNCHHpSlhS6aYanNI5OxIzp%2F7EJYuNQUuR0cjwVm1BUYVknE7IEMpz4%3D&nvMid=82276410049&catId=50001320,https://shop-phinf.pstatic.net/20180108_145/bbcc_151542044420837bGz_JPEG/38726408833523320_1643035700.jpg?type=m510,"1,300,000원",수납가구,수납장,브라운브라더스
37,[희망일배송10개only] 미라지가구 C2C 수납벤치-30504,https://cr.shopping.naver.com/adcr.nhn?x=Ag5mrhqGzH7fPrsjZAXN%2Fv%2F%2F%2Fw%3D%3Ds88a5IjAVH2MYt%2BM32gZM4J4GfngmJ%2F2RuZz%2FPgfrKTuEqiWYvM3r1DOCKKRfWR99l0KSb%2Fv7c04UH5LeluNUrcv%2BjB2erv%2BZ%2Brrs5VHOiTT%2Fs8htyn7qbZ155SxFlMX4%2B3vi9DyUIlTdaArIxCrPSBK0lHNv%2FKqr0CbW4%2FZdVgyZB%2B94sJBwoFKBiDvG5OLNR2%2B01NoQdRT7PuNJ%2FyDge42ZI8ThWolmqfw9ykCu3a2t8EBr26yH8uzvjTnMTGCgQ5Cz2a9zzfgttbe1%2BDv25WDCGkb%2Fv9kEAMggnNLC2yJD4P%2Bj2CVvS6QkrpszyaIoCuwrUM2Vi5bq9fxYHuPhKbCrf1XYdE3axstG2JoRTZx%2BPM4h1n3WNFO34ht6b6QB7xtGyFkhaMzkhWMJXvaZtMXlmz8CoiWumF24ZIvFEw8THD%2Fp8SIWBWW67A8r9%2BhnfmhYWMcAKPrX6ph9OCHQhdnoF7jbtPbHLzoWHPTHX9rAK7F4DT3ZakhWdN4Ga3cch2aUZfpTfPBmocVUAklMxHb28l%2B8M4Akh8s36iPejLPnkqarceIjSaTP5pufaX7HIMUuXXzMioxSplzucmWiED91i%2FbriIPgSxsgNIoCeZHrHdaqci1a8L4kyci%2BhU2M1ZcjuyUPw2RWPmZv5EfL41dznR4EhPC6BI08fc6TT2xWkbDrUFJ2hBG8QaB8WVzn&nvMid=82828151007&catId=50001320,https://shop-phinf.pstatic.net/20201227_32/1609078764416PyQEf_JPEG/10214607082407895_1747671333.jpg?type=m510,"250,000원",수납가구,수납장,미라지퍼니쳐
38,[ONLY] 마켓비 LETANTO 3문 수납장 PWM12560F,https://cr.shopping.naver.com/adcr.nhn?x=ThUKijjE9LY40YZgFKOu9P%2F%2F%2Fw%3D%3Ds6UUF3cTxtV8OCeSG2AjJwHqEtU2omvl%2FMCWnNJU3smEXPAfLBvg44ihl8kUyOZ9axFz2KczzaeGT5ihKr57t3lVd6Z%2BmZ5fvTALbBBPmfKLR71%2BG1mg7pxhejX%2BnHQgTYbirb70T0Yzeze05z%2BknuAxYwi4JAv0NwPJUnH63hOGbuvcwFz30%2Bkh0mxOEIkS8fdx90CtIdY7jMsoj9CXM4M2qpJUNTIl9hFyLyRI0%2Fw%2F2prLgK0dVsLgI2BinXyPGrifYqte1CU4oAqpOD8qswlb63pR1LaPyDKznswT74hTDpmNu2Rs3tEPrV0ZTODsbWqyaFa2xLbpwGCJChqMDqvCnbF6UjGlWNNZlVBnXBdagX41sU4TFntDZsdZxTFh4rzEEp4pMe2EzhjL%2BIPFd0jnDSc9%2B63B39TqbWPkCii%2B7yQ5gZk%2FbOb8CgikqyoMKZaejbOkvkEGyvwkxiq4GxodCMI2xubnf3RdFnzk589TvWfKt4Hb8Ya1y%2BbfgnPHUf4GCe%2BO82VZ03YHlHHMgeww25ny90y4vZNK3ySn9jERgbbEZ%2F1RgdGNtawvPQBCpgX9qhMztg2YX3DPL%2BgQnXmZxdOswLCxHjM0yg9lG9b6%2FZ01x%2FrwC2cVeBdRolNV0xyAhEKTy%2B0Zvtn8oYxIR0Q%3D%3D&nvMid=82170376555&catId=50001320,https://shop-phinf.pstatic.net/20200113_240/1578882124077bS8yq_JPEG/16242862709926165_1022063134.jpg?type=m510,"189,000원",수납가구,수납장,마켓비
39,우드유라이크 블랙 8칸수납장 TV거실장,https://cr.shopping.naver.com/adcr.nhn?x=jDGLtICjWh4UXaOkNp4xev%2F%2F%2Fw%3D%3Ds7FDZgE1mr7bbO6o548iin6%2BlRfg6%2FvZGE62Uz446H776eeuUCfGu4X5bnHoN%2BFOWBXOLZS8HwbM8g7zlCQIZhd9%2BKy%2Fm0d%2BgYWHtEf61Jo4hrX7i8ROREiNblWok2%2BM4vSIp2cWTpRwA0n4zBmpTqhQF6b2L6m09%2BBwzsbCpA7uW69f2up3QwvD9BK75%2Bb4%2FjvdxTOdl%2BW8h3PetdP%2FDt7rkDLpImMNOj7Pjv27q981LnVEaFYhUONRBvk5WSlCQ4VSaYq6Cc5IVCold2D3nHvwVPzHymsjaFVT2Zgho%2F1%2FIt9ELSj9ZgOwWGT6cXiS3NUJnit2TyE8yh3GxJ0fiPId7cysxGh9fzDQLkVkPMsf41DzZ6GNmw8VbfFxc7vAippafhonZEsUy1Mx5F2Yyh7%2FTd2dCfNEFqj3qESAKpUNlaR7pSKQpXnomwCJAg7vn1mapgDKnhWkb12GK2vBDAJ4LU5uG5eQftg4LH5NCGnX3Q1M3Uatn8WwtPXKSzpdp199ipD247WoUJv%2FwL%2BsnnSaWyob4rtGfxK3XanqsMrJt9C04vjpu5Dd1R4alh%2BRbRJCd9JiblLguMHGtXKE%2BLFOhyztE7h0v0aeer6udeBTlduCBnrn0UUgFatjLxrbu2uW0mNE9bNJTFEUjpVnQx0HQIiXcF4qwUXZ2sX76wW8%3D&nvMid=11546224804&catId=50001320,https://shop-phinf.pstatic.net/20210105_158/16098286076148mBEL_JPEG/10964453199672328_674025688.jpg?type=m510,"780,000원",수납가구,수납장,우드유라이크
