﻿,pd_title,pd_href,pd_img,pd_price,pd_c2,pd_c3,pd_mall
0,원목 코너서랍장 러스틱화이트 136,https://cr.shopping.naver.com/adcr.nhn?x=%2FPfNhCoeIZ0pxk5f7i%2F9BP%2F%2F%2Fw%3D%3Dsdi4PTsJUSpKiTTFDrm9pGPHd0Dq80RhwLQpDxQtdal3clys9WnR6yVv1k0QvNSAy2atBDJ5eitwjjBNQcNjPKLd3schEtTDDYxM%2Fl3vPFvmw%2BhTpRjkZCtk03LO%2Fs8r0FaPpT3GE0ITWH6bxL4Btv5mYy%2FcB5zGdeGN0wGdE3MXKk8FzOkp3el%2F%2F5IbWa0Tg%2BoTQHLeOWDYN2EBt2yXP2QI0LahHngsw6C%2FGBPOvUIWAbCY81f975eS5nfR25FBiP83WAv8GAIoQ0MwLPWeb%2FZEI19IIra1Ehj%2B3k%2BKwGOQWVmy3llwisHn8AZ5BLXqkmEGYN%2BQVmhCLblCVZkxeTLZPz4Jl3fp08W9VLvZsz%2F7dcKGS8K3v9HOi3wvF0LzmSqILYuTrBa%2F%2BhximdzpstvKi11ZVToFC%2F%2BE0S140kCLAV1bCaH9bu34Y1Sium0C5Sofsxx50WjZyYjvMxoVp5qE1WensX%2BkDXCzoP1qMUKp3OwLqImeo%2FoKFWBaldxPlhIpiWE21NWI3esPUMlFIcSgp6wUfkQZQ7ETSeaUtso30UbNk5di1V8jUMbmtHii%2FBq7h9PA5SrIXrcWPClBGWw%3D%3D&nvMid=80157652018&catId=50001329,https://shop-phinf.pstatic.net/20180328_287/tys1028_1522244797821uDUvx_JPEG/45551977453452249_1721439140.JPG?type=m510,"288,000원",수납가구,코너장,행복한나무이야기
1,그랑블루 내츄럴 3단 코너 수납장,https://cr.shopping.naver.com/adcr.nhn?x=JiRX%2FChpU7avc6QK4z8gaf%2F%2F%2Fw%3D%3DsfEqTAlcP0EeY5J4THI4JSCfABUAc%2FOgSslaWuqqNXvgF9TZRyPHhKGx%2Bj15QWMOfQbekQgLfqYbDCombMo10UhKfK0zUA%2BqLe8wpZe5vO09pY%2FgjIIWY8vzIQKRuT6EyjvdxTOdl%2BW8h3PetdP%2FDt7rkDLpImMNOj7Pjv27q981LnVEaFYhUONRBvk5WSlCQhwEU5eBGkj%2BQjQGuqm5z4fwVPzHymsjaFVT2Zgho%2F1%2FIt9ELSj9ZgOwWGT6cXiS3NUJnit2TyE8yh3GxJ0fiPId7cysxGh9fzDQLkVkPMseMCEFfis7Dgmm8tsdErydqppafhonZEsUy1Mx5F2Yyh3Oqhq7d4I3tFLp1M7M2m%2BTiQfzXEQ2%2B4u3RyFzMtbzSi3DDiRAqGl7SpdK779cw9i01Ss03KmkWJcUzfSEvlBA%2B55VDqvh3WYCbBXD%2FSfnlJl6L3Yq6pjkIfOpBV%2FXCrRv9zD%2Fc4qyzyf%2FxzMdzGiW%2B4pRs6jm5EwHSOd%2BG0w7eEOkTrwdMhmSI410xJ%2FMQK1Q0c8oGwh46SxcfneUfTXe%2FCG7hUMzs36BF6kml6HyexyAhEKTy%2B0Zvtn8oYxIR0Q%3D%3D&nvMid=11546228095&catId=50001329,https://shop-phinf.pstatic.net/20160307_231/showindowCommon_1457340244440FbGJI_JPEG/21190261030321995_1189156743.jpg?type=m510,"400,000원",수납가구,코너장,상품만 보기
2,[스칸디나비아] 바네스데코 수건 서랍 원목 수납장,https://cr.shopping.naver.com/adcr.nhn?x=khiGewuwB3bIyYlzfJCSP%2F%2F%2F%2Fw%3D%3DsFu94f1y1DVStDLFs6Xo%2FK9eN5Q%2BIfE0Ej%2BVAJT3Y45AFoJAwZAnN2J53c5X2SPf5xoK9Bd6RuF%2Frw8Lj0lc9wSGHZP27bFcExCL7HDH1Jdq%2BCRwflX4rBaGgkm74YTYofdx90CtIdY7jMsoj9CXM4M2qpJUNTIl9hFyLyRI0%2Fw8Iq9PUiGMe2wU7dpdX%2FY7disyouZssyfwJPle4O9hgUFb63pR1LaPyDKznswT74hTDpmNu2Rs3tEPrV0ZTODsbWqyaFa2xLbpwGCJChqMDqpMl7aUIad0rqLtXvn5W89zDIS5ORK3%2B5dJaERKQSWROrzEEp4pMe2EzhjL%2BIPFd0tQWYc5uePbcCO4TBlFc022JK7YbqLD%2BuLA4YJBK6xGlL%2BBF9%2FJ6HHPGFB8zWBwL1Jtp1Qpq5vf9HR0qlXHt1He4qqqk9Zi0EI1Q8e8XbfT4eNG7cSVbzys3GiErk3fVpts%2F0Sduq7s%2F2aFOaT%2BnB5OmA0dInEhl7713o%2BsocxkGa3uABLkJZEDbgfHWa7y2V52Rvw80%2BICaurbrL9C%2F2a1iW6KQacDnx6kRSuxBBw7fXEz3HeBZ9E8byOE6oVA%2F5%2BESuOcYxQ3JU%2BoZIO3PujEOEsHC78VBLnFZh%2FnDobeN&nvMid=11981275732&catId=50001329,https://shop-phinf.pstatic.net/20210305_147/1614928238835r1vFH_JPEG/16064137475976948_1690398690.JPG?type=m510,"129,000원가격비교",수납가구,코너장,우드유라이크
3,마켓비 JAWAL 원목코너선반 4단 WFR133B 대나무,https://cr.shopping.naver.com/adcr.nhn?x=hi%2BtihvE9M9xpDopXxXOn%2F%2F%2F%2Fw%3D%3Ds11z%2F2yRsjIlUi3zLw69OO11uMvHR3TUdw0em00krfLLdwNUrL3SFvU634rs3jj6Wt5JVA%2FkLqTeeWbN8X%2FyiIS4we2A9taIEL%2FpM0hl5bjB17A80DD6lpfRiLFjAiNApR2%2B01NoQdRT7PuNJ%2FyDge42ZI8ThWolmqfw9ykCu3a3W2XlUE1OvtuhsSySngqlfsEHb6RICpBovIFC6vphGLWDCGkb%2Fv9kEAMggnNLC2yJD4P%2Bj2CVvS6QkrpszyaIoCuwrUM2Vi5bq9fxYHuPhKclKRmyPGEolKGGuWDz3sErAas8sF0R%2FofgqdPix8GE%2F7xtGyFkhaMzkhWMJXvaZtNqozHYMAD95rkDkdEkvsPqH%2FlYSt4cGWGWduGKq0nkmQTHm5nQRJhlkyvygO09HdHvqaaK7IOwdJTrhmIGEOV%2BRyivHTLq%2FZyWNlYVRGVp0t5jMFvqxAdhPpLYAbXr3D8USIns%2BDgrzz5Mswrt9mCl6GQvsPU8jwNHSuuH%2FMUkkebx7OJnZvFKuJno0CVHstNOmfa2nIsgizGh0UaWnp97Z%2BHw%2FriHgVOwwagMVoFVCFTN2QUNNxl39XzGndE7JJVaFndIwdNwuWmKtx1HNSCrUkiyUGZ3FpPHvE7X48%2Bhb&nvMid=11546147186&catId=50001329,https://shop-phinf.pstatic.net/20180327_147/ikeab_1522145677152CThry_JPEG/4864535999902320_878341819.jpg?type=m510,"39,900원가격비교",수납가구,코너장,상품만 보기
4,[3월 29일 브랜드데이 SALE] 삼익가구 샐리 라탄 원목 협탁 코너장,https://cr.shopping.naver.com/adcr.nhn?x=UzhasZKtfX3cZy0hu40JWv%2F%2F%2Fw%3D%3Ds%2B8tRSt3WDgy0oztbHKt5WcU3mOjEbkw2OdTtWIhnLDIj0e0%2F9Ps8hLoP%2Fqto5OFKP6aPuDu0Hu%2BpTsAYQ9Znri4we2A9taIEL%2FpM0hl5bjB17A80DD6lpfRiLFjAiNApR2%2B01NoQdRT7PuNJ%2FyDge42ZI8ThWolmqfw9ykCu3a0F5WiAuyUBI%2FQNeEAsfnNpdJb9TVmF3%2Fnxo%2Bn6mc%2F0BmDCGkb%2Fv9kEAMggnNLC2yJD4P%2Bj2CVvS6QkrpszyaIoCuwrUM2Vi5bq9fxYHuPhKZsZE0BAwhWzz3LayDEwCCHTqTewX%2BgD6JxQZSUNvHCd7xtGyFkhaMzkhWMJXvaZtPb2HVSf9lSZ%2B8jwzduTdOWZeAzuY6Gyf9saJ6rxduGaDc7tpPERNus%2BBy0hMzXhh1DdqU8XcK8ilLwtXjJzZVn5EOoZgkJcnYBExyb0bXFq4FraK2rj8bObiJ4MsDYl%2FIuSDJE6WS8DqlC8mKesGQif%2BoESBvrD3fdy2KVjclvKlvGpEZB4pXscWJDhMQE3EUsiSKr4ZqyDOVZ%2FSPZcwXfRK7wYSsSurr1XSAnLfrepr3zj%2FA4wrW7wYPvKlyKhxOIpTGoEIMPi%2BBLf1GSHlJnSmQ%2FnT%2B8xLgCm12Ve8dyiaGimR4pR27mrh1IoDTOSgA%3D%3D&nvMid=82744559941&catId=50001329,https://shop-phinf.pstatic.net/20210325_294/1616646002375yGJu1_JPEG/17781891081701128_618121617.jpg?type=m510,"119,000원가격비교",수납가구,코너장,바네스데코
5,원목 코너장 모서리 책장 선반 틈새 베란다장 수납장제작 베란다수납장 안방 다용도실,https://cr.shopping.naver.com/adcr.nhn?x=OHYAZYeMxnyhlEL0hDpVlv%2F%2F%2Fw%3D%3DsE07pGdaPpckLk3AlYwhojfCF2ampZGwSXT5eCUNtyXkl2cr6FGAQPgHadWpRKHzoHVVuE2wXALv2MAndUK6BiC4we2A9taIEL%2FpM0hl5bjB17A80DD6lpfRiLFjAiNApR2%2B01NoQdRT7PuNJ%2FyDge42ZI8ThWolmqfw9ykCu3a033PtXfwJGpPK6xayuew5tKEY1PnYWfITRSMHBOzwSRWDCGkb%2Fv9kEAMggnNLC2yJD4P%2Bj2CVvS6QkrpszyaIoCuwrUM2Vi5bq9fxYHuPhKQBkgYflGzxI2rofK8MokpdiPXgCrSDD71bzRRNsXuhR7xtGyFkhaMzkhWMJXvaZtIOkHYn6aKnNVzAS2yY%2B%2B%2FflAOkLtuPS95f%2FduraQJ7qK%2BOblMEUkYR5Aa2r1ysQcfXnq2HvGiaXsdsl%2FalCy9KGtByt120PTR1xahTy17XKCjJ2YcCs4yGRlH02%2B0wg5pFU1VZavLNjI0BaEkSue250Yd%2FpZCp6Vqd0Pgl2RAAsx2ID9wG%2Bn6yZcxVgpXZIsmjvZz2%2Fa3WF82W9lfUvlhNJnF9nQtqyfb3ZGXtm7OOmOYDpak7D%2FFeRkx57zyAl6pi4%2FJ3WwERTEYzeaep63MVnErpGXmzQYomJjQa%2BnpO2SxlMC1sejGCVr%2FcTxyJSJNTvStztSIEg%2FSi3LBxEb1aFbDf4gHI5rSMJU1BWcIOg&nvMid=82449406078&catId=50001329,https://shop-phinf.pstatic.net/20200502_168/1588396569254Lw7My_JPEG/25758902829586404_1070629317.jpg?type=m510,"47,000원가격비교",수납가구,코너장,상품만 보기
6,마켓비 SCALAM 책장 1x4,https://cr.shopping.naver.com/adcr.nhn?x=2JMTO4YYG7Nih8NqmWaiCf%2F%2F%2Fw%3D%3DsaJXraTA0wZPJboM21yS8wlH15O22S3NAt7O%2FRi1RaNNWyJhs6m5%2BdTo1b7Z%2BuKPhieYw%2BH1%2BikwSscFYLQQYSi4we2A9taIEL%2FpM0hl5bjB17A80DD6lpfRiLFjAiNApR2%2B01NoQdRT7PuNJ%2FyDge42ZI8ThWolmqfw9ykCu3a35pzZ7gd%2BJcN%2BR0R0Em%2BjznJ9cRTUIak%2F35ZponJQnjmDCGkb%2Fv9kEAMggnNLC2yJD4P%2Bj2CVvS6QkrpszyaIoCuwrUM2Vi5bq9fxYHuPhKVS98y9pO%2BAkMnZ%2BoLC%2FGHfleVryeEET8M7itxSkO%2Byj7xtGyFkhaMzkhWMJXvaZtFJqGvSxe%2Bn%2BlQi0TbK5W5jPYNohPLAzmlIN049po%2BvhQTHm5nQRJhlkyvygO09HdAZ30%2BdTZefpiVlY5C0rJJmwXGY9ZYEVgSpFNB3jdzLG%2Fq5AwpJuojx0DLqXJVaCgCx%2FIzBrsI4W2PBY51y1qlFJW%2F5FM6rFNNwcI2RBTUTXZ2BD6En4RoyPfWVRrECXBQnmXvIRtg5BEBrnrgzPFR9vU2Y6hEEwGxc1AZfON9sL4VRAH%2BsMDObarUodGweR8Q%3D%3D&nvMid=82191080695&catId=50001329,https://shop-phinf.pstatic.net/20190823_79/ikeab_1566544926697KT5MG_JPEG/3908315254106836_1559240625.jpg?type=m510,"79,900원가격비교",수납가구,코너장,마켓비
7,파파브라운 A코너 테이블 (브라운),https://cr.shopping.naver.com/adcr.nhn?x=ztQLTRb3QCm4H8eyAAimM%2F%2F%2F%2Fw%3D%3Dsf51LdY04J0co%2Bp6hF8JhdplsYvtfYs09vLuwuTcCnEREP%2FMBN8S0jhQmRNdor8%2BRZq2%2FGYY3HoGaAnzsfwDsuxKfK0zUA%2BqLe8wpZe5vO09pY%2FgjIIWY8vzIQKRuT6EyjvdxTOdl%2BW8h3PetdP%2FDt7rkDLpImMNOj7Pjv27q981LnVEaFYhUONRBvk5WSlCQqmld8au8KtzndQrntwNmefwVPzHymsjaFVT2Zgho%2F1%2FIt9ELSj9ZgOwWGT6cXiS3NUJnit2TyE8yh3GxJ0fiPId7cysxGh9fzDQLkVkPMsfUItAIGz%2FgFJSn%2F%2BWJyIR8zAp3CdpbARnaMarW%2BkKIuHOqhq7d4I3tFLp1M7M2m%2BQ%2BIL5jsycoU3d5SnXIXrq66O2rLXMmqOZthePVyyRhup5llBt4zoXtm87Kk9pDX04MkeWkCQcyrna3dWo%2BTssjVVRkvzvPHUalz%2FYQoIBRXUelePrFoFp52hHRD%2BVZ3U2wIhRarFtY1BicSUJdQ9vSZifYa3S594r%2ByAMNhq0%2BnVsjXhBUbACCn2qlWsLXWyh%2FodVvylT4BjQ%2BtjKi9BG6cTFQjm%2FgGCSL7GQP%2B%2FceLYKoDr6us%2BRKRCOTdsWr9TI%3D&nvMid=11546896366&catId=50001329,https://shop-phinf.pstatic.net/20161206_274/showindowCommon_1481032396562zGijr_JPEG/44882413158142919_-1917285744.jpg?type=m510,"59,500원가격비교",수납가구,코너장,상품만 보기
8,[까사미아 CASAON] 라이트핏 드레스룸 코너장700,https://cr.shopping.naver.com/adcr.nhn?x=I3EOm3Pn2kh1%2FKEDXYqhcv%2F%2F%2Fw%3D%3DskY8Kz2pvFPem41qhkxsc1sKse3By%2BD97wZVbYvQQtwWkO2v2Tz2Ms6Dkm5y7%2BQOKpB5OZuAKGtBy1hz69xOi7SGHZP27bFcExCL7HDH1Jdq%2BCRwflX4rBaGgkm74YTYofdx90CtIdY7jMsoj9CXM4M2qpJUNTIl9hFyLyRI0%2Fw9kSa9uWVuzmV6a0TPoqXYqwOyEY7HAeYQv9Tib5P5VTVb63pR1LaPyDKznswT74hTDpmNu2Rs3tEPrV0ZTODsbWqyaFa2xLbpwGCJChqMDqpFRCdyKJl45p6fGl8vmEQCMoB0J86EpjpjmcXUwiDkcrzEEp4pMe2EzhjL%2BIPFd0n8zo0leIz9Z2RkiZiyUlWGeYwtKKfIQBmHxopJAdsPnh64a6Mw3QsFWPQr%2FHj%2BBmWqH7mFRTKRH2jmYsF1IHo2uIKsfl2yS4Sf46ai1ieZ6D0xrhyF8MKCJdwUkGvkkvoNkvqxOrPOZncypEi2mNtjQ2%2BEy2gHbXDrRSlC2Ej3eQMMUtK2pqcHCburtY757vuhtxyhgP9mg6MFHQYHHZhhYjO97qIDk5mL6g%2FEQdNUsRRHgS65ittPIAwK6%2BBaoGVdznR4EhPC6BI08fc6TT2xWkbDrUFJ2hBG8QaB8WVzn&nvMid=82095068362&catId=50001329,https://shop-phinf.pstatic.net/20180117_8/ncp_1nljv8_01_1516158587773ggaH9_JPEG/2405896974795752_1466966629.jpg?type=m510,"260,000원가격비교",수납가구,코너장,삼익가구몰
9,더 갤러리 홈 앤더슨 컬렉션 코너 테이블,https://cr.shopping.naver.com/adcr.nhn?x=3r8ijYfdGHc9g8E3uyQqIv%2F%2F%2Fw%3D%3DsGcuRLqBeDuMnZhP6QWn2EGhZcJoNxFeTF7bEXHtMs5MCe%2FWwQZHDPTMSMsyziG12Y75BcEuaInI%2BXJ%2BusPCTDi4we2A9taIEL%2FpM0hl5bjB17A80DD6lpfRiLFjAiNApR2%2B01NoQdRT7PuNJ%2FyDge42ZI8ThWolmqfw9ykCu3a03K29TtS2KImX3WevjDU%2BqlMavfDtm3BUUUsjsMkJuf2DCGkb%2Fv9kEAMggnNLC2yJD4P%2Bj2CVvS6QkrpszyaIoCuwrUM2Vi5bq9fxYHuPhKYT1w%2FqNfVtqO36JiCFT5%2Bh4qbkMFgVPCM5fFppxwhxy7xtGyFkhaMzkhWMJXvaZtCuvSQKdpL00NSFJGTjEwbTfeqAzl6%2BZ0T7rvP0QMCisiw0XlCdYYp7O9r9gHuegnSOohBjRXF6PuUazVfKlhr8ycYM9iVKhBUddetedIySYBjikM%2Fz62Q5UB8cwmoeCHPtgAb0n1J01thgtMEzcqLPZY2ol6do8ORZH0lu7cMPW%2B4xu9qlLCUOE%2FKpOf%2BBLJwfQtqP32cwzYnJAit2CjvUK0xAil%2BUqDqxtN7JVpjw%2BCbDsUyDmRktNZA%2FjSBOth%2BR79U%2F6Az3gE9mQ%2Flgn57E%3D&nvMid=82152235358&catId=50001329,https://shop-phinf.pstatic.net/20190722_140/mrmattress_1563783715769pHlHS_JPEG/1143550320251023_1612539317.jpg?type=m510,"756,000원가격비교",수납가구,코너장,상품만 보기
10,멀바우 루체른 장식 원목 코너장,https://cr.shopping.naver.com/adcr.nhn?x=pGdlsSfBxZDJMCEEGqpWt%2F%2F%2F%2Fw%3D%3DsQRL1gyYfjR89q0hi61oNuqIfmtRBw7PZvYynlRETY1mdYxRLfjrlQGXmvlVPtMBgEAp0tzVckMEsWzNR%2Fn8Pti4we2A9taIEL%2FpM0hl5bjB17A80DD6lpfRiLFjAiNApR2%2B01NoQdRT7PuNJ%2FyDge42ZI8ThWolmqfw9ykCu3a0BBXI0TeaYqM%2Bvny6nuqp4meo4aDayW6IvKMUYbyJH%2BGDCGkb%2Fv9kEAMggnNLC2yJD4P%2Bj2CVvS6QkrpszyaIoCuwrUM2Vi5bq9fxYHuPhKQBkgYflGzxI2rofK8MokpdjYLADfVUgfd3rtCt%2FeUNS7xtGyFkhaMzkhWMJXvaZtIcJG%2BBDBwOnKT5nmy2Qw21KbFWcL8mZoPbD2ZyN2XndvuKWgRfIO8mgDMrfeIIki%2F4V6MrCzl970Lzc8OOXkYIo44CM96RakDK%2BUimSRgrBIJbnhNb%2BtUe2TOh908AfYf5P972JQgPUj1SwENXbVaoQdQyuhH34pcZKHr7s34xAtI%2B4ZFDPn5CaCm5nGOdVPUCAOOfumbQD08zN0A2sRbRxG6F6mEkTXVVRvvrAHJhe9FGzZOXYtVfI1DG5rR4ovwau4fTwOUqyF63FjwpQRls%3D&nvMid=11980499826&catId=50001329,https://shop-phinf.pstatic.net/20170801_264/choisyno1_1501574327913Qeczq_JPEG/24881487526651708_-1507228688.jpg?type=m510,"350,000원가격비교",수납가구,코너장,에이몹(A.MOB)
11,통나무 화분대,https://cr.shopping.naver.com/adcr.nhn?x=1wlwAsaqvk9SUfQ6AKO3K%2F%2F%2F%2Fw%3D%3Dsv0u7ocNNT7TxjUobXS%2BgynmAKBKVgA3vTdHyx33EzAHm1Jua4myFLzfPIQAl3Zk6VLfreTHUGqWVnxJJXSimAS4we2A9taIEL%2FpM0hl5bjB17A80DD6lpfRiLFjAiNApR2%2B01NoQdRT7PuNJ%2FyDge42ZI8ThWolmqfw9ykCu3a0F45uvUcwqOoC%2BUn6Tf%2BlDEX2c2EGD2lTgjgz%2B9XuhbGDCGkb%2Fv9kEAMggnNLC2yJD4P%2Bj2CVvS6QkrpszyaIoCuwrUM2Vi5bq9fxYHuPhKVK%2B5MBsuAzB%2BbJVfKelJAW2e82UDTKU%2Bf5%2F4scA4M0d7xtGyFkhaMzkhWMJXvaZtJ3y4JcQSKkmHvBVyt2hehi26k0yV62OV6p%2BAlLevCii0VJpIbo6S%2BaR3QNT6wW%2BgZ0pK%2B72HxoGplf8PbGVIUsK1Az%2BzF4%2BGKlq5yfdMubQ4VSa5uwdsgix8MFDePNBIkvtJcCG662MqHrK5s6NkYsicpre9IWK1MK%2B5Xlr9es%2FB2lp95KdrdDC0yL4uH3QFQmeAixczthzb7skD1eAVfBoaKZHilHbuauHUigNM5KA&nvMid=80133948650&catId=50001329,https://shop-phinf.pstatic.net/20180317_75/sopumstory_1521295212817gsKgm_JPEG/44602372425653319_458756854.jpg?type=m510,"149,000원가격비교",수납가구,코너장,상품만 보기
12,원목 7단 줄줄이 서랍장,https://cr.shopping.naver.com/adcr.nhn?x=kMsgbKCJz6J62W0W4xSf9%2F%2F%2F%2Fw%3D%3Ds1DuzdIiAK27cYKEj5NpKiMFNle8Z4JPdncQBaml5Uh7oF%2BQpxtnACzpPmhFet4oVcM3ZXy2KRSX5UxdBJ7V1IC4we2A9taIEL%2FpM0hl5bjB17A80DD6lpfRiLFjAiNApR2%2B01NoQdRT7PuNJ%2FyDge42ZI8ThWolmqfw9ykCu3a33VptFvB5rZ2gvIq1JaBtaqsX0YMlhszRG4%2BLaSitHXGDCGkb%2Fv9kEAMggnNLC2yJD4P%2Bj2CVvS6QkrpszyaIoCuwrUM2Vi5bq9fxYHuPhKSVOZbd9ZBquZS0QoLaHZNN1lxa7T4hQzX8%2FCXFXFxAz7xtGyFkhaMzkhWMJXvaZtDvcPGgvzU0p2u1kVgvGyKw7W1xoUN23dudCLEw3Gq5MciBTak6JB6pXiPp1ZurHSDimqrGhifFEqEvUk8K91RalneaAiSzfLqfDdaL1sM4%2F%2Bh2QkUEqp7shB6hy3h6AXSVuzqoLjRrwKpAO18v7kfvW1FpigsLvoNkjJNtXmzEV3j0RdM%2B1p%2F5lzfMbuBsfCx9MoGID%2Fif9B%2BRnY9B6Pk9CG%2FsR%2BqtRm25DwsAfvPvqgqgOvq6z5EpEI5N2xav1Mg%3D%3D&nvMid=80090004313&catId=50001329,https://shop-phinf.pstatic.net/20180311_102/sopumstory_1520771978663apTBh_JPEG/44079138279200116_296593689.jpg?type=m510,"270,000원가격비교",수납가구,코너장,마켓비
13,프로방스 키큰 원목서랍장 176,https://cr.shopping.naver.com/adcr.nhn?x=Ik0LIye7251FTwPv1bv3Wv%2F%2F%2Fw%3D%3Ds0RckvS3mMPKIMXYU2%2Bet65HpZJ%2BqXv1uhLlazBo8axJzIGFrlcaBey2OkirYJkLQGpHGLiMR3%2F96aExR7MOjlC4we2A9taIEL%2FpM0hl5bjB17A80DD6lpfRiLFjAiNApR2%2B01NoQdRT7PuNJ%2FyDge42ZI8ThWolmqfw9ykCu3a0OEnfZVx0wuETW5nIHIlq4OZaD9l5qCLcmEemYp2SfR2DCGkb%2Fv9kEAMggnNLC2yJD4P%2Bj2CVvS6QkrpszyaIoCuwrUM2Vi5bq9fxYHuPhKTFtFncTzG%2BZq1JvKRl3vOPTYQMKl5PmK6NuixZ5nUfR7xtGyFkhaMzkhWMJXvaZtLOAYUOkE0g4Lgg%2FaBz97u1FYi9eGH5TXceUdvfz%2FhKmZcT89wiqJjK6gE%2FEjTuSBC5G9045KLqu%2FxOgHTKrRTSbNTViaGJpZ41XH9GxrLAgnQGOVvadMJmJThv%2Bua8ioNx1qrjYhSMoFZsFBFqJMWQlxoJJsuXcjKcoyUwdSRuyP3WL9uuIg%2BBLGyA0igJ5kbbBoi0Y%2FJYVmsbbBbGSsPMc8Jl90Z9g4KDMwbDLfP8zV3OdHgSE8LoEjTx9zpNPbFaRsOtQUnaEEbxBoHxZXOc%3D&nvMid=82056096922&catId=50001329,https://shop-phinf.pstatic.net/20190517_27/tys1028_15580441976664LNHg_JPEG/81351377302617054_1030127386.JPG?type=m510,"424,000원가격비교",수납가구,코너장,상품만 보기
14,소설가구 라인프라 코너장,https://cr.shopping.naver.com/adcr.nhn?x=0al7ACbjKL33FR6kY2UvqP%2F%2F%2Fw%3D%3Ds2BYy3tbZpi%2Bvn6bKctDljYChPa1CfwX%2BAUxTwFJvdbkHRDBmlIfMnqsZIUUHbBxSMgOqVzhcpdtpPncJ67KpJy4we2A9taIEL%2FpM0hl5bjB17A80DD6lpfRiLFjAiNApR2%2B01NoQdRT7PuNJ%2FyDge42ZI8ThWolmqfw9ykCu3a1zsSvCmHylhseSfJyeHVtDEiDRLMu0AKlL8KamJqQxVWDCGkb%2Fv9kEAMggnNLC2yJD4P%2Bj2CVvS6QkrpszyaIoCuwrUM2Vi5bq9fxYHuPhKSQeIZDn0ljrSku6PSja7X%2B6NF6CJgBfrockN7JFwZ9M7xtGyFkhaMzkhWMJXvaZtMFxJLMeDdOuGxN6JSyvyaKMJ%2BKdfipr%2BxcsjnNZqE%2BeevcIJpaMgXFa%2FB%2Ft8kjQ1pTVw9t0WSVlS6gm6eTdEEjkeM%2FCUd1ur1s1kq7D%2B5Zo9w62WpDPvWiJlWbyOYOtB29HPimc%2Fev30l%2BKESPd8lyHsJDgAiQFk6rXwIe7Z8eSeiaCxTQ208Hj3OmDgr%2FvZYyxTcWcH%2FkqRuSxXKgznopshN7rfaSgI2kwXYteJhmhy1Vhq%2FH77x9Zlr1IFzyuow%3D%3D&nvMid=82113048203&catId=50001329,https://shop-phinf.pstatic.net/20190612_296/che3427_1560307541801A70M4_JPEG/42938721307216729_765115783.jpg?type=m510,"69,000원가격비교",수납가구,코너장,파파브라운
15,우드유라이크 미니협탁 1인가구 사이드코너장 원목미니수납장,https://cr.shopping.naver.com/adcr.nhn?x=cd7CxEVx4rmtklOl4U8nSv%2F%2F%2Fw%3D%3DsHsLkpQBT77nrkvNqNAh7sh5SC93BUTdXQt3VPAPEiynn0IFYVTKVQ99qQaESqsyzgV%2BD6K%2BKPoMM3KrWQCCY6y4we2A9taIEL%2FpM0hl5bjB17A80DD6lpfRiLFjAiNApR2%2B01NoQdRT7PuNJ%2FyDge42ZI8ThWolmqfw9ykCu3a3BawLlo9LXQpy1Qn%2Bs0Rfzx55rZ6bt9M2E38Wso2FMyGDCGkb%2Fv9kEAMggnNLC2yJD4P%2Bj2CVvS6QkrpszyaIoCuwrUM2Vi5bq9fxYHuPhKU8IepGf%2BuZ6MiIcZ79nos6dBVptO09HLdSJqJ51n1PV7xtGyFkhaMzkhWMJXvaZtEkRw2E5KNh3ZavA8YqYSLwGLLRaJgnBJKGElooSjp1Ijvn7cVEkWjnTU1Dy9NUYaM%2BtNlak0hLhplizkJQt2Z%2F0xPpBlCY0LqS3z7w7Ltw4jJLjYz2%2BD%2BKEbbRRbwsTtc6CnJ9S%2B%2FxsU0F8lc5UIw3KeilDhrZ1VmmyHcbR6IPmJRVGfYIXLCDaL20nSofNDFHnWMJJlynohWSeIjrky8gIXVmVuWzBdhQIePu95buYz8GGSeTYJ7A0vcj8RVC%2BbsFM6Uap8qT72KYcEu9wTbxt%2BHGBK19eokzRleCiX6DQzY6of2Xpggjm6A4Z8HgJhg%3D%3D&nvMid=80368226595&catId=50001329,https://shop-phinf.pstatic.net/20180509_66/mogi1005_1525853758816Ybmps_JPEG/49160059401407451_540596959.jpg?type=m510,"380,000원가격비교",수납가구,코너장,상품만 보기
16,우드유라이크 컬러 코너공간 원목책장 다용도수납장,https://cr.shopping.naver.com/adcr.nhn?x=kbuNoS5OqCcfapDbL4gGiP%2F%2F%2Fw%3D%3Dsdcam28%2BhT6Osqc%2Bg7DB1p1V16O5sdstkB7Fp%2BxPRdptHTm1gQgRyODl3ExH%2FassOrp5tPQk8BLwXO3Yt%2FcGoPC4we2A9taIEL%2FpM0hl5bjB17A80DD6lpfRiLFjAiNApR2%2B01NoQdRT7PuNJ%2FyDge42ZI8ThWolmqfw9ykCu3a3W2XlUE1OvtuhsSySngqlfqmb4lIHsLv6W2t9O4K4bnGDCGkb%2Fv9kEAMggnNLC2yJD4P%2Bj2CVvS6QkrpszyaIoCuwrUM2Vi5bq9fxYHuPhKVS98y9pO%2BAkMnZ%2BoLC%2FGHcgZm33t1UPHqDdwewnBe8k7xtGyFkhaMzkhWMJXvaZtNqozHYMAD95rkDkdEkvsPp%2BSqubqeVDMwI4VLVKyngHjvn7cVEkWjnTU1Dy9NUYaPOBTOCMyjtaugRMiTbYu8Ygwp%2FCUK6YZ88zBeq17TQ2WbTYm9r63qRZt%2Bg4ZcbKYtQbnkoeCoG3AzOlPq8eY45OQncAeNR13KzfwY5yD6oiDDaDv9nZ%2BrfANVfuSWm5GahbB2Aq2pIkf4MiN7bfM00vYmODccLVrvplmS2kDtuTBCsMQ8ojuJaYwEkBA35ho%2FsP3bLDD%2F9o9u%2BybadMt91Xc50eBITwugSNPH3Ok09sVpGw61BSdoQRvEGgfFlc5w%3D%3D&nvMid=11546220681&catId=50001329,https://shop-phinf.pstatic.net/20170126_113/showindowCommon_1485398853250AMthC_JPEG/49248869747570961_2022542708.jpg?type=m510,"500,000원가격비교",수납가구,코너장,까사미아
17,[가구단지투어 특가]6547 라플란드 앤더스 빈티지 영국풍 다용도 수납장,https://cr.shopping.naver.com/adcr.nhn?x=b%2Bqn6N4nbtfXHvQ95jukbv%2F%2F%2Fw%3D%3DsfdSoqM24yc%2BHr%2BJ2Plq8kE3uoqEsCn23XyI9DXurJBbely6sNsS%2BK0Ew3%2F5GCzZzHql8WpPiXPHJa%2FULDSo0BBKfK0zUA%2BqLe8wpZe5vO09pY%2FgjIIWY8vzIQKRuT6EyjvdxTOdl%2BW8h3PetdP%2FDt7rkDLpImMNOj7Pjv27q982BZ3%2FTWrXueJWm9NHvfbHf4IQ8uQk8bOn3zt12XikLuvwVPzHymsjaFVT2Zgho%2F1%2FIt9ELSj9ZgOwWGT6cXiS3NUJnit2TyE8yh3GxJ0fiPId7cysxGh9fzDQLkVkPMsekoxLdScgYYtiAgCxAq499NExLU%2BUYGJM5TTAT3XO9Nsa%2F1mPfUEv%2B9zw7%2FWj25Gw6rKCGe0jVGxPM3lbo29a%2FIboospCAotgjwX8N1%2BZUqkVMXNEhGcsACUFTQMnNCiXYK2N%2FZf8ZoLO4neJeQmz9JnqlWl4nKZY6Xm%2F%2B9AyTdzBIsQHd%2BNmPDGch4UdXc%2F87IQnOt%2Bh5zwKoQOiK2D6JkA1%2BOzocWOlI9zMOC5xyBUqxItkW2tU7%2FZUcTA6l8og3HKH5sTfU%2BrKbqIl02aWWNhdZ9XOTAmIMs1apa3Fsj9yJiWiIzkhGzH5K7zj9%2FeSGPTcBNeOJNtHE9k2Ic2Gfe7thG9iK7Av4b%2Bu%2FI358IoVsN%2FiAcjmtIwlTUFZwg6A%3D&nvMid=80290505858&catId=50001329,https://shop-phinf.pstatic.net/20180427_11/sidusdesigngroup_15248201067138Je6v_JPEG/48127266283993875_607729849.JPG?type=m510,"800,000원가격비교",수납가구,코너장,상품만 보기
